"NetC","Comune Lecce","","","","","","","","","","","","","",""
"Stat","Via Garilliano","","","","","","","","","","","","","",""
"Parm","NOX","NO2","CO","Benzene","Toluene","SO2","D.V.","V.V.","TEMP.","UMID.","PRESS.","RAD.GLOB.","PM10","Pioggia","PM2.5"
"PtId","1","3","4","5","6","8","9","10","13","14","15","16","17","18","19"
"Unit","ug/m3 293K","ug/m3 293K","mg/m3 293K","ug/m3 293K","ug/m3 293K","ug/m3 293K","SETTORE","m/s","gradi C.","%","mbar","W/m2","ug/m3","mm","ug/m3"
"Field","Aver","Aver","Aver","Aver","Aver","Aver","Aver","Aver","Aver","Aver","Aver","Aver","Aver","Aver","Aver"
,,,,,,
,,,,,,,
"2013-01-01 00:00:00","","","","","","","","","","","","","","",""
"2013-01-01 01:00:00","67.11452688","41.00125304","0.7707873","2.67212479","3.65285246","2.89639363","209.19670105","0.391902","5.25858212","99.24330139","1013.309021","0","46.98276138","0","33.69475174"
"2013-01-01 02:00:00","67.1171272","41.8585556","0.74316632","2.95731599","4.60572044","2.50002601","195.25270081","0.245005","4.76644993","99.24324036","1013.14001465","0","46.98276138","0","33.69475174"
"2013-01-01 03:00:00","66.08862416","41.87670048","0.70886639","2.83018693","4.79274064","2.23442019","185.32350159","0.197754","4.56953001","99.24317169","1012.76702881","0","46.98276138","0","33.69475174"
"2013-01-01 04:00:00","53.92947048","37.09216904","0.63621932","2.55267407","4.5686274","2.0069061","197.90460205","0.22210599","4.36697912","99.24298096","1012.51202393","0","46.98276138","0","33.69475174"
"2013-01-01 05:00:00","42.15814688","31.59949016","0.58070357","2.39044528","4.29782471","2.19973337","173.97810364","0.19881099","4.19976902","99.24359131","1012.434021","0","46.98276138","0","33.69475174"
"2013-01-01 06:00:00","53.98008112","37.36971496","0.60604465","2.13750314","3.46038521","2.26449085","182.82350159","0.192487","4.16259718","99.24372101","1012.56799316","0","46.98276138","0","33.69475174"
"2013-01-01 07:00:00","50.95810776","33.85752392","0.58101696","2.28130389","4.05205344","2.31051518","186.352005","0.222188","4.17718077","99.24378967","1012.79901123","6.85897398","46.98276138","0","33.69475174"
"2013-01-01 08:00:00","36.50073008","25.63988176","0.56101857","2.23731966","4.16086736","2.0605376","203.33470154","0.270069","5.74358988","98.41439056","1012.94299316","116.78970337","46.98276138","0","33.69475174"
"2013-01-01 09:00:00","30.66306904","20.53629488","0.57025236","2.01415833","3.71238256","2.22678455","286.41119385","0.44172499","7.87498379","83.47238159","1013.20300293","265.09860229","46.98276138","0","33.69475174"
"2013-01-01 10:00:00","33.49825912","21.38191512","0.56561566","2.01651574","3.4507888","2.84599009","274.11700439","0.348317","10.57868004","73.0724411","1013.23602295","354.95809937","46.98276138","0","33.69475174"
"2013-01-01 11:00:00","26.327284","18.14467542","0.53536294","2.16393802","4.27447948","2.41697779","201.16810608","0.91061598","12.2709198","67.83367157","1012.75701904","422.14779663","46.98276138","0","33.69475174"
"2013-01-01 12:00:00","18.42352532","13.75571383","0.33883559","1.73582272","3.21928299","2.41286403","275.04360962","0.65366203","12.74501038","60.70410156","1012.14001465","345.65310669","46.98276138","0","33.69475174"
"2013-01-01 13:00:00","12.9282423","9.72601322","0.32213648","1.02942774","1.93089552","2.8212475","319.59030151","0.78501302","13.29880047","55.77859116","1011.79101563","376.02349854","46.98276138","0","33.69475174"
"2013-01-01 14:00:00","10.40433155","7.82075685","0.3031598","1.09195087","1.63259722","2.50387332","154.60940552","0.82892799","13.00597","55.63085175","1011.79602051","161.99020386","46.98276138","0","33.69475174"
"2013-01-01 15:00:00","15.11364491","12.18637482","0.37286058","0.97436431","0.97426668","2.21296352","185.77709961","1.09625304","11.90937042","59.84540176","1012","24.96743965","46.98276138","0","33.69475174"
"2013-01-01 16:00:00","37.25428752","32.71357432","0.49862699","1.23553296","1.51250071","1.75550777","191.85270691","0.64219701","10.36324024","69.17893982","1012.14001465","3.84411907","46.98276138","0","33.69475174"
"2013-01-01 17:00:00","72.11436864","60.62965384","0.79051075","1.67955211","3.15261966","1.76675376","185.52540588","0.258625","8.96065712","83.2964325","1012.54901123","0","46.98276138","0","33.69475174"
"2013-01-01 18:00:00","127.189108","76.27247152","0.92763242","2.59698883","5.44912465","3.05977264","184.46330261","0.250305","8.08194447","91.86425018","1012.98699951","0","46.98276138","0","33.69475174"
"2013-01-01 19:00:00","147.27273688","82.39289824","1.09579201","3.64462493","7.96092345","2.5543094","191.08470154","0.28179201","7.57685614","98.39376068","1013.25201416","0","46.98276138","0","33.69475174"
"2013-01-01 20:00:00","115.19725432","76.65248152","0.95509496","4.11628614","8.60408035","2.04576872","190.30470276","0.29292399","7.29765415","99.24311066","1013.40899658","0","46.98276138","0","33.69475174"
"2013-01-01 21:00:00","154.47097712","80.2152832","1.06035271","3.55314477","8.16363596","2.6349331","180.31820679","0.209015","7.04619503","99.24284363","1013.60900879","0","46.98276138","0","33.69475174"
"2013-01-01 22:00:00","166.46279256","78.35150384","1.2611626","3.85961467","9.50869982","3.03014438","178.84480286","0.18430801","6.6575098","99.24298096","1013.75500488","0","46.98276138","0","33.69475174"
"2013-01-01 23:00:00","303.447784","89.72339152","1.97706209","4.55361445","11.52350496","4.42234517","128.79200745","0.279733","6.5268631","99.24291229","1013.70001221","0","46.98276138","0","33.69475174"
"2013-01-02 00:00:00","187.96273544","81.37477736","1.29648423","6.82888651","20.52716868","3.36267084","120.69229889","0.45964599","7.07204008","99.24304962","1013.48400879","0","46.98276138","0","33.69475174"
"2013-01-02 01:00:00","56.45210592","46.59899632","0.66136468","3.82100426","11.16866349","2.10475574","114.99320221","0.38219801","7.23524714","99.24291229","1013.26800537","0","31.19182968","0","22.24040031"
"2013-01-02 02:00:00","","","0.47906082","2.20331626","5.2100971","2.12934985","116.74310303","0.35355699","7.25383282","99.24284363","1013.38500977","0","31.19182968","0","22.24040031"
"2013-01-02 03:00:00","23.56861216","21.1458596","0.41191371","1.68108778","3.63119342","","117.62290192","0.65131301","7.29114199","99.2427597","1013.29699707","0","31.19182968","0","22.24040031"
"2013-01-02 04:00:00","24.46352376","21.91368056","","1.40993829","3.32433604","1.67621533","117.93669891","0.580814","7.46778011","99.24291229","1013.20501709","0","31.19182968","0","22.24040031"
"2013-01-02 05:00:00","23.34423896","20.9422316","0.36622241","1.35388735","2.41426749","1.62247502","119.18430328","0.68629301","7.68247318","99.24298096","1013.26000977","0","31.19182968","0","22.24040031"
"2013-01-02 06:00:00","36.93265088","33.26218448","0.5019985","1.30858509","2.17861232","1.74855251","116.64109802","0.51524401","7.96995115","99.24237061","1013.434021","0","31.19182968","0","22.24040031"
"2013-01-02 07:00:00","63.42465368","50.87122648","0.81051147","1.56613424","2.8809098","1.77633593","119.94589996","0.68343198","8.31820774","99.24243164","1013.78100586","2.41758299","31.19182968","0","22.24040031"
"2013-01-02 08:00:00","58.46760248","44.24758048","0.58703535","2.12499811","5.37156721","1.67983382","130.94720459","1.29964697","9.35945034","99.15595245","1014.15301514","110.93810272","31.19182968","0","22.24040031"
"2013-01-02 09:00:00","57.98772872","41.09073464","0.56354545","1.83794274","4.75616627","1.59643067","128.11700439","1.47160196","10.64326","91.53955078","1014.7130127","210.70500183","31.19182968","0","22.24040031"
"2013-01-02 10:00:00","38.16866328","26.82272144","0.41512212","2.18093921","6.25945804","1.70976515","127.84220123","1.87984502","12.76922989","76.68041992","1014.97302246","345.31030273","31.19182968","0","22.24040031"
"2013-01-02 11:00:00","26.14182","18.32495598","0.33114193","1.438457","3.75479248","1.59239724","134.02870178","2.91135311","13.50819969","69.91989136","1014.60699463","432.13250732","31.19182968","0","22.24040031"
"2013-01-02 12:00:00","28.42578048","20.61541344","0.34750785","1.08504035","2.58494653","2.04423712","136.11830139","2.2740221","13.71794987","65.8927536","1014.01300049","306.45300293","31.19182968","0","22.24040031"
"2013-01-02 13:00:00","30.19615864","22.21717232","0.40791776","1.23652047","2.73137114","1.99326407","146.75320435","1.86912501","14.43677998","60.64611053","1013.80700684","333.26809692","31.19182968","0","22.24040031"
"2013-01-02 14:00:00","25.66712776","19.86963784","0.33255158","1.345551","3.56608711","2.40772513","185.49580383","1.39200902","14.29533958","56.9262619","1014.03302002","173.43910217","31.19182968","0","22.24040031"
"2013-01-02 15:00:00","33.63185056","27.45435064","0.46229996","1.01889772","2.23010099","1.95171046","199.47180176","0.99549598","13.27425003","64.41390991","1014.30700684","25.11598969","31.19182968","0","22.24040031"
"2013-01-02 16:00:00","57.95270088","49.00358488","0.50802854","1.44459968","3.44067169","1.12319717","190.88330078","0.672939","11.94287968","69.63938141","1014.90600586","3.99063897","31.19182968","0","22.24040031"
"2013-01-02 17:00:00","73.2803636","60.84496416","0.6887515","2.23051898","5.92238153","1.85585414","190.41720581","0.71103901","10.78028011","80.42713165","1015.80401611","0","31.19182968","0","22.24040031"
"2013-01-02 18:00:00","100.88516952","73.3101908","0.8264079","2.76557997","9.16500874","2.13494132","189.90690613","0.590056","10.08065033","88.6733017","1016.56500244","0","31.19182968","0","22.24040031"
"2013-01-02 19:00:00","112.42561912","76.01177032","0.87217492","3.69431352","9.2700628","1.68471949","185.97090149","0.72394001","9.96493053","88.97022247","1017.14001465","0","31.19182968","0","22.24040031"
"2013-01-02 20:00:00","141.89810488","83.22813632","1.22261974","3.90041874","9.4740608","2.08332043","139.45230103","0.88884503","9.22039127","93.97972107","1017.56500244","0","31.19182968","0","22.24040031"
"2013-01-02 21:00:00","80.56544688","66.43232528","0.77159581","4.5759915","12.35718054","1.46193445","155.93730164","0.94518501","9.64258671","89.66007996","1018.11901855","0","31.19182968","0","22.24040031"
"2013-01-02 22:00:00","71.50738512","61.52458456","0.72672817","3.31786182","6.34440805","1.31490269","162.04949951","0.64559102","8.90774727","94.09551239","1018.76800537","0","31.19182968","0","22.24040031"
"2013-01-02 23:00:00","66.24686128","58.67771216","0.65688176","2.8599118","5.73082144","1.13876439","183.706604","0.39234799","8.94152832","94.47592163","1019.24499512","0","31.19182968","0","22.24040031"
"2013-01-03 00:00:00","66.3661892","58.02921912","0.6696455","2.45154155","5.61500447","1.42953181","119.99459839","0.406342","9.03208637","96.2361908","1019.684021","0","31.19182968","0","22.24040031"
"2013-01-03 01:00:00","42.16460944","37.65506184","0.59051986","2.45614856","6.56813178","1.04364642","121.84130096","0.52930599","9.17969131","96.64394379","1020.13800049","0","34.82064056","0","26.02046967"
"2013-01-03 02:00:00","23.2742024","20.68543088","0.43532439","2.1017444","5.03267535","1.07854884","119.85140228","0.63492101","9.06763077","99.1315918","1020.70501709","0","34.82064056","0","26.02046967"
"2013-01-03 03:00:00","16.09415866","13.84779766","0.3948418","1.54386804","2.96378411","1.35792891","108.80539703","0.44069099","8.80491161","99.24040222","1020.9710083","0","34.82064056","0","26.02046967"
"2013-01-03 04:00:00","15.0449066","12.78427826","0.3867369","1.45162004","2.48430319","1.02993217","152.92050171","0.18877099","7.65961313","99.24269104","1021.1630249","0","34.82064056","0","26.02046967"
"2013-01-03 05:00:00","14.3575101","12.10725818","0.56875184","1.59487262","3.75842418","1.15777517","124.33769989","0.17985","7.32363415","99.2427597","1021.4710083","0","34.82064056","0","26.02046967"
"2013-01-03 06:00:00","24.81112536","18.66865328","0.53535595","2.03384745","5.05161087","1.10121269","63.14360046","0.34006199","7.19468307","99.24269104","1021.98699951","0","34.82064056","0","26.02046967"
"2013-01-03 07:00:00","99.15758192","41.54598184","0.94413581","2.32441249","5.67544274","1.55696395","290.25640869","0.69691002","6.21089506","99.24269104","1022.61700439","6.02564096","34.82064056","0.2","26.02046967"
"2013-01-03 08:00:00","81.45259576","41.58489104","0.86814286","3.50228663","8.72721973","1.52067739","330.13659668","0.805722","7.18193007","99.24079132","1023.17401123","120.79759979","34.82064056","0","26.02046967"
"2013-01-03 09:00:00","56.34316016","38.4371272","0.71748855","3.7841492","7.14773737","1.48583293","331.96740723","0.73378998","10.05698013","99.20993042","1023.78100586","235.38850403","34.82064056","0","26.02046967"
"2013-01-03 10:00:00","26.24816544","20.02139328","0.43591155","3.24514835","5.4304688","1.44389592","329.44610596","0.77966797","12.87226963","91.06999969","1023.99700928","337.14779663","34.82064056","0","26.02046967"
"2013-01-03 11:00:00","18.25880843","14.05920559","0.30608511","2.00368221","3.18543316","1.2264064","334.30819702","1.29773104","13.71617985","75.55576324","1023.97601318","378.6578064","34.82064056","0","26.02046967"
"2013-01-03 12:00:00","12.4418773","9.24353723","0.27632985","1.19900639","1.80107141","1.38262065","333.05169678","1.79234099","13.81657028","72.6553421","1023.55999756","357.50390625","34.82064056","0","26.02046967"
"2013-01-03 13:00:00","13.28101968","9.92704282","0.30475468","0.97195097","1.17672087","1.17437567","337.68280029","2.01832509","13.1872797","77.60765076","1023.13000488","234.22860718","34.82064056","0","26.02046967"
"2013-01-03 14:00:00","11.69741524","8.72993579","0.27766144","1.07615584","1.52157845","1.08267074","329.31130981","2.30005693","12.69114971","78.97116089","1023.05603027","140.67750549","34.82064056","0","26.02046967"
"2013-01-03 15:00:00","14.30174088","11.43801994","0.28654923","1.01703356","0.90514017","1.32914679","332.5440979","2.05311489","12.14657974","82.33245087","1023.13800049","26.64019966","34.82064056","0","26.02046967"
"2013-01-03 16:00:00","20.14200224","17.50656454","0.35878272","1.26668469","1.24986859","0.98655204","334.30841064","1.11657798","11.02455044","89.25830078","1023.42602539","4.57570219","34.82064056","0","26.02046967"
"2013-01-03 17:00:00","23.95122248","21.1938508","0.41500446","1.51611614","3.14548642","0.88446049","333.30880737","1.231933","9.93440628","91.68240356","1023.53900146","0","34.82064056","0","26.02046967"
"2013-01-03 18:00:00","31.18705264","27.30649568","0.50520924","1.75392125","2.54097959","0.82451139","333.23141479","1.19267905","9.54165077","98.91777039","1023.76202393","0","34.82064056","0","26.02046967"
"2013-01-03 19:00:00","32.65522008","28.39595328","0.56033471","2.40810447","3.792094","1.01492329","325.48440552","1.00858104","9.33068848","99.24134064","1023.76800537","0","34.82064056","0","26.02046967"
"2013-01-03 20:00:00","47.75070864","41.65752792","0.69192263","2.52513981","3.68481779","1.10191848","319.42230225","0.68263203","9.05616665","99.24162292","1023.59899902","0","34.82064056","0","26.02046967"
"2013-01-03 21:00:00","61.77488448","47.82204536","0.77327924","3.21749714","4.57731665","1.10097572","310.44720459","0.51529902","8.61789513","99.24223328","1023.70501709","0","34.82064056","0","26.02046967"
"2013-01-03 22:00:00","88.6222516","53.98008112","0.86724231","3.32049483","5.16249947","1.38656356","222.69090271","0.30103201","8.17399311","99.24214935","1023.61700439","0","34.82064056","0","26.02046967"
"2013-01-03 23:00:00","79.17119736","55.15772016","0.7045687","3.52396704","7.36640254","1.2410929","214.72250366","0.405965","7.65411806","99.24291229","1023.4050293","0","34.82064056","0","26.02046967"
"2013-01-04 00:00:00","30.1520488","24.79556168","0.46229996","2.56967627","4.49262598","1.29986431","292.8348999","0.850429","8.02835464","99.24237061","1023.07000732","0","34.82064056","0","26.02046967"
"2013-01-04 01:00:00","14.57021245","12.02165794","0.36771012","1.67670044","2.52567577","1.1032416","317.31829834","1.34119105","7.96696615","99.24214935","1022.68499756","0","17.45516014","0","12.47198009"
"2013-01-04 02:00:00","","","0.28396526","1.26756236","1.67617465","0.96274407","332.60971069","1.42556","8.2058754","99.24230194","1022.36602783","0","17.45516014","0","12.47198009"
"2013-01-04 03:00:00","13.0384863","10.82065999","0.28416098","0.94595543","1.0021518","","333.49609375","1.36028802","8.06288242","99.24256134","1022.02001953","0","17.45516014","0","12.47198009"
"2013-01-04 04:00:00","10.06063234","7.91024801","","0.91622954","1.00578249","1.97806093","334.97579956","1.99141395","8.31637573","99.24269104","1021.4630127","0","17.45516014","0","12.47198009"
"2013-01-04 05:00:00","10.17606361","7.94656454","0.25345274","0.95440975","1.02445461","1.88042181","332.10510254","1.56966102","8.48948669","99.24230194","1021.10900879","0","17.45516014","0","12.47198009"
"2013-01-04 06:00:00","11.74280803","9.41863054","0.25681493","0.94452858","1.12847439","1.96177469","331.04690552","1.24014497","8.38644791","99.24230194","1020.67401123","0","17.45516014","0","12.47198009"
"2013-01-04 07:00:00","44.05043416","29.76555712","0.39372806","1.03502226","1.29279718","2.03954672","300.90060425","0.96863699","8.22941303","99.24208069","1020.63500977","4.20838499","17.45516014","0","12.47198009"
"2013-01-04 08:00:00","25.5101908","19.39624576","0.31215826","1.48452609","3.29632176","1.66401845","316.46929932","1.66529","9.48080254","98.53540039","1020.70001221","98.87055969","17.45516014","0","12.47198009"
"2013-01-04 09:00:00","18.63752592","14.16036951","0.30606531","1.25526479","2.23138445","1.97824196","334.01589966","2.1129849","10.45501995","94.19020081","1020.40802002","179.24090576","17.45516014","0","12.47198009"
"2013-01-04 10:00:00","20.083648","14.30952081","0.30871568","1.3161536","1.95579677","2.44049287","334.48580933","2.315696","11.9580698","83.56044006","1019.86901855","295.331604","17.45516014","0","12.47198009"
"2013-01-04 11:00:00","17.35611499","12.60270326","0.26136426","1.22269944","1.90301142","3.34512759","334.59570313","4.12102318","12.53398037","78.28034973","1019.50500488","254.35890198","17.45516014","0","12.47198009"
"2013-01-04 12:00:00","16.62851104","12.64031422","0.28074753","1.01121937","1.39966557","3.35470468","332.23980713","3.18482709","12.31256962","82.02359009","1018.68701172","156.09170532","17.45516014","0","12.47198009"
"2013-01-04 13:00:00","16.05784405","12.43279912","0.27038369","1.16182182","1.79302999","2.15105975","335.86410522","2.85470104","12.05840015","88.15106964","1017.90301514","115.01609802","17.45516014","0","12.47198009"
"2013-01-04 14:00:00","15.18627606","11.36668704","0.26120582","1.16357716","1.58564843","2.32602647","337.86810303","3.91665697","12.03656006","87.28707123","1017.5960083","105.67150116","17.45516014","0","12.47198009"
"2013-01-04 15:00:00","14.1046003","11.08524255","0.2615227","1.06836765","1.16699326","2.86712437","334.53210449","3.31055498","12.07236958","86.92897034","1017.32702637","67.11029053","17.45516014","0","12.47198009"
"2013-01-04 16:00:00","13.78035569","11.19289198","0.25910998","0.95264627","1.1308084","2.73538422","332.2677002","3.09877896","11.59224987","90.72303009","1017.13500977","11.93223","17.45516014","0","12.47198009"
"2013-01-04 17:00:00","15.74916312","12.90619502","0.31101073","1.00046968","1.18255641","2.60015576","333.17739868","2.32175112","11.08465004","95.26068115","1017.08001709","0","17.45516014","0","12.47198009"
"2013-01-04 18:00:00","21.19905144","17.92548756","0.38186021","1.38372206","2.46316281","2.56426787","330.06921387","1.66069698","11.31338978","96.05168152","1016.98400879","0","17.45516014","0","12.47198009"
"2013-01-04 19:00:00","17.68943778","14.35361918","0.33391463","1.58357477","2.62411425","2.70236121","334.06570435","2.2623651","11.19698048","95.93338013","1016.86199951","0","17.45516014","0","12.47198009"
"2013-01-04 20:00:00","15.66226654","12.69997626","0.28628594","1.35805502","2.16473535","2.54717413","330.04370117","1.862468","10.93325043","94.6733017","1016.63201904","0","17.45516014","0","12.47198009"
"2013-01-04 21:00:00","14.58188712","12.05408163","0.31215826","1.24397915","1.50523729","2.02039457","330.53039551","1.60718703","10.9723196","95.88258362","1016.44799805","0","17.45516014","0","12.47198009"
"2013-01-04 22:00:00","11.82451735","9.34470306","0.29566186","1.26339368","1.57410548","2.28825915","332.72970581","2.27017403","10.56077957","94.57862091","1016.2130127","0","17.45516014","0","12.47198009"
"2013-01-04 23:00:00","14.01899814","11.417269","0.32525169","1.24902448","1.66891226","2.55630171","317.41751099","1.40878105","10.22181034","98.84532928","1015.53399658","0","17.45516014","0","12.47198009"
"2013-01-05 00:00:00","12.8958186","10.61314298","0.31006126","1.27875038","1.68629075","2.5121812","318.76550293","1.42873597","9.62325382","99.2385025","1014.96002197","0","17.45516014","0","12.47198009"
"2013-01-05 01:00:00","11.00742415","8.76754866","0.27437964","1.20065189","1.52417282","2.72598816","291.1322937","1.78735602","9.20105934","99.24040222","1014.46002197","0","17.15344048","0","10.4862299"
"2013-01-05 02:00:00","9.47699434","7.19431873","0.2649245","1.02712424","1.32810335","2.81029339","305.95620728","1.46693599","8.76889229","99.24147034","1014.00799561","0","17.15344048","0","10.4862299"
"2013-01-05 03:00:00","10.71041598","8.36289298","0.26290672","0.95977544","1.17153315","2.37399734","268.54800415","1.020419","8.29229546","99.24140167","1013.2210083","0","17.15344048","0","10.4862299"
"2013-01-05 04:00:00","9.11513878","7.11001482","0.25867427","0.94507776","1.20616098","1.7766929","297.66470337","1.37563896","8.08920193","99.24214935","1012.68200684","0","17.15344048","0","10.4862299"
"2013-01-05 05:00:00","9.92834106","7.73126569","0.2556278","0.89209816","1.07088981","1.89760505","293.40740967","0.895123","7.91812611","99.24243164","1012.36401367","0","17.15344048","0","10.4862299"
"2013-01-05 06:00:00","10.88032013","8.51204427","0.24336501","0.9298309","1.16543725","2.7454993","325.88040161","1.74587297","8.66259766","99.2412796","1012.22399902","0","17.15344048","0","10.4862299"
"2013-01-05 07:00:00","16.65315481","13.40423278","0.27960117","0.8657721","1.0101922","2.99600064","320.43099976","1.15289998","8.94247818","98.14672089","1011.75799561","6.33496094","17.15344048","0","10.4862299"
"2013-01-05 08:00:00","14.92947534","12.07613082","0.28937202","1.0330564","1.92059331","2.74325987","332.00531006","1.71537697","9.56878376","94.07183075","1011.65899658","36.31663132","17.15344048","0","10.4862299"
"2013-01-05 09:00:00","15.85421796","12.26159864","0.30828114","1.04017743","1.6930355","3.23817987","328.7644043","1.31780195","10.45658016","93.19773102","1011.41900635","57.76861954","17.15344048","0","10.4862299"
"2013-01-05 10:00:00","20.03435664","15.29911274","0.34969922","1.30748876","2.86690266","3.6412729","328.14480591","1.221205","11.38712025","86.76026154","1011.06500244","148.89089966","17.15344048","0","10.4862299"
"2013-01-05 11:00:00","31.73178144","22.43116336","0.37181208","1.39699493","3.17518689","3.65541327","292.95959473","1.60779297","12.35999012","75.67867279","1010.02801514","199.47790527","17.15344048","0","10.4862299"
"2013-01-05 12:00:00","37.49552456","27.38431408","0.42359517","1.48792694","3.14081737","5.50522643","214.01119995","0.75949699","12.52861977","69.49938965","1008.78399658","171.12730408","17.15344048","0","10.4862299"
"2013-01-05 13:00:00","37.5694616","27.59832424","0.44843763","1.85626094","3.65765169","4.33281561","228.88510132","0.769539","12.27886009","66.19528961","1008.08099365","149.22160339","17.15344048","0","10.4862299"
"2013-01-05 14:00:00","14.42106115","10.63908309","0.2748934","2.03823479","3.1492483","4.42723593","331.47540283","2.94991302","13.07643986","61.71136093","1007.86102295","135.99909973","17.15344048","0","10.4862299"
"2013-01-05 15:00:00","12.17988932","9.1838771","0.29676977","1.07264516","1.36996612","3.6994453","333.63180542","2.9965651","12.38251019","76.67771149","1007.76800537","32.42470169","17.15344048","0","10.4862299"
"2013-01-05 16:00:00","14.33156999","11.20197015","0.30689595","1.1483303","1.54518302","3.54005191","331.24710083","2.71911693","11.71387959","78.13130951","1007.7800293","6.91086721","17.15344048","0","10.4862299"
"2013-01-05 17:00:00","17.5376919","14.3186009","0.32948414","1.31790894","1.88316771","3.28230038","327.74920654","2.16930103","11.2412796","88.9380722","1007.77801514","0","17.15344048","0","10.4862299"
"2013-01-05 18:00:00","23.80724888","19.71011968","0.40444839","1.49088844","2.16460517","3.76155654","305.65640259","1.80687904","10.91479969","96.1058197","1007.55603027","0","17.15344048","0","10.4862299"
"2013-01-05 19:00:00","29.42055584","24.19115936","0.4417913","1.76017377","2.67106304","3.70964785","305.9677124","1.59439099","10.78320026","99.23841858","1007.37402344","0","17.15344048","0","10.4862299"
"2013-01-05 20:00:00","25.48164464","20.90722288","0.41362626","1.74207524","2.86495714","3.54381176","317.97250366","2.60913992","11.26930046","97.9239502","1007.05700684","0","17.15344048","0","10.4862299"
"2013-01-05 21:00:00","17.97736777","14.86462603","0.33300477","1.53586018","2.44915567","4.37210639","333.74530029","2.73478103","11.73503971","93.63851166","1006.92401123","0","17.15344048","0","10.4862299"
"2013-01-05 22:00:00","15.76861772","13.21617229","0.28430893","1.23388745","1.80664762","3.9162992","333.19720459","3.57179308","11.80280018","92.22682953","1006.79101563","0","17.15344048","0","10.4862299"
"2013-01-05 23:00:00","7.40313207","5.06209266","0.18988219","0.97260897","1.19734156","3.97267964","328.81539917","4.87189007","12.47109985","74.66130066","1006.84100342","0","17.15344048","0","10.4862299"
"2013-01-06 00:00:00","6.70017189","4.4317617","0.15724588","0.57081973","0.56248643","4.97504705","331.12710571","5.10000896","12.23029041","57.98799133","1006.49401855","0","17.15344048","0","10.4862299"
"2013-01-06 01:00:00","4.85327931","2.90263014","0.15835379","0.51005194","0.31736299","4.32583493","332.67599487","6.54481983","11.8045702","53.36656952","1006.62200928","0","10.15845013","0.2","1.54809403"
"2013-01-06 02:00:00","","","0.15815574","0.5063226","0.25342318","3.80720052","335.06350708","6.69139814","11.35591984","40.40882111","1007.84399414","0","10.15845013","0","1.54809403"
"2013-01-06 03:00:00","6.61197706","4.58610217","0.14478504","0.38961372","0.14668496","","330.6835022","6.42436504","10.81074047","38.98582077","1008.14300537","0","10.15845013","0","1.54809403"
"2013-01-06 04:00:00","4.50050193","2.57319828","","0.37732937","0.09999449","1.32085316","330.56790161","5.91175699","10.39058018","40.09177017","1008.41101074","0","10.15845013","0","1.54809403"
"2013-01-06 05:00:00","4.09325166","2.01290389","0.20801192","0.3761222","0.1404599","1.34297291","336.77740479","6.35824203","9.88020706","41.64393997","1008.45001221","0","10.15845013","0","1.54809403"
"2013-01-06 06:00:00","3.96614764","1.99734021","0.20125725","0.41648794","0.14551745","1.17697715","336.69369507","5.91786909","9.62942696","43.37232971","1008.76800537","0","10.15845013","0","1.54809403"
"2013-01-06 07:00:00","4.72487895","2.44349967","0.20943322","0.44160683","0.13605019","1.53493776","335.62420654","6.71111393","9.62169361","44.43840027","1009.16601563","9.70797729","10.15845013","0","1.54809403"
"2013-01-06 08:00:00","4.67299874","2.3241794","0.21227815","0.448078","0.16925117","1.61602927","334.91040039","5.4278059","9.99314976","43.13816071","1009.81799316","72.80828857","10.15845013","0","1.54809403"
"2013-01-06 09:00:00","4.68856434","2.28786287","0.21682048","0.46036336","0.20699306","1.63078493","334.34320068","6.04791498","10.30430031","41.50033951","1010.27301025","154.81770325","10.15845013","0","1.54809403"
"2013-01-06 10:00:00","4.54330205","2.18540262","0.22223191","0.47484239","0.28182697","1.79232419","331.7315979","6.3476181","11.32390022","37.6777916","1010.68499756","392.3757019","10.15845013","0","1.54809403"
"2013-01-06 11:00:00","4.33967787","1.92730365","0.22203386","0.47791373","0.39777413","1.71038043","332.96270752","7.30845404","11.54069996","34.26427078","1010.28601074","455.41210938","10.15845013","0","1.54809403"
"2013-01-06 12:00:00","4.93887955","2.2852702","0.22460152","0.45542684","0.28104897","1.32566459","332.27130127","6.47486496","11.92055988","33.33055115","1009.71801758","455.22790527","10.15845013","0","1.54809403"
"2013-01-06 13:00:00","4.29817409","1.96232193","0.23242333","0.48690807","0.30815507","1.36588694","328.64950562","6.28305483","12.0512104","33.30781174","1009.375","369.98370361","10.15845013","0","1.54809403"
"2013-01-06 14:00:00","3.64060861","1.40462403","0.21267308","0.49085708","0.23682269","1.0788397","328.67840576","5.38489389","11.85219002","35.14448166","1009.53601074","192.53250122","10.15845013","0","1.54809403"
"2013-01-06 15:00:00","4.57183482","2.19966996","0.21974347","0.49370875","0.19350459","0.69057148","328.03091431","4.83629799","11.56315041","47.78245163","1009.79602051","41.08974075","10.15845013","0","1.54809403"
"2013-01-06 16:00:00","5.30073511","3.0764233","0.22408892","0.51136896","0.30607937","1.16811603","329.76541138","4.5393548","11.25139046","54.23049164","1009.43103027","13.12880993","10.15845013","0","1.54809403"
"2013-01-06 17:00:00","6.48227846","4.18144649","0.23589969","0.49513459","0.30231851","1.31234392","327.12960815","3.59975696","10.85048962","55.85998154","1009.13000488","0","10.15845013","0","1.54809403"
"2013-01-06 18:00:00","7.19691331","4.78324275","0.23190956","0.56392447","0.44573178","1.30054875","328.65679932","3.26384306","10.82213974","60.44525146","1009.27801514","0","10.15845013","0","1.54809403"
"2013-01-06 19:00:00","7.86226063","5.42783914","0.22780177","0.66229989","0.5229292","1.20079834","331.66400146","3.26370192","10.86128044","60.30171967","1009.13702393","0","10.15845013","0","1.54809403"
"2013-01-06 20:00:00","8.9179982","6.30589072","0.23724177","0.59659661","0.4666413","0.90521238","330.06530762","3.30632806","10.61612988","60.89179993","1009.03900146","0","10.15845013","0","1.54809403"
"2013-01-06 21:00:00","7.89987158","5.48620294","0.23578086","0.631916","0.62837074","1.38874198","329.04550171","2.75264502","10.39492035","63.96295166","1009.32501221","0","10.15845013","0","1.54809403"
"2013-01-06 22:00:00","8.52371703","6.15544118","0.25027695","0.79392614","1.17153315","1.27886835","330.34759521","2.0121181","10.1769104","65.95616913","1009.39801025","0","10.15845013","0","1.54809403"
"2013-01-06 23:00:00","22.1069264","17.94883308","0.37964321","0.76628509","1.35245643","1.49673822","325.40829468","0.68720698","8.87572956","71.48751068","1009.26501465","0","10.15845013","0","1.54809403"
"2013-01-07 00:00:00","37.09865072","29.39072864","0.42562227","1.53366651","2.05423525","1.17820976","214.23980713","0.530774","7.46282816","79.26277161","1009.27301025","0","10.15845013","0","1.54809403"
"2013-01-07 01:00:00","17.56103742","14.23040607","0.3543231","1.3795544","2.73591103","1.18299169","275.13531494","0.78970599","7.4463439","85.68354034","1009.18200684","0","","0",""
"2013-01-07 02:00:00","19.47536432","16.37300857","0.35033298","1.07034165","1.48707977","1.00666423","194.49630737","0.313683","6.93786478","90.66226196","1008.89501953","0","","0",""
"2013-01-07 03:00:00","9.51330896","7.26824621","0.27982368","0.99147533","1.55426178","1.86496545","316.9151001","0.85766703","8.53663063","84.63883972","1008.51800537","0","","0",""
"2013-01-07 04:00:00","9.4692125","7.09056022","0.26200967","0.7009103","0.97258049","1.67488103","300.1401062","0.74134803","8.60276794","79.66944122","1008.0880127","0","","0",""
"2013-01-07 05:00:00","20.6011308","16.47287424","0.32529014","0.73809487","1.0907325","0.8969401","203.13980103","0.40073299","7.03819084","85.5216217","1008.12902832","0","","0",""
"2013-01-07 06:00:00","42.92852992","31.18705264","0.36743751","0.97611965","1.77357579","1.10052011","212.56440735","0.52098501","6.82377005","84.71923065","1008.40600586","0","","0",""
"2013-01-07 07:00:00","76.67452688","41.15688984","0.4453329","1.1899022","2.66457865","1.53772231","277.98010254","1.37674797","7.70336485","83.04875946","1008.61700439","8.209198","","0",""
"2013-01-07 08:00:00","48.56262032","32.4567736","0.47444509","1.52006515","3.60732951","1.73188591","302.92880249","1.25950003","9.86955738","78.03295135","1008.88000488","128.61000061","","0",""
"2013-01-07 09:00:00","26.37655624","17.78411619","0.36253868","1.6657321","4.44269433","1.34775484","326.75900269","2.3147881","12.05650043","62.72275162","1008.98699951","270.84240723","","0",""
"2013-01-07 10:00:00","8.82720879","5.01799429","0.20749815","0.89615599","2.67871495","1.2781656","331.9927063","5.26383305","13.50881004","51.34038162","1009.36901855","378.82369995","","0",""
"2013-01-07 11:00:00","5.97386618","3.14256894","0.207024","0.58299525","1.07231666","1.11730163","330.01971436","6.12472296","13.84607983","50.27743149","1009.52600098","460.08340454","","0",""
"2013-01-07 12:00:00","6.73129925","3.56019562","0.23811086","0.5759749","2.34527014","1.40508415","330.21270752","5.54322481","13.47706985","52.22452164","1009.21899414","319.89620972","","0",""
"2013-01-07 13:00:00","7.98417549","4.46418731","0.23605696","0.57586506","1.99574249","1.15224473","329.7177124","5.57727194","12.93169022","53.67609024","1008.94000244","166.33180237","","0",""
"2013-01-07 14:00:00","6.22029048","3.51350458","0.24162683","0.60482312","2.48170883","1.21925181","330.74490356","5.01196814","12.81847","54.29819107","1009.06402588","109.51260376","","0",""
"2013-01-07 15:00:00","5.98683528","3.22816918","0.2436015","0.56511639","1.00422648","1.05569177","331.16610718","5.09636402","12.31365967","55.14801025","1009.48101807","39.36508179","","0",""
"2013-01-07 16:00:00","6.2695761","3.59780849","0.239178","0.58420141","0.60334034","1.19205723","332.38461304","4.42759895","11.56742001","57.48500061","1009.78100586","4.40069199","","0",""
"2013-01-07 17:00:00","6.18656854","3.57057205","0.22744645","0.69224546","0.82171973","1.17838468","331.16110229","4.84378099","11.29405022","58.21237183","1010.1550293","0","","0",""
"2013-01-07 18:00:00","7.05683828","4.39155617","0.22618242","0.78218996","0.85066762","1.13513777","335.60299683","3.786443","10.84167004","55.41859055","1010.83300781","0","","0",""
"2013-01-07 19:00:00","8.5094516","5.64313607","0.23135619","0.77955694","0.93743399","1.10195815","341.37210083","2.66065502","9.87593365","50.99097061","1011.73199463","0","","0",""
"2013-01-07 20:00:00","7.77666039","5.27998418","0.23341008","0.82288419","0.99679119","1.13842675","346.73550415","2.92905807","8.904356","51.64271164","1012.38000488","0","","0",""
"2013-01-07 21:00:00","6.0685446","3.7119415","0.23064554","0.90745385","0.8013838","1.1271289","344.68701172","2.69799209","8.0200119","51.25117111","1013.10900879","0","","0",""
"2013-01-07 22:00:00","4.94406681","2.43312516","0.22187658","0.7938163","0.61358559","1.2368276","335.18530273","2.92410111","7.28679991","49.45333099","1013.78399658","0","","0",""
"2013-01-07 23:00:00","3.91167667","1.71200671","0.2100262","0.70189781","0.39647643","1.10145778","341.32290649","2.28435302","6.58248615","50.5592804","1014.60302734","0","","0",""
"2013-01-08 00:00:00","3.13089618","1.17635609","0.22503606","0.69059995","0.40581453","0.96183589","344.57800293","2.39418006","6.07013988","53.81718063","1014.79302979","0","","0",""
"2013-01-08 01:00:00","","","0.22207347","0.70529764","0.36496062","1.01106581","358.88720703","2.44609499","5.628613","55.30355072","1015.09100342","0","25.57970047","0","13.97544003"
"2013-01-08 02:00:00","","","0.21812412","0.68895445","0.35056499","0.96327291","346.79879761","2.39335608","5.06600285","54.27349091","1015.70300293","0","25.57970047","0","13.97544003"
"2013-01-08 03:00:00","4.84420114","2.94932118","0.2201384","0.67535309","0.29674128","","344.4005127","2.05383897","4.6157918","55.25173187","1016.01800537","0","25.57970047","0","13.97544003"
"2013-01-08 04:00:00","4.01154234","1.91952181","","0.6682229","0.29803897","1.05619213","332.69540405","2.69903803","4.53086519","55.81785965","1015.73199463","0","25.57970047","0","13.97544003"
"2013-01-08 05:00:00","4.18663374","2.23857916","0.24333006","0.62017982","0.28312772","0.89007332","342.66400146","2.60903311","4.3556509","56.94084167","1015.94702148","0","25.57970047","0","13.97544003"
"2013-01-08 06:00:00","6.51081314","4.12437902","0.25694774","0.68204393","0.28117813","1.10079978","9.65878296","2.33566999","4.28198385","58.44152069","1016.36401367","0","25.57970047","0","13.97544003"
"2013-01-08 07:00:00","8.76495407","5.8480585","0.27262981","0.69707112","0.44978147","0.63548669","347.396698","1.86051297","4.21700001","58.93732071","1016.96801758","6.28001595","25.57970047","0","13.97544003"
"2013-01-08 08:00:00","14.75827486","9.49385436","0.32304984","0.7722081","0.77479637","1.34141588","339.13909912","2.1246779","4.93481302","54.74636078","1017.31500244","142.06640625","25.57970047","0","13.97544003"
"2013-01-08 09:00:00","7.69754374","4.67170241","0.26782535","1.01253639","1.9321922","1.24018167","334.3348999","2.94232297","5.86745405","49.82695007","1017.8170166","294.69171143","25.57970047","0","13.97544003"
"2013-01-08 10:00:00","6.42910382","3.49534632","0.25976588","0.70442098","0.77518588","1.26736913","335.36560059","3.26237106","6.48243189","46.51071167","1017.96600342","392.63110352","25.57970047","0","13.97544003"
"2013-01-08 11:00:00","7.09185847","3.85071829","0.26540448","0.69685145","0.72421587","1.08307551","335.07510376","3.81429791","6.63763523","46.75524139","1017.58300781","458.59680176","25.57970047","0","13.97544003"
"2013-01-08 12:00:00","6.18267762","3.27875114","0.27131918","0.65648672","0.8374395","1.04417627","334.83911133","3.55917001","6.91473389","49.24108124","1017.16601563","441.99209595","25.57970047","0","13.97544003"
"2013-01-08 13:00:00","7.63788361","4.25407763","0.27878334","0.67239158","0.65547684","1.38917827","335.11450195","3.6379621","6.91222382","51.30944061","1016.69702148","274.21551514","25.57970047","0","13.97544003"
"2013-01-08 14:00:00","5.09192177","2.65879852","0.24209865","0.69323195","0.78478331","1.38106871","332.4005127","3.69689298","7.41710806","49.42523956","1016.58001709","213.41470337","25.57970047","0","13.97544003"
"2013-01-08 15:00:00","6.21639956","3.6535777","0.25516063","0.60284912","0.39479126","1.88017672","331.97039795","3.6239841","7.32146311","51.18925095","1016.66400146","45.77737045","25.57970047","0","13.97544003"
"2013-01-08 16:00:00","7.47316863","5.23718406","0.27961748","0.77791144","0.50606937","1.49101353","328.69100952","2.48548198","6.62603521","55.67493057","1016.69500732","4.94709015","25.57970047","0","13.97544003"
"2013-01-08 17:00:00","10.85697461","8.32009286","0.30069815","0.97798381","0.76403142","1.49626939","332.38330078","2.05224204","6.5037322","57.65879059","1016.88800049","0","25.57970047","0","13.97544003"
"2013-01-08 18:00:00","24.2650964","20.37157608","0.44628354","1.21886026","1.31030585","1.31738417","330.20870972","1.28576696","6.05216503","60.88217163","1016.92901611","0","25.57970047","0","13.97544003"
"2013-01-08 19:00:00","75.50855104","58.2095016","0.76222688","2.39538078","3.98007323","1.30041349","316.27670288","0.738437","5.48962212","66.40367126","1016.76800537","0","25.57970047","0","13.97544003"
"2013-01-08 20:00:00","47.69231616","39.5862392","0.70144417","3.02609062","5.79527992","1.09088708","320.55841064","0.88590401","5.37396622","67.50678253","1016.56201172","0","25.57970047","0","13.97544003"
"2013-01-08 21:00:00","94.00212248","64.12888152","1.04676765","3.47252006","4.44017115","1.28749454","290.55599976","0.39411601","4.56057596","73.78977966","1016.40899658","0","25.57970047","0","13.97544003"
"2013-01-08 22:00:00","115.21153696","67.5840376","1.13780308","4.4239622","6.22093917","1.66869665","291.42730713","0.35457399","4.26828098","76.57061005","1016.375","0","25.57970047","0","13.97544003"
"2013-01-08 23:00:00","64.34677304","46.76371512","0.94044742","4.74414431","7.64265228","1.34156741","316.25259399","0.54377002","4.96052217","73.86241913","1016.41101074","0","25.57970047","0","13.97544003"
"2013-01-09 00:00:00","34.02350464","28.22215248","0.56213231","3.41899535","5.06496917","1.00302235","316.28140259","0.52923697","5.69563198","71.20526123","1015.809021","0","25.57970047","0","13.97544003"
"2013-01-09 01:00:00","25.28451744","21.96167176","0.5063125","2.12379195","3.5515613","0.92521778","237.35850525","0.35316399","4.80748892","76.85266113","1015.85400391","0","52.64630127","0","40.49137115"
"2013-01-09 02:00:00","16.58311825","14.14480583","0.54200344","2.05808765","2.61749968","1.06985858","199.14860535","0.35459501","4.49715185","82.85726166","1015.86999512","0","52.64630127","0","40.49137115"
"2013-01-09 03:00:00","12.4807865","10.17995453","0.47478876","2.13201846","2.50518424","0.96622322","285","0.25641","4.59333897","83.36479187","1015.63800049","0","52.64630127","0","40.49137115"
"2013-01-09 04:00:00","19.82684728","17.30164211","0.48721582","1.84353726","2.062536","1.05664266","192.15370178","0.174697","4.08499622","87.45304871","1015.19799805","0","52.64630127","0","40.49137115"
"2013-01-09 05:00:00","27.89013368","22.8967736","0.46518101","1.82774223","2.49480779","1.26827121","187.47610474","0.16745199","4.17867422","88.54382324","1014.94000244","0","52.64630127","0","40.49137115"
"2013-01-09 06:00:00","74.51377568","43.6483788","0.65169867","1.79516467","3.15287899","1.52811369","199.33320618","0.14652","3.57516003","93.21414185","1015.29400635","0","52.64630127","0","40.49137115"
"2013-01-09 07:00:00","235.6314384","62.20030448","1.3293617","2.2983061","5.61902467","2.95994799","888","0","3.48046494","97.46710205","1015.70800781","6.66768503","52.64630127","0","40.49137115"
"2013-01-09 08:00:00","457.7048848","95.43398104","2.9430265","4.25701657","12.66611463","6.06378521","306.75","0.16483501","5.98243189","86.20018005","1016.15899658","110.15460205","52.64630127","0","40.49137115"
"2013-01-09 09:00:00","332.0562752","95.50661792","2.1159662","9.12741126","31.45434552","4.67851019","178.03390503","0.44612801","8.20255089","68.93868256","1016.2800293","164.63980103","52.64630127","0","40.49137115"
"2013-01-09 10:00:00","104.84352576","55.17070264","0.95466042","5.05302755","18.88315767","2.17771736","147.80360413","0.54167199","9.65249062","59.03329086","1016.32202148","286.24429321","52.64630127","0","40.49137115"
"2013-01-09 11:00:00","57.81522808","38.41248152","0.53513576","2.42027999","8.76593895","1.41681524","291.64471436","0.55531502","9.86406231","63.44559097","1015.99700928","193.76980591","52.64630127","0","40.49137115"
"2013-01-09 12:00:00","38.21535432","28.29608952","0.47959322","1.85121561","4.39276166","1.68491882","294.36419678","0.553581","10.32159042","62.07468033","1015.30700684","198.1257019","52.64630127","0","40.49137115"
"2013-01-09 13:00:00","33.79655024","25.70213648","0.51524455","1.70916817","4.22312098","1.38046665","305.65429688","0.74249899","10.52672005","61.85694122","1014.80700684","185.37840271","52.64630127","0","40.49137115"
"2013-01-09 14:00:00","20.37287624","16.20440076","0.4054701","2.01519974","5.13980308","1.36034123","326.94210815","1.11006796","10.84167004","63.41426086","1014.76300049","150.7855072","52.64630127","0","40.49137115"
"2013-01-09 15:00:00","19.63488248","15.82179426","0.46839757","1.67790762","2.56627034","1.38197079","52.35848999","1.02011204","10.34689999","67.80387878","1014.79101563","62.13674164","52.64630127","0","40.49137115"
"2013-01-09 16:00:00","31.58780784","27.45045016","0.52445621","1.54178319","2.19145194","1.5354727","71.12870026","0.59252799","9.43393135","72.90338898","1014.64001465","7.88054609","52.64630127","0","40.49137115"
"2013-01-09 17:00:00","88.9880172","62.3429588","0.75920953","1.88631533","3.54741092","1.35718853","187.2026062","0.443169","8.78964901","76.61238861","1014.60101318","0","52.64630127","0","40.49137115"
"2013-01-09 18:00:00","146.36356176","74.70832168","1.05883705","2.64689708","6.53674513","1.79110786","189.79200745","0.55658102","7.95773983","81.6542511","1014.79101563","0","52.64630127","0","40.49137115"
"2013-01-09 19:00:00","252.6788304","88.0269504","1.67452673","4.20293963","10.75934133","3.08341077","182.62060547","0.27241001","7.92423105","85.90361023","1014.8380127","0","52.64630127","0","40.49137115"
"2013-01-09 20:00:00","219.843672","85.68071608","1.81542649","6.21473954","18.93608235","2.43155242","185.34500122","0.33998901","8.00902271","91.23287201","1014.7800293","0","52.64630127","0","40.49137115"
"2013-01-09 21:00:00","171.07612352","79.60307992","1.78330861","6.54413465","13.96345068","2.35570253","188.82650757","0.45128199","8.27404785","91.29817963","1014.63201904","0","52.64630127","0","40.49137115"
"2013-01-09 22:00:00","135.04488504","72.7771252","1.63684947","7.0728343","12.19129767","1.9605309","191.14700317","0.44865799","8.13302231","91.41053009","1014.49700928","0","52.64630127","0","40.49137115"
"2013-01-09 23:00:00","89.54829056","64.6865928","1.335556","6.38069868","10.15613626","1.69708417","196.76119995","0.51877397","8.07780647","91.02198029","1014.33001709","0","52.64630127","0","40.49137115"
"2013-01-10 00:00:00","73.08451744","58.110938","1.25158746","5.38933217","8.14236642","1.22696575","190.59640503","0.32345799","7.116539","95.89572906","1013.85101318","0","52.64630127","0","40.49137115"
"2013-01-10 01:00:00","63.51803576","49.41342208","1.18814389","5.19880332","7.83421135","1.60411207","191.44850159","0.32015401","6.87457705","99.24304962","1013.38800049","0","26.26704979","0","19.05492973"
"2013-01-10 02:00:00","","","0.87847291","4.49898935","8.07272023","1.68026198","128.22390747","0.68180698","6.86881113","99.24304962","1013.16601563","0","26.26704979","0","19.05492973"
"2013-01-10 03:00:00","32.92498416","29.82651168","0.69064579","3.10385959","6.27982042","","126.75379944","0.71657902","7.06946182","96.72113037","1012.70800781","0","26.26704979","0","19.05492973"
"2013-01-10 04:00:00","20.15108424","17.7192688","","2.71731722","4.45047539","2.19160754","133.06480408","0.71714902","7.28768206","92.25749969","1012.125","0","26.26704979","0","19.05492973"
"2013-01-10 05:00:00","18.57786387","15.9657583","0.45615459","2.34766619","2.92331972","2.19985846","149.18530273","1.31134903","7.6741972","88.13619995","1011.66900635","0","26.26704979","0","19.05492973"
"2013-01-10 06:00:00","31.22982408","26.36359288","0.50879511","1.86273313","2.23710507","2.7673526","132.97669983","1.49618399","7.56837702","90.00704956","1011.53601074","0","26.26704979","0","19.05492973"
"2013-01-10 07:00:00","53.02679616","39.92734","0.5407033","2.12280444","2.82371372","2.18217893","134.45440674","1.59396195","7.69875193","89.50086975","1011.54602051","10.80687046","26.26704979","0","19.05492973"
"2013-01-10 08:00:00","102.87340096","57.97734656","0.83206397","2.10470591","3.95218811","2.59174212","131.90060425","1.54914904","8.17094135","87.32662201","1011.46801758","50.46194077","26.26704979","0","19.05492973"
"2013-01-10 09:00:00","83.64835568","51.96456544","0.63860058","2.88217902","7.916567","2.86930278","133.03320313","1.59542096","9.31250954","84.14855957","1011.11901855","107.19270325","26.26704979","0","19.05492973"
"2013-01-10 10:00:00","53.71289824","39.30741224","0.43486887","2.34437518","7.00831481","2.96948237","134.54370117","2.161906","10.89735985","77.30496979","1010.64300537","84.28672028","26.26704979","0","19.05492973"
"2013-01-10 11:00:00","44.91161808","33.76670392","0.35667757","1.51469031","5.14109975","2.85339182","157.46650696","2.64299798","11.51607037","76.4180603","1009.77502441","66.56390381","26.26704979","0","19.05492973"
"2013-01-10 12:00:00","41.84299192","32.15588216","0.42776121","1.31856694","4.14296917","2.96064565","152.75250244","2.30671501","10.73999023","90.86357117","1008.85400391","61.64834976","26.26704979","0","19.05492973"
"2013-01-10 13:00:00","45.81951216","33.71743168","0.43332874","1.42496548","3.56375208","2.62710016","139.68310547","2.35781097","10.55399036","98.45664978","1007.98699951","30.99814987","26.26704979","0.60000002","19.05492973"
"2013-01-10 14:00:00","44.61332696","34.58901688","0.39612913","1.6729711","4.15334461","2.81037373","140.97860718","2.25787807","10.45874977","99.24073029","1007.03900146","38.1186409","26.26704979","0.60000002","19.05492973"
"2013-01-10 15:00:00","30.93283312","25.37011768","0.33401016","1.50613429","3.23497632","2.7985867","156.80290222","2.40966606","10.84994984","99.23883057","1006.45599365","37.38909149","26.26704979","0","19.05492973"
"2013-01-10 16:00:00","33.13379368","27.49325984","0.37515913","1.24241398","2.48464084","1.88045639","157.0980072","2.6140151","10.95631027","99.23986053","1005.76000977","3.47374797","26.26704979","0","19.05492973"
"2013-01-10 17:00:00","41.80796408","33.75375968","0.43948926","1.39216825","3.04121239","2.52456114","134.395401","2.51969004","11.00636959","99.24011993","1004.82501221","0","26.26704979","0","19.05492973"
"2013-01-10 18:00:00","42.27357432","34.44892464","0.46223589","1.77158146","3.39566842","2.63711863","134.27220154","2.54159093","11.00263977","99.24053955","1004.14801025","0","26.26704979","0","19.05492973"
"2013-01-10 19:00:00","39.70686728","32.89515696","0.41745445","1.75567659","3.25144765","3.46626347","154.54820251","2.59298706","11.21455002","99.24101257","1003.59802246","0","26.26704979","0.2","19.05492973"
"2013-01-10 20:00:00","47.9880452","39.60960384","0.47763719","1.54733296","3.00673914","3.50692517","148.81570435","1.76576102","11.18918037","99.24092865","1003.14300537","0","26.26704979","0.40000001","19.05492973"
"2013-01-10 21:00:00","37.75752592","32.4113636","0.40260536","1.75271509","3.57711139","3.30184814","184.10920715","1.44281602","11.0153904","99.23957062","1002.92700195","0","26.26704979","1","19.05492973"
"2013-01-10 22:00:00","25.95375568","22.3883728","0.32879795","1.30869492","2.46847969","3.28122439","199.2322998","1.13584304","10.6175499","99.24024963","1002.58599854","0","26.26704979","1.20000005","19.05492973"
"2013-01-10 23:00:00","22.60756448","19.48832768","0.32326886","1.01462022","1.87110609","3.32601002","200.7183075","1.14509201","10.62392998","99.24040222","1002.10900879","0","26.26704979","0","19.05492973"
"2013-01-11 00:00:00","24.00699552","20.64782184","0.32587497","0.90372451","1.77188656","2.60470582","202.14810181","0.88181603","10.52943993","99.24085999","1001.64801025","0","26.26704979","0","19.05492973"
"2013-01-11 01:00:00","21.1821876","18.52598558","0.34585705","0.93926357","2.24631299","3.08203986","226.89990234","0.26862001","10.08078957","99.24092865","1001.65100098","0","14.6271801","0","9.45258522"
"2013-01-11 02:00:00","13.12149196","10.93349667","0.26968003","0.83429188","1.96954457","3.33897372","260.37670898","0.71227002","9.26278782","99.24243164","1002.04400635","0","14.6271801","0","9.45258522"
"2013-01-11 03:00:00","14.19408954","11.80506275","0.32465172","0.94705176","1.36101652","2.67778032","231.45030212","0.44882599","8.25315475","99.24284363","1002.01501465","0","14.6271801","0.2","9.45258522"
"2013-01-11 04:00:00","15.22777984","12.36794982","0.29621756","1.10324872","1.65931483","2.65185089","213.42480469","0.398186","7.30151987","99.24298096","1001.94799805","0","14.6271801","0","9.45258522"
"2013-01-11 05:00:00","16.55847639","13.99954546","0.30032535","0.91085469","1.37368936","2.90466082","194.65060425","0.21435399","6.66632795","99.24304962","1002.11602783","0","14.6271801","0","9.45258522"
"2013-01-11 06:00:00","42.34232984","33.47361344","0.40402666","0.97447415","1.80612895","3.1303616","230.71420288","0.313972","6.36256981","99.24311066","1002.38800049","0","14.6271801","0","9.45258522"
"2013-01-11 07:00:00","103.71515896","52.32643056","0.5262107","1.37209572","3.74688123","4.08856577","208.21270752","0.23484799","6.37708712","99.24324036","1002.75701904","11.98209","14.6271801","0","9.45258522"
"2013-01-11 08:00:00","180.80602384","65.57374168","1.11821244","2.11852694","5.54898998","5.12809029","202.81880188","0.56437403","8.20974159","98.38719177","1003.23901367","141.70010376","14.6271801","0","9.45258522"
"2013-01-11 09:00:00","143.97067464","58.82816744","0.93225164","3.52012786","11.16839907","4.05202802","203.4105072","0.85906899","9.23667145","92.35938263","1003.5880127","155.74159241","14.6271801","0","9.45258522"
"2013-01-11 10:00:00","74.22454744","39.24643856","0.66963967","3.18448125","9.57899486","3.50869271","194.9526062","1.17753506","11.18680954","79.49002075","1003.53100586","288.74230957","14.6271801","0","9.45258522"
"2013-01-11 11:00:00","85.35907944","49.6494776","0.66047811","2.17962321","5.58335949","3.9842592","198.62010193","0.75052899","11.96527004","79.25668335","1003.059021","165.3296051","14.6271801","0","9.45258522"
"2013-01-11 12:00:00","55.63501272","34.95734456","0.54299369","2.49366163","6.58628828","3.72909289","197.58790588","1.19731903","13.38936043","72.10601044","1002.26501465","335.59521484","14.6271801","0","9.45258522"
"2013-01-11 13:00:00","53.4029248","35.7938828","0.522972","1.78792465","4.92476962","4.02845701","200.82240295","0.92528802","14.26461029","65.83306122","1001.67901611","275.05889893","14.6271801","0","9.45258522"
"2013-01-11 14:00:00","40.45004256","29.1404096","0.36939354","1.69765166","6.33857149","4.21939062","197.12350464","1.506356","13.97109985","64.07238007","1001.37701416","145.71110535","14.6271801","0","9.45258522"
"2013-01-11 15:00:00","36.9494956","28.78634544","0.38515017","1.08471084","3.7603697","3.53639173","195.69560242","1.37446904","13.17195034","70.95365906","1001.37701416","28.90007973","14.6271801","0","9.45258522"
"2013-01-11 16:00:00","56.95014368","44.60940736","0.44817783","1.21743443","3.20903773","3.65424982","198.30960083","1.13338101","12.60309982","75.76740265","1001.309021","14.05473995","14.6271801","0","9.45258522"
"2013-01-11 17:00:00","66.08342352","51.10080032","0.47823017","1.54584203","4.58432073","3.39260216","188.36990356","1.22891295","11.82227039","77.57643127","1001.35601807","0","14.6271801","0","9.45258522"
"2013-01-11 18:00:00","54.06568136","43.76640656","0.51294135","1.77925981","4.60079206","3.94241779","160.58790588","2.25210309","11.34459019","78.40962982","1001.08502197","0","14.6271801","0","9.45258522"
"2013-01-11 19:00:00","49.75452288","40.03368544","0.43297342","2.16602186","4.80155905","3.76091482","159.38760376","2.3116169","11.38881969","79.15717316","1000.99700928","0","14.6271801","0","9.45258522"
"2013-01-11 20:00:00","36.95597728","30.41535032","0.39849874","1.58609795","3.62094816","3.56939033","157.90690613","3.29007912","11.49090958","83.52719116","1000.64501953","0","14.6271801","0","9.45258522"
"2013-01-11 21:00:00","27.67354232","22.95644712","0.34589666","1.51984548","2.74758314","3.85815019","184.60150146","1.99593401","11.23435974","89.53636169","1000.71002197","0","14.6271801","0.2","9.45258522"
"2013-01-11 22:00:00","24.41295136","21.44416984","0.30273457","1.1136689","2.11052213","3.83693455","209.04389954","0.65719402","10.03913975","85.25138092","1000.76000977","0","14.6271801","0","9.45258522"
"2013-01-11 23:00:00","17.17194542","14.00862363","0.277736","0.90120235","1.45725015","3.71730586","238.43850708","0.714252","9.23890972","82.24771118","1001.00201416","0","14.6271801","0","9.45258522"
"2013-01-12 00:00:00","17.74780158","14.97097912","0.26991769","0.78591929","1.36529708","3.6071078","211.54870605","0.36876699","8.97829437","82.42681122","1000.74499512","0","14.6271801","0","9.45258522"
"2013-01-12 01:00:00","11.71297892","9.33043572","0.23105911","0.77045276","1.30602632","2.84514089","223.53160095","0.576711","9.1216259","77.96871185","1000.78601074","0","20.53960991","0","15.64373016"
"2013-01-12 02:00:00","","","0.2251747","0.5939636","0.71461844","3.72319734","210.98840332","0.63916802","8.92253494","77.32099152","1001.28100586","0","20.53960991","0","15.64373016"
"2013-01-12 03:00:00","12.97882426","10.84789643","0.22695132","0.53550033","0.61981167","","262.92260742","0.42068499","8.21550846","84.0002594","1001.5","0","20.53960991","0","15.64373016"
"2013-01-12 04:00:00","13.3108507","11.01650233","","0.56676088","0.87699571","1.63102697","207.69869995","0.418769","7.15371084","90.17391968","1001.79602051","0","20.53960991","0","15.64373016"
"2013-01-12 05:00:00","16.24849913","13.58580969","0.21167584","0.68467694","1.09099184","1.57376987","212.42250061","0.60128301","6.5619998","91.69190216","1002.45800781","0","20.53960991","0","15.64373016"
"2013-01-12 06:00:00","21.6192708","18.37553794","0.23793378","0.66284806","1.32664802","1.48145068","210.94940186","0.41769701","6.10629606","94.76245117","1003.16601563","0","20.53960991","0","15.64373016"
"2013-01-12 07:00:00","46.0789132","32.78749224","0.33834979","0.86632128","1.70782064","1.74154233","201.96350098","0.44737101","6.21998501","98.19161987","1004.01800537","9.64591026","20.53960991","0","15.64373016"
"2013-01-12 08:00:00","78.6316692","44.30723488","0.59777082","1.19385122","2.9250059","1.75420805","209.85440063","0.72025698","7.48121119","94.2787323","1004.66400146","48.88380051","20.53960991","0","15.64373016"
"2013-01-12 09:00:00","37.60707064","25.6294996","0.35613118","2.01432207","6.10382348","1.90798963","299.85510254","1.42534006","9.46961117","92.62480164","1005.42602539","190.039505","20.53960991","0","15.64373016"
"2013-01-12 10:00:00","8.72604487","5.99591346","0.22795905","1.28467338","2.97493857","1.58649458","335.13839722","3.35808492","11.21895981","75.6918335","1006.51702881","316.73370361","20.53960991","0","15.64373016"
"2013-01-12 11:00:00","7.3395791","4.50050193","0.26237664","0.87871546","0.97193266","1.68284516","335.0769043","3.84540296","10.82518959","69.34255981","1007.26702881","338.75439453","20.53960991","0","15.64373016"
"2013-01-12 12:00:00","8.29026183","5.12564371","0.27881712","1.08493052","0.86895531","1.6006563","333.6512146","3.32776093","10.96994972","63.48031998","1007.67901611","400.94421387","20.53960991","0","15.64373016"
"2013-01-12 13:00:00","9.76621876","6.19694496","0.2768075","1.19725206","1.09267802","1.55252576","331.42660522","3.14536405","11.01492023","61.84473038","1007.98199463","358.57550049","20.53960991","0","15.64373016"
"2013-01-12 14:00:00","6.50173306","4.17496098","0.27258787","1.19023171","1.07387267","1.1510284","333.76010132","2.48498702","10.70641041","63.60968018","1008.63299561","155.17790222","20.53960991","0","15.64373016"
"2013-01-12 15:00:00","6.70925006","4.34356879","0.26430938","1.12397925","0.82862007","1.3424939","334.88510132","1.86280799","10.25280952","65.72039032","1009.42700195","28.99674034","20.53960991","0","15.64373016"
"2013-01-12 16:00:00","11.8841794","9.41344138","0.31091054","1.18452736","1.03328624","1.33529761","340.9197998","0.76476401","9.30843925","70.55664063","1009.92102051","6.59137201","20.53960991","0","15.64373016"
"2013-01-12 17:00:00","26.10679216","22.25996288","0.45627225","1.40840262","4.31611139","1.12494845","55.39767075","0.46030301","8.46710205","76.1973114","1010.24902344","0","20.53960991","0","15.64373016"
"2013-01-12 18:00:00","64.5724464","52.07091088","0.74743022","2.23106714","4.99136176","1.46316909","48.9278717","0.685287","7.90272808","79.59896088","1010.43200684","0","20.53960991","0","15.64373016"
"2013-01-12 19:00:00","255.982384","89.11770816","1.43800843","3.39968964","7.78518687","3.52658276","197.45080566","0.42727101","7.25559711","84.51390076","1010.75201416","0","20.53960991","0","15.64373016"
"2013-01-12 20:00:00","239.0166344","88.83108024","1.6898593","5.49441369","15.96489651","3.11008668","196.5973053","0.47162601","7.584589","85.48017883","1011.2210083","0","20.53960991","0","15.64373016"
"2013-01-12 21:00:00","231.8407072","89.6676376","1.71351462","6.85400438","16.23168612","2.87800423","192.73680115","0.240666","6.92219591","86.60501099","1011.64300537","0","20.53960991","0","15.64373016"
"2013-01-12 22:00:00","174.18495904","80.81186544","1.39515274","6.61301911","15.36337152","1.78846671","195.80180359","0.63387299","7.09496689","87.81536102","1011.87701416","0","20.53960991","0","15.64373016"
"2013-01-12 23:00:00","94.8568056","61.69186544","1.05581737","5.24607856","10.46973024","1.36169384","195.94070435","0.73483902","6.63458204","85.81616974","1011.9710083","0","20.53960991","0","15.64373016"
"2013-01-13 00:00:00","64.43499272","50.00484192","0.76966657","4.25734608","6.86681858","1.45648943","183.48750305","0.824193","6.9850769","83.96315002","1011.77600098","0","20.53960991","0","15.64373016"
"2013-01-13 01:00:00","38.28795296","32.53069152","0.52755394","3.15508487","5.84936296","1.25184157","160.57460022","1.28394306","7.28096724","80.28842163","1011.90802002","0","17.19783974","0","10.48472977"
"2013-01-13 02:00:00","23.14061096","19.9305924","0.37075776","2.21351677","4.12974004","1.31652684","142.15600586","1.51365399","7.92911482","73.05969238","1011.91400146","0","17.19783974","0","10.48472977"
"2013-01-13 03:00:00","18.91118666","16.07470406","0.32865116","1.53322818","2.37509977","1.33109333","137.22270203","1.50018001","7.82010698","73.84703064","1011.41900635","0","17.19783974","0","10.48472977"
"2013-01-13 04:00:00","14.13572574","11.68833515","0.32774479","1.44756119","1.89976922","1.40982642","147.34170532","1.66797996","7.67155123","83.36669159","1010.94000244","0","17.19783974","0","10.48472977"
"2013-01-13 05:00:00","12.94899514","10.61833215","0.29163096","1.47531207","1.65399693","1.46014758","156.97950745","2.30453801","8.30172253","91.55528259","1010.70300293","0","17.19783974","0","10.48472977"
"2013-01-13 06:00:00","13.17855942","10.8504891","0.29892502","1.22631894","1.31873576","1.3836885","156.57420349","2.16473794","8.74732113","91.47144318","1010.83300781","0","17.19783974","0","10.48472977"
"2013-01-13 07:00:00","19.73734656","16.45212522","0.29001394","1.19396105","1.26335706","1.19038223","155.03930664","1.94610202","8.52571011","94.5658493","1010.99401855","10.88319016","17.19783974","0","10.48472977"
"2013-01-13 08:00:00","21.78527064","17.07985967","0.32395971","1.10533255","1.6674854","1.40685983","157.18530273","1.66108704","9.39702988","88.63085175","1011.38800049","114.83599854","17.19783974","0","10.48472977"
"2013-01-13 09:00:00","26.22351976","18.86190294","0.36066536","1.27458169","2.37899081","1.27556411","143.10290527","1.632743","10.81595993","77.52867889","1011.54101563","239.0007019","17.19783974","0","10.48472977"
"2013-01-13 10:00:00","27.68132416","19.27173632","0.35550092","1.40884095","2.98142296","1.35697293","146.34120178","1.34752405","12.58621025","77.33367157","1011.35900879","284.97250366","17.19783974","0","10.48472977"
"2013-01-13 11:00:00","20.06678416","13.86855051","0.30838715","1.2928999","3.2229147","1.55940576","151.91430664","2.75130105","13.59035015","68.11151123","1010.55401611","381.24841309","17.19783974","0","10.48472977"
"2013-01-13 12:00:00","18.95269235","13.04497181","0.27310047","1.04456477","2.18457905","1.88700282","185.06230164","2.54014611","14.45652008","52.63898087","1009.71099854","437.43280029","17.19783974","0","10.48472977"
"2013-01-13 13:00:00","16.54680172","11.41337617","0.23702624","0.91348669","1.80872331","1.81840414","184.10360718","2.9112339","14.48066044","47.73165131","1009.25701904","338.95401001","17.19783974","0","10.48472977"
"2013-01-13 14:00:00","10.64647106","7.31719341","0.22781575","0.28800118","0.55726922","2.70997346","185.35270691","3.17410493","13.97974968","51.83414078","1009.04901123","186.19410706","17.19783974","0","10.48472977"
"2013-01-13 15:00:00","11.47563089","8.29285642","0.23422675","","","1.11775216","155.81500244","3.10261512","13.49666977","59.8183403","1009.23101807","76.06021881","17.19783974","0","10.48472977"
"2013-01-13 16:00:00","17.49229719","14.14999309","0.26805485","","","1.23459834","159.69610596","2.38961101","13.04728031","66.98323059","1009.51800537","17.16115952","17.19783974","0","10.48472977"
"2013-01-13 17:00:00","29.3232924","25.1029348","0.35956094","","","1.4992675","151.85740662","1.94336605","12.4574604","72.16963959","1009.52001953","0","17.19783974","0","10.48472977"
"2013-01-13 18:00:00","47.62099856","41.14650768","0.45986045","","","1.39428259","153.7407074","1.48425198","11.72208023","77.45903015","1009.37200928","0","17.19783974","0","10.48472977"
"2013-01-13 19:00:00","36.1116572","30.76683328","0.41724126","","","1.48021197","158.31990051","1.84583402","11.57956028","79.46852112","1009.13702393","0","17.19783974","0","10.48472977"
"2013-01-13 20:00:00","37.59150696","32.12605496","0.4132989","","","1.46763168","159.13110352","2.40487695","11.42788982","82.69657135","1008.94702148","0","17.19783974","0","10.48472977"
"2013-01-13 21:00:00","31.5462792","27.03803176","0.37166529","","","1.51921799","156.895401","2.12917089","11.29541016","86.59863281","1009.04699707","0","17.19783974","0","10.48472977"
"2013-01-13 22:00:00","18.35867602","15.28354906","0.28071025","","","1.79197841","166.56350708","2.14972305","12.04409027","82.73931122","1008.90802002","0","17.19783974","0","10.48472977"
"2013-01-13 23:00:00","12.28234958","9.64560024","0.23848482","","","1.73687735","196.2322998","2.46795297","12.11429977","80.37483978","1008.98101807","0","17.19783974","0","10.48472977"
"2013-01-14 00:00:00","9.48607252","7.01922733","0.21230611","","","1.49618701","161.00990295","3.287045","12.07108974","81.62915039","1008.92401123","0","17.19783974","0","10.48472977"
"2013-01-14 01:00:00","8.94004547","6.73389192","0.20564347","","","1.76235523","155.65400696","2.6958921","11.7667799","84.63784027","1009.125","0","22.23730087","0","12.65824986"
"2013-01-14 02:00:00","","","0.18683804","","","1.40706221","139.60470581","2.61117005","11.61252975","86.54476166","1009.32000732","0","22.23730087","0","12.65824986"
"2013-01-14 03:00:00","8.74420314","6.83635409","0.17721747","","","","154.23980713","2.61518002","11.99897957","86.65670013","1009.13299561","0","22.23730087","0","12.65824986"
"2013-01-14 04:00:00","7.0023654","4.77027366","","","","1.57685036","153.51980591","2.93118906","12.33942986","83.46954346","1008.82501221","0","22.23730087","0","12.65824986"
"2013-01-14 05:00:00","7.37200471","4.93498863","0.19193026","","","1.98326899","155.05499268","4.17772198","12.65513039","81.87525177","1008.57800293","0","22.23730087","0","12.65824986"
"2013-01-14 06:00:00","11.5275111","8.88687084","0.22084672","","","1.83372422","152.95300293","3.65008712","12.69095039","85.9854126","1008.69000244","0","22.23730087","0","12.65824986"
"2013-01-14 07:00:00","19.25617264","15.05398478","0.22364971","","","1.72575645","152.91850281","3.75130105","12.65248966","88.63294983","1008.72601318","8.28245831","22.23730087","0","12.65824986"
"2013-01-14 08:00:00","28.74743624","21.69837024","0.29442346","","","1.58304389","154.22990417","4.18796921","12.66829014","88.79283142","1008.75402832","65.12515259","22.23730087","0","12.65824986"
"2013-01-14 09:00:00","29.40371112","21.52588872","0.2796","","","1.59304711","137.23970032","3.65249109","13.11857033","86.2591095","1008.88500977","89.47190094","22.23730087","0","12.65824986"
"2013-01-14 10:00:00","26.79029392","20.36249408","0.26496993","","","1.80877315","158.78160095","3.97383189","13.76441002","86.77703094","1009.00500488","61.60052109","22.23730087","0.2","12.65824986"
"2013-01-14 11:00:00","25.07958928","18.85152652","0.25375681","","","1.66504359","159.22390747","4.85189009","13.35632038","92.48548126","1008.61199951","51.50284958","22.23730087","0.60000002","12.65824986"
"2013-01-14 12:00:00","21.4571332","14.46256494","0.2330967","","","2.13142148","157.76489258","5.09571218","14.23021984","81.08763123","1007.60601807","298.32620239","22.23730087","0","12.65824986"
"2013-01-14 13:00:00","23.780022","16.28351741","0.2941159","","","2.09832932","157.498703","5.01501894","14.1593399","73.71875","1007.2210083","203.13270569","22.23730087","0","12.65824986"
"2013-01-14 14:00:00","20.02787496","14.00602905","0.25049248","","","1.97823891","149.95640564","5.01734686","14.16224957","71.08608246","1007.42700195","164.99180603","22.23730087","0","12.65824986"
"2013-01-14 15:00:00","19.1225812","14.55853969","0.25079887","","","1.90871374","150.6638031","3.952775","13.90332985","74.63417053","1007.72900391","75.95236969","22.23730087","0","12.65824986"
"2013-01-14 16:00:00","24.84613408","20.42084832","0.29714956","","","2.03569636","153.44430542","3.58206701","13.6437397","72.16876984","1007.77801514","16.17419052","22.23730087","0","12.65824986"
"2013-01-14 17:00:00","32.85754792","27.53086888","0.32721821","","","1.9595139","152.10290527","2.66816211","13.04117012","87.0831604","1007.934021","0","22.23730087","0","12.65824986"
"2013-01-14 18:00:00","46.5029948","38.93646512","0.38804636","","","2.02828141","148.72000122","2.46910906","12.65703011","81.96581268","1008.22399902","0","22.23730087","0","12.65824986"
"2013-01-14 19:00:00","45.11652712","37.59280712","0.37429819","","","1.81947402","149.80610657","2.37568402","12.33462048","86.22566986","1008.39300537","0","22.23730087","0","12.65824986"
"2013-01-14 20:00:00","46.76889664","39.54604896","0.38850653","","","1.78458177","145.43060303","2.10131192","12.09617996","86.38394165","1008.53900146","0","22.23730087","0","12.65824986"
"2013-01-14 21:00:00","33.87696896","29.24287368","0.37099542","","","1.27438439","155.10980225","2.61025691","12.12304974","81.67474365","1008.63500977","0","22.23730087","0","12.65824986"
"2013-01-14 22:00:00","20.15368456","17.05521782","0.28393963","","","1.52250595","161.53500366","2.63340306","12.25280952","87.80252075","1008.34002686","0","22.23730087","0","12.65824986"
"2013-01-14 23:00:00","9.51849622","7.19820965","0.20437246","","","1.88923208","157.24450684","4.67481089","12.79996014","77.75254059","1007.96002197","0","22.23730087","0","12.65824986"
"2013-01-15 00:00:00","9.4497579","6.98809997","0.18313567","","","1.8733262","163.08680725","3.50812101","12.72085953","68.08396149","1007.69299316","0","22.23730087","0","12.65824986"
"2013-01-15 01:00:00","8.49777884","6.22807232","0.18977967","","","1.66652637","160.0447998","2.73085499","12.08845043","70.45570374","1007.67401123","0","18.37734985","0","6.25871706"
"2013-01-15 02:00:00","5.87918586","3.62374668","0.18371235","","","1.99513331","174.11300659","2.09102011","12.33407974","78.78598022","1008.38000488","0","18.37734985","0","6.25871706"
"2013-01-15 03:00:00","4.47715641","2.21004447","0.17760658","","","1.92566509","157.23260498","3.74631906","13.66536999","91.78137207","1007.83001709","0","18.37734985","0","6.25871706"
"2013-01-15 04:00:00","4.45121822","2.29953563","0.17449603","","","2.19172755","156.26190186","4.13817883","13.88080978","91.45143127","1007.01800537","0","18.37734985","0","6.25871706"
"2013-01-15 05:00:00","5.94662974","3.73917794","0.17077036","","","2.13540405","158.60380554","3.77042508","13.82485008","92.03932953","1006.93200684","0","18.37734985","0","6.25871706"
"2013-01-15 06:00:00","11.11377533","8.53020254","0.18789819","","","2.43958469","159.89100647","3.05689502","13.73721027","93.39533234","1007.02301025","0","18.37734985","0","6.25871706"
"2013-01-15 07:00:00","21.76192512","16.92422287","0.21312743","","","1.82046458","162.9302063","3.30913401","13.79092979","94.22763062","1007.15100098","7.05942202","18.37734985","0","6.25871706"
"2013-01-15 08:00:00","38.81195568","27.60738712","0.35694086","","","2.09056554","159.49180603","3.24577403","14.08335972","93.16660309","1007.08001709","37.59157181","18.37734985","0","6.25871706"
"2013-01-15 09:00:00","26.14700152","19.5596644","0.28693484","","","1.77184486","160.29550171","3.96177793","13.86596012","92.37132263","1006.52001953","9.09340668","18.37734985","0.80000001","6.25871706"
"2013-01-15 10:00:00","25.59189056","19.39106424","0.33113494","","","1.97692901","158.90220642","3.57614803","13.39776993","94.61042023","1006.15802002","10.57997036","18.37734985","1","6.25871706"
"2013-01-15 11:00:00","20.07326584","14.5715107","0.23236624","","","2.19637829","157.3677063","5.22310686","14.47367954","87.49159241","1004.96899414","23.46763992","18.37734985","0.2","6.25871706"
"2013-01-15 12:00:00","30.10407672","23.27938392","0.30371667","","","2.0814939","256.24450684","1.43461096","11.60058975","82.37071228","1004.31799316","30.91674995","18.37734985","0","6.25871706"
"2013-01-15 13:00:00","35.4385376","27.5451324","0.34472933","","","2.32798317","319.43011475","1.48594201","10.06355953","89.46051025","1003.18499756","17.24662971","18.37734985","0","6.25871706"
"2013-01-15 14:00:00","17.05002865","12.21101668","0.23709032","","","2.18067784","157.52420044","6.62629509","14.02048016","83.83157349","1001.39501953","85.19841003","18.37734985","0","6.25871706"
"2013-01-15 15:00:00","11.99053058","8.45238414","0.23359532","","","2.80035221","152.67349243","6.85654402","14.80253029","78.23889923","1000.86401367","18.40048027","18.37734985","0","6.25871706"
"2013-01-15 16:00:00","16.39635409","12.38092082","0.28873943","","","2.65510733","156.85310364","5.28939104","13.74569035","75.59361267","1000.69299316","2.86121297","18.37734985","0","6.25871706"
"2013-01-15 17:00:00","20.3949216","16.18364982","0.31957581","0.56972238","0.72680922","2.3770402","314.18490601","2.73382902","8.7540369","88.44682312","1000.84301758","0","18.37734985","2","6.25871706"
"2013-01-15 18:00:00","27.77080576","22.97589216","0.35317791","0.94496792","1.81455886","2.37602015","298.81811523","1.53124702","7.29616117","99.23409271","1001.88000488","0","18.37734985","16","6.25871706"
"2013-01-15 19:00:00","26.1353192","21.71393392","0.42951919","1.00573571","2.1572126","2.63091493","326.82839966","1.37442899","7.32465076","99.2427597","1000.64202881","0","18.37734985","3","6.25871706"
"2013-01-15 20:00:00","26.37267488","22.89029192","0.35628846","1.23311962","2.71191695","2.37983085","69.93627167","1.66908503","7.27024889","99.24291229","1000.04302979","0","18.37734985","0","6.25871706"
"2013-01-15 21:00:00","22.6334912","19.47796464","0.31681127","0.97217064","1.76332952","2.56563573","61.5","1.43677998","7.53975105","99.24256134","999.50531006","0","18.37734985","2.4000001","6.25871706"
"2013-01-15 22:00:00","19.05385436","16.81138428","0.33267158","0.87026927","1.48215139","2.57366088","74.17610168","0.63841999","7.72357893","99.24269104","999.22332764","0","18.37734985","0","6.25871706"
"2013-01-15 23:00:00","34.70444432","31.61633488","0.37917488","0.88452965","1.3279447","2.6301593","183.80000305","0.35327601","7.69400406","99.24250031","998.97357178","0","18.37734985","0","6.25871706"
"2013-01-16 00:00:00","25.59579104","23.00313816","0.39695511","0.89889884","2.27177562","2.65132917","152.60090637","1.30719304","7.91799021","99.24269104","998.90380859","0","18.37734985","0","6.25871706"
"2013-01-16 01:00:00","13.57543326","11.3524197","0.34169567","0.9451876","2.07343011","2.4088784","180.93730164","1.28697801","8.03479958","99.2427597","998.78167725","0","7.94939184","0.2","1.92999601"
"2013-01-16 02:00:00","","","0.32925347","0.85008691","1.441687","2.27518053","195.55220032","0.88375002","7.75647879","99.24284363","998.7401123","0","7.94939184","0","1.92999601"
"2013-01-16 03:00:00","11.12026083","8.879089","0.28524559","0.65593856","1.03224076","","197.93960571","1.540977","7.74169111","99.24291229","998.38580322","0","7.94939184","0","1.92999601"
"2013-01-16 04:00:00","8.9828475","6.81171032","","0.52047314","0.82083799","2.08902377","192.70970154","1.57123303","7.90428782","99.24298096","998.21801758","0","7.94939184","0","1.92999601"
"2013-01-16 05:00:00","9.7156368","7.56525246","0.21695213","0.49019807","0.64510141","2.27059285","162.3553009","1.99969399","8.24040222","99.24291229","997.99072266","0","7.94939184","0","1.92999601"
"2013-01-16 06:00:00","18.24713758","15.31338008","0.2636628","0.58398276","0.58673883","1.91128573","155.3296051","2.1214149","8.17501068","98.90177155","997.53131104","0","7.94939184","0","1.92999601"
"2013-01-16 07:00:00","33.62793096","26.58018424","0.2941159","0.59951336","0.93003633","2.18576793","161.20770264","2.2867651","8.50067902","92.42355347","997.85571289","8.19393635","7.94939184","0","1.92999601"
"2013-01-16 08:00:00","50.94644456","35.4592828","0.421617","0.79206197","1.93971495","2.24710218","158.33500671","3.04578805","9.81223774","78.91024017","997.51092529","152.07870483","7.94939184","0","1.92999601"
"2013-01-16 09:00:00","34.12985008","22.8189552","0.34529202","1.29410708","4.35009139","2.39665508","162.74020386","3.51990891","11.69332027","67.88204193","996.89361572","308.49810791","7.94939184","0","1.92999601"
"2013-01-16 10:00:00","24.8513156","16.5493963","0.34246806","1.02833141","3.19749478","2.30547696","166.46530151","4.22372818","12.89262009","65.59590149","996.09411621","308.76049805","7.94939184","0","1.92999601"
"2013-01-16 11:00:00","23.2923664","15.47550238","0.37433314","0.90229867","2.10157355","2.55316528","184.03770447","3.65800095","13.07828045","66.01689148","995.04602051","275.7651062","7.94939184","0","1.92999601"
"2013-01-16 12:00:00","25.354554","18.48578004","0.32182193","0.96306646","2.365243","2.33288206","246.227005","1.43220198","10.82390022","75.03907013","994.29302979","94.23992157","7.94939184","0.2","1.92999601"
"2013-01-16 13:00:00","52.3043852","35.0611088","0.46489209","0.96350478","3.34301223","2.27972551","199.78660583","1.41872895","10.53310013","76.44525146","993.71520996","201.20880127","7.94939184","0","1.92999601"
"2013-01-16 14:00:00","33.95478736","24.43759704","0.35559528","1.35959069","4.27097795","2.754395","195.76370239","1.66874599","10.65791035","72.77017975","993.22570801","106.15879822","7.94939184","0","1.92999601"
"2013-01-16 15:00:00","23.97326784","17.75298883","0.30422927","0.96756363","2.53955273","2.74465011","199.7644043","1.68768799","10.33854961","65.50981903","993.01782227","47.16320038","7.94939184","0","1.92999601"
"2013-01-16 16:00:00","18.59342946","14.41457565","0.28075918","0.76628509","1.66943093","2.61632708","222.21490479","1.70546305","9.70234776","65.9196701","993.14770508","17.26394081","7.94939184","0","1.92999601"
"2013-01-16 17:00:00","33.69668648","26.95371256","0.34372743","0.81476752","1.77526198","2.45111645","203.12420654","1.40158796","9.22934532","65.95584106","992.96032715","0","7.94939184","0","1.92999601"
"2013-01-16 18:00:00","44.39543544","34.0494696","0.38597266","1.21140158","2.70283819","2.44554634","202.01600647","2.03326106","9.00156116","62.43405151","993.25231934","0","7.94939184","0","1.92999601"
"2013-01-16 19:00:00","29.54378424","22.23791752","0.34033145","1.22609927","2.72696143","2.5660405","198.48330688","1.59640896","8.82309246","60.53588104","993.54492188","0","7.94939184","0","1.92999601"
"2013-01-16 20:00:00","38.49029992","30.53985976","0.39135379","0.99081734","2.10650193","2.69488728","190.23240662","1.41378701","8.0208931","64.54801178","993.93182373","0","7.94939184","0","1.92999601"
"2013-01-16 21:00:00","35.7225652","30.04052184","0.38635478","1.20811057","2.70906426","2.36315815","202.25970459","0.81636602","7.35795689","70.97544098","994.32952881","0","7.94939184","0","1.92999601"
"2013-01-16 22:00:00","24.33513296","20.33654824","0.36601388","1.17191351","2.28561089","2.47503934","203.74710083","0.94466603","7.408494","74.83157349","994.82122803","0","7.94939184","0","1.92999601"
"2013-01-16 23:00:00","28.51658136","24.00309504","0.36086225","1.04204261","1.80638828","2.14522624","199.8757019","0.99901402","7.13498878","75.21781158","995.32092285","0","7.94939184","0","1.92999601"
"2013-01-17 00:00:00","26.39342008","22.9331016","0.3648314","1.10511288","2.06992858","2.09294024","198.08210754","0.93224299","6.95807981","76.50061035","995.07281494","0","7.94939184","0","1.92999601"
"2013-01-17 01:00:00","16.79841518","14.15647859","0.31064026","1.0394096","2.07719097","2.26563294","190.0953064","1.21990001","7.38604116","76.67996216","995.14312744","0","10.13584042","0",""
"2013-01-17 02:00:00","10.15401442","7.91413893","0.27217313","0.88880715","1.40679881","2.36898861","166.56300354","1.23520803","7.5569129","77.75904083","995.18432617","0","10.13584042","0",""
"2013-01-17 03:00:00","7.62231993","5.57050684","0.26415909","0.75180606","0.96531809","2.33749416","158.51950073","1.81396794","8.06966591","75.25166321","994.85577393","0","10.13584042","0",""
"2013-01-17 04:00:00","8.18520699","5.90123504","0.23977331","0.64905143","0.85326198","2.32557695","147.49580383","1.90198898","8.28211975","72.42362213","994.35992432","0","10.13584042","0",""
"2013-01-17 05:00:00","9.99189212","7.58989623","0.23225557","0.61732815","0.68426913","2.40909401","144.103302","1.98177898","8.39133167","78.18041992","993.67541504","0","10.13584042","0",""
"2013-01-17 06:00:00","17.12655071","14.1240549","0.26415909","0.58116974","0.74756111","2.44685115","136.81730652","1.988801","8.49504948","89.02822113","992.79730225","0","10.13584042","0.60000002",""
"2013-01-17 07:00:00","31.66174488","24.32993232","0.30243633","0.63487751","1.105778","2.61841498","143.34350586","2.26267195","8.84954643","98.98677063","991.95361328","3.66503906","10.13584042","1",""
"2013-01-17 08:00:00","56.7971072","39.65887608","0.38914029","0.78833264","1.75580779","2.4685163","160.68370056","2.3532939","9.82851791","99.24188995","991.86572266","31.68293953","10.13584042","0.40000001",""
"2013-01-17 09:00:00","38.3113176","27.29611352","0.35288666","1.21227926","3.22239603","2.82286351","161.65420532","2.71939111","11.42259979","95.94979095","991.59552002","149.49830627","10.13584042","0",""
"2013-01-17 10:00:00","27.7578424","18.36256694","0.37521155","1.00867179","2.69166237","2.17454533","187.73730469","3.06468105","13.33333015","77.08479309","991.11157227","286.48950195","10.13584042","0",""
"2013-01-17 11:00:00","23.79558568","15.91776902","0.29678725","0.88507781","2.02427545","2.67687824","195.88090515","4.11380482","13.30924988","72.82546234","990.65240479","171.99830627","10.13584042","0",""
"2013-01-17 12:00:00","31.93540944","21.18736912","0.34025456","0.73173252","1.75606712","2.8591399","200.26370239","3.23103094","13.7524004","72.73097229","990.23852539","219.11360168","10.13584042","0",""
"2013-01-17 13:00:00","35.16355376","22.87214704","0.36177794","0.97754549","2.5259351","3.252725","195.92320251","2.99087191","14.41567993","68.04206085","989.67150879","255.12820435","10.13584042","0",""
"2013-01-17 14:00:00","25.69305448","18.55970752","0.28266745","1.00332237","2.41880738","3.4332486","200.73150635","3.02808309","13.96825027","73.81697083","989.51470947","122.66059875","10.13584042","0",""
"2013-01-17 15:00:00","24.93951616","19.06163811","0.29232297","0.6878571","1.46632891","3.3204989","193.37460327","2.46219492","13.87423038","76.24291229","989.44122314","72.22119141","10.13584042","0",""
"2013-01-17 16:00:00","28.33629888","22.6905644","0.30449605","0.72517185","1.59161924","3.24541989","201.07020569","2.37026","13.4224596","82.49333954","989.3604126","12.47150993","10.13584042","0",""
"2013-01-17 17:00:00","52.76481392","42.50444832","0.44844462","0.90909935","1.9925003","3.44786594","187.60380554","1.04728794","12.62617016","87.81590271","989.08752441","0","10.13584042","0",""
"2013-01-17 18:00:00","61.62832968","49.8920148","0.63246336","1.71388501","3.53898101","3.49710603","181.67230225","0.37844101","11.19095039","95.7817688","988.89001465","0","10.13584042","0.40000001",""
"2013-01-17 19:00:00","65.33120448","47.13076176","0.59036958","3.18832043","5.56208894","2.79606759","183.7507019","1.35182798","11.67066956","99.23651886","988.54620361","0","10.13584042","1",""
"2013-01-17 20:00:00","32.26482792","25.80720088","0.3837976","2.08671721","5.21100528","3.31728009","216.10820007","0.97346199","10.28719997","99.24018097","988.48632813","0","10.13584042","0.40000001",""
"2013-01-17 21:00:00","25.62431808","21.19515096","0.33796534","1.37472772","2.71489981","3.23193345","196.28720093","1.80727994","9.89438438","99.24169159","988.40209961","0","10.13584042","0.60000002",""
"2013-01-17 22:00:00","17.51434638","14.3380555","0.28709445","1.07900751","1.63376474","3.27064861","201.581604","1.66580999","9.6024971","96.8503418","988.32952881","0","10.13584042","1.20000005",""
"2013-01-17 23:00:00","15.46253138","12.76482557","0.28915533","0.87959313","1.28890614","3.03862006","201.98910522","1.40170896","9.81325531","88.34600067","987.89581299","0","10.13584042","0",""
"2013-01-18 00:00:00","9.04510031","6.5678787","0.27553182","0.68566343","1.06933279","3.28352281","193.77130127","1.64300299","10.29304028","73.520401","987.74353027","0","10.13584042","0",""
"2013-01-18 01:00:00","5.28776602","3.1347871","0.2513371","0.62226365","0.62110834","3.23697879","197.93330383","2.04945111","10.26739979","61.30897141","987.77062988","0","10.43861961","0",""
"2013-01-18 02:00:00","","","0.24328462","0.64705303","0.4824648","3.15502486","236.72650146","1.215505","9.1741972","68.33930206","987.8380127","0","10.43861961","0",""
"2013-01-18 03:00:00","11.27200671","9.03861672","0.25084081","0.62160566","0.46352928","","217.01800537","0.63499397","8.12725639","71.27783966","987.9262085","0","10.43861961","0",""
"2013-01-18 04:00:00","11.39911074","9.0866041","","0.66646858","0.60437768","1.98286727","196.15960693","0.86536598","7.92368793","73.0843811","987.85852051","0","10.43861961","0",""
"2013-01-18 05:00:00","13.64417349","11.28108489","0.27980155","0.66010622","0.76675495","1.37780719","197.56790161","0.93663102","7.40544081","74.21311951","987.95300293","0","10.43861961","0",""
"2013-01-18 06:00:00","25.96411872","22.21587216","0.33519963","0.76332359","1.06622077","1.47386996","198.66889954","0.85249603","7.2238512","70.83299255","988.22271729","0","10.43861961","0",""
"2013-01-18 07:00:00","55.58702152","41.15428952","0.40680519","1.05004945","1.7512679","2.14257492","260.26150513","0.44419399","7.01634789","74.86112976","988.1583252","7.42979193","10.43861961","0",""
"2013-01-18 08:00:00","66.06397848","45.87526608","0.56390311","1.52467216","3.20812955","1.80287556","253.39570618","0.581429","8.05779457","75.20558929","988.04907227","46.43569183","10.43861961","0",""
"2013-01-18 09:00:00","84.44342264","51.40429208","0.61648538","1.9571748","4.6791275","2.05432068","193.38710022","0.67646402","8.67514706","72.37306976","987.8505249","132.09190369","10.43861961","0",""
"2013-01-18 10:00:00","68.11320272","43.63669648","0.62261095","2.0157479","6.00616402","1.95520081","180.80110168","1.08287501","10.1709404","64.40286255","987.82922363","216.57400513","10.43861961","0",""
"2013-01-18 11:00:00","39.19196568","27.80453344","0.40406511","1.8995882","4.96925421","2.11804997","228.32240295","1.10340095","10.14128971","63.76034164","987.29632568","201.06210327","10.43861961","0",""
"2013-01-18 12:00:00","35.665492","23.08613808","0.40463596","1.30310142","3.01527279","2.26002317","210.46020508","1.59753799","10.69773006","56.9358902","987.02191162","371.80389404","10.43861961","0",""
"2013-01-18 13:00:00","47.11259776","29.70460256","0.48092132","1.37692139","3.05353335","2.2294735","198.11790466","1.74335694","10.21761036","61.06179047","986.91430664","264.46270752","10.43861961","0",""
"2013-01-18 14:00:00","28.50749936","20.1043932","0.38355761","1.66858376","4.0412885","2.20588114","210.51930237","1.328789","10.32579994","59.89492035","986.92022705","179.23680115","10.43861961","0",""
"2013-01-18 15:00:00","23.0887384","17.70240687","0.35060792","1.22357711","1.85474663","1.94985444","219.67120361","1.03454602","9.54117584","62.72880173","987.14990234","39.08018112","10.43861961","0",""
"2013-01-18 16:00:00","40.9247348","31.59428952","0.45124411","1.34225999","1.93543439","1.9098843","241.55140686","0.86382997","8.36758995","69.85999298","987.54907227","6.82946682","10.43861961","0.40000001",""
"2013-01-18 17:00:00","41.92211048","33.49305848","0.4365954","1.76445127","2.99711629","2.12339633","328.5255127","0.83999503","6.50576591","86.06755066","988.86181641","0","10.43861961","1",""
"2013-01-18 18:00:00","53.38864216","44.22941648","0.57809514","1.67560412","2.98427666","2.23481987","296.57769775","1.08939302","6.19542885","92.69434357","989.65441895","0","10.43861961","0",""
"2013-01-18 19:00:00","48.59632888","37.70175288","0.64631404","2.2859109","4.19095632","1.94807265","274.30670166","1.069556","5.64841986","81.72866058","990.28442383","0","10.43861961","0",""
"2013-01-18 20:00:00","51.12024536","37.19981464","0.69771617","2.84104238","3.92326768","2.06433406","242.37890625","0.715087","4.72459698","84.05454254","990.91711426","0","10.43861961","0",""
"2013-01-18 21:00:00","39.6614764","30.09499472","0.67994876","2.96049717","4.00017525","1.64690132","237.92520142","0.806633","4.23640013","86.46086121","991.62322998","0","10.43861961","0",""
"2013-01-18 22:00:00","21.97333496","18.19785196","0.57208374","2.4575744","2.86197428","1.77274999","247.58560181","1.31254303","4.29385519","86.99652863","992.25311279","0","10.43861961","0",""
"2013-01-18 23:00:00","16.72708229","13.66492442","0.52916514","1.84474342","1.92181676","1.54871608","275.26660156","1.73407197","4.68315077","85.80233002","992.56561279","0","10.43861961","0",""
"2013-01-19 00:00:00","18.51820374","14.8049659","0.54240653","1.67341045","1.7573638","1.57901251","221.15769958","0.646622","4.56546021","87.12956238","992.894104","0","10.43861961","0",""
"2013-01-19 01:00:00","13.06053358","10.54051375","0.51824559","1.57392242","1.85709895","1.70231562","230.23840332","0.92663699","4.0469408","89.65615082","993.47460938","0","20.26243019","0","15.34119987"
"2013-01-19 02:00:00","10.58850113","8.35122022","0.52178486","1.41629963","1.37268965","1.3853574","218.11630249","0.92466599","4.18830585","90.2508316","994.22381592","0","20.26243019","0","15.34119987"
"2013-01-19 03:00:00","11.21104833","8.80775419","0.55442933","1.67648179","1.41159803","1.56255033","208.73970032","0.67533499","3.67996311","92.21408081","994.80212402","0","20.26243019","0","15.34119987"
"2013-01-19 04:00:00","12.82967296","10.28241478","0.58243243","1.87918616","1.50432911","1.31662244","211.80499268","0.67648399","3.3285861","94.99015045","995.56750488","0","20.26243019","0","15.34119987"
"2013-01-19 05:00:00","18.87227937","15.46382771","0.62626323","1.92262223","1.56554539","1.16412532","210.36030579","0.48267999","3.27377605","94.88861084","996.60192871","0","20.26243019","0","15.34119987"
"2013-01-19 06:00:00","34.4956348","24.60489704","0.64152007","2.02397543","1.93128503","1.14027972","204.35360718","0.42826399","2.89546895","95.82221222","997.47827148","0","20.26243019","0","15.34119987"
"2013-01-19 07:00:00","75.52541488","38.71469224","0.79359684","2.14912949","2.67495408","1.3720347","194.25790405","0.37338999","3.03188205","94.54666138","997.871521","9.16056156","20.26243019","0","15.34119987"
"2013-01-19 08:00:00","171.0203696","60.56869928","1.22828979","2.86158273","4.85590143","2.13773705","200.08320618","0.36491299","5.56600189","76.90821075","998.21801758","155.49960327","20.26243019","0","15.34119987"
"2013-01-19 09:00:00","98.77629088","46.29938592","0.99064494","3.70429538","9.70324277","2.22972674","195.895401","0.790739","7.96601582","62.73374176","998.53747559","281.51800537","20.26243019","0","15.34119987"
"2013-01-19 10:00:00","65.5750036","36.3269484","0.83921591","2.99439073","6.63012505","1.7402487","196.47120667","1.13123906","9.18159103","61.53248978","999.14562988","361.69909668","20.26243019","0","15.34119987"
"2013-01-19 11:00:00","38.48381824","24.15485048","0.73530723","2.82612808","5.77478839","1.50645668","191.85440063","1.311167","10.87539005","49.90245056","999.04901123","478.86639404","20.26243019","0","15.34119987"
"2013-01-19 12:00:00","32.03915456","21.44677016","0.69136226","2.18916572","3.99848907","1.5232565","183.00270081","1.93312895","11.8669796","44.96282959","998.51501465","497.77371216","20.26243019","0","15.34119987"
"2013-01-19 13:00:00","45.49137472","30.66046872","0.68158442","1.98470601","3.21500345","1.76731819","195.66740417","1.80366695","11.75708961","51.21604156","998.55230713","285.09350586","20.26243019","0","15.34119987"
"2013-01-19 14:00:00","23.6243852","17.27310934","0.52703552","1.89563918","4.57783532","1.63383389","185.77290344","1.92376196","11.82654953","51.80110168","998.63500977","218.17340088","20.26243019","0","15.34119987"
"2013-01-19 15:00:00","21.4752972","17.55195733","0.5502062","1.49220444","1.92791266","1.41718238","162.27580261","2.35566497","11.11625957","57.8290596","998.96862793","66.59848022","20.26243019","0","15.34119987"
"2013-01-19 16:00:00","30.765514","25.60357288","0.63208473","1.73779672","2.06448152","1.39528637","145.05230713","2.06774211","10.57555962","65.96215057","999.15722656","6.38888884","20.26243019","0","15.34119987"
"2013-01-19 17:00:00","46.02053984","38.9338648","0.71788116","2.1217071","3.39514975","1.29065233","145.47090149","1.83363402","10.38156033","69.72859955","999.44061279","0","20.26243019","0","15.34119987"
"2013-01-19 18:00:00","48.68192912","40.86117992","0.67774108","2.44474088","3.9275462","1.0742571","147.51690674","2.2548039","10.07345963","76.44721985","999.84637451","0","20.26243019","0","15.34119987"
"2013-01-19 19:00:00","52.4211128","43.53813288","0.71080495","2.33834234","3.6822936","1.14223135","155.1000061","2.12838793","9.77737141","82.51289368","1000.22601318","0","20.26243019","0","15.34119987"
"2013-01-19 20:00:00","46.45762304","39.12192912","0.63676454","2.27209089","3.60849703","1.10913613","166.25750732","2.45371389","9.56172943","90.63539124","1000.46002197","0","20.26243019","0.2","15.34119987"
"2013-01-19 21:00:00","35.86780072","30.31288624","0.53224773","1.79220317","3.12732992","1.28386589","151.28070068","2.83480406","9.71706772","84.70809937","1000.32299805","0","20.26243019","0","15.34119987"
"2013-01-19 22:00:00","21.63481536","18.28604487","0.52402865","1.22829395","2.15371921","1.14308054","146.82929993","3.13136292","10.08798027","87.43473053","1000.14801025","0","20.26243019","0","15.34119987"
"2013-01-19 23:00:00","15.1162395","12.04629979","0.44040029","1.23783647","1.54336767","1.26468527","147.53840637","3.68316603","10.87775993","88.11463165","999.83422852","0","20.26243019","0","15.34119987"
"2013-01-20 00:00:00","12.69738168","9.7610315","0.39314556","0.77451161","1.07841155","1.13569712","149.22180176","3.81160903","11.16930962","95.85999298","999.47772217","0","20.26243019","0","15.34119987"
"2013-01-20 01:00:00","13.66881534","10.72597966","0.3903682","0.6086623","0.97426668","1.22234044","131.65109253","3.02941394","11.07664967","99.23834991","999.23352051","0","40.65145111","0","6.66205406"
"2013-01-20 02:00:00","","","0.38100859","0.71725451","1.038596","1.19416547","129.29460144","2.68055201","11.4364996","99.23477173","999.1026001","0","40.65145111","0","6.66205406"
"2013-01-20 03:00:00","11.10210257","8.7947851","0.35353789","0.52573815","0.99864925","","137.56100464","2.561692","11.85002041","99.23178101","998.6184082","0","40.65145111","0","6.66205406"
"2013-01-20 04:00:00","8.44200771","6.07373186","","0.35407465","0.72499388","1.30491779","147.25750732","2.51104808","12.70193958","99.22505951","998.1776123","0","40.65145111","0","6.66205406"
"2013-01-20 05:00:00","7.98287915","5.73392548","0.1877281","0.19381986","0.52357804","1.51807082","153.49740601","2.43158793","13.06762981","99.22138977","998.20751953","0","40.65145111","0","6.66205406"
"2013-01-20 06:00:00","10.48863354","8.27210548","0.20267389","0.17418566","0.4723487","1.30422826","151.69920349","2.33850789","13.40116024","99.22138977","998.71459961","0","40.65145111","0","6.66205406"
"2013-01-20 07:00:00","13.29269244","10.71949607","0.18392438","0.21279606","0.52448521","1.26698775","160.27810669","2.02374101","13.61497021","99.22016907","998.97290039","4.61843681","40.65145111","0","6.66205406"
"2013-01-20 08:00:00","14.51833415","11.66888055","0.21735056","0.22836023","0.83808428","0.97581659","157.52180481","2.63598204","14.11476994","98.69963074","999.15991211","33.87973022","40.65145111","0","6.66205406"
"2013-01-20 09:00:00","13.26805058","10.23831833","0.21865652","0.30822524","0.99073801","0.89062453","158.20680237","3.62724805","14.71665955","93.26583099","999.19061279","73.68029022","40.65145111","0","6.66205406"
"2013-01-20 10:00:00","14.74530385","10.82973817","0.22276781","0.42190042","1.28916547","1.32029991","159.97770691","3.87737107","15.48147964","86.63722992","999.13397217","189.45750427","40.65145111","0","6.66205406"
"2013-01-20 11:00:00","15.44048219","10.55218651","0.24251689","0.44412899","1.26530157","1.12675973","163.26750183","3.54327989","16.49674034","78.70838165","998.77941895","356.17810059","40.65145111","0.2","6.66205406"
"2013-01-20 12:00:00","15.27057996","10.16439085","0.24958611","0.4683702","1.6043236","1.49249733","156.52070618","4.4902482","17.19861031","73.84004974","998.01300049","434.68051147","40.65145111","0","6.66205406"
"2013-01-20 13:00:00","14.12146031","9.55481274","0.22880018","0.45849818","1.50471862","1.39935437","157.63490295","4.74169111","17.02923012","74.7186203","997.72930908","353.35571289","40.65145111","0","6.66205406"
"2013-01-20 14:00:00","9.073635","5.96997335","0.19091671","0.34837132","1.21964945","1.45430593","156.58520508","4.58475113","16.59856033","77.48052979","997.59613037","196.15370178","40.65145111","0","6.66205406"
"2013-01-20 15:00:00","9.70136946","6.78058296","0.19529711","0.19798753","0.64341522","0.94851217","166.31140137","4.74355602","15.72838974","84.05879974","997.62261963","56.46112061","40.65145111","0","6.66205406"
"2013-01-20 16:00:00","13.52874222","10.67669595","0.22764799","0.2665435","0.74224321","1.5281798","157.7467041","4.08469296","14.97041988","90.39485168","997.7769165","18.25395966","40.65145111","0","6.66205406"
"2013-01-20 17:00:00","16.71152052","13.69475545","0.23640763","0.41297726","0.9317276","1.41819125","156.30200195","3.85427308","14.58621025","91.88047028","997.93151855","0","40.65145111","0","6.66205406"
"2013-01-20 18:00:00","18.86190294","15.16941604","0.23417898","0.48570089","1.25700183","1.13142674","150.7624054","4.27859402","14.25755978","93.28334045","997.70111084","0","40.65145111","0","6.66205406"
"2013-01-20 19:00:00","16.20310442","12.82967296","0.22111584","0.57454907","1.17672087","1.3945165","155.12260437","5.25903082","14.29730988","93.60494232","997.74353027","0","40.65145111","0","6.66205406"
"2013-01-20 20:00:00","15.37433846","12.01647068","0.22150029","0.40628642","0.98555029","1.34310919","146.37460327","6.22595501","14.37605953","91.38136292","997.68377686","0","40.65145111","0","6.66205406"
"2013-01-20 21:00:00","12.94640056","9.85441358","0.22956908","0.38950388","0.97232116","1.49275565","148.46960449","6.09415293","14.35937977","90.81555176","997.56481934","0","40.65145111","0","6.66205406"
"2013-01-20 22:00:00","9.90629188","7.29288806","0.19813971","0.31546425","0.7139696","1.21359424","155.80940247","5.393888","14.40203953","90.9239502","997.35101318","0","40.65145111","0","6.66205406"
"2013-01-20 23:00:00","8.19039425","5.66129434","0.18154195","0.23111427","0.5767529","1.59583165","145.26040649","6.25343418","14.33882046","90.71231079","996.46820068","0","40.65145111","0","6.66205406"
"2013-01-21 00:00:00","6.79614664","4.56924215","0.17228253","0.12543881","0.48235598","1.61976471","153.64590454","5.96183109","14.28448963","90.25971985","995.79071045","0","40.65145111","0","6.66205406"
"2013-01-21 01:00:00","5.39022627","3.00249582","0.16947721","0.09323551","0.36068108","1.46502003","150.00750732","6.2330718","14.21807957","89.7372818","995.48071289","0","44.68231964","0","10.58498955"
"2013-01-21 02:00:00","4.59258767","2.49019071","0.17078318","0.07140764","0.28195613","1.47141492","154.67550659","6.04549503","14.19441032","89.77085114","995.42877197","0","44.68231964","0","10.58498955"
"2013-01-21 03:00:00","4.73784805","2.72753683","0.17066784","0.05473494","0.2181465","1.5781206","157.16990662","6.03800583","14.12934971","90.2899704","995.24237061","0","44.68231964","0","10.58498955"
"2013-01-21 04:00:00","4.36302339","2.37994862","0.16352173","0.05371286","0.20585199","1.67972703","153.45429993","5.78212595","14.25613976","89.7199707","994.96191406","0","44.68231964","0","10.58498955"
"2013-01-21 05:00:00","5.71706355","3.50183182","0.1623311","0.0356489","0.16938135","1.77070785","150.87910461","4.80515814","14.22480011","89.15527344","994.31719971","0","44.68231964","0","10.58498955"
"2013-01-21 06:00:00","9.07233675","6.50432764","0.17116763","0.05999995","0.24862497","0.9440211","150.88150024","4.92365599","14.2926302","86.65235138","993.81652832","0","44.68231964","0","10.58498955"
"2013-01-21 07:00:00","16.67650033","11.99571783","0.20859092","0.090932","0.39349357","1.58123058","142.31480408","4.926126","14.40373993","85.53385162","992.96990967","2.82051301","44.68231964","0","10.58498955"
"2013-01-21 08:00:00","26.1353192","17.5312083","0.24539793","0.25754915","1.19422954","2.1702302","144.22860718","5.29092407","14.60507011","85.85816193","992.23010254","46.76638031","44.68231964","0","10.58498955"
"2013-01-21 09:00:00","18.57786387","12.70905444","0.23648452","0.46036336","1.84412915","1.63108291","148.37620544","5.71974802","15.01939964","82.17520142","992.2130127","123.06980133","44.68231964","0","10.58498955"
"2013-01-21 10:00:00","18.0694516","12.49245926","0.22664842","0.41890128","1.68045521","1.39659118","146.88070679","5.81911278","15.12405968","81.7493515","991.44281006","88.78102112","44.68231964","0","10.58498955"
"2013-01-21 11:00:00","23.85914056","16.94497381","0.27594307","0.34354463","1.31354805","1.43858108","156.78370667","4.32788801","14.75314999","85.97312164","990.47540283","130.39970398","44.68231964","0.2","10.58498955"
"2013-01-21 12:00:00","23.58807632","16.13177153","0.32566061","0.56985663","1.99734935","1.8254011","174","3.88195705","15.10492992","68.59259033","989.63623047","355.54629517","44.68231964","0","10.58498955"
"2013-01-21 13:00:00","27.29353232","18.7179389","0.30721866","0.62039949","1.93945561","2.01444716","192.17430115","3.22131395","14.77513027","69.99700165","989.22821045","200.86270142","44.68231964","0","10.58498955"
"2013-01-21 14:00:00","24.57767016","17.63366856","0.25558003","0.65440289","2.30169271","2.06473374","197.8730011","3.02388406","14.61334991","73.74929047","989.44171143","174.61120605","44.68231964","0","10.58498955"
"2013-01-21 15:00:00","26.59834824","21.250924","0.27240846","0.49140525","1.70146541","2.01574383","187.38070679","1.98437798","13.26576996","84.01390076","990.14837646","41.40312958","44.68231964","0.40000001","10.58498955"
"2013-01-21 16:00:00","44.99979952","35.16745424","0.35486133","0.62357965","2.1333487","1.82721441","198.69590759","1.18333101","12.83082008","80.85427856","990.76342773","26.30138016","44.68231964","0","10.58498955"
"2013-01-21 17:00:00","60.66858216","45.67813888","0.44542028","0.93268256","2.98271964","2.10205866","198.1230011","1.27108204","12.1649704","82.30381012","991.51721191","0.38563299","44.68231964","0","10.58498955"
"2013-01-21 18:00:00","79.57585304","56.82953472","0.6141682","1.30419775","4.03298774","2.15199743","196.51170349","1.00380695","11.75504971","87.09619141","992.42382813","0","44.68231964","0","10.58498955"
"2013-01-21 19:00:00","53.73754392","41.13614464","0.5271427","1.91595986","5.53199998","1.80570079","198.1257019","1.14906704","11.66767979","77.49912262","993.53631592","0","44.68231964","0","10.58498955"
"2013-01-21 20:00:00","50.70130704","39.95198568","0.44607384","1.48549224","4.37016799","2.04192345","200.48010254","1.52499497","11.42348003","75.67160034","994.23071289","0","44.68231964","0","10.58498955"
"2013-01-21 21:00:00","30.73048616","25.42199024","0.38068006","1.30787929","3.26765965","1.48705232","198.02450562","1.27724695","11.22906971","74.43739319","994.96112061","0","44.68231964","0","10.58498955"
"2013-01-21 22:00:00","25.69047328","21.39357832","0.35294025","1.18386936","2.97091735","1.33014854","200.57910156","1.259166","10.79419041","75.29154968","995.5848999","0","44.68231964","0","10.58498955"
"2013-01-21 23:00:00","15.88923624","13.38348185","0.29173464","0.83593739","1.89497","1.36488316","195.85910034","1.29830897","10.67642975","75.40476227","995.97381592","0","44.68231964","0","10.58498955"
"2013-01-22 00:00:00","13.80629579","11.38224881","0.30057117","0.72569967","1.50666414","1.21946741","193.53210449","1.05520201","10.32966995","77.88188934","996.02362061","0","44.68231964","0","10.58498955"
"2013-01-22 01:00:00","9.37064126","7.30326449","0.28996734","0.60833279","1.25518547","1.32090401","159.94160461","1.34927404","10.11367989","81.22628021","996.05230713","0","15.14978027","0","5.39845419"
"2013-01-22 02:00:00","","","0.27279291","0.62665099","1.13495878","1.37481721","161.44410706","1.20698404","10.1769104","87.98188019","996.20330811","0","15.14978027","0","5.39845419"
"2013-01-22 03:00:00","10.70263414","8.60413002","0.26495479","0.64979588","1.27866088","","155.79690552","1.26475894","10.24921989","90.88420105","996.02667236","0","15.14978027","0","5.39845419"
"2013-01-22 04:00:00","7.79611499","5.70668904","","0.48526257","1.04380609","1.97865181","156.71490479","1.25006104","10.58078957","91.23394012","995.97491455","0","15.14978027","0","5.39845419"
"2013-01-22 05:00:00","14.07736386","11.65850604","0.2334695","0.45290468","0.89074352","1.66087694","170.56770325","0.76557201","10.39011002","97.7115097","996.01660156","0","15.14978027","1.20000005","5.39845419"
"2013-01-22 06:00:00","18.56359844","15.72192668","0.24974804","0.44533616","1.02173515","2.05666079","273.76831055","0.58796602","9.90611935","99.24033356","996.472229","0","15.14978027","2.20000005","5.39845419"
"2013-01-22 07:00:00","35.30882752","29.23899232","0.32976024","0.44917534","1.18553927","1.85406829","888","0.17497601","9.42545223","99.2411499","996.88592529","5.35205603","15.14978027","0.40000001","5.39845419"
"2013-01-22 08:00:00","112.22201024","61.4156388","0.71004653","0.86500427","2.46342215","2.64750017","196.36050415","0.749515","10.16821957","99.23937988","996.72412109","114.57260132","15.14978027","0","5.39845419"
"2013-01-22 09:00:00","62.58809632","39.69518496","0.48778783","1.75765059","5.71772248","1.9554215","192.91560364","1.16790199","12.21957016","86.99491119","996.91461182","311.37460327","15.14978027","0","5.39845419"
"2013-01-22 10:00:00","34.69924368","23.49079376","0.34546328","1.15688632","3.99602488","1.89110133","200.37240601","1.60960102","13.86894035","70.76576996","997.2288208","433.01690674","15.14978027","0","5.39845419"
"2013-01-22 11:00:00","26.32468368","17.83340182","0.29704937","0.81520584","3.22070984","1.8216921","212.61380005","1.28089797","14.71611023","63.00358963","997.57550049","485.86169434","15.14978027","0","5.39845419"
"2013-01-22 12:00:00","33.89511384","22.3585456","0.33951246","0.61546298","2.27601346","1.83468732","187.98590088","1.74268901","15.13416958","54.50440979","997.39862061","494.0710144","15.14978027","0","5.39845419"
"2013-01-22 13:00:00","32.84846592","21.38451544","0.35387108","0.68365181","2.86998112","2.15835774","192.40420532","1.52538395","15.32199955","47.13356018","997.30371094","412.53561401","15.14978027","0","5.39845419"
"2013-01-22 14:00:00","18.48318737","13.01773537","0.24218486","0.70474947","2.76846418","1.94702413","201.70570374","1.48543","14.72052002","48.52957153","997.62982178","234.50030518","15.14978027","0","5.39845419"
"2013-01-22 15:00:00","17.74131798","13.362729","0.24579403","0.39158873","1.03872515","1.50713501","223.38780212","1.57755995","13.77593994","55.41947174","998.09881592","30.61964989","15.14978027","0","5.39845419"
"2013-01-22 16:00:00","31.26097056","24.04978608","0.34650013","0.47539055","1.28436727","1.21247554","188.04980469","1.93182003","12.75226974","64.48329926","998.30822754","10.49042988","15.14978027","0","5.39845419"
"2013-01-22 17:00:00","43.05693984","34.45150584","0.38677418","0.81399968","2.44033625","1.6085767","170.00520325","1.51835895","11.80422974","69.30966187","999.14001465","0","15.14978027","0","5.39845419"
"2013-01-22 18:00:00","40.0894776","32.31670048","0.37314484","1.08427252","3.07091184","1.49592056","184.93460083","2.3994751","11.25084019","72.5714798","999.82250977","0","15.14978027","0","5.39845419"
"2013-01-22 19:00:00","38.31259864","30.29084088","0.44060184","1.14909813","3.29515424","1.34246746","284.47549438","1.095469","10.8822403","68.39241028","1000.49499512","0","15.14978027","0","5.39845419"
"2013-01-22 20:00:00","47.20597984","38.65113736","0.4022081","1.27589871","4.38679594","1.77793059","176.82090759","0.541448","10.31779957","71.25363159","1001.02600098","0","15.14978027","0","5.39845419"
"2013-01-22 21:00:00","40.71980664","34.73813376","0.40017401","1.27458169","3.62351608","1.4939669","197.63130188","0.77551001","10.24839973","66.30294037","1001.70300293","0","15.14978027","0","5.39845419"
"2013-01-22 22:00:00","16.93589563","13.83482857","0.26188035","0.99922589","2.60776292","1.37734649","211.66650391","0.889615","10.40028","55.92131042","1002.00701904","0","15.14978027","0","5.39845419"
"2013-01-22 23:00:00","21.28463256","18.15245726","0.29175095","0.5569987","1.11550459","1.43269468","203.91940308","0.92929399","10.17555046","58.56436157","1002.41900635","0","15.14978027","0","5.39845419"
"2013-01-23 00:00:00","20.13812088","17.55066099","0.33525089","0.71396349","1.51016567","1.30641176","209.29820251","0.442274","9.34167767","68.44241333","1002.45599365","0","15.14978027","0","5.39845419"
"2013-01-23 01:00:00","13.79332478","11.46525638","0.2717479","0.73074603","1.59446684","1.30839491","300.48260498","0.34464699","8.53839493","74.4905014","1002.73901367","0","13.63066959","0",""
"2013-01-23 02:00:00","7.3590337","5.09970361","0.2175754","0.56908778","1.44499123","1.14335513","207.53269958","0.392021","8.88156319","72.48126984","1003.1550293","0","13.63066959","0",""
"2013-01-23 03:00:00","7.02311825","4.91034678","0.20459847","0.33038262","0.73913018","1.25848157","199.88160706","0.36732599","8.26814747","75.53649139","1003.40600586","0","13.63066959","0",""
"2013-01-23 04:00:00","7.56395613","5.37077167","0.20878315","0.31491507","0.69723893","1.07262278","227.67280579","0.50263","7.58662415","80.24942017","1003.70001221","0","13.63066959","0",""
"2013-01-23 05:00:00","11.4302381","9.1060587","0.21139391","0.30416639","0.63615282","1.06451526","258.94430542","0.43795699","7.19719219","82.78475952","1004","0","13.63066959","0",""
"2013-01-23 06:00:00","31.7058356","26.9316672","0.35467726","0.37601236","0.9859398","1.02814225","194.18490601","0.51292801","7.22893906","84.39852142","1004.53900146","0","13.63066959","0",""
"2013-01-23 07:00:00","79.22048872","54.78161064","0.61160636","0.82496803","1.90962599","1.35267509","194.44940186","0.75884998","7.15079498","86.53810883","1005.23699951","10.25335026","13.63066959","0",""
"2013-01-23 08:00:00","136.81524408","69.07813176","1.002719","1.31758045","6.6886178","1.93581272","201.43310547","0.90720099","9.49742317","73.65927124","1005.82501221","172.33410645","13.63066959","0",""
"2013-01-23 09:00:00","85.13470624","50.44970696","0.84112068","2.2963321","13.61431458","1.41253876","189.14370728","0.81924099","11.89377022","60.23423004","1006.04400635","319.12680054","13.63066959","0",""
"2013-01-23 10:00:00","38.05971752","25.46608096","0.42612788","1.55040836","11.64784338","1.22216755","179.06430054","1.53610504","13.4140501","55.45312119","1006.1550293","426.47940063","13.63066959","0",""
"2013-01-23 11:00:00","27.33762304","18.2834522","0.34746009","1.02613673","3.66001113","1.09924784","189.8480072","2.08311796","14.31602955","46.83074951","1005.934021","483.11950684","13.63066959","0",""
"2013-01-23 12:00:00","26.39862072","18.23286833","0.35529238","0.70924665","2.37094939","1.24761289","160.02380371","2.83569503","14.76712036","42.83108139","1005.11199951","443.85110474","13.63066959","0",""
"2013-01-23 13:00:00","28.1352712","19.14204536","0.32304169","0.66899074","2.33619138","1.46731235","163.39450073","2.87781596","13.95718956","49.39030075","1004.38800049","258.74429321","13.63066959","0",""
"2013-01-23 14:00:00","24.01995888","17.06559233","0.27117239","0.72624885","2.90295734","1.1762205","179.34410095","2.62862706","13.95149994","51.06809998","1004.17102051","173.7026062","13.63066959","0",""
"2013-01-23 15:00:00","18.90470306","14.12146031","0.24675399","0.53385483","2.0589043","1.26104034","164.48350525","3.09012794","13.49491024","53.75830078","1003.87200928","47.24460983","13.63066959","0",""
"2013-01-23 16:00:00","22.85916456","18.4844837","0.26775545","0.52464081","1.47631585","1.32564831","154.71530151","2.86396503","12.70613956","61.02666092","1003.44702148","12.0380497","13.63066959","0",""
"2013-01-23 17:00:00","34.8185716","29.39072864","0.34246806","0.67096575","1.82350846","1.20928622","147.41830444","2.30227304","11.75965977","66.92735291","1003.23101807","0","13.63066959","0",""
"2013-01-23 18:00:00","37.8677336","31.96523664","0.37702196","1.18529621","2.76724988","1.26736608","153.95750427","2.41514707","11.00955963","76.51187134","1003.19000244","0","13.63066959","0",""
"2013-01-23 19:00:00","33.52808632","27.78248808","0.35187544","1.41189907","2.80530297","1.37628169","139.48370361","3.17234993","11.1531601","77.0418396","1002.58099365","0","13.63066959","0",""
"2013-01-23 20:00:00","32.04953672","26.96669504","0.35425553","1.19604488","2.56445398","1.45060812","140.16020203","3.11604595","11.00312042","78.49220276","1002.02001953","0","13.63066959","0",""
"2013-01-23 21:00:00","21.50902488","17.97736586","0.29432327","1.07648433","2.44643215","1.67669231","143.02740479","3.37210011","11.22391033","80.9895401","1001.54302979","0","13.63066959","0",""
"2013-01-23 22:00:00","12.15394922","9.68710402","0.24406634","0.76365208","1.52170862","1.78350883","140.15640259","3.71492696","11.69902039","79.61231995","1000.83502197","0","13.63066959","0",""
"2013-01-23 23:00:00","7.54061061","5.33316072","0.20110463","0.48877223","0.87907141","1.47565175","140.06159973","4.05334806","11.84988022","81.00019073","999.82232666","0","13.63066959","0.60000002",""
"2013-01-24 00:00:00","5.66907618","3.56149196","0.18075558","0.23396594","0.5176113","1.64060711","135.16470337","4.72460413","11.57569981","86.03031158","998.3526001","0","13.63066959","0",""
"2013-01-24 01:00:00","4.59777493","2.42534332","0.18144642","0.13623325","0.3597729","1.62542534","140.7855072","5.6747632","11.40054989","81.94612885","996.58691406","0","","0",""
"2013-01-24 02:00:00","","","0.17150315","0.09696485","0.25472087","1.65078525","124.83860016","4.64703989","10.44396973","90.35462952","995.5244751","0","","0",""
"2013-01-24 03:00:00","7.37070646","5.16974208","0.16175093","0.09959684","0.19817364","","141.1401062","3.54412389","10.58594036","94.56973267","994.65032959","0","","0",""
"2013-01-24 04:00:00","6.65737177","4.47845274","","0.09872019","0.24395593","0.77232912","123.24919891","3.46298289","10.89688969","90.82749176","994.02850342","0","","0",""
"2013-01-24 05:00:00","8.00103742","5.80525838","0.19824572","0.18855485","0.31438013","0.86298755","119.0943985","3.13480496","10.42158031","94.22283173","992.86102295","0","","1.60000002",""
"2013-01-24 06:00:00","13.24859598","10.84919277","0.20651489","0.18098634","0.33201897","1.15655274","154.02630615","2.17331791","8.75926018","94.37538147","992.22937012","0","","0",""
"2013-01-24 07:00:00","31.81086176","25.77607352","0.27386121","0.2184994","0.75663885","0.85392202","155.10360718","2.45460391","9.17718124","93.61688232","991.54101563","5.6237278","","0",""
"2013-01-24 08:00:00","43.51868784","32.38671792","0.21593392","0.68774828","1.7533436","1.36636391","156.83680725","2.96875811","10.54741001","74.35436249","990.85430908","149.4342041","","0",""
"2013-01-24 09:00:00","","","","","","","","","","","","","","",""
"2013-01-24 10:00:00","","","","","","","","","","","","","","",""
"2013-01-24 11:00:00","","","","","","","","","","","","","","",""
"2013-01-24 12:00:00","","","","","","","","","","","","","","",""
"2013-01-24 13:00:00","","","","","","","","","","","","","","",""
"2013-01-24 14:00:00","","","","","","","","","","","","","","",""
"2013-01-24 15:00:00","","","","","","","","","","","","","","",""
"2013-01-24 16:00:00","45.78968496","35.20693704","","0.01835278","0.19544096","","195.54420471","1.43047595","10.99890995","73.56877136","991.19311523","10.00487995","","0",""
"2013-01-24 17:00:00","58.7477296","49.06452032","0.63237249","0.94738127","2.84459477","15.09991767","153.52290344","1.61489904","10.77960968","74.39343262","990.51300049","0","","0",""
"2013-01-24 18:00:00","","","","","","","","","","","","","","",""
"2013-01-24 19:00:00","","","","","","","","","","","","","","",""
"2013-01-24 20:00:00","","","","","","","","","","","","","","",""
"2013-01-24 21:00:00","","","","","","","","","","","","","","",""
"2013-01-24 22:00:00","","","","","","","","","","","","","","",""
"2013-01-24 23:00:00","","","","","","","","","","","","","","",""
"2013-01-25 00:00:00","","","","","","","","","","","","","","",""
"2013-01-25 01:00:00","","","","","","","","","","","","","","",""
"2013-01-25 02:00:00","","","","","","","","","","","","","","",""
"2013-01-25 03:00:00","","","","","","","","","","","","","","",""
"2013-01-25 04:00:00","","","","","","","","","","","","","","",""
"2013-01-25 05:00:00","","","","","","","","","","","","","","",""
"2013-01-25 06:00:00","","","","","","","","","","","","","","",""
"2013-01-25 07:00:00","","","","","","","","","","","","","","",""
"2013-01-25 08:00:00","","","","","","","","","","","","","","",""
"2013-01-25 09:00:00","","","","","","","","","","","","","","",""
"2013-01-25 10:00:00","","","","","","","","","","","","","","",""
"2013-01-25 11:00:00","","","","","","","","","","","","","","",""
"2013-01-25 12:00:00","","","","","","","","","","","","","","",""
"2013-01-25 13:00:00","","","","","","","","","","","","","","",""
"2013-01-25 14:00:00","","","","","","","","","","","","","","",""
"2013-01-25 15:00:00","","","","","","","","","","","","","","",""
"2013-01-25 16:00:00","","","","","","","","","","","","","","",""
"2013-01-25 17:00:00","","","","","","","","","","","","","","",""
"2013-01-25 18:00:00","","","","","","","","","","","","","","",""
"2013-01-25 19:00:00","","","","","","","","","","","","","","",""
"2013-01-25 20:00:00","","","","","","","","","","","","","","",""
"2013-01-25 21:00:00","","","","","","","","","","","","","","",""
"2013-01-25 22:00:00","","","","","","","","","","","","","","",""
"2013-01-25 23:00:00","","","","","","","","","","","","","","",""
"2013-01-26 00:00:00","","","","","","","","","","","","","","",""
"2013-01-26 01:00:00","","","","","","","","","","","","","","",""
"2013-01-26 02:00:00","","","","","","","","","","","","","","",""
"2013-01-26 03:00:00","","","","","","","","","","","","","","",""
"2013-01-26 04:00:00","","","","","","","","","","","","","","",""
"2013-01-26 05:00:00","","","","","","","","","","","","","","",""
"2013-01-26 06:00:00","","","","","","","","","","","","","","",""
"2013-01-26 07:00:00","","","","","","","","","","","","","","",""
"2013-01-26 08:00:00","","","","","","","","","","","","","","",""
"2013-01-26 09:00:00","","","","","","","","","","","","","","",""
"2013-01-26 10:00:00","","","","","","","","","","","","","","",""
"2013-01-26 11:00:00","","","","","","","","","","","","","","",""
"2013-01-26 12:00:00","","","","","","","","","","","","","","",""
"2013-01-26 13:00:00","","","","","","","","","","","","","","",""
"2013-01-26 14:00:00","","","","","","","","","","","","","","",""
"2013-01-26 15:00:00","","","","","","","","","","","","","","",""
"2013-01-26 16:00:00","","","","","","","","","","","","","","",""
"2013-01-26 17:00:00","","","","","","","","","","","","","","",""
"2013-01-26 18:00:00","","","","","","","","","","","","","","",""
"2013-01-26 19:00:00","","","","","","","","","","","","","","",""
"2013-01-26 20:00:00","","","","","","","","","","","","","","",""
"2013-01-26 21:00:00","","","","","","","","","","","","","","",""
"2013-01-26 22:00:00","","","","","","","","","","","","","","",""
"2013-01-26 23:00:00","","","","","","","","","","","","","","",""
"2013-01-27 00:00:00","","","","","","","","","","","","","","",""
"2013-01-27 01:00:00","","","","","","","","","","","","","","",""
"2013-01-27 02:00:00","","","","","","","","","","","","","","",""
"2013-01-27 03:00:00","","","","","","","","","","","","","","",""
"2013-01-27 04:00:00","","","","","","","","","","","","","","",""
"2013-01-27 05:00:00","","","","","","","","","","","","","","",""
"2013-01-27 06:00:00","","","","","","","","","","","","","","",""
"2013-01-27 07:00:00","","","","","","","","","","","","","","",""
"2013-01-27 08:00:00","","","","","","","","","","","","","","",""
"2013-01-27 09:00:00","","","","","","","","","","","","","","",""
"2013-01-27 10:00:00","","","","","","","","","","","","","","",""
"2013-01-27 11:00:00","","","","","","","","","","","","","","",""
"2013-01-27 12:00:00","","","","","","","","","","","","","","",""
"2013-01-27 13:00:00","","","","","","","","","","","","","","",""
"2013-01-27 14:00:00","","","","","","","","","","","","","","",""
"2013-01-27 15:00:00","","","","","","","","","","","","","","",""
"2013-01-27 16:00:00","","","","","","","","","","","","","","",""
"2013-01-27 17:00:00","","","","","","","","","","","","","","",""
"2013-01-27 18:00:00","","","","","","","","","","","","","","",""
"2013-01-27 19:00:00","","","","","","","","","","","","","","",""
"2013-01-27 20:00:00","","","","","","","","","","","","","","",""
"2013-01-27 21:00:00","","","","","","","","","","","","","","",""
"2013-01-27 22:00:00","","","","","","","","","","","","","","",""
"2013-01-27 23:00:00","","","","","","","","","","","","","","",""
"2013-01-28 00:00:00","","","","","","","","","","","","","","",""
"2013-01-28 01:00:00","","","","","","","","","","","","","","",""
"2013-01-28 02:00:00","","","","","","","","","","","","","","",""
"2013-01-28 03:00:00","","","","","","","","","","","","","","",""
"2013-01-28 04:00:00","","","","","","","","","","","","","","",""
"2013-01-28 05:00:00","","","","","","","","","","","","","","",""
"2013-01-28 06:00:00","","","","","","","","0.195682","","","","","","0",""
"2013-01-28 07:00:00","","","1.55525986","","","","193.29170227","0.31313699","2.88081694","95.23258972","1008.76300049","17.02889061","","0",""
"2013-01-28 08:00:00","","","2.87812202","","","","148.38220215","0.466793","6.41832876","74.73049164","1008.13201904","178.5164032","","0",""
"2013-01-28 09:00:00","","","2.0904993","","","","154.45010376","1.03133094","9.14122963","58.03723145","1007.77600098","322.74420166","","0",""
"2013-01-28 10:00:00","17.0357613","9.8193953","1.42987207","","","","157.895401","1.52500999","10.44694996","58.09231186","1007.46600342","410.4151001","","0",""
"2013-01-28 11:00:00","43.29559568","28.57623576","1.38725987","","","10.34937846","157.44160461","1.39121306","11.26006985","57.14162064","1007.16101074","413.92041016","","0",""
"2013-01-28 12:00:00","34.90677216","25.40382624","1.34614119","","","8.32552812","177.81610107","1.35636604","10.86201954","60.59651184","1006.75201416","215.73350525","","0",""
"2013-01-28 13:00:00","47.2098612","34.45800664","1.38546111","","","9.73635832","188.72210693","1.30430102","10.95135975","60.6781311","1006.434021","169.32130432","","0",""
"2013-01-28 14:00:00","35.78742024","26.96279456","1.263213","","","8.72097433","188.03860474","1.51424396","11.02618027","58.22785187","1006.309021","164.78010559","","0",""
"2013-01-28 15:00:00","35.28808232","28.29218904","1.26543349","","","9.3335714","171.92280579","1.29942405","10.84500027","57.86561966","1006.42199707","91.35124207","","0",""
"2013-01-28 16:00:00","48.12534592","40.45851272","1.30779405","","","6.94314748","162.63870239","1.12311804","10.21105003","61.32754135","1006.55700684","26.25962067","","0",""
"2013-01-28 17:00:00","","","","","","9.33400363","139.89880371","1.19257796","9.63091946","67.65139008","1007.09100342","0.010175","","0",""
"2013-01-28 18:00:00","82.07644312","64.14706464","0.97003376","","","14.07676482","113.22319794","0.98403198","9.142519","72.02841187","1007.62200928","0","","0",""
"2013-01-28 19:00:00","79.6938808","61.50640144","0.94910453","","","9.54726751","120.73249817","1.34421098","9.05725193","69.76773071","1007.80200195","0","","0",""
"2013-01-28 20:00:00","82.05049728","65.80717776","1.01839291","","","9.8524865","118.89389801","1.09871197","8.88319206","67.61299896","1008.02001953","0","","0",""
"2013-01-28 21:00:00","58.32104768","51.24605496","0.88474411","","","8.96489263","110.99469757","0.85751897","8.94051075","67.56661224","1008.34301758","0","","0",""
"2013-01-28 22:00:00","34.38797008","31.56576248","0.67912627","","","9.13239558","104.40319824","0.54648203","9.28524017","66.54164124","1008.54901123","0","","0",""
"2013-01-28 23:00:00","23.87470424","21.4934612","0.61582832","","","9.13843961","49.97169113","0.28958499","9.0403614","68.32302094","1008.76300049","0","","0",""
"2013-01-29 00:00:00","19.48054584","16.89050093","0.63600845","","","9.20708203","327.91320801","0.46960199","8.46900082","71.69312286","1009.09802246","0","","0",""
"2013-01-29 01:00:00","12.15394922","9.98281394","0.6001416","","","9.57317152","329.49890137","0.595994","8.36623287","73.15982056","1009.56500244","0","21.25947952","0","17.18464088"
"2013-01-29 02:00:00","7.87912065","5.55883408","0.47004022","","","8.41057678","339.47079468","0.59884202","8.99627018","66.03955078","1009.88800049","0","21.25947952","0","17.18464088"
"2013-01-29 03:00:00","11.07097521","8.86093074","0.48947009","","","8.48396655","330.18280029","1.42246699","8.18993378","78.4360199","1010.13000488","0","21.25947952","0.2","17.18464088"
"2013-01-29 04:00:00","8.02049202","5.96348976","0.42491162","","","7.79754749","337.82040405","1.10218704","7.62108278","98.35884094","1010.65600586","0","21.25947952","0.80000001","17.18464088"
"2013-01-29 05:00:00","7.06851104","4.93239405","0.36752605","","","8.12348988","328.7651062","0.74890798","7.47849798","99.23834991","1011.0880127","0","21.25947952","0","17.18464088"
"2013-01-29 06:00:00","18.92675225","16.2964865","0.42566071","","","7.91713245","300.85009766","0.482263","7.33713198","99.23735046","1011.54901123","0","21.25947952","0","17.18464088"
"2013-01-29 07:00:00","57.31330896","45.34612008","0.59817158","","","8.14718293","300.86010742","0.60815501","7.16191912","99.23834991","1012.04602051","5.01628017","21.25947952","0","17.18464088"
"2013-01-29 08:00:00","40.17894008","32.0585996","0.58362772","","","","324.73080444","1.55080402","7.61830187","99.2376709","1012.71899414","44.86669159","21.25947952","0","17.18464088"
"2013-01-29 09:00:00","19.676392","14.99691731","0.44115055","","","","329.89700317","1.77531695","8.70384026","98.29946899","1013.18200684","159.75680542","21.25947952","0","17.18464088"
"2013-01-29 10:00:00","17.89435829","13.35494907","0.43003529","","","","331.75610352","2.38105392","9.83184147","89.48616028","1013.73699951","244.56950378","21.25947952","0","17.18464088"
"2013-01-29 11:00:00","","","","","","","","","","","","","21.25947952","","17.18464088"
"2013-01-29 12:00:00","","","","","","","","","","","","","21.25947952","","17.18464088"
"2013-01-29 13:00:00","","","","","","","","","","","","","21.25947952","","17.18464088"
"2013-01-29 14:00:00","","","","","","","","","","","","","21.25947952","","17.18464088"
"2013-01-29 15:00:00","","","","","","","","3.27456307","","","","","21.25947952","0","17.18464088"
"2013-01-29 16:00:00","4.76220884","2.78735949","","0.10157288","0.6037329","","331.77841187","3.13096595","10.73019981","65.91776276","1013.65301514","22.93610954","21.25947952","0","17.18464088"
"2013-01-29 17:00:00","13.86725418","11.27978855","0.17881818","0.3244586","2.1762783","","330.96029663","1.44941604","9.58085823","68.90035248","1013.80102539","0.128205","21.25947952","0","17.18464088"
"2013-01-29 18:00:00","31.53073464","28.1676796","0.27147646","","","","323.18249512","0.90814197","8.69651413","74.79392242","1013.74499512","0","21.25947952","0","17.18464088"
"2013-01-29 19:00:00","78.629088","49.48473968","0.48718436","","","","312.56561279","0.76869601","8.22927761","79.81929016","1013.96002197","0","21.25947952","0","17.18464088"
"2013-01-29 20:00:00","147.53473824","81.95579592","0.77103661","1.52785334","2.30298938","","231.89250183","0.54941398","7.4820919","86.72012329","1014.42401123","0","21.25947952","0","17.18464088"
"2013-01-29 21:00:00","67.35836424","52.3640396","0.45896457","3.1294168","8.29851863","","212.66940308","0.48909","7.02489614","92.51274109","1014.27600098","0","21.25947952","0","17.18464088"
"2013-01-29 22:00:00","33.75375968","28.65793552","0.3825429","2.05117815","4.92671412","","207.73590088","0.56335402","6.75552893","91.72453308","1014.17199707","0","21.25947952","0","17.18464088"
"2013-01-29 23:00:00","29.32199224","25.558182","0.43176997","1.65980909","4.17993204","","218.17810059","0.48591399","6.25953102","92.84445953","1014.17901611","0","21.25947952","0","17.18464088"
"2013-01-30 00:00:00","23.3040296","20.45847648","0.44099211","1.98086684","3.68715486","","215.2276001","0.346248","5.7758112","97.94390106","1013.95001221","0","21.25947952","0","17.18464088"
"2013-01-30 01:00:00","18.1083608","15.51052066","0.33564116","1.94660614","3.5344218","","203.72880554","0.34415701","5.64197588","99.24018097","1013.64202881","0","29.60309982","0","23.95265007"
"2013-01-30 02:00:00","15.3950894","12.88544218","0.28058093","1.45370387","2.98998305","","205.07620239","0.35786399","5.54307508","99.24250031","1013.38800049","0","29.60309982","0","23.95265007"
"2013-01-30 03:00:00","14.61301257","12.15784014","0.21078112","1.19681272","2.72073637","","196.97120667","0.39836299","5.82661915","98.6771698","1013.28900146","0","29.60309982","0","23.95265007"
"2013-01-30 04:00:00","15.20702699","12.58195042","","0.93794757","2.34111976","","271.49490356","0.52174503","6.00427389","95.23660278","1013.56799316","0","29.60309982","0","23.95265007"
"2013-01-30 05:00:00","26.18851104","22.34556312","0.37749728","0.88935531","2.30182288","","282.94760132","0.482775","5.70071983","94.30410004","1013.41400146","0","29.60309982","0","23.95265007"
"2013-01-30 06:00:00","83.78194712","52.25509384","0.52996316","0.99432802","3.30604936","","189.08610535","0.203991","4.90164185","98.53453064","1013.39801025","0","29.60309982","0","23.95265007"
"2013-01-30 07:00:00","155.29325184","62.22365","0.81268769","1.63414103","5.0110163","0.24680861","211.33320618","0.26571301","4.72045898","99.24311066","1013.6920166","17.22830963","29.60309982","0","23.95265007"
"2013-01-30 08:00:00","142.72167976","57.79318272","0.88920023","2.5910648","8.47464371","0.06588635","217.00369263","0.33349201","6.466084","86.5495224","1013.91400146","188.78610229","29.60309982","0","23.95265007"
"2013-01-30 09:00:00","75.90932536","36.58374912","0.65081211","2.55388125","8.7527088","0.07543394","330.25259399","1.42689395","10.19095039","71.20973969","1014.01501465","335.35400391","29.60309982","0","23.95265007"
"2013-01-30 10:00:00","16.70762769","12.19285842","0.36832757","1.88421624","5.65229582","0.08109151","330.37420654","2.14429498","11.89099026","66.32112122","1013.72802734","445.82720947","29.60309982","0","23.95265007"
"2013-01-30 11:00:00","12.42631362","8.78051775","0.34615878","1.06463831","2.09301448","0.10195222","328.69039917","2.63704991","12.73313999","63.03390121","1013.37200928","512.47851563","29.60309982","0","23.95265007"
"2013-01-30 12:00:00","15.65448279","11.09172806","0.33595222","0.86204276","1.60575045","0.1024241","329.36740112","2.97310495","13.07631016","62.77581024","1012.78601074","496.04901123","29.60309982","0","23.95265007"
"2013-01-30 13:00:00","13.75960475","9.95039025","0.33256323","0.78471212","1.55088941","0.14438552","328.21090698","3.26532507","12.61116982","65.70661163","1012.35101318","259.76080322","29.60309982","0","23.95265007"
"2013-01-30 14:00:00","10.34985676","7.69365474","0.33288128","0.74325004","1.3672426","0.06883361","330.29971313","3.18093896","12.14455032","69.05026245","1012.37200928","121.59230042","29.60309982","0","23.95265007"
"2013-01-30 15:00:00","11.64683328","8.94912556","0.33654986","0.87838697","1.02847888","0.18728564","329.69219971","2.71386695","11.99388981","70.83467865","1012.10699463","37.22425079","29.60309982","0","23.95265007"
"2013-01-30 16:00:00","14.44283692","11.5894924","0.32426377","0.89862323","0.97077328","0.40049155","334.84341431","2.313797","11.44501019","74.37882996","1012.13500977","15.28757","29.60309982","0","23.95265007"
"2013-01-30 17:00:00","","","0.35505472","0.75969392","1.14175437","2.11681228","329.02529907","1.55207002","10.22432041","87.30039978","1012.47601318","0.039687","29.60309982","0","23.95265007"
"2013-01-30 18:00:00","25.69825512","22.79690984","0.42685717","1.32163828","1.59732054","2.09409555","335.63070679","0.91210699","9.62121868","92.13864136","1012.44299316","0","29.60309982","0","23.95265007"
"2013-01-30 19:00:00","70.87447488","52.858196","0.73828846","1.88763234","3.06416812","2.28586005","349.85620117","0.353248","8.9016428","96.66307068","1012.19000244","0","29.60309982","0","23.95265007"
"2013-01-30 20:00:00","189.03921056","91.51579592","1.36641452","2.99230588","7.94056108","3.29124388","289.7875061","0.26892599","8.15004826","99.24066162","1011.83502197","0","29.60309982","0","23.95265007"
"2013-01-30 21:00:00","172.31085488","85.95049928","1.27710329","4.37778329","12.04111728","2.79020255","301.2250061","0.31898701","7.64679193","99.24134064","1011.77600098","0","29.60309982","0","23.95265007"
"2013-01-30 22:00:00","136.74522664","73.98719176","1.23511902","4.52948307","12.5997147","2.63073187","276.13619995","0.30325201","7.16259718","99.24208069","1011.85101318","0","29.60309982","0","23.95265007"
"2013-01-30 23:00:00","93.80239496","60.40269944","1.01710558","4.19043561","9.11676327","2.4724409","4.95211792","0.451121","7.15418577","99.24223328","1011.75701904","0","29.60309982","0","23.95265007"
"2013-01-31 00:00:00","153.80948248","70.77199168","1.42051945","3.6095242","7.53656189","3.07013079","194.6999054","0.13675199","6.44166422","99.24214935","1011.10699463","0","29.60309982","0","23.95265007"
"2013-01-31 01:00:00","94.9774528","53.05014168","1.30062697","4.27961228","11.00990979","1.93627545","314.09289551","0.25442299","5.96411705","99.24250031","1010.84002686","0","46.69504166","0","35.78401184"
"2013-01-31 02:00:00","62.38704952","42.87405704","1.32191851","4.37833247","8.94297221","3.00035442","201.62060547","0.46261999","5.63715982","99.24256134","1010.32000732","0","46.69504166","0","35.78401184"
"2013-01-31 03:00:00","45.17101912","36.9494956","1.39512129","4.58630185","7.42800731","2.37331493","199.25540161","0.27106199","5.43406677","99.24269104","1009.82702637","0","46.69504166","0","35.78401184"
"2013-01-31 04:00:00","38.5771812","32.65650112","1.38539237","4.80655659","6.69380552","2.71146947","208","0.17094","5.12678099","99.24291229","1009.4420166","0","46.69504166","0","35.78401184"
"2013-01-31 05:00:00","41.4694636","32.40101968","1.27594761","4.61734374","6.70431113","2.42505786","179.31700134","0.235266","4.86738586","99.24291229","1009.41802979","0","46.69504166","0","35.78401184"
"2013-01-31 06:00:00","100.44936736","46.08795696","1.30608966","4.39357933","7.29792386","3.2004868","197.55000305","0.179487","4.83021402","99.24317169","1009.43200684","0","46.69504166","0","35.78401184"
"2013-01-31 07:00:00","277.6132224","77.9066388","1.66983178","4.07964974","8.35117483","5.77971168","223.03210449","0.323762","5.26054907","99.24284363","1009.89501953","20.00914955","46.69504166","0","35.78401184"
"2013-01-31 08:00:00","221.2262392","78.8352972","1.43555028","4.61328489","13.3507692","4.65705555","284.58120728","0.58016598","7.15133715","99.21929169","1010.80401611","150.75190735","46.69504166","0.2","35.78401184"
"2013-01-31 09:00:00","47.14630632","30.62932224","0.47988564","3.9791498","12.37938165","2.70899307","332.10940552","2.46053505","10.66611958","82.58200073","1011.29101563","339.80661011","46.69504166","0","35.78401184"
"2013-01-31 10:00:00","26.20407472","19.47796464","0.33878317","1.24441747","3.42783206","2.57415616","331.79879761","2.36439991","12.28658962","74.45690918","1011.77801514","322.85910034","46.69504166","0","35.78401184"
"2013-01-31 11:00:00","21.72762384","17.34002551","0.33087631","0.40159805","1.22648675","1.07682096","327.51870728","2.87762403","11.74234962","84.5114212","1012.27801514","76.08551025","46.69504166","0","35.78401184"
"2013-01-31 12:00:00","11.46266179","8.61450644","0.24660138","","","1.61037984","330.48120117","4.08643579","11.47496986","87.37815857","1012.38299561","44.94709015","46.69504166","0","35.78401184"
"2013-01-31 13:00:00","9.61058196","6.31237622","0.23244663","","","1.90445047","330.05160522","5.56374598","12.67033005","78.75736237","1012.07202148","380.30709839","46.69504166","0","35.78401184"
"2013-01-31 14:00:00","7.59897441","5.02318346","0.23866656","","","2.29693823","331.05380249","5.62203884","12.85239029","73.48786163","1011.8170166","242.6394043","46.69504166","0","35.78401184"
"2013-01-31 15:00:00","9.17739159","5.94662974","0.23707168","","","1.84858361","330.09640503","5.50640011","12.46683025","78.48840332","1012.62200928","43.0189209","46.69504166","0","35.78401184"
"2013-01-31 16:00:00","13.46389483","10.23183282","0.20035088","","","2.1329897","333.16329956","4.00580502","12.12623024","83.54694366","1013.14501953","28.95401001","46.69504166","0","35.78401184"
"2013-01-31 17:00:00","17.54677007","14.69991106","0.10813064","","","2.5332575","330.00790405","2.22803402","11.19915962","90.47212219","1013.07000732","0.46601501","46.69504166","0","35.78401184"
"2013-01-31 18:00:00","21.60498816","18.43779266","0.2525021","","","2.28538816","321","1.74652803","10.53614998","98.46018219","1013.5","0","46.69504166","0","35.78401184"
"2013-01-31 19:00:00","21.15364144","17.81524355","0.24213593","","","1.71091842","332.35009766","1.63287699","9.86256981","99.23149872","1013.96002197","0","46.69504166","0","35.78401184"
"2013-01-31 20:00:00","46.6171412","38.97149296","0.4629011","","","1.98695663","353.7868042","0.48500299","9.2017374","99.2374115","1014.02502441","0","46.69504166","0","35.78401184"
"2013-01-31 21:00:00","31.79141672","27.82139728","0.25178446","","","1.53164675","333.89581299","1.01360095","9.0980196","99.23802185","1013.73400879","0","46.69504166","0","35.78401184"
"2013-01-31 22:00:00","67.82787496","54.04491704","0.49902426","","","1.44984944","269.53900146","0.345505","8.15913773","99.23972321","1013.63500977","0","46.69504166","0","35.78401184"
"2013-01-31 23:00:00","61.64649368","50.47695296","0.5420046","","","1.89478592","145.56350708","0.34498799","7.6077199","99.241539","1013.55200195","0","46.69504166","0","35.78401184"
"2013-02-01 00:00:00","73.68500016","48.94651168","0.767036","","","2.08655246","197.70860291","0.62226599","7.23809624","99.24162292","1013.20599365","0","46.69504166","0","35.78401184"
"2013-02-01 01:00:00","53.3367696","41.33069064","0.84769478","","","2.33819182","166.51930237","0.27884299","6.85985708","99.24195099","1012.40802002","0","19.27598","0","13.77655029"
"2013-02-01 02:00:00","","","0.77788099","","","2.22905043","204.23260498","0.767874","6.18681383","99.24214935","1011.52301025","0","19.27598","0","13.77655029"
"2013-02-01 03:00:00","22.87992888","20.09012968","0.61815832","","","","188.46440125","0.70394701","6.81013489","99.24201965","1010.87902832","0","19.27598","0","13.77655029"
"2013-02-01 04:00:00","18.51301648","16.00337117","","","","0.64865786","156.9138031","1.07569301","7.55928707","99.24121094","1010.45800781","0","19.27598","0","13.77655029"
"2013-02-01 05:00:00","19.38198224","16.58830742","0.28129974","","","0.89520917","168.47070313","1.86293602","7.58363914","99.24140167","1010.05999756","0","19.27598","0","13.77655029"
"2013-02-01 06:00:00","26.06270144","21.436388","0.27065746","","","0.90214002","160.27890015","1.96409404","7.761024","99.24108124","1009.684021","0","19.27598","0","13.77655029"
"2013-02-01 07:00:00","59.88389736","41.5083728","0.3852189","","","1.22928655","156.20860291","1.42483199","7.96370983","99.24040222","1009.75201416","20.33983994","19.27598","0.2","13.77655029"
"2013-02-01 08:00:00","104.58024336","55.43784728","0.54334086","","","1.31811336","155.20710754","1.62083995","9.15974808","99.11965179","1009.71600342","180.67050171","19.27598","0","13.77655029"
"2013-02-01 09:00:00","89.21237128","49.15274","0.40392181","","","1.32548051","163.05880737","1.54743099","12.11388969","83.75653076","1009.58502197","344.0881958","19.27598","0","13.77655029"
"2013-02-01 10:00:00","54.8996384","34.23753392","0.32279587","","","1.39004069","173.36920166","1.77522397","14.32268047","69.40122986","1009.17401123","453.65380859","19.27598","0","13.77655029"
"2013-02-01 11:00:00","46.40833168","30.99506872","0.26875152","","","0.90994041","192.66650391","1.52082503","15.82030964","60.68566132","1008.46899414","520.23901367","19.27598","0","13.77655029"
"2013-02-01 12:00:00","38.0843632","26.81105824","0.36254451","","","2.12016126","192.3473053","1.14233696","16.74934959","53.62406158","1007.89300537","518.86242676","19.27598","0","13.77655029"
"2013-02-01 13:00:00","43.24632344","30.09887608","0.38609265","","","1.59282845","192.93460083","1.35413206","16.48744965","53.75918961","1007.21502686","394.01400757","19.27598","0","13.77655029"
"2013-02-01 14:00:00","34.90677216","25.91484648","0.31278852","","","1.41040713","192.28520203","1.49806702","16.16151047","55.01132965","1006.67901611","229.60420227","19.27598","0","13.77655029"
"2013-02-01 15:00:00","34.127288","26.55425752","0.22667988","0.29035248","0.70752283","1.69855374","191.95050049","1.43808401","15.53886986","57.45766068","1006.35601807","52.21203995","19.27598","0","13.77655029"
"2013-02-01 16:00:00","46.1087404","37.66542488","0.23007469","0.86434627","2.19612099","1.64005793","186.19740295","1.29451501","14.92401981","58.94626999","1005.86999512","23.52462006","19.27598","0","13.77655029"
"2013-02-01 17:00:00","56.74133416","46.14763048","0.31628352","0.72978496","2.77569098","1.44333962","159.19880676","1.59495401","13.26074982","77.45413971","1005.92901611","0.49348801","19.27598","0","13.77655029"
"2013-02-01 18:00:00","54.73231928","45.97514896","0.38934883","1.14624646","3.64844275","1.6807898","155.12530518","2.19263792","11.85496998","92.9960022","1005.64300537","0","19.27598","0","13.77655029"
"2013-02-01 19:00:00","54.7349196","45.73001144","0.45137459","1.58675594","3.75453314","1.35234558","161.83540344","2.16880012","11.49205971","96.95291138","1005.36401367","0","19.27598","0","13.77655029"
"2013-02-01 20:00:00","49.9607512","42.22168264","0.39518548","1.69381248","4.35035073","1.66779152","164.36520386","2.19625902","11.09652042","97.43276978","1004.90600586","0","19.27598","0","13.77655029"
"2013-02-01 21:00:00","47.71956216","40.84561624","0.38831547","1.62821802","3.44261721","1.44030388","167.64750671","2.27737498","10.88136005","93.71456146","1004.2210083","0","19.27598","0","13.77655029"
"2013-02-01 22:00:00","34.4593068","29.97048528","0.3093343","1.59586013","3.13537032","2.00880179","180.6421051","1.62630904","10.60309982","89.0068512","1003.9630127","0","19.27598","0","13.77655029"
"2013-02-01 23:00:00","26.27539232","23.04462856","0.22119972","1.22467343","2.10040603","1.88401081","162.21560669","2.21605301","10.91065979","81.93515015","1003.42901611","0","19.27598","0","13.77655029"
"2013-02-02 00:00:00","18.89432664","16.05914038","0.1940191","0.90679585","1.56243236","1.63875922","162.75900269","2.58547902","10.68999958","79.82282257","1002.58300781","0","19.27598","0","13.77655029"
"2013-02-02 01:00:00","17.74650524","14.97487004","0.21335694","0.9458456","1.72753417","1.99623472","158.97770691","2.49880195","10.21354008","94.66706085","1001.96801758","0","17.66794014","0","5.00217104"
"2013-02-02 02:00:00","10.83492542","8.36029839","0.07173488","0.97315815","1.57410548","1.65739168","154.77940369","2.97691703","10.38671017","99.23693085","1001.28302002","0","17.66794014","0","5.00217104"
"2013-02-02 03:00:00","8.91021636","6.64180618","","0.30438607","0.69153254","2.23541888","158.03250122","2.60242009","11.11056042","92.96166992","1000.23101807","0","17.66794014","0","5.00217104"
"2013-02-02 04:00:00","8.4835115","6.12431382","","0.17758549","0.72175168","1.81728035","149.07870483","1.96972704","10.97931004","87.70172119","999.51251221","0","17.66794014","0","5.00217104"
"2013-02-02 05:00:00","10.04506866","7.71310742","","0.10124235","0.54186472","2.29738368","150.33670044","2.899266","10.85035992","98.1771698","998.7623291","0","17.66794014","0","5.00217104"
"2013-02-02 06:00:00","16.15122422","13.03459538","","0.07316196","0.40931708","2.51490167","142.39840698","2.64888597","10.88726044","99.23271942","998.13031006","0","17.66794014","0","5.00217104"
"2013-02-02 07:00:00","25.95763704","19.66731","","0.16903049","0.62448071","2.96423668","150.40600586","2.7752831","10.96973991","99.23226166","997.70812988","16.06632996","17.66794014","0","5.00217104"
"2013-02-02 08:00:00","43.27743168","28.85120048","0.18851914","0.43568382","1.37411548","2.99760343","148.9151001","3.2506249","11.62392998","99.22615051","996.88922119","82.07672119","17.66794014","0","5.00217104"
"2013-02-02 09:00:00","26.06140128","18.8411501","0.15575934","0.6646034","2.83668352","2.898809","156.27920532","4.00761223","12.89696026","93.30374146","996.20251465","129.73530579","17.66794014","0","5.00217104"
"2013-02-02 10:00:00","27.44526864","20.05252064","0.17303279","0.44698167","1.96487553","3.33731296","162.80360413","3.57005","13.65003967","84.47850037","995.92382813","141.63290405","17.66794014","0","5.00217104"
"2013-02-02 11:00:00","22.75541944","15.38341664","0.12679161","0.57674273","2.06357334","3.03790104","175.51040649","3.88144898","14.92625999","77.67832184","995.20550537","352.61380005","17.66794014","0","5.00217104"
"2013-02-02 12:00:00","22.7683828","15.2913309","0.13554775","0.47857172","1.90547561","4.01327015","164.75250244","4.46340179","16.09556961","66.32987213","994.28851318","407.44900513","17.66794014","0","5.00217104"
"2013-02-02 13:00:00","27.10934936","17.59346111","","0.54383668","2.15578575","3.5721647","158.85020447","4.49483395","16.77219963","61.13248062","993.39672852","421.91900635","17.66794014","0","5.00217104"
"2013-02-02 14:00:00","14.2018733","10.15920168","","0.53484233","2.15773127","4.07999755","161.09390259","5.97852087","16.00189972","63.88426971","992.64990234","300.7611084","17.66794014","0","5.00217104"
"2013-02-02 15:00:00","15.32764742","11.36927971","","0.23901127","0.71046806","3.05956517","158.85470581","5.65539408","15.3365202","72.75668335","991.95001221","76.40924072","17.66794014","0","5.00217104"
"2013-02-02 16:00:00","15.32116192","11.71557159","","0.26369183","0.7406872","3.00063613","161.34460449","4.94005013","14.51885033","77.09970093","991.85992432","31.78367996","17.66794014","0","5.00217104"
"2013-02-02 17:00:00","15.72322302","12.48467933","","0.3175491","0.98178943","3.11979395","163.4342041","4.64629602","13.84451962","81.64501953","991.51000977","0.805861","17.66794014","0","5.00217104"
"2013-02-02 18:00:00","22.52844592","18.70367156","","0.45795002","1.18307508","2.97680477","163.08050537","4.10748816","13.54823017","82.22750092","991.47991943","0","17.66794014","0","5.00217104"
"2013-02-02 19:00:00","26.10419184","22.436364","","0.69838814","1.55322444","3.79141668","165.14610291","4.45470619","13.47150993","83.31581879","991.61572266","0","17.66794014","0","5.00217104"
"2013-02-02 20:00:00","25.521854","21.3469064","","0.64869854","1.40809549","3.80614793","155.67300415","4.23164082","13.40305996","85.59944153","991.58911133","0","17.66794014","0","5.00217104"
"2013-02-02 21:00:00","22.22753536","18.66087335","","0.6609839","1.51457539","4.2593872","159.19540405","3.6197331","13.12345028","89.66110992","991.34350586","0","17.66794014","0","5.00217104"
"2013-02-02 22:00:00","20.5414764","17.52731547","","0.57542674","1.25920669","3.97340476","161.76119995","3.60067797","12.83998013","94.42938995","991.27502441","0","17.66794014","0","5.00217104"
"2013-02-02 23:00:00","18.76203536","15.87886173","","0.4984256","0.98321628","4.10946411","160.70080566","3.29690099","12.57549953","95.68749237","991.00750732","0","17.66794014","0","5.00217104"
"2013-02-03 00:00:00","19.45850048","16.21348085","","0.49831576","1.23339726","3.6063959","166.25540161","2.74537396","12.42144966","98.25675201","991.0300293","0","17.66794014","0","5.00217104"
"2013-02-03 01:00:00","16.88661001","13.61823338","","0.40848008","1.15337563","3.52320124","189.45899963","2.25178003","12.49633026","93.40144348","991.49102783","0","20.05356026","0","4.42395878"
"2013-02-03 02:00:00","","","","0.31601343","0.96791246","4.27325297","197.2631073","2.24831295","12.89925957","86.86562347","992.11560059","0","20.05356026","0","4.42395878"
"2013-02-03 03:00:00","14.15129134","11.48341464","","0.26500783","0.79645541","","200.50950623","1.57505798","12.55772018","79.66687012","992.59222412","0","20.05356026","0","4.42395878"
"2013-02-03 04:00:00","9.52498172","7.0801838","","0.12142573","0.52448521","1.0730967","209.83790588","1.17509401","11.91485977","71.87985992","992.81280518","0","20.05356026","0","4.42395878"
"2013-02-03 05:00:00","8.40828768","6.05168458","0.28864623","0.0552831","0.3257929","1.15722599","196.18800354","1.53812897","11.37030029","71.92131042","993.30682373","0","20.05356026","0","4.42395878"
"2013-02-03 06:00:00","12.23825312","9.85311725","0.36392736","0.05879277","0.30348602","1.11972514","194.87910461","0.92590302","11.11151028","71.59870148","993.78790283","0","20.05356026","0","4.42395878"
"2013-02-03 07:00:00","13.06961366","10.06322693","0.26251877","0.17429549","0.64626892","0.94201049","222.19940186","0.78397602","10.66164017","77.85150146","994.61560059","1.47232401","20.05356026","0.2","4.42395878"
"2013-02-03 08:00:00","13.21228137","10.41600431","0.32309994","0.3188651","1.05856886","0.96159079","197.22610474","0.92264003","10.75524998","77.67948151","995.48291016","30.27878952","20.05356026","0","4.42395878"
"2013-02-03 09:00:00","18.38331978","14.17204227","0.36760643","0.37524452","1.08178392","0.93968664","191.17909241","0.855111","11.88304996","67.89437103","996.27960205","147.57820129","20.05356026","0","4.42395878"
"2013-02-03 10:00:00","20.7087764","14.95671178","0.38220155","0.49359892","1.40757682","0.85389761","202.99159241","1.58669603","12.91629028","58.68674088","996.9619751","249.61940002","20.05356026","0","4.42395878"
"2013-02-03 11:00:00","17.92289298","12.60010868","0.32545906","0.52672464","1.59044664","0.79980338","212.9947052","1.52789497","13.53853035","54.5189209","997.70922852","319.97650146","20.05356026","0","4.42395878"
"2013-02-03 12:00:00","19.12906288","13.37829268","0.34243777","0.49458642","1.408485","0.87065777","207.87660217","1.46834397","13.76521969","54.719841","998.24371338","341.96969604","20.05356026","0","4.42395878"
"2013-02-03 13:00:00","20.18999344","14.58966705","0.36944597","0.58672459","1.52352397","0.93587086","195.91870117","1.64954901","13.76529026","53.4550209","998.50201416","300.75790405","20.05356026","0","4.42395878"
"2013-02-03 14:00:00","10.57293745","7.46279221","0.29434075","0.42964996","1.1097982","0.83083205","253.1875","1.42823994","13.33882046","54.40802002","998.95452881","187.70640564","20.05356026","0","4.42395878"
"2013-02-03 15:00:00","10.48474262","7.24879161","0.2836076","0.26840766","0.54445807","0.74189133","218.93910217","1.35753798","13.11116982","58.29507065","999.39001465","78.10337067","20.05356026","0","4.42395878"
"2013-02-03 16:00:00","19.89428352","16.29000291","0.41511164","0.32829777","0.68193511","0.71584189","189.40400696","0.610645","12.03153992","64.92796326","999.87902832","20.21570969","20.05356026","0","4.42395878"
"2013-02-03 17:00:00","57.72960872","46.78446032","0.55954601","0.60240978","1.28190308","0.5653381","187.01100159","0.85714298","11.32851028","70.92578125","1000.67102051","0.17399301","20.05356026","0","4.42395878"
"2013-02-03 18:00:00","69.47632488","55.25370256","0.60569166","1.46719539","3.57036665","0.62623707","174.7723999","0.91321301","11.15227985","72.95014191","1001.91400146","0","20.05356026","0","4.42395878"
"2013-02-03 19:00:00","60.19517096","49.7298772","0.5886978","2.00335372","4.86757354","0.62773105","196.39990234","1.25150895","11.30694008","71.91390991","1002.66601563","0","20.05356026","0","4.42395878"
"2013-02-03 20:00:00","40.67959728","33.86526752","0.48181022","1.59838331","3.59902977","0.6132927","208.08050537","0.74552","10.12956047","73.02339172","1003.37200928","0","20.05356026","0","4.42395878"
"2013-02-03 21:00:00","33.51122248","28.51658136","0.62440622","1.06968365","2.51945071","0.77358614","314.5144043","0.694489","8.92090702","76.72263336","1004.04602051","0","20.05356026","0","4.42395878"
"2013-02-03 22:00:00","19.8411108","16.81657345","0.50220471","1.61417833","3.24301672","0.44038948","324.27481079","0.85405803","7.63322496","90.77674866","1004.78302002","0","20.05356026","0","4.42395878"
"2013-02-03 23:00:00","31.13776128","26.93686784","0.5502295","1.44339251","2.6368237","0.48884139","205.55580139","0.39456299","6.72934484","95.30184174","1005.68902588","0","20.05356026","0","4.42395878"
"2013-02-04 00:00:00","20.69451288","17.26013833","0.43758449","2.30631294","3.04056355","0.31909087","248.13580322","0.75222099","5.74311495","96.03804016","1006.46600342","0","20.05356026","0","4.42395878"
"2013-02-04 01:00:00","12.41723544","9.2098172","0.49820526","1.2146926","1.77214589","0.27229667","312.66369629","0.89213097","5.48263502","89.4074707","1006.6920166","0","22.14953995","0","10.5078001"
"2013-02-04 02:00:00","9.41344138","7.19172414","0.36832524","1.52854998","1.87838375","0.38098549","297.54449463","0.90550297","5.33441877","87.14347076","1007.125","0","22.14953995","0","10.5078001"
"2013-02-04 03:00:00","8.3538148","6.11264106","0.36912559","0.7708921","0.98282677","0.35161555","284.85440063","0.62553501","4.92803001","89.07141876","1007.14300537","0","22.14953995","0","10.5078001"
"2013-02-04 04:00:00","12.22268944","9.7610315","0.33817504","0.51838829","0.79347255","0.43673845","287.69320679","0.55827498","4.71937418","91.92565155","1007.52001953","0","22.14953995","0","10.5078001"
"2013-02-04 05:00:00","19.9669204","16.90606461","0.40939265","0.58091142","1.08463762","0.45582143","203.23980713","0.279704","4.20567083","94.79553986","1008.03601074","0","22.14953995","0","10.5078001"
"2013-02-04 06:00:00","40.7029428","31.90426296","0.42730686","0.78789329","1.60626912","0.42529008","201.50650024","0.25815499","3.89580798","96.68077087","1008.68902588","0","22.14953995","0","10.5078001"
"2013-02-04 07:00:00","81.42533064","47.34735312","0.56022637","1.04686827","2.18068801","0.33718025","243.35040283","0.51015103","4.05514908","95.70240021","1009.60101318","29.05474091","22.14953995","0","10.5078001"
"2013-02-04 08:00:00","44.26702552","29.75647512","0.50428307","1.76883962","4.22856803","0.27097151","331.01049805","1.22398901","6.77113104","76.90840912","1010.24401855","209.49630737","22.14953995","0","10.5078001"
"2013-02-04 09:00:00","18.80094456","12.98530976","0.34061455","1.20898824","3.64961027","0.47672994","334.26980591","2.03621602","8.74942398","65.75070953","1010.61199951","366.54660034","22.14953995","0","10.5078001"
"2013-02-04 10:00:00","14.17333861","9.25910282","0.40551437","0.69772912","1.66761558","0.53812419","332.57141113","2.35110211","10.15513039","56.66775131","1011.06201172","477.65570068","22.14953995","0","10.5078001"
"2013-02-04 11:00:00","15.43659318","10.15401442","0.44442187","0.50522628","1.32937155","0.77159383","325.93951416","2.75785303","10.86398983","51.4548111","1011.2800293","545.96551514","22.14953995","0","10.5078001"
"2013-02-04 12:00:00","13.14483748","8.43682046","0.51412033","0.46167935","1.14248153","0.55355615","329.75180054","2.89462495","11.23069954","47.89831161","1010.97601318","559.27642822","22.14953995","0","10.5078001"
"2013-02-04 13:00:00","13.84650133","9.3135757","0.44534222","0.42986963","0.90345398","0.48253701","334.39190674","3.04526305","10.8766098","52.64908981","1010.86401367","444.42190552","22.14953995","0","10.5078001"
"2013-02-04 14:00:00","9.37323584","6.22807232","0.49192708","0.52529881","0.89178086","0.25022777","333.07250977","3.29291797","10.4080801","52.49979019","1010.91601563","259.79650879","22.14953995","0","10.5078001"
"2013-02-04 15:00:00","6.58474062","3.79624541","0.49492695","0.42306895","0.4464091","","331.42129517","3.12039304","9.81393337","53.00189972","1011.15100098","35.4192009","22.14953995","0","10.5078001"
"2013-02-04 16:00:00","7.51985967","4.83771563","0.47785155","0.41966912","0.42552806","1.90628006","326.05050659","2.50292897","9.31264496","52.97951126","1011.39501953","15.48229027","22.14953995","0","10.5078001"
"2013-02-04 17:00:00","15.55850804","12.91916412","0.53307488","0.47297721","0.63796817","1.4631935","329.53430176","1.36926198","8.19861698","61.02732086","1011.65100098","0.50061101","22.14953995","0","10.5078001"
"2013-02-04 18:00:00","45.0880192","37.54999744","0.8480967","1.00694187","1.56762007","1.6651341","319.86529541","0.74096501","7.17738485","66.47937012","1011.8170166","0","22.14953995","0","10.5078001"
"2013-02-04 19:00:00","89.3887724","67.81359232","1.10089821","2.4458372","4.78469922","2.20492821","283.70449829","0.52858502","6.5527072","62.73205185","1012.06500244","0","22.14953995","0","10.5078001"
"2013-02-04 20:00:00","89.96204736","66.68132504","1.14232561","3.37062276","6.50704466","2.13396602","289.75909424","0.54113001","6.12074423","60.59400177","1012.47900391","0","22.14953995","0","10.5078001"
"2013-02-04 21:00:00","68.7629768","55.8502848","1.11153466","3.53318106","6.01991183","2.06444084","296.80200195","0.62141901","5.95557022","69.75546265","1012.55999756","0","22.14953995","0","10.5078001"
"2013-02-04 22:00:00","67.98999344","55.18496616","1.06546939","3.28985364","4.64121781","1.72569035","284.53460693","0.48859999","5.39919996","75.0713501","1012.49401855","0","22.14953995","0","10.5078001"
"2013-02-04 23:00:00","47.96081832","40.97920768","0.96222127","3.41603384","4.5617535","1.98773667","211.00660706","0.40490499","5.19108677","75.59780121","1012.27801514","0","22.14953995","0","10.5078001"
"2013-02-05 00:00:00","30.94191512","27.42322328","0.74061031","2.28119507","3.45377166","2.07879377","198.94050598","0.28855199","4.95000696","75.19685364","1011.97802734","0","22.14953995","0","10.5078001"
"2013-02-05 01:00:00","22.7087284","19.98896576","0.67079186","1.49187493","2.75834808","1.72488285","288.09210205","0.53332901","4.50345993","78.72003937","1011.65802002","0","22.48904991","0","14.17378044"
"2013-02-05 02:00:00","","","0.60353291","1.7802463","2.1268643","1.53864066","289.99099731","0.48418599","4.62047291","81.88291168","1011.33300781","0","22.48904991","0","14.17378044"
"2013-02-05 03:00:00","16.55847639","14.13702399","0.58933739","1.02657607","1.37135128","","289.98620605","0.43367699","4.40611887","84.52388","1010.91400146","0","22.48904991","0","14.17378044"
"2013-02-05 04:00:00","13.99435629","11.5858749","","0.81158634","1.27658518","1.24914347","294.86660767","0.56647098","4.49423504","86.58016968","1010.54699707","0","22.48904991","0","14.17378044"
"2013-02-05 05:00:00","20.17833024","17.271813","0.48718902","0.73842438","1.38643644","0.99641592","282.23730469","0.48337701","4.19610691","87.81291962","1010.2130127","0","22.48904991","0","14.17378044"
"2013-02-05 06:00:00","63.67623464","45.06205424","0.55972076","0.85820359","1.58759395","1.05528191","210.46890259","0.34196001","3.82431197","90.93167877","1009.91101074","0","22.48904991","0","14.17378044"
"2013-02-05 07:00:00","160.90395848","68.04446632","0.81383755","1.35838453","3.29243072","1.67963144","281.14379883","0.41979599","4.1465888","92.58390045","1009.95202637","32.85511017","22.48904991","0","14.17378044"
"2013-02-05 08:00:00","189.54373","74.58901288","1.11959995","2.66565362","6.19110852","2.04552566","267.23019409","0.601789","7.11226511","73.69927979","1009.90002441","233.75450134","22.48904991","0","14.17378044"
"2013-02-05 09:00:00","95.57793552","46.4615044","0.75978504","3.70637921","9.06631194","1.45329402","312.26300049","1.04076195","10.13397026","61.90340042","1009.47601318","381.64520264","22.48904991","0","14.17378044"
"2013-02-05 10:00:00","15.95408554","11.21883017","0.44446847","1.85231193","5.41838786","1.64858649","331.53540039","1.92084205","11.39146042","59.00569153","1009.2210083","495.1913147","22.48904991","0","14.17378044"
"2013-02-05 11:00:00","11.32777784","7.66122913","0.44336289","0.81356034","1.31251071","1.25361725","335.61230469","1.86924195","11.9840498","55.33644104","1008.46600342","565.89117432","22.48904991","0.2","14.17378044"
"2013-02-05 12:00:00","12.39259358","8.04513387","0.44103289","0.61337914","1.09809456","1.80415902","320.98580933","1.46153498","12.24203014","53.36182022","1007.55700684","567.18560791","22.48904991","0","14.17378044"
"2013-02-05 13:00:00","11.0800553","7.39664657","0.50317981","0.5980855","0.99380426","1.54337988","330.69720459","1.29980505","12.34397984","54.18661118","1006.81201172","487.99740601","22.48904991","0","14.17378044"
"2013-02-05 14:00:00","11.0022369","7.77795673","0.48324084","0.6842376","1.13132707","1.55044904","104.01180267","0.82919699","12.71903038","51.18579102","1006","262.88970947","22.48904991","0","14.17378044"
"2013-02-05 15:00:00","14.38863746","11.13712085","0.46239316","0.59242793","0.87751438","2.29404995","38.64308167","0.50608999","12.14033985","57.20594025","1005.48199463","30.85672951","22.48904991","0","14.17378044"
"2013-02-05 16:00:00","29.79798464","25.95115536","0.6433864","0.70990465","1.33650479","1.53971359","135.16990662","0.42660901","11.85558033","59.72906113","1005.11401367","16.54352951","22.48904991","0","14.17378044"
"2013-02-05 17:00:00","47.19557856","40.86378024","0.68212032","1.10993956","2.78921505","1.62085392","208.7644043","0.62790102","10.54496956","66.02204132","1004.73699951","0.645096","22.48904991","0","14.17378044"
"2013-02-05 18:00:00","95.19144384","74.9404576","0.93876516","1.80284302","4.0825309","2.04615213","194.13980103","0.78144097","9.66938114","68.18315125","1004.40600586","0","22.48904991","0","14.17378044"
"2013-02-05 19:00:00","106.66057584","81.92468768","0.93600061","2.91474641","7.51405568","2.32536033","195.85380554","0.79671299","9.25532532","55.60643005","1004.23400879","0","22.48904991","0","14.17378044"
"2013-02-05 20:00:00","98.02663392","74.28162064","0.92956515","2.81472039","6.45375488","2.31131353","198.74090576","1.38676095","8.85673618","58.62427139","1004.11901855","0","22.48904991","0","14.17378044"
"2013-02-05 21:00:00","61.87994888","51.62996544","0.78394947","3.0358528","5.60099732","1.80094021","194.32170105","1.71466196","8.63431072","64.49111176","1003.72900391","0","22.48904991","0","14.17378044"
"2013-02-05 22:00:00","39.01688384","33.89251352","0.68602889","2.19541824","3.41992082","1.43423849","203.61180115","1.51785696","8.61443615","69.43418884","1003.25500488","0","22.48904991","0","14.17378044"
"2013-02-05 23:00:00","33.950906","30.05996688","0.63588496","1.55001072","2.69064741","1.74842538","198.73699951","1.04258001","8.47558117","75.38739014","1002.81799316","0","22.48904991","0","14.17378044"
"2013-02-06 00:00:00","26.94334952","24.07573192","0.60185065","1.31264393","2.50699958","1.93047957","174.78610229","0.67749202","8.14116192","78.30844116","1002.20001221","0","22.48904991","0","14.17378044"
"2013-02-06 01:00:00","18.83207192","16.4132141","0.55746998","1.08482068","2.26187614","1.86365047","196.13200378","0.77454698","7.88271713","82.41181183","1001.60400391","0","18.83707047","0","6.3606019"
"2013-02-06 02:00:00","14.48850504","12.04889438","0.48102967","0.67315942","1.50484778","2.48003891","193.32240295","0.80007899","7.49355602","85.20146179","1001.32202148","0","18.83707047","0","6.3606019"
"2013-02-06 03:00:00","12.3446043","10.06193059","0.50321942","0.62687066","1.10733401","2.15448908","192.84860229","1.00053704","8.01221085","81.15676117","1000.56500244","0","18.83707047","0","6.3606019"
"2013-02-06 04:00:00","13.20320128","10.85308369","0.46965927","0.49798625","1.05805019","2.340835","177.30250549","0.747513","7.68206501","82.61434937","1000.01000977","0","18.83707047","0","6.3606019"
"2013-02-06 05:00:00","18.0694516","15.2783618","0.43558418","0.65034404","1.24001183","2.04203532","161.06280518","0.96488303","7.75919199","86.77857971","999.69311523","0","18.83707047","0","6.3606019"
"2013-02-06 06:00:00","33.92105968","29.29216504","0.41402586","0.63147767","1.49317567","2.44523717","160.36230469","1.29000902","8.12888432","87.99578094","999.33361816","0","18.83707047","0","6.3606019"
"2013-02-06 07:00:00","72.16494104","53.13444176","0.50914228","0.64861209","1.78162738","2.42958249","158.03590393","1.28026497","8.50556278","89.73625183","999.29650879","18.80035973","18.83707047","0","6.3606019"
"2013-02-06 08:00:00","130.265516","67.86160264","0.81186404","1.08698892","3.42194973","3.56179944","152.69110107","1.33466196","9.5212326","86.36595154","999.02410889","88.85633087","18.83707047","0","6.3606019"
"2013-02-06 09:00:00","66.26890664","41.81186456","0.55711465","2.15593016","8.08361433","2.9150871","153.45840454","2.53082609","11.00786972","79.38188934","998.70831299","200.04980469","18.83707047","0","6.3606019"
"2013-02-06 10:00:00","33.70316816","23.44928424","0.42701677","1.28138237","4.34892388","3.0637725","150.38920593","2.83179092","12.48744965","69.88150024","998.23492432","306.83050537","18.83707047","0","6.3606019"
"2013-02-06 11:00:00","35.33607352","24.54782384","0.51743359","0.90537001","2.78480635","2.99667491","163.56520081","2.69188595","13.3368597","63.02922058","997.73492432","282.57730103","18.83707047","0","6.3606019"
"2013-02-06 12:00:00","37.7120968","28.85768216","0.53749139","0.85337792","2.83824055","2.7570992","159.94400024","2.39962506","13.23381996","64.08892059","996.7210083","117.73500061","18.83707047","0","6.3606019"
"2013-02-06 13:00:00","42.11793752","30.70197824","0.52335645","0.95264627","3.14782145","3.38099921","160.5","2.74442506","12.91567993","66.67269135","995.77612305","156.55470276","18.83707047","0","6.3606019"
"2013-02-06 14:00:00","27.19366856","18.96047228","0.31293764","0.89330432","3.11085859","3.31211475","164.87820435","3.55628204","13.37415981","70.8031311","994.42730713","201.10690308","18.83707047","0","6.3606019"
"2013-02-06 15:00:00","24.62954272","19.18095456","0.33320282","0.49963176","1.55724464","2.28143508","160.90890503","2.69976902","13.51533031","69.37435913","993.92047119","89.0618515","18.83707047","0","6.3606019"
"2013-02-06 16:00:00","34.6240256","28.45560768","0.42677911","0.56237354","1.66709589","2.95534403","157.58500671","2.15494108","13.06416988","69.80001068","993.25360107","35.05290985","18.83707047","0","6.3606019"
"2013-02-06 17:00:00","45.1775008","36.480004","0.45023289","0.85557159","2.45940195","2.88314822","176.93980408","1.729285","12.20355988","75.76441956","992.98101807","0.458893","18.83707047","0","6.3606019"
"2013-02-06 18:00:00","41.334572","33.63311248","0.41078832","1.04642995","3.11202509","3.17998001","171.55880737","2.15378404","12.08798027","78.55371094","992.62731934","0","18.83707047","0","6.3606019"
"2013-02-06 19:00:00","37.34895064","30.8070044","0.39045441","1.00858738","2.77235522","3.3582774","168.30470276","2.38728595","11.68890953","81.31990051","992.43902588","0","18.83707047","0","6.3606019"
"2013-02-06 20:00:00","64.25339096","49.37193168","0.53614931","1.17180367","2.9152783","3.65671808","203.02450562","1.10169601","11.41302967","84.42423248","992.4854126","0","18.83707047","0","6.3606019"
"2013-02-06 21:00:00","57.40927224","48.2967376","0.49650786","1.39414225","3.98370392","3.66181935","195.95480347","1.09397805","11.00407028","85.61694336","992.28521729","0","18.83707047","0","6.3606019"
"2013-02-06 22:00:00","18.11095538","14.69083097","0.35160283","1.25845106","2.79023713","3.6469681","231.65750122","0.88734901","10.2149601","84.0121994","992.29022217","0","18.83707047","0","6.3606019"
"2013-02-06 23:00:00","14.14292634","11.5441627","0.30173384","","","3.01072172","216.21490479","0.51388597","9.29049015","84.25109863","992.74017334","0","18.83707047","0","6.3606019"
"2013-02-07 00:00:00","13.65584625","11.09691531","0.26611979","","","3.27167883","278.80090332","1.57752001","8.19705677","94.70526123","993.11376953","0","18.83707047","0.40000001","6.3606019"
"2013-02-07 01:00:00","10.57942295","8.37586207","0.37485856","","","3.33054482","328.7802124","0.614389","7.46967888","99.11476135","992.52380371","0","15.27497959","0","10.01465034"
"2013-02-07 02:00:00","","","0.36269712","","","3.81757087","194.42320251","0.47369501","6.87884998","99.2427597","992.8449707","0","15.27497959","0","10.01465034"
"2013-02-07 03:00:00","18.51561106","16.17197706","0.45793238","","","","202.88720703","0.61359602","6.91059589","99.2427597","993.22460938","0","15.27497959","0","10.01465034"
"2013-02-07 04:00:00","14.40031022","11.95940322","","","","0.60001678","281.95690918","0.41914001","6.87600088","99.24291229","993.34381104","0","15.27497959","0","10.01465034"
"2013-02-07 05:00:00","22.54919112","20.0058296","0.33754943","","","0.55654613","191.71420288","0.21479701","6.68884897","99.24298096","993.25787354","0","15.27497959","0","10.01465034"
"2013-02-07 06:00:00","29.98864928","27.22737712","0.29822952","","","0.68331111","255","0.21489599","6.22927809","99.24311066","993.18572998","0","15.27497959","0","10.01465034"
"2013-02-07 07:00:00","96.64276656","57.54026336","0.60188793","","","0.88456118","279.58450317","0.365549","6.20770597","99.24304962","993.51062012","15.38969994","15.27497959","0","10.01465034"
"2013-02-07 08:00:00","103.01219304","57.31198968","0.64036905","","","0.76943983","323.15789795","0.64271402","6.98107481","93.62718964","993.63372803","79.09339142","15.27497959","0","10.01465034"
"2013-02-07 09:00:00","61.88124904","41.7742364","0.54109241","","","0.62211619","324.16070557","0.68337601","8.33001041","88.42118073","993.47021484","149.91340637","15.27497959","0","10.01465034"
"2013-02-07 10:00:00","25.09905344","18.22638474","0.28493687","","","0.83411289","333.97821045","1.20563102","10.28746986","77.35549927","992.79260254","370.51269531","15.27497959","0","10.01465034"
"2013-02-07 11:00:00","15.43659318","10.84530185","0.26138523","","","0.65698403","46.28224182","1.69620705","11.35035992","69.64584351","992.27081299","287.02990723","15.27497959","0","10.01465034"
"2013-02-07 12:00:00","12.06705264","8.58856634","0.15294586","","","0.76530064","50.52196121","1.912678","11.23910999","65.19548035","991.75250244","195.48530579","15.27497959","0","10.01465034"
"2013-02-07 13:00:00","22.06541688","15.79585416","0.20261797","","","0.570477","337.23181152","1.19516599","11.03466034","61.96417999","991.43280029","148.41560364","15.27497959","0","10.01465034"
"2013-02-07 14:00:00","9.71693314","6.74815926","0.10060008","","","0.84349573","335.44351196","1.68325102","10.93006039","62.45339966","991.05841064","161.47120667","15.27497959","0","10.01465034"
"2013-02-07 15:00:00","8.12943778","5.42913547","0.13048816","","","0.76353207","336.39050293","2.09671998","10.48460007","67.74900055","990.94641113","98.66400909","15.27497959","0","10.01465034"
"2013-02-07 16:00:00","9.40825412","6.83635409","0.14192962","","","0.78374902","334.7651062","1.89219797","10.10431957","71.77181244","991.08532715","35.95848083","15.27497959","0","10.01465034"
"2013-02-07 17:00:00","14.48331587","11.71686793","0.18502996","","","0.76825299","331.12030029","1.42676604","9.34656143","68.74983215","991.18621826","0.67155099","15.27497959","0","10.01465034"
"2013-02-07 18:00:00","29.24677416","25.79291824","0.36325632","","","0.81609775","327.12359619","0.945961","8.508955","73.26930237","991.23742676","0","15.27497959","0","10.01465034"
"2013-02-07 19:00:00","48.8142204","43.56665992","0.53829874","","","0.77676731","313.40209961","0.73525","8.13675308","78.8190918","991.29492188","0","15.27497959","0","10.01465034"
"2013-02-07 20:00:00","52.77647712","45.76243896","0.54284923","","","0.7768263","294.42581177","1.10462797","8.03724098","79.37573242","991.49102783","0","15.27497959","0","10.01465034"
"2013-02-07 21:00:00","55.4171212","45.07505584","0.51897838","","","0.70164254","223.3901062","0.74405003","7.28788614","84.53690338","991.8939209","0","15.27497959","0","10.01465034"
"2013-02-07 22:00:00","34.35814288","29.32069208","0.4054899","","","0.75498826","221.17480469","0.75687802","6.52279282","89.47083282","992.35791016","0","15.27497959","0","10.01465034"
"2013-02-07 23:00:00","42.12313816","37.0065688","0.5037693","","","0.54131452","232.49510193","0.47107399","6.47971916","87.46031952","992.71002197","0","15.27497959","0","10.01465034"
"2013-02-08 00:00:00","47.72346264","41.78461856","0.42900193","","","0.63694303","197.90640259","0.25176901","6.1267128","88.23394012","992.76397705","0","15.27497959","0","10.01465034"
"2013-02-08 01:00:00","26.64373912","23.6451304","0.36569117","","","0.71809353","200.39549255","0.222064","5.5268631","91.29216003","992.8427124","0","14.85056973","0","10.12073994"
"2013-02-08 02:00:00","20.54017624","17.89176562","0.35052287","","","0.52422587","220.94290161","0.34520099","5.07109022","94.51187134","992.9262085","0","14.85056973","0","10.12073994"
"2013-02-08 03:00:00","18.8541211","16.50140893","0.33898588","","","0.63372931","209.42720032","0.29947799","4.82431221","93.91378021","992.71240234","0","14.85056973","0","10.12073994"
"2013-02-08 04:00:00","13.76608834","11.33166685","0.22232394","","","0.79817109","324.68280029","0.76789099","4.8037591","92.89777374","992.36871338","0","14.85056973","0","10.12073994"
"2013-02-08 05:00:00","11.72594802","9.17220434","0.21943125","","","0.67007588","330.76031494","1.14027405","5.04728079","97.60555267","992.53491211","0","14.85056973","0","10.12073994"
"2013-02-08 06:00:00","34.109124","25.20539888","0.22715054","","","0.72038076","227.46080017","0.51825601","5.38963604","99.24291229","992.99530029","0","14.85056973","0","10.12073994"
"2013-02-08 07:00:00","55.48713864","38.21403504","0.30980612","","","0.90555816","193.86320496","0.97680098","5.42097521","99.24304962","993.53942871","0.2035","14.85056973","1","10.12073994"
"2013-02-08 08:00:00","81.48240384","50.47305248","0.47556116","","","0.59190926","298.25540161","1.18403602","6.63071585","97.94396973","993.71832275","180.02130127","14.85056973","6","10.12073994"
"2013-02-08 09:00:00","50.116388","36.6083948","0.32485559","","","0.64308266","259.79760742","0.86659801","7.64217901","90.83232117","994.00622559","203.82870483","14.85056973","0","10.12073994"
"2013-02-08 10:00:00","45.11652712","33.81599528","0.3252948","","","0.61299167","301.20840454","0.97805703","7.46540499","88.81513977","994.33197021","122.02059937","14.85056973","0.60000002","10.12073994"
"2013-02-08 11:00:00","34.80947048","27.15474024","0.47454877","","","0.69750233","322.67550659","1.07395303","7.32899284","95.76238251","994.51690674","141.16490173","14.85056973","0","10.12073994"
"2013-02-08 12:00:00","22.12118992","16.63888938","0.4221762","","","0.65284383","330.15380859","1.57402301","6.82356596","95.14713287","994.4163208","175.42320251","14.85056973","0.2","10.12073994"
"2013-02-08 13:00:00","24.69827912","17.39502419","0.46269257","","","0.65365336","329.07550049","1.47172201","7.57305717","92.0658493","994.31970215","204.90220642","14.85056973","0","10.12073994"
"2013-02-08 14:00:00","13.77646477","9.9101828","0.32154233","","","0.611516","335.6184082","1.74131203","8.24223423","79.87220001","994.25640869","230.64700317","14.85056973","0","10.12073994"
"2013-02-08 15:00:00","14.14221125","10.27722753","0.37746699","","","0.8151133","331.88400269","1.52852201","8.36725044","77.19210052","994.31951904","47.08892059","14.85056973","0","10.12073994"
"2013-02-08 16:00:00","17.92548756","14.7919968","0.40157783","","","0.61927774","332.89990234","1.373263","7.6754179","82.1138916","994.996521","21.02766991","14.85056973","0","10.12073994"
"2013-02-08 17:00:00","27.07174032","23.79558568","0.4373445","0.85557159","1.64880922","0.8511395","328.62850952","1.16497505","6.75396919","86.96173096","995.27270508","0.61457098","14.85056973","0","10.12073994"
"2013-02-08 18:00:00","53.8516712","46.60287768","0.75629237","1.26207768","2.15189573","0.71554289","322.87789917","0.58421898","6.25396919","91.0941391","995.89752197","0","14.85056973","0","10.12073994"
"2013-02-08 19:00:00","52.76611408","43.6924504","0.7630785","2.6907725","4.36435787","0.51487252","332.20730591","0.93943399","6.12223721","90.30233002","996.53411865","0","14.85056973","0","10.12073994"
"2013-02-08 20:00:00","44.74559912","37.4916432","0.62013067","2.44770238","4.45177207","0.50577749","314.11911011","0.81963301","6.0969348","90.3314209","997.18981934","0","14.85056973","0","10.12073994"
"2013-02-08 21:00:00","36.89630376","31.94577248","0.49107546","1.8531896","3.00710221","0.45828156","263.88119507","0.92796099","5.92009306","85.48126984","997.74810791","0","14.85056973","0","10.12073994"
"2013-02-08 22:00:00","23.03296536","19.82424696","0.39706695","1.2608705","2.22541059","0.37525063","219.24690247","0.59593701","5.47761583","87.12888336","998.28271484","0","14.85056973","0","10.12073994"
"2013-02-08 23:00:00","20.87869584","17.57011559","0.38593072","0.92599172","1.45426729","0.318979","235.15150452","0.84715497","4.8006382","91.16123962","998.60931396","0","14.85056973","0","10.12073994"
"2013-02-09 00:00:00","19.27043616","15.68301748","0.37163966","0.87334061","1.20019526","0.45990266","202.54289246","0.41651499","4.07739782","96.1783905","998.79949951","0","14.85056973","0","10.12073994"
"2013-02-09 01:00:00","15.00729374","12.14227646","0.37662936","0.74654105","1.09514221","0.38726953","218.31350708","0.480598","3.92470598","96.71543121","999.12402344","0","18.53071976","0","11.3900404"
"2013-02-09 02:00:00","","","0.3296053","0.7192285","1.34350785","0.46123696","199.38600159","0.415604","4.18193007","93.28678894","999.41711426","0","18.53071976","0","11.3900404"
"2013-02-09 03:00:00","16.95016298","14.47294136","0.50065526","0.57575523","0.76236659","","199.13110352","0.50691599","3.56552792","93.8365097","999.52160645","0","18.53071976","0","11.3900404"
"2013-02-09 04:00:00","16.57144549","14.01640547","","0.58299525","0.95001428","2.09026451","297.52520752","0.53697503","3.19495392","94.63056183","999.97601318","0","18.53071976","0","11.3900404"
"2013-02-09 05:00:00","20.81772216","18.04869875","0.43664783","0.79271997","0.90980922","1.84924364","191.7467041","0.58789301","3.33733606","92.59008026","1000.45001221","0","18.53071976","0","11.3900404"
"2013-02-09 06:00:00","36.64860416","31.20131616","0.6022584","0.74314021","0.98036258","2.53612443","200.47290039","0.36267","3.11287498","91.52272034","1000.76300049","0","18.53071976","0","11.3900404"
"2013-02-09 07:00:00","79.8080272","54.16684528","0.63650358","0.95001326","2.14048193","2.16358411","196.10490417","0.51998699","3.44980407","92.78990936","1001.059021","30.92287064","18.53071976","0","11.3900404"
"2013-02-09 08:00:00","114.63178032","61.89551256","0.8607987","1.54891337","4.66680655","2.62174566","194.0184021","0.58668202","5.37776518","79.2480011","1001.43200684","148.34240723","18.53071976","0","11.3900404"
"2013-02-09 09:00:00","67.08598072","47.64176288","0.58217031","1.97669917","6.89625869","2.49321313","63.54275131","0.56423098","6.38922882","70.53514099","1001.59301758","148.9355011","18.53071976","0","11.3900404"
"2013-02-09 10:00:00","26.19369256","20.91630488","0.39014336","1.42726899","4.71712771","2.3016327","53.98860168","0.81921899","6.76115894","70.03704071","1001.53601074","107.57209778","18.53071976","0","11.3900404"
"2013-02-09 11:00:00","27.0574768","21.1134512","0.36811787","0.92489438","2.51945071","2.30209544","72.6475296","0.85716999","6.49993277","80.4468689","1001.38299561","158.93870544","18.53071976","0.60000002","11.3900404"
"2013-02-09 12:00:00","16.88142275","12.26548956","0.35083626","0.99794752","2.5182832","2.66158256","46.76190186","1.10888803","7.15554285","80.38136292","1000.4630127","209.66920471","18.53071976","0","11.3900404"
"2013-02-09 13:00:00","26.4076836","19.56614608","0.45689436","0.79688764","1.88498306","2.37158501","59.88492966","1.26783395","6.43671179","92.19284058","999.79821777","112.03379822","18.53071976","2.4000001","11.3900404"
"2013-02-09 14:00:00","14.07087835","11.10729174","0.32904726","1.05586262","3.3244652","2.42668506","51.34970093","1.16545606","6.04578781","98.37538147","999.34637451","55.65018082","18.53071976","1","11.3900404"
"2013-02-09 15:00:00","14.66489278","11.45228537","0.3064684","0.71209832","1.10007059","2.17167841","343.86599731","0.433119","6.26353407","99.24304962","999.0526123","87.22019196","18.53071976","0","11.3900404"
"2013-02-09 16:00:00","26.1923924","21.73987976","0.40461615","0.84745491","1.10746317","2.38589014","297.69729614","0.80951601","6.51953602","99.24291229","999.25860596","37.36059952","18.53071976","0","11.3900404"
"2013-02-09 17:00:00","28.28960784","24.19636","0.46879717","1.18551487","2.04100611","2.15955068","308.95001221","0.998492","5.62657785","99.24304962","1000.18200684","1.00732601","18.53071976","0","11.3900404"
"2013-02-09 18:00:00","36.17907432","31.01711408","0.52415913","1.49944243","2.4852907","2.16105991","299.45071411","1.17429399","4.92863989","99.24311066","1000.89300537","0","18.53071976","0","11.3900404"
"2013-02-09 19:00:00","42.70029448","35.47354632","0.57663423","1.75128926","2.83914771","2.08678433","268.49560547","1.01189196","4.50128889","97.90910339","1001.73101807","0","18.53071976","0","11.3900404"
"2013-02-09 20:00:00","50.37578904","39.90141328","0.59181884","1.92701058","2.9816823","2.01259317","265.72790527","1.15998602","4.18762684","96.43359375","1002.55401611","0","18.53071976","0","11.3900404"
"2013-02-09 21:00:00","41.64844592","32.8134572","0.50098612","1.88938667","3.14704345","1.90065605","270.40600586","1.23057997","4.00223923","91.7530899","1003.09100342","0","18.53071976","0","11.3900404"
"2013-02-09 22:00:00","28.19362544","24.00179488","0.46678055","1.66134476","3.62470902","2.20646693","230.04550171","0.66075099","3.82994199","91.24549103","1003.53601074","0","18.53071976","0","11.3900404"
"2013-02-09 23:00:00","29.82651168","24.07185056","0.50359572","1.61055883","1.99133278","1.87779389","211.61480713","0.61494702","3.19224","93.45616913","1003.85101318","0","18.53071976","0","11.3900404"
"2013-02-10 00:00:00","32.2713096","26.14310104","0.52182564","1.47575141","2.06759354","1.50005873","203.75810242","0.56537801","2.22683501","95.1436615","1004.21002197","0","18.53071976","0","11.3900404"
"2013-02-10 01:00:00","21.30409672","17.67776502","0.46863873","1.37472772","2.31362517","1.53203219","203.31860352","0.46821699","1.70099103","94.64488983","1004.68200684","0","21.94057083","0","12.6510601"
"2013-02-10 02:00:00","22.02520752","18.63622958","0.49691328","1.13773519","1.58811262","1.7494373","190.58410645","0.57058799","1.37722194","93.63185883","1004.91900635","0","21.94057083","0","12.6510601"
"2013-02-10 03:00:00","17.01501037","14.25245526","0.40271837","1.0047482","1.50355111","1.68113558","211.55940247","0.34457001","1.01573801","93.04788971","1004.91400146","0","21.94057083","0","12.6510601"
"2013-02-10 04:00:00","14.09552021","11.40818891","0.38389546","0.79304846","1.06492409","2.32873169","197.02310181","0.27539599","0.63960201","93.46743011","1004.97802734","0","21.94057083","0","12.6510601"
"2013-02-10 05:00:00","18.11873722","15.51959884","0.36997604","0.73633953","1.00279963","1.66462763","194.79840088","0.236182","0.377561","93.96479034","1005.04302979","0","21.94057083","0","12.6510601"
"2013-02-10 06:00:00","22.83063752","19.52593672","0.52443524","0.78657729","1.25790899","1.69288803","203.82870483","0.42581001","0.212319","93.25485229","1005.26300049","0","21.94057083","0","12.6510601"
"2013-02-10 07:00:00","34.26604184","27.47379568","0.40501225","0.89663398","1.60084139","1.92381008","194.0177002","0.248391","0.42511201","91.50540924","1005.41802979","44.95318985","21.94057083","0","12.6510601"
"2013-02-10 08:00:00","33.69410528","25.38178088","0.4913772","1.23750696","2.29066843","2.01134734","286.92370605","0.41502401","3.06871605","70.78320313","1005.74401855","214.34060669","21.94057083","0","12.6510601"
"2013-02-10 09:00:00","20.8734952","15.51441158","0.43451238","2.02030915","3.81157565","1.30168881","342.13470459","0.540775","5.08642101","64.24514008","1005.87402344","282.49780273","21.94057083","0","12.6510601"
"2013-02-10 10:00:00","17.32628397","12.25900406","0.35423689","1.4904491","2.06590736","3.02118258","117.27580261","0.54275203","6.66829491","56.02706146","1005.71801758","360.67449951","21.94057083","0","12.6510601"
"2013-02-10 11:00:00","21.75414328","15.43010768","0.3509947","1.1186044","1.54414568","4.94429805","317.13800049","0.78400701","8.31264496","39.31555176","1005.38201904","538.98852539","21.94057083","0","12.6510601"
"2013-02-10 12:00:00","18.08631162","13.02681354","0.31263707","0.86247295","1.62170312","2.48125829","299.05099487","0.72472101","8.95312786","36.86270142","1004.68701172","469.26940918","21.94057083","0","12.6510601"
"2013-02-10 13:00:00","14.85684419","11.06838254","0.31425759","0.78162959","1.39888553","2.36642171","357.16610718","0.68253601","8.38407326","39.61368179","1004.125","252.51119995","21.94057083","0","12.6510601"
"2013-02-10 14:00:00","8.93226554","6.1333939","0.2948417","0.68917412","1.06946296","2.59534129","32.301651","1.42550194","7.796772","48.43032074","1003.7210083","174.13510132","21.94057083","0","12.6510601"
"2013-02-10 15:00:00","11.68055331","8.96858016","0.32260248","0.61195331","0.58466415","2.49005026","357.94720459","1.239236","7.14604616","53.14942169","1003.61602783","75.80484009","21.94057083","0","12.6510601"
"2013-02-10 16:00:00","13.31603987","10.74154334","0.26100544","0.66833274","0.79178637","2.16335223","333.85299683","1.010741","6.52625179","56.17988968","1003.96502686","11.04191971","21.94057083","0","12.6510601"
"2013-02-10 17:00:00","17.12914338","13.88670686","0.35222028","0.79129617","0.74145707","1.91203119","327.64050293","1.83728397","4.73070192","72.64333344","1004.49700928","0","21.94057083","0","12.6510601"
"2013-02-10 18:00:00","16.58052558","13.67530085","0.34415382","1.13440045","1.30978718","1.92592951","330.64489746","1.93474495","2.9354229","93.24195099","1005.11901855","0","21.94057083","0.80000001","12.6510601"
"2013-02-10 19:00:00","22.77616464","19.4338548","0.40928314","1.2343268","1.19098734","1.9834073","333.13729858","1.20559895","2.59333897","99.23531342","1005.44702148","0","21.94057083","0","12.6510601"
"2013-02-10 20:00:00","24.37534232","20.52461256","0.43933665","1.46697572","1.77409446","1.55820469","317.08340454","1.18466699","2.55365705","99.24617004","1005.76800537","0","21.94057083","0","12.6510601"
"2013-02-10 21:00:00","30.02883952","25.14054384","0.470893","1.53158268","2.38132584","1.85403066","256.98800659","1.01238704","2.51811194","99.24507141","1005.97302246","0","21.94057083","0","12.6510601"
"2013-02-10 22:00:00","31.55798064","26.93814888","0.39342516","1.42540381","3.27608956","1.66636976","241.72900391","0.80954403","2.464252","99.24568176","1005.99102783","0","21.94057083","0","12.6510601"
"2013-02-10 23:00:00","23.08353776","19.55448288","0.44072067","1.18738004","2.2900206","2.15145638","235.9546051","0.98487598","1.91215599","99.04016113","1006.22900391","0","21.94057083","0","12.6510601"
"2013-02-11 00:00:00","20.61151296","16.79063526","0.39457269","1.23750696","1.58487043","1.52446063","235.23440552","1.035712","1.42144895","93.4490509","1006.62701416","0","21.94057083","0","12.6510601"
"2013-02-11 01:00:00","17.30682937","14.42106115","0.45558956","1.21743443","1.54194082","1.48749674","211.16810608","0.63003701","0.63553202","95.6326828","1006.98602295","0","20.91994095","0","14.26101971"
"2013-02-11 02:00:00","","","0.37503797","1.09546053","1.20175127","1.49118134","223.98890686","0.77233398","0.313391","97.22202301","1007.29602051","0","20.91994095","0","14.26101971"
"2013-02-11 03:00:00","15.3950894","12.86728582","0.36570515","0.99103701","0.9357478","","268.76370239","1.02389705","0.48372","91.65167999","1007.51800537","0","20.91994095","0","14.26101971"
"2013-02-11 04:00:00","14.58188712","12.0916945","","0.91941071","0.85935788","0.6557677","191.17930603","0.33168301","0.197328","85.86479187","1007.59399414","0","20.91994095","0","14.26101971"
"2013-02-11 05:00:00","22.78524664","19.5985736","0.30102202","0.86303027","0.95455315","0.5353844","286.71020508","0.53963298","-0.25253999","88.33081055","1007.80999756","0","20.91994095","0","14.26101971"
"2013-02-11 06:00:00","70.83296536","54.31988176","0.38275959","0.94343225","1.47722301","0.63199329","186.03030396","0.34742999","-0.29148","89.53819275","1007.93499756","0","20.91994095","0","14.26101971"
"2013-02-11 07:00:00","193.7095","75.45795952","0.93545772","1.4848556","3.58787532","1.26717997","198.70550537","0.547131","0.338218","94.41838074","1008.32702637","44.16463089","20.91994095","0.2","14.26101971"
"2013-02-11 08:00:00","174.55330584","73.07411616","1.1573343","2.69669551","8.03692386","1.2296547","196.9756012","0.47986299","3.10419297","75.80619049","1008.7800293","256.25439453","20.91994095","0","14.26101971"
"2013-02-11 09:00:00","116.12719376","60.19258976","1.02202305","2.72664005","7.38845008","1.25050218","197.72590637","0.87728202","5.60839796","66.42536926","1008.90100098","416.09991455","20.91994095","0","14.26101971"
"2013-02-11 10:00:00","54.40160064","34.57215304","0.42388758","2.31980548","6.78498059","1.11139896","159.79200745","1.20302796","7.53771591","47.52529144","1008.53100586","515.79962158","20.91994095","0","14.26101971"
"2013-02-11 11:00:00","32.50864616","22.48045472","0.35906465","1.45436187","3.18802651","0.88047995","152.82240295","1.67421603","8.61023045","38.2066803","1008.17199707","560.98590088","20.91994095","0","14.26101971"
"2013-02-11 12:00:00","29.36480192","20.93705008","0.35224241","1.06880598","2.16745888","1.1262136","170.60420227","1.94341099","9.37722206","39.50168991","1007.58502197","514.25201416","20.91994095","0","14.26101971"
"2013-02-11 13:00:00","34.09356032","24.3519968","0.36093914","1.07966551","2.1823742","0.8500503","169.49450684","2.46536708","9.51736641","44.63735962","1006.96801758","388.99261475","20.91994095","0","14.26101971"
"2013-02-11 14:00:00","25.2974808","18.81520999","0.32252326","1.03513209","2.07511629","0.96342546","156.06300354","2.97236705","9.23504353","49.95217133","1006.46801758","223.20300293","20.91994095","0","14.26101971"
"2013-02-11 15:00:00","23.4505844","18.24065208","0.33674092","0.87674146","1.52144929","0.66792187","148.50270081","3.40976095","8.86182404","56.27608109","1006.23901367","91.47029114","20.91994095","0","14.26101971"
"2013-02-11 16:00:00","26.892758","21.66336152","0.34426449","1.06573464","1.59926606","0.64947044","139.16040039","3.93737006","8.5636282","61.75226974","1005.65802002","26.35223961","20.91994095","0","14.26101971"
"2013-02-11 17:00:00","29.17543744","23.84357688","0.336685","1.04642995","1.74335666","0.78981339","137.90690613","3.68926501","8.48670578","68.05039978","1005.22802734","0.79466802","20.91994095","0","14.26101971"
"2013-02-11 18:00:00","30.07683072","24.44277856","0.32272248","1.170268","2.03996877","0.72877813","140.95860291","4.29651213","8.7357893","72.52143097","1005.11901855","0","20.91994095","0","14.26101971"
"2013-02-11 19:00:00","27.14567736","21.04859616","0.32571536","1.03820343","2.00093021","1.03918687","140.93060303","4.26736784","8.19915962","87.96900177","1004.41400146","0","20.91994095","0.2","14.26101971"
"2013-02-11 20:00:00","25.61265488","20.83718632","0.31183206","0.89056249","1.71547255","0.99607319","138.5572052","4.44112301","8.64021206","94.99069977","1003.85400391","0","20.91994095","0","14.26101971"
"2013-02-11 21:00:00","19.28341864","15.78029048","0.27517184","0.87377996","1.42443766","1.1938146","144.40750122","4.17229986","9.0253706","96.7692337","1003.27001953","0","20.91994095","0","14.26101971"
"2013-02-11 22:00:00","13.3497599","10.57682837","0.24816714","0.72427384","1.04806325","1.08416471","152.92700195","4.12741423","9.85259914","96.33943176","1002.85101318","0","20.91994095","0","14.26101971"
"2013-02-11 23:00:00","10.48604087","8.04124295","0.20750631","0.45608585","0.552889","0.88810847","149.9947052","3.569942","10.13973045","95.8550415","1002.72302246","0","20.91994095","0.2","14.26101971"
"2013-02-12 00:00:00","8.08923033","5.6340579","0.17698447","0.32500778","0.39764395","0.91259275","159.25860596","3.51483798","10.66110039","84.89131927","1002.12200928","0","20.91994095","0","14.26101971"
"2013-02-12 01:00:00","5.8415749","3.34360044","0.17335666","0.24263179","0.39154805","0.81474311","160.36680603","3.8370111","11.2804203","76.15296173","1001.70300293","0","25.70145988","0","7.34350777"
"2013-02-12 02:00:00","5.04912165","2.81702799","0.15935686","0.21828074","0.32644175","0.84073458","160.63330078","3.70051098","11.52542973","73.35836029","1001.38000488","0","25.70145988","0","7.34350777"
"2013-02-12 03:00:00","4.74562989","2.6159984","0.17016806","0.16793314","0.14590696","1.27968805","163.46350098","3.71987391","11.57026958","75.2053299","1000.67199707","0","25.70145988","0","7.34350777"
"2013-02-12 04:00:00","4.78583542","2.46165794","0.17810753","0.18888436","0.17327239","0.96857148","163.24330139","3.84098601","11.40320015","79.25987244","1000.11901855","0","25.70145988","0","7.34350777"
"2013-02-12 05:00:00","6.18786678","3.78586898","0.15878601","0.16628764","0.14149724","1.27143713","159.97610474","4.41517878","11.58281994","75.60913086","999.67541504","0","25.70145988","0","7.34350777"
"2013-02-12 06:00:00","9.65597666","7.01533641","0.14803772","0.16683682","0.17262355","1.16365038","161.61010742","4.61450815","11.78190994","75.42591095","999.51092529","0","25.70145988","0","7.34350777"
"2013-02-12 07:00:00","19.18095456","14.51963049","0.19803602","0.19974287","0.40183399","1.10980227","162.27130127","4.5822382","12.10811996","74.5938797","1000.04400635","9.31115246","25.70145988","0","7.34350777"
"2013-02-12 08:00:00","21.64261632","16.68558042","0.22814195","0.31765792","0.81552111","1.05861462","162.54420471","4.91645193","12.60859966","74.67745209","1000.28601074","72.08586121","25.70145988","0","7.34350777"
"2013-02-12 09:00:00","19.50779184","14.35232093","0.29347049","0.42010745","2.05462374","1.21279793","160.98350525","5.79484606","13.11021996","76.81047058","1000.17700195","131.26170349","25.70145988","0","7.34350777"
"2013-02-12 10:00:00","17.52861372","12.43928462","0.24501465","0.40442225","1.24675556","0.73711753","160.74690247","6.13663721","13.2927599","73.74732208","1000.47302246","119.02210236","25.70145988","0.2","7.34350777"
"2013-02-12 11:00:00","21.20681416","16.32242661","0.26444568","0.38380055","1.49460252","0.99802481","157.43170166","4.80421591","11.64474964","92.38014221","1000.41601563","45.98696136","25.70145988","2.20000005","7.34350777"
"2013-02-12 12:00:00","20.25224816","15.68820665","0.26579825","0.46221226","1.43940587","1.07342926","159.20410156","5.04440689","12.44878006","95.11884308","999.71551514","47.71469116","25.70145988","0.2","7.34350777"
"2013-02-12 13:00:00","19.67509184","15.41973126","0.25259414","0.44270315","1.24701489","1.44895448","159.15310669","5.02164507","12.4995203","82.53472137","999.328125","4.44240999","25.70145988","1.20000005","7.34350777"
"2013-02-12 14:00:00","17.61680663","13.67270626","0.25597846","0.43919348","1.19046766","1.57120093","161.15440369","4.65284586","12.61491013","89.57759094","999.30670166","30.86284065","25.70145988","0.60000002","7.34350777"
"2013-02-12 15:00:00","14.85814244","11.13582451","0.24629032","0.40815159","0.95987104","1.37230624","159.29750061","5.39285707","13.43474007","80.38475037","999.0557251","68.29263306","25.70145988","0","7.34350777"
"2013-02-12 16:00:00","17.41318246","13.21617229","0.26041245","0.34540981","0.7378335","1.23879245","159.95570374","5.43211985","13.47632027","77.1969223","998.41131592","43.20410156","25.70145988","0","7.34350777"
"2013-02-12 17:00:00","20.49088488","16.14603696","0.27521261","0.38698172","0.90825219","1.08336535","162.60760498","5.03791094","13.08065033","79.95243073","998.4005127","0.96052098","25.70145988","0","7.34350777"
"2013-02-12 18:00:00","21.58942448","17.21085462","0.295331","0.46617653","1.12912222","1.21652523","159.04310608","5.08022118","13.05914974","79.07447052","998.24822998","0","25.70145988","0","7.34350777"
"2013-02-12 19:00:00","20.73862272","16.41710502","0.23268778","0.49699976","1.22548602","1.63161276","158.54220581","4.81590796","12.97741032","78.18972015","998.07470703","0","25.70145988","0","7.34350777"
"2013-02-12 20:00:00","19.56356488","15.4729078","0.259216","0.49305075","1.11602326","1.26416354","144.09680176","5.16514015","12.93148041","78.23435974","997.79510498","0","25.70145988","0","7.34350777"
"2013-02-12 21:00:00","13.58710602","10.42637882","0.23634588","0.45619467","0.99877943","1.69477863","152.93380737","5.72494602","12.89085007","79.19026184","997.4262085","0","25.70145988","0","7.34350777"
"2013-02-12 22:00:00","9.38750318","6.62883708","0.21576383","0.32029703","0.50872069","1.61954911","143.93099976","5.51121807","13.05140972","77.14794159","997.29962158","0","25.70145988","0","7.34350777"
"2013-02-12 23:00:00","9.33043572","6.70795373","0.18662252","0.22837142","0.35640155","1.86572718","156.081604","4.42701101","11.47239017","78.53025055","997.73431396","0","25.70145988","3.5999999","7.34350777"
"2013-02-13 00:00:00","10.07489969","7.56525246","0.17435274","0.17626949","0.36521996","1.22850142","152.12390137","2.63071489","7.5032568","98.1660614","998.1472168","0","25.70145988","6.19999981","7.34350777"
"2013-02-13 01:00:00","10.20459638","8.01141193","0.1748933","0.1592683","0.55574168","1.59657203","123.1292038","1.57701194","7.97110415","99.24263","996.96520996","0","14.62928963","0","9.88617611"
"2013-02-13 02:00:00","","","0.15657484","0.19118685","0.89632075","1.42367084","139.36500549","2.87477589","8.51953697","99.24263","995.56811523","0","14.62928963","2.79999995","9.88617611"
"2013-02-13 03:00:00","","","0.15721326","0.0510056","0.17065565","","142.33590698","1.98462701","7.63152981","99.24298096","995.14532471","0","14.62928963","0","9.88617611"
"2013-02-13 04:00:00","","","","0.08698299","0.25290451","1.05981062","122.85520172","1.54520905","7.5237422","99.24284363","994.74291992","0","14.62928963","1.20000005","9.88617611"
"2013-02-13 05:00:00","","","0.16111484","0.13897508","0.47455356","0.98137042","128.11810303","2.27802992","7.87993622","99.24298096","993.94561768","0","14.62928963","1","9.88617611"
"2013-02-13 06:00:00","","","0.24784676","0.11791505","0.32721975","1.61324676","139.6967926","1.71693599","8.06132221","99.2427597","993.24487305","0","14.62928963","0.40000001","9.88617611"
"2013-02-13 07:00:00","","","0.31064725","0.30032722","0.83704999","1.35047328","153.71980286","2.1882019","7.82831383","99.24284363","993.72247314","53.46968079","14.62928963","0","9.88617611"
"2013-02-13 08:00:00","","","0.56585798","0.46178919","1.593041","1.24022235","159.74580383","2.74438","8.47232437","99.24121094","994.33081055","167.65870667","14.62928963","0.40000001","9.88617611"
"2013-02-13 09:00:00","","","0.35701658","0.80895333","2.84952315","1.13345565","191.31660461","3.43472099","9.25708961","94.4656601","995.32672119","254.57670593","14.62928963","0","9.88617611"
"2013-02-13 10:00:00","","","0.31599344","0.54800435","1.95890981","1.11079486","188.87690735","3.55957007","8.79595757","93.0083313","996.51391602","114.7405014","14.62928963","0.2","9.88617611"
"2013-02-13 11:00:00","","","0.44191596","0.62215382","1.75386227","1.07070269","199.3052063","2.64661694","8.79066658","92.25022125","998.03070068","250","14.62928963","0","9.88617611"
"2013-02-13 12:00:00","","","0.44536086","0.84504157","2.48080166","0.82405374","190.54370117","1.73809195","9.74827099","73.62033081","998.66540527","461.19439697","14.62928963","0","9.88617611"
"2013-02-13 13:00:00","","","0.47288166","0.95802112","2.52476759","0.91600376","214.18170166","1.52662206","9.71842384","68.40882111","999.10540771","316.26260376","14.62928963","0","9.88617611"
"2013-02-13 14:00:00","","","0.36913375","1.0996282","3.64364455","0.89247242","218.64160156","1.56745195","9.82146358","65.05187988","999.89782715","239.52580261","14.62928963","0","9.88617611"
"2013-02-13 15:00:00","","","0.4921659","0.7345852","1.53817996","0.66499596","213.79690552","0.84427702","9.50997257","70.78170013","1000.5960083","101.67259979","14.62928963","0","9.88617611"
"2013-02-13 16:00:00","","","0.5422178","0.99015934","2.41789919","0.52554695","178.87440491","0.74510902","9.39987946","71.12637329","1000.96801758","46.85591125","14.62928963","0","9.88617611"
"2013-02-13 17:00:00","","","0.53394164","1.37341172","3.38555232","0.52118809","137.73210144","1.23814905","9.10351467","71.77220154","1001.49700928","4.74969482","14.62928963","0","9.88617611"
"2013-02-13 18:00:00","","","0.72864576","1.71539017","3.95729548","0.272795","103.8839035","0.83554298","8.35422707","76.6473999","1002.00201416","0","14.62928963","0","9.88617611"
"2013-02-13 19:00:00","","","0.73941618","2.5701146","7.21050966","0.64538617","110.07710266","0.90784597","7.90299892","76.00981903","1002.46801758","0","14.62928963","0","9.88617611"
"2013-02-13 20:00:00","","","0.76250182","2.64196057","5.78049477","0.76348122","113.7460022","1.20303798","7.81508684","75.43875122","1002.89801025","0","14.62928963","0","9.88617611"
"2013-02-13 21:00:00","","","0.52756676","2.58854264","5.00512787","0.57086753","99.42626953","1.18865895","7.79405785","75.52848053","1003.30401611","0","14.62928963","0","9.88617611"
"2013-02-13 22:00:00","","","0.50317399","1.6046348","2.86806916","0.6048577","70.96520996","0.55075997","7.34296608","80.5242691","1003.45501709","0","14.62928963","0","9.88617611"
"2013-02-13 23:00:00","","","0.39352652","1.4041241","2.52775045","0.51595868","74.91149139","0.77186","7.90971422","85.52915955","1003.41400146","0","14.62928963","0","9.88617611"
"2013-02-14 00:00:00","","","0.27758339","0.91162253","1.43909263","0.50550087","97.72176361","1.03277194","8.42321301","94.5319519","1003.42700195","0","14.62928963","0","9.88617611"
"2013-02-14 01:00:00","","","0.20545358","0.4984256","1.16102754","0.36605186","157.51150513","4.29447222","7.35978889","88.17649078","1004.00701904","0","7.12876606","1.79999995","5.42287302"
"2013-02-14 02:00:00","","","0.210985","0.18438617","0.29803897","0.33946952","138.44140625","1.90269899","7.12189722","95.20980072","1003.69702148","0","7.12876606","1.39999998","5.42287302"
"2013-02-14 03:00:00","","","0.17577171","0.13151641","0.23370965","0.64320572","123.3348999","1.36582196","6.84825802","96.81011963","1003.14501953","0","7.12876606","0","5.42287302"
"2013-02-14 04:00:00","","","0.17299435","0.12680058","0.35238033","0.74212829","113.60610199","1.11957395","6.73260117","99.17507172","1003.30401611","0","7.12876606","0","5.42287302"
"2013-02-14 05:00:00","","","0.23382715","0.13063874","0.39777413","0.58437735","141.86289978","1.74644995","7.05481005","98.01348877","1003.5380249","0","7.12876606","0.2","5.42287302"
"2013-02-14 06:00:00","","","0.22551371","0.16288781","0.47870292","0.53295377","92.26023102","0.80828899","7.00651312","99.2427597","1003.60101318","0.038665","7.12876606","0.40000001","5.42287302"
"2013-02-14 07:00:00","","","0.25770732","0.23988894","0.80293981","0.64887143","109.06340027","1.01677406","7.49152088","99.24304962","1003.58001709","46.48962021","7.12876606","0","5.42287302"
"2013-02-14 08:00:00","","","0.47696032","0.53023532","1.86021199","0.70682924","325.58630371","0.95381302","8.45462036","97.27017975","1004.17102051","222.65350342","7.12876606","0","5.42287302"
"2013-02-14 09:00:00","","","0.31286541","0.94452451","3.50338194","0.66325181","331.80529785","1.78199196","9.52564144","86.62107086","1004.625","249.00280762","7.12876606","0","5.42287302"
"2013-02-14 10:00:00","","","0.25034336","0.72010617","1.56554539","0.58524791","331.2026062","2.05153894","10.38868046","80.35083008","1004.50500488","318.56530762","7.12876606","0","5.42287302"
"2013-02-14 11:00:00","","","0.16741516","0.48043589","1.24208651","0.75389396","336.27639771","2.09023404","9.77303028","85.97789001","1004.38500977","170.51060486","7.12876606","0","5.42287302"
"2013-02-14 12:00:00","","","0.2122164","0.24175412","0.65469884","0.64407932","334.57070923","2.216223","10.21074963","83.69290161","1004.09100342","260.57470703","7.12876606","0","5.42287302"
"2013-02-14 13:00:00","","","0.22760372","0.2538432","0.67522088","0.70726553","334.6328125","3.2610271","10.63457966","78.95217133","1003.90100098","329.47491455","7.12876606","0","5.42287302"
"2013-02-14 14:00:00","","","0.23144356","0.29799931","0.47105711","0.55256559","329.37579346","3.60228992","10.82600021","75.19685364","1003.72802734","251.88220215","7.12876606","0","5.42287302"
"2013-02-14 15:00:00","","","0.18498686","0.3371833","0.28403183","0.78526841","328.17330933","3.85204411","10.50712013","76.6058197","1003.65802002","80.15261078","7.12876606","0","5.42287302"
"2013-02-14 16:00:00","","","0.22836796","0.28343587","0.33111079","0.61880382","330.94891357","3.84677792","10.17296982","81.23484039","1003.76501465","40.4833107","7.12876606","0","5.42287302"
"2013-02-14 17:00:00","","","0.23992476","0.43853549","0.41554213","0.71423808","328.54541016","3.11713004","9.77438641","84.66857147","1003.77502441","3.66198611","7.12876606","0","5.42287302"
"2013-02-14 18:00:00","","","0.34616694","0.84953875","0.89113303","0.75563812","336.48770142","2.20102811","8.60989094","94.2481308","1003.99700928","0","7.12876606","0","5.42287302"
"2013-02-14 19:00:00","","","0.36715441","1.04774594","1.93102468","0.49722045","334.00540161","1.95923698","8.09991932","99.0535202","1004.29699707","0","7.12876606","0","5.42287302"
"2013-02-14 20:00:00","","","0.3938434","1.05750813","1.53584492","0.57827535","332.30410767","2.28204489","7.91222382","95.94512177","1004.5670166","0","7.12876606","0","5.42287302"
"2013-02-14 21:00:00","","","0.40762302","1.16258965","1.43247806","0.83974097","329.30880737","2.31312609","8.27147007","94.91107178","1004.59002686","0","7.12876606","0","5.42287302"
"2013-02-14 22:00:00","","","0.32617554","1.18979237","1.30524831","0.59091361","329.93380737","3.366853","9.70601082","87.20362091","1004.51300049","0","7.12876606","0","5.42287302"
"2013-02-14 23:00:00","","","0.34763251","1.3105601","0.71007855","0.48981364","332.36221313","3.63149405","9.77228355","84.00163269","1004.53601074","0","7.12876606","0","5.42287302"
"2013-02-15 00:00:00","","","0.34616694","1.08558851","0.68115711","0.74910186","332.6177063","2.95123792","9.01411057","87.25334167","1004.62200928","0","7.12876606","0","5.42287302"
"2013-02-15 01:00:00","","","0.40671315","1.17827586","0.84392389","0.66978806","332.67660522","2.61561608","7.65873098","94.79704285","1004.73699951","0","31.38430977","0","21.02659035"
"2013-02-15 02:00:00","","","0.44306348","1.40379561","1.01081867","0.81577333","333.10690308","2.12894201","7.44980383","95.67752075","1004.8460083","0","31.38430977","0","21.02659035"
"2013-02-15 03:00:00","","","0.41328608","1.48990093","1.03340828","","328.10931396","2.30381298","7.31176281","93.88114166","1004.82000732","0","31.38430977","0","21.02659035"
"2013-02-15 04:00:00","","","","1.43035253","0.99198587","0.86449475","330.64260864","2.1670661","6.9222641","92.64318085","1004.98400879","0","31.38430977","0","21.02659035"
"2013-02-15 05:00:00","","","0.45730561","1.42024864","1.00396715","1.00210909","325.63040161","1.91751504","6.67290783","89.60845184","1005.35101318","0","31.38430977","0","21.02659035"
"2013-02-15 06:00:00","","","0.44085464","1.43560534","1.07302856","1.08061844","336.80621338","2.21117997","6.43813705","85.27600098","1005.56402588","0","31.38430977","0","21.02659035"
"2013-02-15 07:00:00","","","0.50831979","1.43571517","1.1972124","0.94256475","328.4894104","1.497697","6.35008907","84.94483948","1006.10601807","27.18354988","31.38430977","0","21.02659035"
"2013-02-15 08:00:00","","","0.66849681","1.85494495","2.40920995","1.2649863","303.35980225","1.69925904","8.11470699","75.75315094","1006.53100586","247.54170227","31.38430977","0","21.02659035"
"2013-02-15 09:00:00","","","0.54819541","2.07388369","4.16981594","1.45464459","327.42581177","1.84446895","10.18266964","67.36894989","1006.82202148","422.61480713","31.38430977","0","21.02659035"
"2013-02-15 10:00:00","","","0.48782628","1.73373889","3.00321219","1.76383293","334.54229736","2.22275805","11.63823986","63.42015076","1007.01202393","531.11010742","31.38430977","0","21.02659035"
"2013-02-15 11:00:00","","","0.43122359","1.4152033","2.35849928","1.73869371","331.31140137","1.97008204","12.4839201","59.87924957","1007.29302979","489.31820679","31.38430977","0","21.02659035"
"2013-02-15 12:00:00","","","0.43487004","1.34423399","3.04523259","1.59534654","334.2611084","2.07072902","12.5518198","57.69589996","1007.18200684","439.71600342","31.38430977","0","21.02659035"
"2013-02-15 13:00:00","","","0.41988697","1.23388745","1.54064415","1.69502882","335.3243103","2.45856309","12.44295025","57.65391159","1006.98199463","420.31430054","31.38430977","0","21.02659035"
"2013-02-15 14:00:00","","","0.39344846","1.21754426","1.13781248","1.5825537","335.22790527","2.71377611","11.88399982","60.66659164","1007.10601807","270.10070801","31.38430977","0","21.02659035"
"2013-02-15 15:00:00","","","0.45587848","1.16610034","0.72097266","1.36907625","337.24429321","2.51634789","11.21794033","63.43453979","1007.29400635","59.98574066","31.38430977","0","21.02659035"
"2013-02-15 16:00:00","","","0.44608782","1.33107197","0.97322934","1.0537137","336.48620605","1.73595297","10.58681965","70.12284088","1007.43200684","35.81602097","31.38430977","0","21.02659035"
"2013-02-15 17:00:00","","","0.54193237","1.6510334","1.08774964","0.87066896","343.61419678","0.833781","9.53730869","80.86501312","1007.84100342","2.84798598","31.38430977","0","21.02659035"
"2013-02-15 18:00:00","","","0.75324357","2.2426945","2.39727749","0.99064139","27.12969971","0.42484701","8.98419571","87.08099365","1008.27001953","0","31.38430977","0","21.02659035"
"2013-02-15 19:00:00","","","1.07795936","2.86528665","5.11334582","1.2147048","197.6000061","0.161172","8.73334789","91.45062256","1008.59899902","0","31.38430977","0","21.02659035"
"2013-02-15 20:00:00","","","0.7537585","3.23438442","9.12983274","1.01401816","74.26470184","0.32320601","9.26963806","88.48107147","1008.78601074","0","31.38430977","0","21.02659035"
"2013-02-15 21:00:00","","","1.39990012","2.3565507","4.76433685","1.79250318","198.04330444","0.44132999","9.09903717","88.9360199","1008.9420166","0","31.38430977","0","21.02659035"
"2013-02-15 22:00:00","","","1.61636294","4.4769418","9.45033826","1.243372","196.1578064","0.381724","8.88237762","91.88095093","1008.90002441","0","31.38430977","0","21.02659035"
"2013-02-15 23:00:00","","","1.09103881","4.92517031","9.14983306","0.67351334","193.48370361","0.38901401","8.79358387","90.3445816","1009.01202393","0","31.38430977","0","21.02659035"
"2013-02-16 00:00:00","","","1.10134557","3.66787864","5.63679369","1.26189767","192.05670166","0.210068","8.63960171","92.69982147","1008.78601074","0","31.38430977","0","21.02659035"
"2013-02-16 01:00:00","","","1.00748268","3.52067704","6.14260271","0.99240386","273.73660278","0.54598403","8.10270023","94.7052002","1008.875","0","19.38941956","0","13.14447975"
"2013-02-16 02:00:00","","","0.59397758","3.4999455","4.33867862","1.04445086","270.51849365","0.64804101","7.8298068","93.73455048","1008.77801514","0","19.38941956","0","13.14447975"
"2013-02-16 03:00:00","","","0.38001019","1.78957015","2.17926116","0.65631078","273.24710083","0.45606399","7.71347189","87.67311096","1008.46502686","0","19.38941956","0","13.14447975"
"2013-02-16 04:00:00","","","0.37422363","0.94979359","1.36633442","0.8640554","300.45001221","0.38290599","7.3852272","89.66612244","1008.08502197","0","19.38941956","0","13.14447975"
"2013-02-16 05:00:00","","","0.35801732","0.86917295","1.42534584","0.84067864","888","0","6.97001791","93.74330139","1007.95300293","0","19.38941956","0","13.14447975"
"2013-02-16 06:00:00","","","0.53325196","0.99224317","2.28963109","0.90507407","65.23683167","0.60497397","6.79500818","97.12644196","1007.92901611","0.11803","19.38941956","0","13.14447975"
"2013-02-16 07:00:00","","","0.38476688","1.2595545","3.3305611","0.77231082","50.71427155","0.82481802","7.55887985","91.81027222","1008.19500732","30.68272972","19.38941956","0","13.14447975"
"2013-02-16 08:00:00","","","0.57443587","1.10138354","1.69926055","0.86273229","331.69421387","0.60764003","8.43209934","90.79940033","1008.44702148","85.35816193","19.38941956","0","13.14447975"
"2013-02-16 09:00:00","","","0.52948551","1.755043","3.74793688","1.1361924","327.02319336","0.57614797","9.55352116","91.03961182","1008.69702148","102.2201004","19.38941956","0","13.14447975"
"2013-02-16 10:00:00","","","0.45084452","1.81534703","2.95094449","0.91521762","118.16259766","2.09614706","9.13560009","83.18164063","1009.02801514","167.48460388","19.38941956","0","13.14447975"
"2013-02-16 11:00:00","","","0.37057718","1.20218756","3.15988307","0.84773357","114.72170258","2.21273589","9.18423653","85.01634979","1009.04101563","261.07940674","19.38941956","0","13.14447975"
"2013-02-16 12:00:00","","","0.35190689","0.96855114","1.87370046","1.04886261","88.41892242","3.0569911","9.09591675","86.13484955","1008.72302246","259.31610107","19.38941956","0","13.14447975"
"2013-02-16 13:00:00","","","0.37481778","0.74676073","1.3691871","0.74849471","96.98635864","2.77569795","9.09035492","87.51363373","1008.4710083","249.66000366","19.38941956","0","13.14447975"
"2013-02-16 14:00:00","","","0.31222932","0.7875648","1.58370291","1.02151548","88.75067139","2.04082608","9.09632397","86.29154968","1008.31500244","176.02360535","19.38941956","0","13.14447975"
"2013-02-16 15:00:00","","","0.32681629","0.71429198","0.95157029","0.84596908","102.21829987","1.42932796","9.73938465","83.30464172","1008.39001465","114.46980286","19.38941956","0","13.14447975"
"2013-02-16 16:00:00","","","0.34738902","0.69608463","0.99579657","0.83141581","42.21660995","0.73868799","9.78374767","80.93392181","1008.51000977","41.79589081","19.38941956","0","13.14447975"
"2013-02-16 17:00:00","","","0.45663107","0.77802127","1.2542783","0.85214532","50.64419174","0.68817103","9.31671524","86.95175934","1008.684021","1.95665503","19.38941956","0","13.14447975"
"2013-02-16 18:00:00","","","0.55949242","1.17663035","2.24851784","0.95315071","342.37600708","0.60554397","8.93474483","92.61762238","1008.94799805","0","19.38941956","0","13.14447975"
"2013-02-16 19:00:00","","","0.48247543","1.94455994","3.07571107","0.83891313","351.26519775","0.56946802","8.70879173","92.74758148","1009.21801758","0","19.38941956","1","13.14447975"
"2013-02-16 20:00:00","","","0.49151234","1.36792704","2.10313058","0.78333815","20.04611015","0.59266198","8.19956684","99.15634155","1009.42901611","0","19.38941956","0","13.14447975"
"2013-02-16 21:00:00","","","0.45159711","1.31209577","2.07498612","0.91212899","333.07699585","1.39417803","7.56647682","99.24269104","1009.51202393","0","19.38941956","0","13.14447975"
"2013-02-16 22:00:00","","","0.34013457","1.09184103","1.00954437","0.92183423","335.3604126","1.39677596","7.23029518","99.24298096","1009.47302246","0","19.38941956","0","13.14447975"
"2013-02-16 23:00:00","","","0.45040764","0.92566221","0.75443399","0.9253622","314.82330322","0.831339","7.28639317","99.24298096","1009.37200928","0","19.38941956","0","13.14447975"
"2013-02-17 00:00:00","","","0.47542019","1.21096224","1.33235441","0.76745973","329.2756958","0.451455","7.03059292","99.24291229","1009.38000488","0","19.38941956","0","13.14447975"
"2013-02-17 01:00:00","","","0.45349955","1.31845711","1.51042501","0.92448046","323.64950562","0.72462702","7.0019002","99.24284363","1009.32000732","0","29.25727081","0.2","22.23740959"
"2013-02-17 02:00:00","","","0.36780215","1.0750585","1.45738032","1.03695252","317.64709473","1.339167","6.97029018","99.2427597","1008.90301514","0","29.25727081","0.2","22.23740959"
"2013-02-17 03:00:00","","","0.40537923","0.98621033","0.88127627","","332.56921387","1.67396104","6.92531586","99.24291229","1008.38201904","0","29.25727081","0","22.23740959"
"2013-02-17 04:00:00","","","","0.91047332","0.63926586","0.85314198","330.42550659","2.61555696","6.79215908","98.09748077","1008.18103027","0","29.25727081","0","22.23740959"
"2013-02-17 05:00:00","","","0.34367034","0.6822636","0.32410671","0.76339071","331.88949585","2.19869995","6.41921091","99.24298096","1008.19702148","0","29.25727081","0.40000001","22.23740959"
"2013-02-17 06:00:00","","","0.34494369","0.64720558","0.3596051","0.66993451","326.00280762","0.90947503","6.17297602","99.24298096","1007.875","0","29.25727081","0","22.23740959"
"2013-02-17 07:00:00","","","0.40151259","0.66767474","0.62629606","0.73416722","328.0223999","1.03337097","6.353549","99.24311066","1008.26501465","16.80706978","29.25727081","0","22.23740959"
"2013-02-17 08:00:00","","","0.48546948","1.02975725","1.15428381","0.47500714","303.89770508","1.20197797","6.97904015","99.24317169","1008.50402832","74.76902008","29.25727081","0","22.23740959"
"2013-02-17 09:00:00","","","0.48726009","1.33381381","1.44129749","0.73565","326.44250488","1.52164805","7.75559711","96.96092987","1008.55700684","137.72470093","29.25727081","0","22.23740959"
"2013-02-17 10:00:00","","","0.5232481","1.27666654","1.54829606","0.77585201","305.24169922","1.28609896","8.90767956","89.78414154","1008.66101074","210.352005","29.25727081","0","22.23740959"
"2013-02-17 11:00:00","","","0.45800111","1.51108504","2.06176817","0.8368232","330.66290283","1.65186906","9.83346939","86.32756042","1008.49902344","210.09460449","29.25727081","0","22.23740959"
"2013-02-17 12:00:00","","","0.42253152","1.28116372","1.56282187","0.9568353","329.72579956","1.38498294","9.95163536","81.58335114","1008.11999512","147.00840759","29.25727081","0","22.23740959"
"2013-02-17 13:00:00","","","0.4392516","1.09918987","1.26296755","0.67557073","153.77200317","2.24860597","9.29426193","79.06851196","1007.87402344","169.8453064","29.25727081","0","22.23740959"
"2013-02-17 14:00:00","","","0.41460952","1.05893396","1.48383758","0.78964863","178.57200623","1.71895194","9.26000595","79.67256165","1007.77600098","101.3022995","29.25727081","0","22.23740959"
"2013-02-17 15:00:00","","","0.51560454","0.94409025","1.39473719","0.70865272","192.92070007","0.72686797","8.86887836","92.02944183","1007.76702881","65.12718964","29.25727081","0","22.23740959"
"2013-02-17 16:00:00","","","0.47878122","1.29575156","1.87227361","1.17490552","194.53340149","0.51984203","9.13872147","90.14713287","1007.76800537","66.97395325","29.25727081","0","22.23740959"
"2013-02-17 17:00:00","","","0.53395678","1.24386931","1.77085227","0.96158265","303.74731445","0.42170501","8.88563347","89.43087006","1007.85400391","4.22873402","29.25727081","0","22.23740959"
"2013-02-17 18:00:00","","","0.79100238","1.48134491","2.44889634","0.86723455","322.8757019","0.24696","8.34859657","95.77371216","1008.05999756","0","29.25727081","0","22.23740959"
"2013-02-17 19:00:00","","","1.20119306","2.77468415","4.95174554","1.41849024","287.40771484","0.41846001","7.70370388","99.21334076","1008.27801514","0","29.25727081","0","22.23740959"
"2013-02-17 20:00:00","","","1.2330395","3.79478804","7.697254","1.38719003","299.79290771","0.32840699","6.78944588","99.24317169","1008.55999756","0","29.25727081","0","22.23740959"
"2013-02-17 21:00:00","","","1.57511728","3.60414935","8.54792161","1.20828245","176.42410278","0.44646701","6.23334694","99.24324036","1008.57299805","0","29.25727081","0","22.23740959"
"2013-02-17 22:00:00","","","1.32169483","4.16443906","11.61350946","1.01973471","309.75","0.27167299","5.81610394","99.24378967","1008.59399414","0","29.25727081","0","22.23740959"
"2013-02-17 23:00:00","","","1.34972007","3.88955921","7.77662678","0.83904839","210.32110596","0.30088201","5.44329214","99.24352264","1008.73400879","0","29.25727081","0","22.23740959"
"2013-02-18 00:00:00","","","1.18586632","4.80677626","5.64094305","0.56534827","209.30830383","0.313124","5.04755211","99.24324036","1008.75799561","0","29.25727081","0","22.23740959"
"2013-02-18 01:00:00","","","1.00270618","4.08820576","4.52660598","0.82243468","269.13000488","0.407781","4.6604948","99.24365997","1008.53601074","0","37.32501984","0","27.59963989"
"2013-02-18 02:00:00","","","0.90453746","3.41285267","3.58087226","0.8630801","200.39570618","0.31813899","4.50495195","99.24404907","1008.15002441","0","37.32501984","0","27.59963989"
"2013-02-18 03:00:00","","","0.87368593","2.81614622","3.14302223","0.96900065","200.82290649","0.44068801","4.33021402","99.24372101","1007.92901611","0","37.32501984","0","27.59963989"
"2013-02-18 04:00:00","","","0.78455294","2.70623802","3.40280166","0.96024835","186.31500244","0.26661301","4.3932991","99.24404907","1007.75201416","0","37.32501984","0","27.59963989"
"2013-02-18 05:00:00","","","0.87476006","2.1756742","3.49449539","0.96825722","202.08680725","0.264373","4.7360611","99.24324036","1007.82800293","0","37.32501984","0","27.59963989"
"2013-02-18 06:00:00","","","0.91855008","2.36082922","5.16353681","1.11200611","192.15170288","0.390284","4.7342968","99.24365997","1008.01300049","0.414123","37.32501984","0","27.59963989"
"2013-02-18 07:00:00","","","1.41202078","2.59611116","6.28604547","2.24834292","151.11610413","0.243064","5.29500818","99.24330139","1008.23400879","40.46092987","37.32501984","0","27.59963989"
"2013-02-18 08:00:00","","","1.87336544","3.81870076","11.47551273","2.8377229","187.67770386","0.38482001","6.79934883","98.69943237","1008.434021","113.00060272","37.32501984","0","27.59963989"
"2013-02-18 09:00:00","","","1.2073629","3.99409258","13.45634397","1.58864248","159.71690369","0.625489","8.41046047","85.39594269","1008.39501953","209.0749054","37.32501984","0","27.59963989"
"2013-02-18 10:00:00","","","0.81476838","2.93669429","9.38510177","1.23780392","191.48930359","0.76127702","9.95306015","73.46356964","1008.48400879","306.64920044","37.32501984","0","27.59963989"
"2013-02-18 11:00:00","","","0.57535972","1.24038507","3.69595394","1.02236773","187.82350159","1.25806201","10.8386898","68.9615097","1008.4420166","385.60861206","37.32501984","0","27.59963989"
"2013-02-18 12:00:00","","","0.54625685","","","0.98576386","199.20100403","1.15762997","11.41676044","64.33374023","1007.88800049","323.42880249","37.32501984","0","27.59963989"
"2013-02-18 13:00:00","","","0.60875677","","","1.02922943","202.08990479","0.885719","11.71191025","62.89920044","1007.41101074","233.39840698","37.32501984","0.2","27.59963989"
"2013-02-18 14:00:00","","","0.50421899","","","0.92672294","317.28070068","0.71963799","11.74602985","61.62725067","1007.05401611","188.05540466","37.32501984","0","27.59963989"
"2013-02-18 15:00:00","","","0.48232398","","","1.0952429","298.71890259","0.79391801","11.58051014","63.34547043","1006.77801514","112.28530121","37.32501984","0","27.59963989"
"2013-02-18 16:00:00","","","0.49796877","0.83714355","1.25440746","2.17298017","17.27643967","1.054371","10.44769955","74.7294693","1006.66400146","47.92937088","37.32501984","0","27.59963989"
"2013-02-18 17:00:00","","","0.54976001","1.42342981","2.24501631","1.92939545","44.54108047","0.88530999","9.55827045","81.95690918","1006.86199951","4.97252798","37.32501984","0","27.59963989"
"2013-02-18 18:00:00","","","0.65147266","1.70456116","3.14960222","1.83475139","68.27017975","0.45833501","8.85375214","89.6034317","1006.93701172","0","37.32501984","0","27.59963989"
"2013-02-18 19:00:00","","","0.81082719","2.00993473","4.13453926","1.87035453","59.09859085","0.424014","8.42300987","95.09985352","1007.03100586","0","37.32501984","0","27.59963989"
"2013-02-18 20:00:00","","","0.79223612","2.2207568","4.85914362","1.71132624","72.03041077","0.400563","8.11938763","94.80883026","1006.92602539","0","37.32501984","0","27.59963989"
"2013-02-18 21:00:00","","","0.92264971","2.45483155","5.01840887","2.05682555","83.14935303","0.494268","8.03310299","91.86949158","1006.82202148","0","37.32501984","0","27.59963989"
"2013-02-18 22:00:00","","","0.66827196","2.72521422","5.92445621","1.51862406","100.52940369","0.80061799","8.14387512","86.67913055","1006.82501221","0","37.32501984","0","27.59963989"
"2013-02-18 23:00:00","","","0.61301718","2.16035717","3.20298048","1.83445341","116.63770294","1.18651795","7.80308008","94.40882111","1006.65600586","0","37.32501984","0","27.59963989"
"2013-02-19 00:00:00","","","0.49307227","1.63896771","2.44980452","2.1539938","116.68000031","0.96542102","7.85761786","97.61090088","1006.36199951","0","37.32501984","0","27.59963989"
"2013-02-19 01:00:00","","","0.49864563","1.08427252","1.81572638","1.87168883","137.08210754","0.566962","7.90482998","96.94560242","1006.09100342","0","18.7226696","0","12.55867004"
"2013-02-19 02:00:00","","","0.48710165","1.07067116","1.59835788","1.66266889","334.06451416","1.55008101","6.13580322","99.13043976","1005.83599854","0","18.7226696","0","12.55867004"
"2013-02-19 03:00:00","","","0.40605027","1.16906184","1.1502626","","330.2979126","2.00009894","5.87796783","99.24304962","1005.52502441","0","18.7226696","0","12.55867004"
"2013-02-19 04:00:00","","","","0.89056249","0.66040522","1.28463779","333.93560791","1.58669698","5.84656096","99.24298096","1005.53601074","0","18.7226696","0","12.55867004"
"2013-02-19 05:00:00","","","0.39187921","0.80544366","0.53447215","1.63531159","332.09680176","1.67558503","5.90706921","97.37335968","1005.51800537","0","18.7226696","0","12.55867004"
"2013-02-19 06:00:00","","","0.41673448","0.85600992","0.57649357","1.28723927","311.04800415","1.135499","5.41982222","94.73069","1005.30999756","0.18722001","18.7226696","0","12.55867004"
"2013-02-19 07:00:00","","","0.49098226","1.0603598","1.08904733","1.29256429","299.20581055","1.11444104","5.85585499","89.11518097","1005.25201416","77.76557159","18.7226696","0","12.55867004"
"2013-02-19 08:00:00","","","0.56252608","1.39052274","2.24735135","1.45964925","323.2250061","1.937729","7.44369888","77.25295258","1005.5300293","248.05540466","18.7226696","0","12.55867004"
"2013-02-19 09:00:00","","","0.48784142","1.67856562","2.884152","1.7746589","329.48120117","2.63031101","8.54802704","72.46443939","1005.60900879","415.31640625","18.7226696","0","12.55867004"
"2013-02-19 10:00:00","","","0.49285209","1.51085113","1.97123076","1.93795859","331.85580444","2.7477169","9.64835262","69.19122314","1005.65100098","530.63171387","18.7226696","0","12.55867004"
"2013-02-19 11:00:00","","","0.44552746","1.48277075","1.73298122","1.67387522","330.7243042","2.72420311","10.31507969","62.12358093","1005.43103027","499.47491455","18.7226696","0","12.55867004"
"2013-02-19 12:00:00","","","0.48637003","1.42869482","1.40329728","2.29643787","308.27090454","2.71048999","10.99192047","55.03004074","1005.10101318","456.40600586","18.7226696","0","12.55867004"
"2013-02-19 13:00:00","","","0.51675323","1.49977295","1.63583942","2.20145007","335.85440063","2.42430592","10.69190025","53.31705093","1004.63702393","279.19210815","18.7226696","0","12.55867004"
"2013-02-19 14:00:00","","","0.49285209","1.48274634","1.92903543","2.13840217","335.26260376","2.98610902","10.98643017","54.98649979","1004.22302246","296.03271484","18.7226696","0","12.55867004"
"2013-02-19 15:00:00","","","0.50303302","1.49154644","1.29681738","2.10090335","330.50250244","3.61849189","9.78116989","62.36291122","1004.34802246","103.80130005","18.7226696","0","12.55867004"
"2013-02-19 16:00:00","","","0.44560668","1.27414337","1.04754458","1.73183506","315.59500122","2.919909","7.74921989","76.21617126","1004.61999512","50.13735962","18.7226696","0","12.55867004"
"2013-02-19 17:00:00","","","0.50828251","1.1303416","1.31212221","1.38252506","277.52670288","2.15340209","7.39947224","85.55895233","1004.89599609","4.02421713","18.7226696","0","12.55867004"
"2013-02-19 18:00:00","","","0.59450067","1.69348298","2.17783431","1.34934238","288.64950562","1.88211906","6.98059988","84.16448975","1005.36901855","0","18.7226696","0","12.55867004"
"2013-02-19 19:00:00","","","0.74812572","2.02770477","2.66535665","1.67103372","255.73590088","1.11791599","6.51424599","86.14041138","1005.61401367","0","18.7226696","0","12.55867004"
"2013-02-19 20:00:00","","","0.78896829","2.1677772","3.69409588","1.61821786","223.28390503","0.57993901","6.02041912","85.26943207","1005.99200439","0","18.7226696","0","12.55867004"
"2013-02-19 21:00:00","","","0.70951063","2.43530718","3.98041291","1.30563477","247.96560669","0.78438002","5.41894007","88.31201935","1006.69299316","0","18.7226696","0","12.55867004"
"2013-02-19 22:00:00","","","0.58229147","2.20176737","3.31636174","1.47538224","251.44720459","1.02007902","5.81420517","86.58235168","1007.20501709","0","18.7226696","0","12.55867004"
"2013-02-19 23:00:00","","","0.61939555","1.89969803","2.6436976","1.35726786","247.40040588","1.07954001","5.88502312","83.9467392","1007.34301758","0","18.7226696","0","12.55867004"
"2013-02-20 00:00:00","","","0.6219003","1.83947841","1.66551853","1.25222702","208.32870483","0.68860501","4.97212076","87.76277161","1007.71801758","0","18.7226696","0","12.55867004"
"2013-02-20 01:00:00","","","0.55974289","1.71673668","1.67863884","1.30149456","202.35830688","0.49660799","4.38671923","90.30741119","1008.19500732","0","26.46084976","0","19.64550018"
"2013-02-20 02:00:00","","","0.4869269","1.50668347","1.53013854","1.03746916","195.48840332","0.36452699","4.47551298","89.0658493","1008.26000977","0","26.46084976","0","19.64550018"
"2013-02-20 03:00:00","","","0.45741861","1.20054206","1.02212466","1.13659717","311.48370361","0.444287","3.9154799","87.55229187","1007.99102783","0","26.46084976","0","19.64550018"
"2013-02-20 04:00:00","","","0.51158296","1.19275489","1.41471005","1.02682219","199.02310181","0.19933601","3.40625501","89.54930115","1008.13500977","0","26.46084976","0","19.64550018"
"2013-02-20 05:00:00","","","0.5264169","1.27183986","2.0317982","1.26494358","198.89390564","0.22755","3.12237191","92.55812073","1008.44799805","0","26.46084976","0","19.64550018"
"2013-02-20 06:00:00","","","0.64675674","1.43867668","2.70867475","1.05136748","198.25450134","0.64385599","3.08580995","97.56700897","1008.5960083","0.69393599","26.46084976","0","19.64550018"
"2013-02-20 07:00:00","","","","","","","","0.84032398","","","","","26.46084976","0","19.64550018"
"2013-02-20 08:00:00","162.41753592","79.49287224","1.12228644","2.17600371","5.77426972","","184.42570496","0.738671","8.01451683","60.20275116","1009.27301025","287.11010742","26.46084976","0","19.64550018"
"2013-02-20 09:00:00","73.7615184","46.78446032","0.68061048","2.84049727","8.36453312","","154.29310608","1.48788202","10.47815037","55.06084061","1009.02801514","457.4855957","26.46084976","0","19.64550018"
"2013-02-20 10:00:00","32.91720232","23.18212048","0.53674346","2.02090409","4.97470127","","190.51690674","1.98771298","11.90536976","49.75138092","1008.92401123","571.30340576","26.46084976","0","19.64550018"
"2013-02-20 11:00:00","30.12612208","21.27815088","0.49000017","1.36441737","2.62580044","","179.76800537","2.25250912","12.40869045","47.34730148","1008.73400879","553.06982422","26.46084976","0","19.64550018"
"2013-02-20 12:00:00","28.19232528","20.481822","0.43634143","1.33425315","2.34967985","","181.46310425","2.43711901","12.7804203","46.16326141","1008.38800049","518.71166992","26.46084976","0","19.64550018"
"2013-02-20 13:00:00","35.20636344","25.10163464","0.41034213","1.15666664","2.26641603","","179.0316925","2.60581803","12.58275032","47.99483109","1007.82202148","422.25170898","26.46084976","0","19.64550018"
"2013-02-20 14:00:00","21.250924","16.05524946","0.36292663","1.13341294","2.3774348","","159.89190674","3.16336608","12.02258015","48.15417099","1007.39801025","225.53300476","26.46084976","0","19.64550018"
"2013-02-20 15:00:00","20.463658","16.60386918","0.31128334","0.85206192","1.38929014","","183.17210388","2.51793098","11.63838005","50.3776207","1006.98101807","90.72039032","26.46084976","0","19.64550018"
"2013-02-20 16:00:00","26.88239496","22.34556312","0.40315058","0.92171422","1.74750703","","160.4703064","2.31904888","11.31902027","54.27669144","1006.9130249","70.45278168","26.46084976","0","19.64550018"
"2013-02-20 17:00:00","52.5170952","8.46016598","0.51058688","0.92774706","2.4619953","","148.80880737","2.41900301","10.61898041","60.75999069","1007.12200928","6.64529896","26.46084976","0","19.64550018"
"2013-02-20 18:00:00","53.9204076","44.5640356","0.63762081","1.17355901","2.2871669","","139.33140564","2.00098205","9.78795338","65.21646118","1007.1630249","0","26.46084976","0","19.64550018"
"2013-02-20 19:00:00","53.01643312","44.44212648","0.68191411","2.06170817","3.78008323","","130.34620667","2.14328003","9.35877132","69.87055969","1007.19000244","0","26.46084976","0","19.64550018"
"2013-02-20 20:00:00","55.0941844","46.18395848","0.73383467","1.96540132","3.83040439","","130.3934021","1.74560404","8.83204556","75.26055145","1006.98101807","0","26.46084976","0","19.64550018"
"2013-02-20 21:00:00","44.07638","38.71597328","0.74837503","2.17551453","4.03846734","","128.30990601","2.07374597","8.63810921","80.51573181","1007.16101074","0","26.46084976","0","19.64550018"
"2013-02-20 22:00:00","29.52562024","26.19629288","0.65263533","2.27176138","3.43755967","","140.95570374","2.22742295","9.00400257","81.3004303","1006.83502197","0","26.46084976","0","19.64550018"
"2013-02-20 23:00:00","22.80989232","20.24188512","0.57641521","1.96430397","2.4579751","","137.09350586","1.93290401","9.21645737","80.99694061","1006.49200439","0","26.46084976","0","19.64550018"
"2013-02-21 00:00:00","11.5923604","9.38231402","0.43250858","1.48869477","1.9390661","","147.72950745","2.28936195","10.04333973","79.12236023","1006.39001465","0","26.46084976","0","19.64550018"
"2013-02-21 01:00:00","8.48221516","6.47449662","0.37877179","0.92895323","1.15337563","","154.69110107","1.83617198","9.6724329","82.41580963","1006.13201904","0","18.79775047","0.2","13.76638031"
"2013-02-21 02:00:00","6.60549156","4.70153343","0.34198459","0.74599289","1.04209753","","153.13710022","2.19432306","8.94695473","90.63246155","1005.85400391","0","18.79775047","0.2","13.76638031"
"2013-02-21 03:00:00","4.96222507","3.0764233","0.34344666","0.64200769","0.82887941","","151.18940735","2.87687206","8.78713989","99.04286957","1005.05200195","0","18.79775047","0.40000001","13.76638031"
"2013-02-21 04:00:00","","","","","","","","","","","","","18.79775047","","13.76638031"
"2013-02-21 05:00:00","","","","","","","","2.76057291","","","","","18.79775047","0","13.76638031"
"2013-02-21 06:00:00","16.24201362","10.54310642","0.04097538","","","","140.38870239","2.352566","8.95170307","99.24047089","1003.86999512","0.198413","18.79775047","0.2","13.76638031"
"2013-02-21 07:00:00","36.20111968","28.36482592","0.15315207","","","","142.71459961","1.77983701","9.1604948","99.23999023","1003.59100342","7.0360198","18.79775047","0","13.76638031"
"2013-02-21 08:00:00","78.05451288","56.28088632","0.43432598","","","","144.98620605","1.43371797","9.52652359","99.23986053","1003.45001221","47.17541122","18.79775047","0.2","13.76638031"
"2013-02-21 09:00:00","56.75171632","42.29173832","0.28283404","","","","153.34660339","1.98307705","10.53777981","97.778862","1003.26501465","100.28579712","18.79775047","0","13.76638031"
"2013-02-21 10:00:00","37.69137072","28.5243632","0.22984635","","","","149.61090088","2.41720009","11.44736004","89.26306152","1003.09002686","101.71640015","18.79775047","0","13.76638031"
"2013-02-21 11:00:00","33.95218704","26.37137472","0.31487853","","","","141.50390625","2.67991805","11.31033039","88.42842102","1002.63000488","71.05718231","18.79775047","0.2","13.76638031"
"2013-02-21 12:00:00","34.85099912","26.20535576","0.26619901","","","","143.55200195","2.559479","11.40849018","89.37342072","1001.50701904","87.6058197","18.79775047","0","13.76638031"
"2013-02-21 13:00:00","39.59662136","29.90044872","0.2729164","","","","155.12350464","2.30585408","11.21123028","89.04524994","1000.8460083","103.06559753","18.79775047","0","13.76638031"
"2013-02-21 14:00:00","34.18824256","27.272768","0.21823013","","","","143.06280518","1.63887703","11.16625977","80.8885498","1000.03302002","66.99124146","18.79775047","0","13.76638031"
"2013-02-21 15:00:00","31.0534612","26.50626632","0.20594171","","","","72.88327026","0.69200301","10.87395954","79.96308136","999.31842041","38.69453049","18.79775047","0","13.76638031"
"2013-02-21 16:00:00","32.11307248","27.67224216","0.24498086","","","","76.64456177","0.78701103","10.60317039","85.34161377","998.73382568","15.3449297","18.79775047","0.2","13.76638031"
"2013-02-21 17:00:00","47.15280712","40.7950056","0.35395729","","","","21.29339027","0.40171999","9.94831181","94.66734314","998.76330566","0","18.79775047","0.40000001","13.76638031"
"2013-02-21 18:00:00","30.30770472","26.63985776","0.20337289","","","","51.38483047","0.97651601","9.70614624","99.24024963","998.3637085","0","18.79775047","0.2","13.76638031"
"2013-02-21 19:00:00","57.47412728","47.74938936","0.59636933","","","","337.625","0.391141","9.68165874","99.23992157","998.26312256","0","18.79775047","0","13.76638031"
"2013-02-21 20:00:00","39.52530376","34.81469024","0.3276015","","","","332.18060303","0.51640803","9.62806988","99.23944092","998.14007568","0","18.79775047","0.2","13.76638031"
"2013-02-21 21:00:00","32.76284656","29.15469224","0.24869488","","","","331.85571289","0.43322101","9.82376957","99.23857117","997.98791504","0","18.79775047","0.40000001","13.76638031"
"2013-02-21 22:00:00","50.2603616","41.50317216","0.37430635","","","","299.91259766","0.54803097","9.96696568","99.23571014","997.66052246","0","18.79775047","1.20000005","13.76638031"
"2013-02-21 23:00:00","35.71608352","32.58388336","0.37292349","","","","329.34710693","0.632011","9.89750481","99.2376709","996.83959961","0","18.79775047","1.20000005","13.76638031"
"2013-02-22 00:00:00","32.756384","29.13392792","0.41962718","","","","95.9107132","0.36629999","9.90035343","99.2364502","996.53112793","0","18.79775047","0.2","13.76638031"
"2013-02-22 01:00:00","41.28528064","36.70047672","0.39516917","","","","108.70580292","0.26143801","9.89533424","99.23564148","996.25701904","0","25.05050087","0","18.85470009"
"2013-02-22 02:00:00","21.21589616","18.80094456","0.31029542","","","","327.78359985","0.32488501","9.6494379","99.23470306","995.92401123","0","25.05050087","0","18.85470009"
"2013-02-22 03:00:00","12.26548956","10.0074558","0.19100525","","","","327.32800293","0.86029798","9.38434505","99.23612976","995.50067139","0","25.05050087","0.2","18.85470009"
"2013-02-22 04:00:00","13.98657445","11.72983894","0.11980278","","","","330.95080566","0.84420103","9.19495392","99.23902893","995.31420898","0","25.05050087","0.80000001","18.85470009"
"2013-02-22 05:00:00","10.60276847","8.22541253","0.10791046","","","","329.16290283","0.81792402","9.04368591","99.23950958","995.10150146","0","25.05050087","0.2","18.85470009"
"2013-02-22 06:00:00","15.122725","12.53655762","0.17610956","","","","331.478302","1.12071097","8.56491756","99.24024963","995.41241455","0.035613","25.05050087","0.80000001","18.85470009"
"2013-02-22 07:00:00","20.62189512","16.67779666","","","","","329.02529907","0.881778","8.44213867","99.24005127","995.86407471","7.75233984","25.05050087","0.60000002","18.85470009"
"2013-02-22 08:00:00","25.85259176","19.40142728","0.47116212","","","","328.99060059","1.26740503","8.50929356","99.24066162","996.42730713","59.13817978","25.05050087","0.60000002","18.85470009"
"2013-02-22 09:00:00","22.52454544","17.92419122","0.41236224","3.51453436","1.61664557","0.86281975","327.94689941","1.36398399","8.69610691","99.24134064","996.75231934","104.51869965","25.05050087","0","18.85470009"
"2013-02-22 10:00:00","24.47778728","19.03180709","0.46200172","1.06288297","2.46899938","0.66298535","315.9078064","0.87898898","9.58079147","99.23667145","997.04772949","168.37190247","25.05050087","0","18.85470009"
"2013-02-22 11:00:00","18.05258967","12.73110362","0.40180384","1.35717735","3.37167434","0.59984084","335.38949585","1.50573206","12.05311012","84.16721344","996.96160889","517.87432861","25.05050087","0","18.85470009"
"2013-02-22 12:00:00","13.38737277","9.85052266","0.35177059","1.02196906","2.14515098","0.69643448","330.85699463","1.44659603","13.01959991","61.56858063","996.67321777","402.625","25.05050087","0","18.85470009"
"2013-02-22 13:00:00","15.99948025","11.98404698","0.36934112","0.8804708","1.31717975","0.4790487","332.75460815","1.21396804","13.09300041","59.90068054","996.35601807","448.85620117","25.05050087","0","18.85470009"
"2013-02-22 14:00:00","10.05674142","7.52375059","0.36859319","0.94068941","1.34117384","0.6138195","332.23950195","1.36947298","12.7768898","57.21014023","996.1229248","278.42779541","25.05050087","0","18.85470009"
"2013-02-22 15:00:00","9.96335934","7.57692522","0.3637864","0.78580946","0.84950112","0.69130677","332.52420044","1.12233102","12.03262043","64.37776184","996.04150391","118.3404007","25.05050087","0","18.85470009"
"2013-02-22 16:00:00","18.22768107","15.12013042","0.4252052","0.77758295","0.81980065","0.61543857","72.19084167","1.15798199","11.59000969","65.92674255","996.27331543","66.66564178","25.05050087","0","18.85470009"
"2013-02-22 17:00:00","45.81559256","40.2062052","0.56415708","1.00518653","1.73674209","0.52205051","123.7983017","1.17797601","10.96905994","70.24330139","996.61920166","5.78144121","25.05050087","0","18.85470009"
"2013-02-22 18:00:00","67.4011548","58.5661852","0.75046155","1.66551242","4.84734134","0.6671042","129.35830688","1.79968798","10.4698801","76.21537018","996.8850708","0","25.05050087","0","18.85470009"
"2013-02-22 19:00:00","63.12504328","54.25372656","0.79427137","2.23578399","5.87724809","0.69210003","149.90170288","2.20752096","10.10608959","75.91452026","997.203125","0","25.05050087","0","18.85470009"
"2013-02-22 20:00:00","51.72334752","43.7080332","0.74140134","2.41315082","4.45890531","0.52879525","155.37260437","2.24715495","9.60073376","85.95732117","997.34692383","0","25.05050087","0","18.85470009"
"2013-02-22 21:00:00","52.49633088","44.97907344","0.80695706","2.52086434","3.77826789","0.53227441","144.48530579","1.97950399","9.24813557","94.67623138","997.22247314","0","25.05050087","0","18.85470009"
"2013-02-22 22:00:00","30.52687728","26.01989176","0.63861572","2.49053944","3.73066313","0.50383095","157.34790039","2.37402797","9.61952305","91.40367126","996.8225708","0","25.05050087","0","18.85470009"
"2013-02-22 23:00:00","20.75028592","17.30682937","0.46830554","1.66989976","2.23113935","0.580767","154.63720703","2.84397888","10.27167034","92.61443329","996.75500488","0","25.05050087","0","18.85470009"
"2013-02-23 00:00:00","12.12930736","9.21889729","0.36339263","0.94398042","1.43740746","0.57014647","150.27420044","3.8638761","10.99077034","90.8861618","996.52709961","0","25.05050087","0","18.85470009"
"2013-02-23 01:00:00","10.80509631","7.91284259","0.32754208","0.5157563","0.71954682","0.59801227","150.11610413","3.05117798","11.31589985","93.42247009","996.18701172","0","15.90526009","0","9.47537708"
"2013-02-23 02:00:00","9.11643512","6.27735794","0.24567637","0.30614141","0.62655539","0.64003471","162.53250122","2.77648711","11.73083019","98.85897064","995.81011963","0","15.90526009","0","9.47537708"
"2013-02-23 03:00:00","8.81164702","5.9907262","0.25146758","0.21038272","0.47740624","","165.30499268","2.75802302","11.72451973","99.22811127","995.65270996","0","15.90526009","0","9.47537708"
"2013-02-23 04:00:00","7.98417549","5.63016698","","0.19118685","0.5370655","1.36599881","172.95550537","1.77197397","11.49932003","99.11253357","995.52770996","0","15.90526009","0","9.47537708"
"2013-02-23 05:00:00","10.52365182","8.05940122","0.07591373","0.19634304","0.58583166","1.0047421","192.48510742","1.70946801","11.4941597","94.85089111","996.05462646","0","15.90526009","0","9.47537708"
"2013-02-23 06:00:00","18.83077558","15.46901688","0.11041987","0.2665435","0.62863007","1.19920877","194.17280579","1.49480999","11.31785965","98.58084106","996.7913208","0.834351","15.90526009","0","9.47537708"
"2013-02-23 07:00:00","37.11939592","29.32199224","0.18615885","0.39882774","1.11939563","1.37655832","189.84480286","0.90262902","11.85299969","97.5388031","997.73480225","86.40110016","15.90526009","0","9.47537708"
"2013-02-23 08:00:00","48.70137416","32.70969296","0.34116093","0.61206213","2.27964516","1.15477909","197.11199951","1.31965804","13.61172009","82.26535034","998.60070801","247.24850464","15.90526009","0","9.47537708"
"2013-02-23 09:00:00","34.2167696","23.39741168","0.29846718","1.02580824","3.73494979","1.13475233","197.76550293","1.47644603","15.11089993","69.27696228","999.22271729","371.19760132","15.90526009","0","9.47537708"
"2013-02-23 10:00:00","24.60489704","17.6738741","0.30293845","0.81136667","2.99011221","1.26730709","235.65550232","0.87796801","15.80463982","61.55094147","999.4932251","397.3757019","15.90526009","0","9.47537708"
"2013-02-23 11:00:00","20.7567676","14.34583734","0.28225271","0.73644936","2.40505957","1.13839217","204.13670349","1.21970499","16.92366982","53.02814102","1000.00799561","467.25970459","15.90526009","0","9.47537708"
"2013-02-23 12:00:00","26.04193712","17.8878747","0.28862992","0.59220927","2.15163537","0.8630801","166.55960083","2.09319091","16.97212029","54.54782104","999.97192383","435.45370483","15.90526009","0","9.47537708"
"2013-02-23 13:00:00","22.2742264","14.76735303","0.24749144","0.63378118","2.18833992","1.18937642","159.67990112","3.16958904","17.36676979","53.04489136","999.57061768","484.10150146","15.90526009","0","9.47537708"
"2013-02-23 14:00:00","15.08770672","10.09435429","0.17629596","0.58924777","2.03024219","1.24072475","166.35470581","3.14394689","16.82526016","54.50027084","999.58081055","282.32989502","15.90526009","0","9.47537708"
"2013-02-23 15:00:00","14.69602014","10.42637882","0.14246319","0.34606781","0.98036258","1.32958105","163.51550293","3.23774099","16.40019989","51.44932175","999.63171387","106.58609772","15.90526009","0","9.47537708"
"2013-02-23 16:00:00","15.71544309","11.64942595","0.22019549","0.37140535","1.00396715","1.05135731","150.58630371","3.95757794","14.94668007","69.52149963","999.92840576","74.99694061","15.90526009","0","9.47537708"
"2013-02-23 17:00:00","16.95535023","12.75185456","0.23769262","0.43535431","1.24909059","1.16534165","148.16090393","4.68513107","14.07678032","77.37368011","999.95001221","9.67338276","15.90526009","0","9.47537708"
"2013-02-23 18:00:00","17.71537788","13.84650133","0.25215726","0.52255697","1.60134074","1.1405777","149.09910583","5.231884","13.46994972","85.74636078","1000.02001953","0","15.90526009","0","9.47537708"
"2013-02-23 19:00:00","17.34184765","13.15132298","0.20530329","0.47495222","1.35803366","1.06738015","146.32800293","5.85921621","13.35198021","87.19190216","999.9619751","0","15.90526009","0","9.47537708"
"2013-02-23 20:00:00","17.25495107","12.84912756","0.20378646","0.37524452","1.05610467","1.47561412","147.07800293","5.56572485","13.35381985","86.30944061","1000.16900635","0","15.90526009","0","9.47537708"
"2013-02-23 21:00:00","14.30303722","10.42767516","0.20009225","0.34420263","1.10850152","1.26949364","140.64250183","5.83508301","13.33440971","87.73062134","1000.35699463","0","15.90526009","0","9.47537708"
"2013-02-23 22:00:00","10.84270918","7.65085462","0.17656507","0.30833508","0.77457568","1.00547129","142.53660583","6.33316994","13.37532043","88.04483032","1000.67102051","0","15.90526009","0","9.47537708"
"2013-02-23 23:00:00","11.84786287","8.54057896","0.15323711","0.18701918","0.50399367","1.20758478","153.08680725","5.06233788","13.51906013","88.50540924","1001.42700195","0","15.90526009","0","9.47537708"
"2013-02-24 00:00:00","11.39781249","8.28507458","0.17116297","0.1795605","0.58635033","1.03569653","159.40390015","4.737607","13.78374004","88.48262024","1001.35699463","0","15.90526009","0","9.47537708"
"2013-02-24 01:00:00","9.60150378","6.730001","0.13927925","0.14248577","0.55950357","0.80190145","156.51300049","5.17214918","14.06200027","88.61611938","1000.95800781","0","34.6995697","0","8.94939709"
"2013-02-24 02:00:00","6.98809997","4.39415075","0.14923301","0.11528305","0.45315384","0.9817996","150.1421051","5.31365919","13.76570034","93.99864197","1000.52801514","0","34.6995697","0","8.94939709"
"2013-02-24 03:00:00","5.8675131","3.4006679","0.12547633","0.07283347","0.29077556","1.02113004","142.28640747","6.06006813","13.86534977","95.18871307","1000.07000732","0","34.6995697","0","8.94939709"
"2013-02-24 04:00:00","5.16455291","2.86631362","0.13717759","0.05056626","0.14927831","0.8139173","143.89160156","5.76471376","13.94925976","96.09204102","1000.19799805","0","34.6995697","0.2","8.94939709"
"2013-02-24 05:00:00","5.93884599","3.32674042","0.14619818","0.02489921","0.10714705","0.87327756","152.09260559","5.09449387","13.68274021","99.09333038","1000.76202393","0","34.6995697","0.80000001","8.94939709"
"2013-02-24 06:00:00","7.35255011","4.70153343","0.12380339","0.05067609","0.16237829","0.89731232","151.20640564","4.78170776","13.78625011","99.21549988","1000.71600342","0.67562097","34.6995697","0.2","8.94939709"
"2013-02-24 07:00:00","8.30582551","5.52900306","0.13270748","0.06943262","0.14642563","1.02368067","153.07000732","4.67383385","13.89920044","99.14035034","1000.82202148","21.8386097","34.6995697","0.40000001","8.94939709"
"2013-02-24 08:00:00","9.34081214","6.33572174","0.14833945","0.08303398","0.28818221","0.7388983","152.26400757","4.17400789","14.24847031","95.3730011","1000.94299316","80.65527344","34.6995697","0","8.94939709"
"2013-02-24 09:00:00","10.68836871","7.2747298","0.13251409","0.13228424","0.51864966","0.75528624","159.67590332","4.36212015","14.49483967","88.10114288","1000.98101807","74.36608124","34.6995697","0","8.94939709"
"2013-02-24 10:00:00","11.55215295","7.89857525","0.14588946","0.23791495","0.74704142","0.95375786","154.8433075","5.07266998","14.66639042","84.26611328","1000.90600586","71.39295959","34.6995697","0.2","8.94939709"
"2013-02-24 11:00:00","12.13838554","8.12684319","0.14106752","0.26197106","0.81509601","1.14676818","148.18640137","5.89703989","14.88121986","86.68579102","1000.0960083","236.89050293","34.6995697","0.60000002","8.94939709"
"2013-02-24 12:00:00","11.4691473","7.53282877","0.14779423","0.28705537","0.84885227","1.20867704","157.48620605","6.55798388","15.87510967","78.34783936","999.55102539","368.63040161","34.6995697","0","8.94939709"
"2013-02-24 13:00:00","12.5067266","8.58208083","0.14351752","0.28464203","0.64964129","0.99163195","156.75610352","5.18489885","16.03376961","78.45387268","999.02581787","237.12640381","34.6995697","0","8.94939709"
"2013-02-24 14:00:00","10.15141984","6.83765042","0.12780749","0.25491614","0.62136768","1.07284347","160.97590637","3.91262293","15.88739014","80.21537018","998.93103027","114.29679871","34.6995697","0","8.94939709"
"2013-02-24 15:00:00","12.16821656","8.63396104","0.17419663","0.21049256","0.51657396","1.43154954","178.94940186","3.14706612","15.0073204","81.90277863","999.30822754","77.26699066","34.6995697","0","8.94939709"
"2013-02-24 16:00:00","18.10706446","13.86076867","0.28633487","0.30954124","0.80008712","1.23125444","204.98060608","1.35430002","13.52225018","76.989151","1000.059021","68.91024017","34.6995697","0","8.94939709"
"2013-02-24 17:00:00","23.90193112","19.8592748","0.29601718","0.54624901","1.1762022","0.97779465","185.26220703","0.68931401","12.46648979","81.33522034","1001.13299561","6.15282917","34.6995697","0","8.94939709"
"2013-02-24 18:00:00","29.996412","24.83317072","0.33229528","0.95802112","2.34034176","0.74326835","215.48210144","0.685278","11.32816982","82.67948151","1002.58300781","0","34.6995697","0","8.94939709"
"2013-02-24 19:00:00","33.88735112","27.31427752","0.31339782","1.09853187","2.80659456","1.0138473","201.0375061","0.74803102","10.96669006","82.91670227","1004.15100098","0","34.6995697","0","8.94939709"
"2013-02-24 20:00:00","20.40140328","16.81916803","0.26514352","0.9451876","2.0062481","0.77167418","297.55310059","1.44590497","10.58994007","79.58383179","1004.71502686","0","34.6995697","0","8.94939709"
"2013-02-24 21:00:00","35.638246","30.49186856","0.37106182","1.12244358","2.14048193","0.70503118","243.74909973","0.53732198","9.65384674","79.14060974","1005.80401611","0","34.6995697","0","8.94939709"
"2013-02-24 22:00:00","30.02495816","26.20795608","0.41737174","1.35147401","2.54577779","0.76657494","191.19140625","0.416282","9.1022253","84.82621002","1006.92102051","0","34.6995697","0","8.94939709"
"2013-02-24 23:00:00","21.56737912","18.42222707","0.3391781","1.3575272","2.1873575","0.4657738","318.78460693","0.46683201","9.12447453","88.04443359","1007.61401367","0","34.6995697","0","8.94939709"
"2013-02-25 00:00:00","17.90214204","15.35877287","0.28979608","1.15421161","2.10566596","0.38274083","337.3500061","0.54587501","9.43637276","83.08479309","1008.19500732","0","34.6995697","0","8.94939709"
"2013-02-25 01:00:00","9.36804858","7.1061239","0.25845642","0.99893503","1.56723158","0.44319233","60.9421196","0.57799298","9.01424599","89.4826889","1008.27001953","0","26.46817017","0.2","13.76896"
"2013-02-25 02:00:00","6.12950107","4.23462303","0.20293135","0.82266452","0.93691939","0.75965527","345.83520508","0.76633698","8.64353657","85.07019043","1007.88500977","0","26.46817017","0","13.76896"
"2013-02-25 03:00:00","5.08543818","3.16332178","0.21370178","0.70112997","0.72460436","","30.87976074","0.78888899","8.64584255","72.83454132","1007.5960083","0","26.46817017","0","13.76896"
"2013-02-25 04:00:00","5.48231202","3.61207392","","0.62917417","0.46119425","1.08621499","330.7019043","0.82667899","8.81725788","72.14012909","1007.71502686","0","26.46817017","0","13.76896"
"2013-02-25 05:00:00","5.55364491","3.54722653","0.21876487","0.61533077","0.53287749","0.88612227","334.68499756","1.20181406","8.78374767","64.27316284","1007.27600098","0","26.46817017","0","13.76896"
"2013-02-25 06:00:00","9.12032604","7.04905644","0.23149599","0.57619457","0.3881767","0.93690108","5.76086378","1.10414398","8.87613678","64.58647156","1007.27600098","0.47211999","26.46817017","0","13.76896"
"2013-02-25 07:00:00","29.67087488","21.83716232","0.26143532","0.62071273","0.48521375","1.13622189","338.09609985","1.07540703","8.04219341","78.45821381","1008.05700684","38.50630951","26.46817017","1","13.76896"
"2013-02-25 08:00:00","13.03589172","9.82198798","0.29012927","0.80434733","1.24195735","1.04890227","338.48370361","2.06085205","8.07373524","80.31575012","1008.36602783","61.52320099","26.46817017","0","13.76896"
"2013-02-25 09:00:00","9.6443039","6.84802685","0.25672523","1.0603598","1.33352193","1.19538282","340.39309692","2.6690731","8.55392838","77.90367126","1008.42602539","152.54780579","26.46817017","0","13.76896"
"2013-02-25 10:00:00","7.65215095","5.19438394","0.22589001","0.86324994","1.07348316","1.03842514","336.41760254","2.5405829","9.15812016","76.88813019","1008.11199951","165.41610718","26.46817017","0.40000001","13.76896"
"2013-02-25 11:00:00","8.12814144","5.35520799","0.26357659","0.72493184","1.27619669","1.01439038","335.70230103","2.49958801","10.16129971","66.09185028","1008.24902344","342.80621338","26.46817017","0","13.76896"
"2013-02-25 12:00:00","7.29288806","4.53292562","0.24640682","1.06803815","1.28125423","1.07225768","331.8236084","3.30640697","11.28326988","60.13199997","1008.00402832","531.80603027","26.46817017","0","13.76896"
"2013-02-25 13:00:00","7.75331487","4.49661101","0.26470548","0.81696119","1.1430002","0.73828607","335.60150146","3.78186011","11.70606995","57.11708069","1007.37200928","585.82922363","26.46817017","0","13.76896"
"2013-02-25 14:00:00","5.59255411","3.25670386","0.23542786","0.77813111","0.66624179","0.91718043","330.8526001","3.53923011","11.45040989","59.01913071","1007.39001465","254.26220703","26.46817017","0","13.76896"
"2013-02-25 15:00:00","5.42265188","3.17110362","0.24815898","0.71462149","0.47909243","0.96835892","333.94650269","3.32118893","11.05066967","62.15248108","1007.14599609","42.90394974","26.46817017","0","13.76896"
"2013-02-25 16:00:00","5.37725718","3.11144158","0.18518491","0.73107452","0.5496468","0.80770547","329.36740112","3.58772302","10.62005997","58.78787994","1007.26300049","26.70635033","26.46817017","0.2","13.76896"
"2013-02-25 17:00:00","7.7092165","5.25923133","0.21370411","0.77264643","0.53421281","1.74177115","329.5144043","2.55295801","9.67786026","62.99721146","1007.77502441","5.60337782","26.46817017","0","13.76896"
"2013-02-25 18:00:00","15.55461712","12.97623158","0.32801158","0.80818549","0.78309712","1.80059138","331.68640137","1.27585495","8.49837303","67.54862976","1007.875","0","26.46817017","0","13.76896"
"2013-02-25 19:00:00","28.44524464","25.53353632","0.42655077","1.23717847","1.88109303","1.04708388","324.18490601","0.665245","7.61911583","72.2172699","1008.02301025","0","26.46817017","0","13.76896"
"2013-02-25 20:00:00","126.56526064","75.63826112","0.97788236","1.83520091","3.4382075","1.76660426","287.65380859","0.348643","7.08913422","77.80545044","1008.35400391","0","26.46817017","0","13.76896"
"2013-02-25 21:00:00","151.79398592","83.58612008","0.92672372","3.76967017","7.15668595","1.96709971","268.04150391","0.225376","6.61219692","80.3915329","1008.875","0","26.46817017","0","13.76896"
"2013-02-25 22:00:00","78.7029868","59.16668704","0.69378779","3.07775422","6.97096345","0.99590539","205.38090515","0.30908799","5.99986506","84.47042084","1009.12902832","0","26.46817017","0","13.76896"
"2013-02-25 23:00:00","52.1007572","44.46807232","0.67233548","2.51570917","4.64320198","0.94278544","294.89599609","0.428619","5.89228106","84.82655334","1008.92102051","0","26.46817017","0","13.76896"
"2013-02-26 00:00:00","43.13995888","38.31391792","0.61031554","2.34755636","4.32091061","0.85740422","274.12359619","0.36353099","5.67094088","84.24343872","1008.93701172","0","26.46817017","0","13.76896"
"2013-02-26 01:00:00","26.32080232","23.20416584","0.52497347","1.8522021","3.15274983","0.84662097","308.21850586","0.548181","5.52788019","84.46681976","1008.75500488","0","22.87463951","0","12.45800972"
"2013-02-26 02:00:00","19.68157352","16.82305895","0.44255205","1.53772536","2.62476208","1.18213131","213.19810486","0.40658799","5.01505995","87.75444031","1008.77801514","0","22.87463951","0","12.45800972"
"2013-02-26 03:00:00","20.27689384","17.17842901","0.42553839","1.43538566","2.32828014","1.00444107","190.85310364","0.35417601","4.73185492","90.94451141","1009.04101563","0","22.87463951","0","12.45800972"
"2013-02-26 04:00:00","17.2912676","14.4742377","0.40774651","1.45754304","2.67767761","1.06973043","189.60820007","0.26862001","4.23287201","90.72792053","1008.97900391","0","22.87463951","0","12.45800972"
"2013-02-26 05:00:00","26.88497616","23.15877496","0.39186173","1.3321683","2.08250887","1.01325134","304.35040283","0.59319502","4.75830984","86.07318115","1008.67102051","0","22.87463951","0","12.45800972"
"2013-02-26 06:00:00","14.65062543","12.18378024","0.31002398","1.14915915","2.10280819","1.19707612","328.92300415","0.93372601","5.3388958","83.70362091","1008.61199951","4.0455842","22.87463951","0","12.45800972"
"2013-02-26 07:00:00","30.46722288","25.02251608","0.42117779","0.96569845","1.15350479","0.77498349","317.48120117","0.62059999","6.61307907","86.8503418","1008.94702148","103.42070007","22.87463951","0","12.45800972"
"2013-02-26 08:00:00","48.62357488","34.63438864","0.52470086","1.37795771","5.83697794","1.1591166","291.33810425","0.59703398","8.97666645","80.70323181","1009.42700195","215.97970581","22.87463951","0","12.45800972"
"2013-02-26 09:00:00","48.95949416","33.91587816","0.45345412","1.92240357","6.29992244","1.29327212","287.94070435","0.97535402","10.76095009","72.39260864","1009.47802734","304.95010376","22.87463951","0","12.45800972"
"2013-02-26 10:00:00","21.56737912","15.58574448","0.3226386","1.67538444","6.82570534","1.49351942","328.54220581","1.83056998","11.37687969","69.63951874","1009.25402832","344.81570435","22.87463951","0","12.45800972"
"2013-02-26 11:00:00","8.57689358","5.90512596","0.257698","1.253961","3.32874575","1.0901284","334.83410645","2.31932402","11.51173019","63.26576996","1009.04101563","220.81590271","22.87463951","0","12.45800972"
"2013-02-26 12:00:00","8.51593519","5.8804841","0.25158525","0.78261811","1.20381273","1.24825461","335.98001099","2.77279902","11.17345047","68.36988068","1008.74102783","176.72860718","22.87463951","0","12.45800972"
"2013-02-26 13:00:00","11.57031122","8.59634818","0.28339441","0.87542546","0.83679065","1.3897427","334.81939697","2.8102541","10.50251007","76.04917145","1008.625","85.05393219","22.87463951","0","12.45800972"
"2013-02-26 14:00:00","23.40389336","19.27173632","0.30873898","0.89933717","0.97958457","0.96167317","107.97229767","1.59880495","7.55040121","94.96913147","1008.86102295","12.50813961","22.87463951","7.80000019","12.45800972"
"2013-02-26 15:00:00","32.30503728","27.39469624","0.36612688","0.81337423","1.51811048","1.05916075","315.31890869","0.68538302","7.72222281","99.24214935","1008.5","46.23218155","22.87463951","1.79999995","12.45800972"
"2013-02-26 16:00:00","41.65880896","35.44371912","0.36815165","1.06145714","3.04834563","0.9723954","284.19030762","1.36274195","7.83007813","99.24140167","1008.48699951","35.40293121","22.87463951","0","12.45800972"
"2013-02-26 17:00:00","51.12024536","44.4083988","0.46587302","1.17268134","3.51005855","0.91939749","273.70269775","1.03827","7.29500818","99.24230194","1008.76800537","3.11151791","22.87463951","0","12.45800972"
"2013-02-26 18:00:00","32.10009","27.71503272","0.4469907","1.60397681","3.77839705","0.72127776","315.52191162","1.23851097","7.06125402","99.24250031","1009.18701172","0","22.87463951","0.2","12.45800972"
"2013-02-26 19:00:00","31.00677016","26.72933936","0.44843064","1.68383063","3.63793816","1.13178574","309.31219482","0.88740802","6.9771409","99.24263","1009.46600342","0","22.87463951","0.40000001","12.45800972"
"2013-02-26 20:00:00","24.38960584","21.4934612","0.41202905","1.55001072","3.1456166","0.94457231","313.16140747","1.22473705","6.77832079","99.24256134","1009.71600342","0","22.87463951","0","12.45800972"
"2013-02-26 21:00:00","17.13951981","14.76735303","0.36340078","1.42090562","2.17722716","0.8614112","330.10220337","0.82949501","6.8847518","99.24263","1010.02502441","0","22.87463951","0.60000002","12.45800972"
"2013-02-26 22:00:00","19.1978184","16.40543226","0.35397943","1.25999384","1.31212221","0.99334661","296.33331299","0.73086101","6.71238708","99.24269104","1009.83099365","0","22.87463951","0.2","12.45800972"
"2013-02-26 23:00:00","14.38085562","11.78171723","0.26914413","1.16335749","1.38189757","0.95236762","265.48440552","1.08693099","6.62542486","99.24237061","1009.74499512","0","22.87463951","0.2","12.45800972"
"2013-02-27 00:00:00","11.21493925","8.9828475","0.27926681","0.84390965","0.86483849","1.18311881","267.57589722","1.15716398","6.51729822","99.24263","1009.69299316","0","22.87463951","0","12.45800972"
"2013-02-27 01:00:00","7.3979429","5.34094256","0.30803882","0.86193293","0.8916517","1.02280402","278.8934021","1.71573997","6.68389702","99.24256134","1009.58001709","0","24.3832798","0","13.5475502"
"2013-02-27 02:00:00","5.4978757","3.56538288","0.25403874","0.92083655","0.95779535","0.88473508","280.34310913","1.66305006","6.62366104","99.24269104","1009.52801514","0","24.3832798","0.2","13.5475502"
"2013-02-27 03:00:00","6.1333939","4.04396795","0.24138451","0.76112992","0.61501244","","271.29980469","1.32200503","6.51621294","99.00102234","1009.51501465","0","24.3832798","0","13.5475502"
"2013-02-27 04:00:00","7.40442841","4.99983794","","0.69751047","0.58038359","1.53373668","214.30380249","0.63575298","6.33801508","99.24263","1009.38500977","0","24.3832798","0","13.5475502"
"2013-02-27 05:00:00","10.13585616","7.65474554","0.32278189","0.69268379","0.60359967","1.95598593","218.05000305","0.59322298","6.33204508","99.24269104","1009.34899902","0","24.3832798","0","13.5475502"
"2013-02-27 06:00:00","23.14709264","19.3832824","0.3425601","0.71396349","0.83679065","1.96680884","242.15890503","0.75716001","6.39411306","98.27986908","1009.47601318","0.62779802","24.3832798","0","13.5475502"
"2013-02-27 07:00:00","37.12199624","31.2505884","0.41756513","0.86807561","1.46360538","1.68606091","272.65100098","0.93733102","6.39045","98.6502533","1010","10.94118023","24.3832798","0.60000002","13.5475502"
"2013-02-27 08:00:00","68.45430352","48.46793808","0.6497904","1.11542424","2.1802985","2.03035507","297.89871216","0.72009099","6.32566881","99.24284363","1010.58001709","25.20248032","24.3832798","1.39999998","13.5475502"
"2013-02-27 09:00:00","60.95777216","40.53042304","0.5181256","1.77750446","4.85447458","1.804218","254.78790283","1.04558301","7.33787918","99.24121094","1010.82000732","272.68011475","24.3832798","0","13.5475502"
"2013-02-27 10:00:00","20.74770472","14.47164311","0.37490399","1.47213089","3.2601369","1.86006452","306.63369751","2.60827208","9.80674362","84.05325317","1011.09002686","511.49371338","24.3832798","0","13.5475502"
"2013-02-27 11:00:00","11.86342655","7.97250273","0.34364588","1.06211514","2.20896061","1.44319521","331.540802","2.88876891","10.83298969","68.61109924","1011.20300293","553.42791748","24.3832798","0","13.5475502"
"2013-02-27 12:00:00","11.83489378","7.90895167","0.38397934","0.96591812","1.70237359","1.69951175","331.56759644","3.19565296","11.14414024","66.14012909","1010.83001709","482.85610962","24.3832798","0","13.5475502"
"2013-02-27 13:00:00","13.94507066","9.62874022","0.3781625","1.00211519","1.62066578","1.95431703","333.20581055","3.17048001","10.77451992","71.22141266","1010.64202881","238.50520325","24.3832798","0","13.5475502"
"2013-02-27 14:00:00","11.1578737","7.72996935","0.33538603","0.96833147","1.63493225","1.6922758","330.05990601","3.48077798","11.18274021","68.48580933","1010.64599609","229.68960571","24.3832798","0","13.5475502"
"2013-02-27 15:00:00","12.24084579","8.97895467","0.3605943","0.86730777","1.01447276","2.13032719","330.61230469","2.95338702","10.88414001","73.01180267","1010.95599365","135.78450012","24.3832798","0","13.5475502"
"2013-02-27 16:00:00","10.75062343","8.06977573","0.36501547","0.91261004","1.30745317","1.83241941","333.11520386","2.78826904","10.48690033","76.27539063","1011.20300293","69.76496124","24.3832798","0","13.5475502"
"2013-02-27 17:00:00","13.7388519","10.88032013","0.36117563","1.03962927","1.58396225","1.70050231","330.00500488","2.07138896","10.01403999","81.55725098","1011.69500732","19.99287033","24.3832798","0","13.5475502"
"2013-02-27 18:00:00","20.63615864","17.2458729","0.4507618","1.06518648","1.41276453","1.41017017","319.87860107","1.29854","8.96133614","84.98854065","1012.26000977","0","24.3832798","0","13.5475502"
"2013-02-27 19:00:00","32.79659336","27.5723784","0.582853","1.49242411","2.64317893","1.66410591","294.08599854","1.21041703","8.34988594","91.64318085","1012.46899414","0","24.3832798","0","13.5475502"
"2013-02-27 20:00:00","28.55159008","25.0821896","0.57967255","1.98295169","3.50928054","1.83442901","330.29150391","1.22459698","7.92959023","90.8365097","1012.77301025","0","24.3832798","0","13.5475502"
"2013-02-27 21:00:00","29.36738312","26.05231928","0.61407267","2.08715554","2.60452988","1.61537127","297.50430298","0.81522501","7.51573801","94.94042969","1013.06500244","0","24.3832798","0","13.5475502"
"2013-02-27 22:00:00","31.950954","27.3778324","0.62756919","2.1184171","2.68558885","1.96931473","275.66549683","0.77994299","7.35612583","96.86691284","1013.36901855","0","24.3832798","0","13.5475502"
"2013-02-27 23:00:00","38.87032904","32.42954672","0.62512502","1.95344546","2.66821035","1.44272942","202.28660583","0.381782","7.35721111","98.97714233","1013.51000977","0","24.3832798","0","13.5475502"
"2013-02-28 00:00:00","24.32865128","20.64134016","0.52882962","1.89355535","2.63293367","1.53209626","216.64160156","0.42030799","7.04355001","98.55690002","1013.74902344","0","24.3832798","0","13.5475502"
"2013-02-28 01:00:00","25.0640256","20.4040036","0.51320114","1.64533006","2.20403223","1.28047928","198.32739258","0.35585001","6.4978981","99.19889069","1013.80401611","0","35.50991058","0","24.04516983"
"2013-02-28 02:00:00","16.45860881","13.63509531","0.54953982","1.49319194","2.3070106","1.49823728","201.19630432","0.41614401","6.09896898","99.24291229","1013.86700439","0","35.50991058","0","24.04516983"
"2013-02-28 03:00:00","14.67267462","11.90752492","0.49760995","1.43516599","1.78965761","1.67050691","194.16650391","0.362719","5.68138695","99.2427597","1013.73400879","0","35.50991058","0","24.04516983"
"2013-02-28 04:00:00","14.23299874","11.77134081","0.4829892","1.40193043","1.76540522","1.78751886","204.33680725","0.208213","5.57176781","99.24284363","1013.89801025","0","35.50991058","0","24.04516983"
"2013-02-28 05:00:00","21.78268944","17.90343838","0.51075814","1.41465412","1.83531074","1.80996914","197.52870178","0.30889899","5.66910887","99.24284363","1013.94299316","0","35.50991058","0","24.04516983"
"2013-02-28 06:00:00","45.90123104","32.70451144","0.65126413","1.55461671","2.3503287","1.14846962","194.5368042","0.26862001","5.30714989","99.24324036","1014.0880127","1.77960896","35.50991058","0","24.04516983"
"2013-02-28 07:00:00","53.63638","34.43596128","0.65297085","1.8466086","3.59195654","1.07951296","218.40420532","0.43244699","6.06539202","97.94885254","1014.64001465","90.10276031","35.50991058","0","24.04516983"
"2013-02-28 08:00:00","73.30370912","38.50326328","0.78583794","1.94039227","4.28641194","1.40562214","278.53170776","0.66633999","8.3959446","80.94064331","1015.14501953","324.38031006","35.50991058","0","24.04516983"
"2013-02-28 09:00:00","32.56701952","19.73994688","0.50207073","2.32485081","5.02515362","2.19576097","332.31460571","1.40659297","10.83401012","71.7411499","1015.26202393","482.86819458","35.50991058","0","24.04516983"
"2013-02-28 10:00:00","15.3302401","10.58850113","0.40313777","1.69403114","3.03291164","2.96966339","331.17950439","1.77358794","11.80408955","69.92848969","1015.38800049","442.51919556","35.50991058","0","24.04516983"
"2013-02-28 11:00:00","12.5196957","8.46924415","0.38754774","1.27436304","2.9080159","3.70828303","329.65090942","1.64062798","12.94680977","64.67520142","1015.36199951","582.47131348","35.50991058","0","24.04516983"
"2013-02-28 12:00:00","14.40809206","10.31484039","0.39495481","1.18770854","3.10683737","4.28950769","329.65789795","1.70225298","12.90279007","61.49898148","1014.93701172","342.40640259","35.50991058","0","24.04516983"
"2013-02-28 13:00:00","18.74387901","14.40679572","0.44106667","1.23915246","2.02751764","2.02781766","335.18960571","2.08225393","11.93500996","73.49890137","1014.57202148","188.39840698","35.50991058","0","24.04516983"
"2013-02-28 14:00:00","15.12013042","11.51065108","0.41038989","1.4521682","1.78511874","2.38500636","330.63290405","2.1565609","11.85280037","75.38555145","1014.39801025","204.66720581","35.50991058","0","24.04516983"
"2013-02-28 15:00:00","10.3446695","7.43036851","0.41198012","1.41080071","1.27459491","1.88130762","335.78390503","2.394732","11.59292984","76.58084106","1014.375","86.88339996","35.50991058","0","24.04516983"
"2013-02-28 16:00:00","9.40955046","6.89341964","0.39832865","1.25056015","0.94845725","1.52044043","332.85479736","1.69655895","11.11266994","79.1472702","1014.45800781","44.48209","35.50991058","0","24.04516983"
"2013-02-28 17:00:00","14.41457565","11.5275111","0.44424712","1.2575805","1.17290203","1.66002469","338.80450439","1.13805902","10.25695038","87.68742371","1014.48901367","7.87952805","35.50991058","0","24.04516983"
"2013-02-28 18:00:00","23.34942048","20.43771216","0.5444977","1.4724604","1.90456743","1.75554438","335.05880737","0.87859899","9.56484985","93.59619141","1014.56500244","0","35.50991058","0","24.04516983"
"2013-02-28 19:00:00","91.35887808","55.48197624","0.88414996","2.03834462","2.79764496","2.17219708","291.63400269","0.343667","8.94078255","97.07299042","1014.61401367","0","35.50991058","0","24.04516983"
"2013-02-28 20:00:00","151.77716032","73.21810888","1.09861364","2.90378722","6.15881471","2.72695227","295.82699585","0.35544699","8.40788269","99.24176025","1014.70202637","0","35.50991058","0","24.04516983"
"2013-02-28 21:00:00","96.84507528","62.19380368","0.80996043","3.43813936","8.13356022","2.54976443","264","0.15262499","7.876544","99.24208069","1014.79400635","0","35.50991058","0","24.04516983"
"2013-02-28 22:00:00","73.09098","53.38087944","1.02143705","2.86791966","6.45166596","2.89891274","286.16210938","0.28049999","7.36440182","99.24237061","1014.78302002","0","35.50991058","0","24.04516983"
"2013-02-28 23:00:00","71.81995888","49.13327584","1.1565922","4.0978581","5.8322438","2.64061508","297.13619995","0.34040001","6.85571909","99.2427597","1014.63201904","0","35.50991058","0","24.04516983"
"2013-03-01 00:00:00","63.0316612","44.17106224","1.02031283","4.32710719","5.84806629","2.79968099","268.30749512","0.26486301","6.52957582","99.24291229","1014.51000977","0","35.50991058","0","24.04516983"
"2013-03-01 01:00:00","36.05846536","30.1131396","0.87786711","3.63749475","5.57389122","1.91853796","205.18170166","0.23024601","5.955163","99.24298096","1014.20501709","0","28.25538063","0","23.2863903"
"2013-03-01 02:00:00","25.33250864","21.96815344","0.74189763","3.08565122","4.10380145","3.04499156","285.77819824","0.38831401","5.59008408","99.24311066","1013.82800293","0","28.25538063","0","23.2863903"
"2013-03-01 03:00:00","26.56722088","22.70094656","0.61426606","2.53501488","3.5765917","","280.64590454","0.297362","5.41317415","99.24311066","1013.36999512","0","28.25538063","0.2","23.2863903"
"2013-03-01 04:00:00","32.80693728","25.89538232","","2.13037295","3.65453865","0.58295355","283.08929443","0.365015","5.1446209","99.24298096","1013.03601074","0","28.25538063","0","23.2863903"
"2013-03-01 05:00:00","34.44892464","27.57886008","0.63838971","2.04393812","3.64935093","0.43921789","249.73330688","0.296994","4.84120321","99.24298096","1012.91601563","0","28.25538063","0","23.2863903"
"2013-03-01 06:00:00","55.7102308","36.12203936","0.70397805","2.09527222","4.22973453","0.7505521","271.95669556","0.599433","4.78422308","99.24317169","1012.85900879","4.11375713","28.25538063","0","23.2863903"
"2013-03-01 07:00:00","111.52554512","47.0153152","0.79050842","2.21636844","4.47278227","1.01711696","281.60650635","0.51062298","6.18281221","99.24176025","1013.05700684","96.2789917","28.25538063","0","23.2863903"
"2013-03-01 08:00:00","114.98976408","49.161822","0.8918809","2.687153","6.38993101","1.17975661","340.47470093","0.58978099","9.56790161","88.8017807","1013.17401123","347.01971436","28.25538063","0","23.2863903"
"2013-03-01 09:00:00","18.34051775","12.42761186","0.40634734","2.44605687","12.71889693","0.70200662","330.71380615","1.09613204","11.93311024","69.43766022","1013.06799316","494.51971436","28.25538063","0","23.2863903"
"2013-03-01 10:00:00","10.80898723","7.3979429","0.35443611","1.43330183","1.8205256","0.78771023","339.55670166","1.17080796","12.83020973","63.25104141","1012.86102295","535.05090332","28.25538063","0","23.2863903"
"2013-03-01 11:00:00","11.17343738","7.37200471","0.35416466","0.89626583","1.56969577","0.92585951","355.88101196","1.41266501","13.29866982","61.32321167","1012.45202637","515.76611328","28.25538063","0","23.2863903"
"2013-03-01 12:00:00","8.15407963","5.19957119","0.31581519","0.88222614","2.31738603","1.30274242","45.10597992","1.74901795","13.86528015","58.96268082","1011.54302979","546.56481934","28.25538063","0","23.2863903"
"2013-03-01 13:00:00","8.79867602","5.92976782","0.34040951","0.73304953","0.79061885","1.04747542","45.15718079","1.70172501","13.17181969","63.88237","1010.88201904","273.47070313","28.25538063","0","23.2863903"
"2013-03-01 14:00:00","8.65471198","5.90772054","0.32315819","0.69378113","0.85209447","0.90542493","52.84251022","1.38014805","12.95088959","65.43447113","1010.64599609","162.59550476","28.25538063","0","23.2863903"
"2013-03-01 15:00:00","10.46788261","7.53671969","0.39045558","0.70880832","0.70891104","0.890294","74.12992859","1.70954001","13.16592026","63.99185181","1010.36102295","118.98750305","28.25538063","0","23.2863903"
"2013-03-01 16:00:00","13.96841618","10.72338699","0.41159217","0.78317746","0.8204495","0.88333671","74.97505951","1.52472901","12.23021984","68.41139984","1010.09002686","45.41616058","28.25538063","0","23.2863903"
"2013-03-01 17:00:00","26.88627632","23.05501072","0.45464358","0.90679585","1.4113387","0.66672079","110.47190094","0.99662501","11.66191006","73.94682312","1009.96600342","5.01628017","28.25538063","0","23.2863903"
"2013-03-01 18:00:00","44.1334532","38.8923744","0.56491549","1.30529509","3.0087884","0.70621904","120.9552002","0.97273099","11.10682964","77.72704315","1009.69702148","0","28.25538063","0","23.2863903"
"2013-03-01 19:00:00","63.11596128","56.0280052","0.73444047","1.98481585","4.87548478","0.63848786","152.05740356","0.57522702","10.45223999","82.50196075","1009.62701416","0","28.25538063","0","23.2863903"
"2013-03-01 20:00:00","64.390902","58.51949416","0.82761484","2.45077372","5.21152395","0.78602811","103.7052002","0.60475898","10.10439014","86.4852829","1009.35101318","0","28.25538063","0","23.2863903"
"2013-03-01 21:00:00","78.85344208","69.13004256","0.93947814","2.71994921","5.48971922","0.96092771","126.30580139","0.62663102","10.22418976","84.8431015","1009.2210083","0","28.25538063","0","23.2863903"
"2013-03-01 22:00:00","57.70756336","53.60525264","0.76987627","2.50441132","5.16924421","0.88839018","129.26370239","0.425403","9.96703339","85.86331177","1008.89202881","0","28.25538063","0","23.2863903"
"2013-03-01 23:00:00","61.02522752","57.38330728","0.75965689","2.17742954","4.21845193","0.87965517","161.84609985","0.24065199","9.35680485","90.15541077","1008.63500977","0","28.25538063","0","23.2863903"
"2013-03-02 00:00:00","49.53535032","46.75723344","0.70619271","2.20682593","4.56240235","0.68734454","66.3939209","0.1591","8.95733356","95.54611969","1008.37701416","0","28.25538063","0","23.2863903"
"2013-03-02 01:00:00","32.77582904","30.24933136","0.63901182","2.10788708","4.55708445","0.50433233","133.875","0.328246","9.15839195","96.18585968","1007.98101807","0","19.06221962","0","13.05982971"
"2013-03-02 02:00:00","29.27660136","26.81363944","0.53487946","1.81479887","3.87035114","1.00647812","94.88504028","0.31858301","9.2402668","94.49796295","1007.22601318","0","19.06221962","0","13.05982971"
"2013-03-02 03:00:00","18.55970752","16.24201362","0.45759686","1.36858504","2.98336848","1.02104969","127.88459778","0.32982099","9.31786823","92.67784882","1006.70800781","0","19.06221962","0","13.05982971"
"2013-03-02 04:00:00","11.89974308","9.75584234","0.40891151","1.20514907","2.39805549","0.88695519","74.41664886","0.30764401","9.10331154","95.41229248","1006.35601807","0","19.06221962","0","13.05982971"
"2013-03-02 05:00:00","10.0723051","7.99584825","0.38800791","1.00694187","1.92337277","0.76727565","51.719841","0.52866799","9.00081444","96.65419006","1005.97601318","0","19.06221962","0","13.05982971"
"2013-03-02 06:00:00","12.50931927","10.21237822","0.38132431","0.95286493","1.73920628","0.80455887","61.14572144","0.603383","9.01085377","98.73599243","1005.61199951","1.273911","19.06221962","0","13.05982971"
"2013-03-02 07:00:00","43.81565968","33.932742","0.56270083","1.10016924","1.32849286","0.96495299","320.97421265","0.54517102","9.21333694","97.01422882","1005.64300537","22.19981956","19.06221962","0","13.05982971"
"2013-03-02 08:00:00","125.68591272","60.36507128","1.10807111","1.68909564","3.77930523","1.60649795","288.5","0.28552601","10.2625103","92.02732086","1005.77600098","100.59519958","19.06221962","0","13.05982971"
"2013-03-02 09:00:00","61.25220104","37.9676356","0.72985503","3.37851977","8.67139151","1.31229104","46.76099014","0.98169798","11.6198597","80.47653198","1005.30102539","141.07850647","19.06221962","0","13.05982971"
"2013-03-02 10:00:00","13.28880343","9.43159964","0.36916287","1.91231188","4.68729808","1.11623683","56.31607056","2.1411109","12.47463036","75.79045105","1004.92700195","242.69430542","19.06221962","0","13.05982971"
"2013-03-02 11:00:00","7.82464777","4.96092874","0.33089029","0.91453827","1.10914935","1.33622105","55.30653","3.72988296","12.81081009","67.49098206","1004.32800293","347.32901001","19.06221962","0","13.05982971"
"2013-03-02 12:00:00","8.8661199","5.76894376","0.33998195","0.76584575","0.64808427","0.99509077","48.90932083","3.79272294","12.01708984","72.60616302","1003.73602295","191.02870178","19.06221962","0","13.05982971"
"2013-03-02 13:00:00","11.84915921","8.14370321","0.36725926","0.78547995","0.81539094","1.20952013","51.75880051","3.02404594","12.71387959","69.21366119","1003.19799805","248.9803009","19.06221962","0","13.05982971"
"2013-03-02 14:00:00","6.95697261","4.42787078","0.31938941","0.80401783","1.08606345","0.62366813","49.01766968","3.054353","12.50203037","68.57346344","1002.78601074","161.69700623","19.06221962","0","13.05982971"
"2013-03-02 15:00:00","7.73775119","5.11526729","0.31608664","0.63389102","0.44109222","0.9667002","50.38874054","2.28252006","12.2449398","71.19915009","1002.63000488","70.41921234","19.06221962","0","13.05982971"
"2013-03-02 16:00:00","13.168183","10.50290089","0.34860878","0.70628514","0.79334238","1.00800565","50.21968079","2.04980206","11.95333004","71.05873108","1002.47302246","21.82538986","19.06221962","0","13.05982971"
"2013-03-02 17:00:00","11.04892794","8.6650884","0.29972887","0.9187517","1.16867945","1.29865612","58.11748123","1.87","11.92755032","72.18328094","1002.64801025","1.45604396","19.06221962","0","13.05982971"
"2013-03-02 18:00:00","11.54826203","8.99711294","0.27435634","0.57751057","1.25246194","1.27457051","7.74462891","2.02718997","11.76121998","73.21604156","1002.9130249","0","19.06221962","0","13.05982971"
"2013-03-02 19:00:00","8.68583934","6.27476336","0.24303881","0.44533616","1.35842317","1.00242334","351.44351196","2.32118106","11.4423399","78.34004974","1002.94500732","0","19.06221962","0","13.05982971"
"2013-03-02 20:00:00","8.74809406","6.34350358","0.24774075","0.21915842","0.66040522","1.16649697","348.4342041","2.73635197","11.25831032","81.69725037","1003.3380127","0","19.06221962","0","13.05982971"
"2013-03-02 21:00:00","7.19561506","4.39025983","0.24937175","0.3574755","0.76364293","0.93550067","344.89810181","2.73249197","11.0854702","81.44553375","1003.48699951","0","19.06221962","0","13.05982971"
"2013-03-02 22:00:00","5.83638574","3.64968678","0.27338473","0.34913915","0.67000265","0.91119742","353.83639526","2.79146791","10.66374969","79.80281067","1003.86602783","0","19.06221962","0","13.05982971"
"2013-03-02 23:00:00","6.23585416","3.93761486","0.30194354","0.55129536","0.75430483","1.1184844","5.66845703","2.02973509","10.38759995","75.98139954","1004.59100342","0","19.06221962","0","13.05982971"
"2013-03-03 00:00:00","","","","","","","","","","","","","19.06221962","","13.05982971"
"2013-03-03 01:00:00","6.6843673","3.93585009","0.11321237","","","","16.6384201","1.54943895","10.51298046","75.89646149","1005.32501221","0","23.92086029","0","12.44946003"
"2013-03-03 02:00:00","4.98686693","3.12570892","0.18124604","","","1.1985406","332.35620117","1.44894397","10.45882034","76.02381134","1005.26501465","0","23.92086029","0","12.44946003"
"2013-03-03 03:00:00","4.90126669","2.90392648","0.20272864","","","","333.71890259","2.41647005","10.39947033","76.75295258","1005.54400635","0","23.92086029","0","12.44946003"
"2013-03-03 04:00:00","5.14120739","3.19055822","","","","0.87426303","333.6368103","2.53682804","10.2114296","74.58071136","1005.99401855","0","23.92086029","0","12.44946003"
"2013-03-03 05:00:00","5.24366956","3.33192768","0.43169192","","","0.79427903","333.04690552","2.36791301","10.07651043","74.02835083","1006.22399902","0","23.92086029","0","12.44946003"
"2013-03-03 06:00:00","5.88437311","3.87795473","0.37796212","","","1.3087712","334.24520874","2.42284799","10.0281496","74.24900055","1006.38500977","4.718153","23.92086029","0","12.44946003"
"2013-03-03 07:00:00","6.89731056","4.49531467","0.37792367","","","0.99007187","336.45050049","2.887604","10.54856968","70.65466309","1006.89801025","117.79589844","23.92086029","0","12.44946003"
"2013-03-03 08:00:00","6.56269144","4.02840236","0.33517982","","","1.54532642","337.75390625","3.31905603","11.44762993","64.00411987","1007.53302002","323.92550659","23.92086029","0","12.44946003"
"2013-03-03 09:00:00","4.95184865","2.71067682","0.31216408","","","1.35632815","334.82070923","3.91284895","11.97883034","57.4620018","1007.9420166","489.95721436","23.92086029","0","12.44946003"
"2013-03-03 10:00:00","5.07246717","2.73013142","0.29587971","","","1.40821041","333.99169922","3.87418103","12.54028988","52.08227158","1008.19000244","611.56390381","23.92086029","0","12.44946003"
"2013-03-03 11:00:00","4.80269735","2.44220334","0.28941979","","","1.15034599","334.80780029","4.42959976","12.48655987","52.5021019","1008.19500732","678.06170654","23.92086029","0","12.44946003"
"2013-03-03 12:00:00","5.17752201","2.64971843","0.29711694","","","1.62747052","332.62319946","4.3521409","12.47665977","53.66184998","1008.02001953","675.36730957","23.92086029","0","12.44946003"
"2013-03-03 13:00:00","4.94406681","2.47851795","0.29731033","","","1.27665332","332.48150635","4.28640413","12.26570034","55.05900955","1007.90899658","489.44839478","23.92086029","0","12.44946003"
"2013-03-03 14:00:00","4.04915521","1.80409246","0.30968846","","","1.23372779","335.92840576","4.60760307","12.14379978","53.49470139","1007.78100586","237.36160278","23.92086029","0","12.44946003"
"2013-03-03 15:00:00","4.99724335","2.62118566","0.3189339","","","0.91101335","331.86401367","4.15365601","11.72072983","59.28334045","1007.63000488","53.97333145","23.92086029","0","12.44946003"
"2013-03-03 16:00:00","4.8558739","2.59913647","0.31719339","","","1.08179002","331.1473999","4.00855017","11.24827003","59.76203156","1007.73699951","34.65710068","23.92086029","0","12.44946003"
"2013-03-03 17:00:00","6.16322302","3.95966405","0.28137313","","","1.06202564","331.69689941","3.04855394","10.42646027","65.85511017","1008.11700439","10.93507957","23.92086029","0","12.44946003"
"2013-03-03 18:00:00","10.51716823","8.35900206","0.32318848","","","0.67909056","328.375","1.50293601","9.40265942","71.21875","1008.57702637","0","23.92086029","0","12.44946003"
"2013-03-03 19:00:00","14.68564371","12.30180418","0.3428397","","","1.12718483","332.03320313","1.37287998","8.93549156","75.32621002","1008.89001465","0","23.92086029","0","12.44946003"
"2013-03-03 20:00:00","64.21450088","56.0007592","0.5790318","","","0.5395063","293.12350464","0.53812897","8.10480309","79.99111176","1009.41400146","0","23.92086029","0","12.44946003"
"2013-03-03 21:00:00","47.29158008","39.79506784","0.60502644","","","0.68187002","326.5","0.89466703","7.82709312","82.7572937","1009.76300049","0","23.92086029","0","12.44946003"
"2013-03-03 22:00:00","45.96606696","40.94286056","0.59798635","","","0.71028195","217.23170471","0.388338","6.94797182","87.67195129","1010.04602051","0","23.92086029","0","12.44946003"
"2013-03-03 23:00:00","32.4152832","27.69428752","0.56034869","","","0.50985973","198.48500061","0.31663999","6.79114199","90.59780121","1010.17901611","0","23.92086029","0","12.44946003"
"2013-03-04 00:00:00","22.71260976","19.65174632","0.57949663","","","0.5395063","205.80499268","0.42618299","6.26129484","93.94519043","1010.37701416","0","23.92086029","0","12.44946003"
"2013-03-04 01:00:00","14.10978755","11.75188812","0.44751262","","","0.36409719","232.83450317","0.70739901","6.7233758","92.03430939","1010.57702637","0","32.41775131","0","22.13307953"
"2013-03-04 02:00:00","10.41340973","8.27080723","0.41091997","","","0.69545714","238.21110535","0.65692502","6.7239871","90.08953094","1010.54302979","0","32.41775131","0","22.13307953"
"2013-03-04 03:00:00","8.29285642","6.25401242","0.36798273","","","0.7393112","295.96270752","1.024212","6.418262","89.04415131","1010.29901123","0","32.41775131","0","22.13307953"
"2013-03-04 04:00:00","9.38620494","7.13465668","0.33924218","","","0.74672106","277.63980103","0.64018202","6.1881032","86.41161346","1010.32800293","0","32.41775131","0","22.13307953"
"2013-03-04 05:00:00","16.9384883","14.64803276","0.38546705","","","0.45890396","216.61300659","0.437897","5.47286701","89.36331177","1010.69702148","0","32.41775131","0","22.13307953"
"2013-03-04 06:00:00","42.6185756","33.38153152","0.41757328","","","0.43728763","220.71470642","0.44098699","4.78083086","95.4586792","1011.03100586","5.68376112","32.41775131","0","22.13307953"
"2013-03-04 07:00:00","40.9156528","31.29339808","0.46557711","","","0.58706427","276.10180664","0.91834497","6.73097277","90.96588135","1011.42401123","110.50160217","32.41775131","0","22.13307953"
"2013-03-04 08:00:00","29.16635544","21.38061496","0.46615728","","","0.55031294","327.00250244","1.38192797","9.67887783","73.9666214","1012.00500488","374.36090088","32.41775131","0","22.13307953"
"2013-03-04 09:00:00","14.42495207","8.51334252","0.32868145","","","0.75413398","332.04510498","2.29903197","11.47904015","66.98017883","1012.24401855","533.00469971","32.41775131","0","22.13307953"
"2013-03-04 10:00:00","7.09834206","5.368179","0.31734833","","","0.63184176","333.98010254","2.60565305","12.18118","64.24404907","1012.4420166","515.45672607","32.41775131","0","22.13307953"
"2013-03-04 11:00:00","8.24357079","4.76378815","0.26245819","","","0.32178795","338.67630005","2.49191189","12.62623024","63.26794052","1012.82202148","507.79190063","32.41775131","0","22.13307953"
"2013-03-04 12:00:00","7.23452426","4.60944769","0.28117974","","","0.91718755","333.76409912","2.15968299","13.1151104","61.41289139","1012.684021","578.37091064","32.41775131","0","22.13307953"
"2013-03-04 13:00:00","8.95171823","5.69371803","0.28094791","","","0.7170745","333.19140625","2.505584","13.13294983","61.10594177","1012.45001221","531.80090332","32.41775131","0","22.13307953"
"2013-03-04 14:00:00","7.0283055","4.25148305","0.30501564","","","0.73745823","336.87561035","2.94539094","12.5897398","66.65920258","1012.50799561","212.41650391","32.41775131","0","22.13307953"
"2013-03-04 15:00:00","6.19694496","3.89611108","0.31146858","0.17528198","0.21153193","0.41690288","336.98449707","3.16314507","11.83936977","73.39694977","1012.67401123","59.45360184","32.41775131","0","22.13307953"
"2013-03-04 16:00:00","6.20991406","4.14383362","0.34953146","0.8454799","0.8114999","0.52560797","337.68829346","2.90630293","11.32966995","77.3945694","1012.81402588","36.29121017","32.41775131","0","22.13307953"
"2013-03-04 17:00:00","9.01656754","6.51989132","0.36759595","0.74105637","0.52720873","0.54012362","330.14309692","2.02174497","10.53736973","83.57299042","1013.18200684","8.61111164","32.41775131","0","22.13307953"
"2013-03-04 18:00:00","18.29123404","15.70247208","0.44871257","0.96087279","0.83277045","0.25940822","327.78610229","0.90954798","9.4745636","92.19264984","1013.77801514","0","32.41775131","0","22.13307953"
"2013-03-04 19:00:00","40.20232384","35.82631032","0.67229471","1.41915129","2.28483288","0.43172769","325.02670288","0.72627801","8.97754765","98.18273163","1014.16400146","0","32.41775131","0","22.13307953"
"2013-03-04 20:00:00","76.5422356","65.25468624","0.81371639","2.40240113","4.34840622","0.23006981","306.30340576","0.51424599","8.48962212","99.24263","1014.67401123","0","32.41775131","0","22.13307953"
"2013-03-04 21:00:00","45.90381224","42.22428296","0.75167082","2.70031501","4.35800264","0.30202358","302.86520386","0.53911901","7.87457705","99.24250031","1015.30102539","0","32.41775131","0","22.13307953"
"2013-03-04 22:00:00","38.5771812","35.24267232","0.75383655","2.66872496","3.54896693","0.26558243","319.40240479","0.51804203","7.63532782","99.24269104","1015.55102539","0","32.41775131","0","22.13307953"
"2013-03-04 23:00:00","68.16507528","57.81910944","0.86307511","2.51921884","3.59410139","0.38447888","215.65209961","0.34011099","7.12922287","99.24298096","1015.66802979","0","32.41775131","0","22.13307953"
"2013-03-05 00:00:00","29.94972096","27.24164064","0.63597234","2.47303992","4.65876513","0.27793593","187.02630615","0.254161","6.365623","99.24304962","1015.89599609","0","32.41775131","0","22.13307953"
"2013-03-05 01:00:00","20.95261376","18.13559724","0.51977174","1.91198339","2.70530238","0.32086147","208.75700378","0.29199401","6.04653502","99.24304962","1016.10900879","0","30.79282951","0","22.71157074"
"2013-03-05 02:00:00","15.67523564","13.64806441","0.47555766","1.47268007","1.92363211","0.1608955","196.61990356","0.231013","5.90340614","99.24304962","1016.16802979","0","30.79282951","0","22.71157074"
"2013-03-05 03:00:00","14.45867402","10.04247408","0.42302781","1.29849441","1.49161966","","214","0.156288","5.58703089","99.24291229","1016.20800781","0","30.79282951","0","22.71157074"
"2013-03-05 04:00:00","11.99571783","10.63519217","","1.02745374","1.40381595","1.0130276","296.46710205","0.386264","5.62963104","99.24317169","1016.11102295","0","30.79282951","0","22.71157074"
"2013-03-05 05:00:00","35.38534576","30.96786096","0.40991224","0.95988528","1.83946112","1.05385201","273.75909424","0.307964","5.67894506","99.24343872","1016.48602295","0","30.79282951","0","22.71157074"
"2013-03-05 06:00:00","55.42230272","40.14783184","0.51424149","1.04270061","2.33217118","1.37475314","207.34609985","0.25077501","5.25166321","99.24317169","1016.90100098","9.8667078","30.79282951","0","22.71157074"
"2013-03-05 07:00:00","117.53442576","61.38191112","0.74720887","1.6310707","4.23673861","1.79486974","274.16421509","0.37763801","6.95292377","99.24134064","1017.16601563","111.59130096","30.79282951","0","22.71157074"
"2013-03-05 08:00:00","138.23933992","70.52815432","0.75120249","2.15614984","7.93187183","2.13238763","278.00430298","0.61557901","9.74332047","92.4249115","1017.61401367","299.37710571","30.79282951","0","22.71157074"
"2013-03-05 09:00:00","70.28561712","42.71973952","0.50168046","2.41227315","10.47466269","1.9923508","287.38150024","0.496943","12.46201038","70.80496979","1017.64501953","492.86920166","30.79282951","0","22.71157074"
"2013-03-05 10:00:00","35.79128248","25.52055384","0.3621088","1.42968233","3.91678125","1.66622534","136.0585022","1.60217202","13.59963989","64.16571045","1017.35101318","536.24951172","30.79282951","0","22.71157074"
"2013-03-05 11:00:00","20.15626576","14.52481966","0.31752425","1.01130785","2.60347729","1.55656732","138.42970276","2.077384","14.59902954","58.8290596","1017.39501953","631.45690918","30.79282951","0","22.71157074"
"2013-03-05 12:00:00","22.91363744","16.60776202","0.32954239","0.88266447","1.89548867","1.50529831","147.07929993","2.55240893","15.70396996","49.51865005","1016.95800781","554.17980957","30.79282951","0","22.71157074"
"2013-03-05 13:00:00","26.90053984","19.39884608","0.35222261","0.88507781","2.07005774","1.85468256","151.69180298","3.03955293","16.09617996","46.96316147","1016.40802002","481.92910767","30.79282951","0","22.71157074"
"2013-03-05 14:00:00","19.58819144","14.3834502","0.28786568","0.90098267","2.1802985","1.53472928","140.51589966","3.86167598","15.38807011","50.96907043","1016.13000488","312.18051147","30.79282951","0","22.71157074"
"2013-03-05 15:00:00","16.80879161","12.76741824","0.28325111","0.67524325","1.38747479","1.52903509","143.16020203","3.57270598","14.64515972","55.98202133","1016.01300049","138.40960693","30.79282951","0","22.71157074"
"2013-03-05 16:00:00","","","0.27580793","0.70431115","1.23391593","1.29975041","159.21800232","3.77508211","13.53188038","62.64664078","1016.27600098","65.77735901","30.79282951","0","22.71157074"
"2013-03-05 17:00:00","42.80273944","37.01435064","0.31717475","0.64211753","1.42028728","1.33487962","164.00250244","3.00679994","12.71055031","66.00601959","1016.43200684","22.09095955","30.79282951","0","22.71157074"
"2013-03-05 18:00:00","57.51303648","50.867326","0.40545379","0.8062115","2.07809915","1.30259903","155.09609985","2.27723408","11.95901966","70.95101166","1016.74102783","0","30.79282951","0","22.71157074"
"2013-03-05 19:00:00","66.08734312","57.89562768","0.48086074","1.23531329","3.27219852","1.1616113","155.6053009","1.91166496","11.25790024","77.02677917","1016.81500244","0","30.79282951","0","22.71157074"
"2013-03-05 20:00:00","76.0934892","66.5425712","0.58763299","1.60551248","3.39411139","1.38899521","145.12750244","2.01452208","10.83001041","84.30986023","1016.82299805","0","30.79282951","0","22.71157074"
"2013-03-05 21:00:00","48.65080176","43.51868784","0.48198497","1.94499928","3.706546","1.32206237","146.05430603","2.18141198","10.60527039","88.50827026","1016.66101074","0","30.79282951","0","22.71157074"
"2013-03-05 22:00:00","28.13007056","24.90190712","0.33927363","1.50788963","2.43255518","1.67334536","158.21150208","2.53433108","10.90944004","82.85903168","1016.27600098","0","30.79282951","0","22.71157074"
"2013-03-05 23:00:00","18.58953854","15.68301748","0.2649909","0.91030653","1.36179453","1.33013227","144.95840454","2.75140691","11.10513973","83.69943237","1015.77099609","0","30.79282951","0","22.71157074"
"2013-03-06 00:00:00","13.78035569","11.12933901","0.23482789","0.57842384","0.78886148","1.10464404","148.06370544","2.62060499","11.46533012","84.36595154","1015.73400879","0","30.79282951","0","22.71157074"
"2013-03-06 01:00:00","8.99452026","6.50432764","0.21393128","0.41992337","0.62132293","1.43694167","145.42210388","3.11817098","12.20553017","85.82357025","1015.23199463","0","24.76486969","0","14.55609035"
"2013-03-06 02:00:00","7.09185847","4.94406681","0.21300045","0.33301462","0.37092736","1.40750969","152.80700684","3.16487193","12.45468044","87.67601013","1014.56500244","0","24.76486969","0","14.55609035"
"2013-03-06 03:00:00","7.17356588","4.95444323","0.22354603","0.30723773","0.20595572","1.75451925","157.2427063","3.00289798","12.20545959","93.05249023","1014.33599854","0","24.76486969","0","14.55609035"
"2013-03-06 04:00:00","7.0996384","4.78453909","0.21090694","0.34453214","0.27806509","1.49865323","156.49719238","3.12126493","12.28713036","89.4788208","1013.84100342","0","24.76486969","0","14.55609035"
"2013-03-06 05:00:00","9.3524849","6.75464477","0.22920676","0.3774148","0.27988043","1.2499052","149.65040588","2.99289703","12.19441032","83.85800934","1013.38000488","0","24.76486969","0","14.55609035"
"2013-03-06 06:00:00","14.76346211","11.76485722","0.25502782","0.4097971","0.31541747","1.80531535","156.7848053","3.65541196","12.23917961","83.62325287","1012.85601807","0.75702101","24.76486969","0","14.55609035"
"2013-03-06 07:00:00","26.6385576","21.45585216","0.30484672","0.52694431","0.49452642","1.40276234","159.89160156","3.38079","12.50312042","82.18077087","1013.02801514","30.55858994","24.76486969","0","14.55609035"
"2013-03-06 08:00:00","37.76138816","28.90047272","0.34881149","0.65484122","1.08813915","1.54944832","160.00790405","4.19428492","12.75613976","81.3312912","1013.40100098","47.06858063","24.76486969","0","14.55609035"
"2013-03-06 09:00:00","30.98212448","23.8785856","0.31364713","0.86116509","2.10416792","1.78300338","158.99200439","4.90145683","13.0333004","78.50868225","1013.02801514","63.1247406","24.76486969","0.2","14.55609035"
"2013-03-06 10:00:00","28.72019024","21.51550656","0.31287124","0.79041749","1.61123107","1.57982712","157.32170105","4.6535449","13.32478046","78.31555176","1012.76702881","113.44830322","24.76486969","0","14.55609035"
"2013-03-06 11:00:00","23.79558568","17.14730165","0.26506896","0.76409142","1.67837646","1.95437297","152.29330444","6.07161617","13.54333973","74.07977295","1012.14300537","175.34280396","24.76486969","0","14.55609035"
"2013-03-06 12:00:00","22.62312816","16.52734903","0.28003338","0.70957616","1.32742603","2.10105793","152.89920044","5.96949816","13.51667976","68.04084015","1011.42901611","144.03540039","24.76486969","0","14.55609035"
"2013-03-06 13:00:00","31.86017224","21.85142584","0.29751887","0.72703906","1.42239247","2.87340841","158.04780579","5.77104902","13.45108986","69.52259064","1010.07501221","138.29870605","24.76486969","0","14.55609035"
"2013-03-06 14:00:00","20.86961384","15.52997526","0.2673943","0.67293975","1.55646663","2.49554003","157.07730103","5.85763884","13.2532196","71.79521179","1008.98699951","78.03215027","24.76486969","0","14.55609035"
"2013-03-06 15:00:00","18.23027566","14.64543818","0.24099307","0.57422057","1.07711487","1.88506442","145.62969971","5.91696596","12.72893047","75.58267975","1008.19000244","22.68111038","24.76486969","0","14.55609035"
"2013-03-06 16:00:00","22.1938268","17.68424861","0.26247101","0.56787856","0.8496435","1.79059936","144.04960632","5.32842302","12.85544014","75.66210938","1008.5380249","9.6174202","24.76486969","0","14.55609035"
"2013-03-06 17:00:00","23.9356588","19.36381824","0.25708172","0.59769395","1.07620669","2.17986017","149.90370178","4.97264099","12.89811039","76.70870972","1008.34100342","0.920838","24.76486969","0","14.55609035"
"2013-03-06 18:00:00","27.80065208","22.612746","0.29713092","0.64639503","1.26958212","2.38920454","145.19230652","4.66375494","12.80578995","79.85266113","1008.34002686","0","24.76486969","0","14.55609035"
"2013-03-06 19:00:00","28.42578048","23.5349036","0.30775456","0.67798508","1.15259763","2.73431942","145.93080139","4.70163393","12.78604984","83.16712952","1008.30401611","0","24.76486969","0","14.55609035"
"2013-03-06 20:00:00","28.96523216","24.08643912","0.29342739","0.29417945","0.59158687","2.26190563","146.22740173","4.45473385","12.15155029","93.89038086","1007.4710083","0","24.76486969","1","14.55609035"
"2013-03-06 21:00:00","18.62196224","15.43270226","0.24137985","","","1.7279369","150.39070129","4.89014292","11.81210041","99.23490143","1006.83300781","0","24.76486969","0.40000001","14.55609035"
"2013-03-06 22:00:00","11.57938939","8.51463886","0.19063128","","","2.18128194","146.78500366","5.55202818","11.85340977","99.23348236","1006.60900879","0","24.76486969","0.60000002","14.55609035"
"2013-03-06 23:00:00","9.10476236","6.6197589","0.15003919","","","2.07067607","151.85980225","5.9122262","11.56457043","99.23651886","1006.02301025","0","24.76486969","0.80000001","14.55609035"
"2013-03-07 00:00:00","6.75205018","4.28261041","0.17935175","","","1.94582915","157.71270752","5.18656301","11.52970982","99.23583984","1005.56402588","0","24.76486969","0.2","14.55609035"
"2013-03-07 01:00:00","5.58866319","3.27356388","0.15476909","","","2.65931364","155.020401","4.64055586","11.12712002","99.23599243","1005.20202637","0","16.02700043","0.2","9.18002987"
"2013-03-07 02:00:00","","","0.15554381","","","2.27385233","150.19610596","4.90680599","10.72126961","99.23592377","1004.58001709","0","16.02700043","0.2","9.18002987"
"2013-03-07 03:00:00","8.16834698","5.95051875","0.16360794","","","","152.48210144","3.99018192","10.83123016","99.23721313","1003.89001465","0","16.02700043","0.40000001","9.18002987"
"2013-03-07 04:00:00","7.64955637","5.68982711","","","","0.75709955","140.40769958","3.98628712","10.68293953","99.23706055","1003.56500244","0","16.02700043","1","9.18002987"
"2013-03-07 05:00:00","9.00100386","7.15540953","0.16056846","","","0.99791294","143.97390747","3.81717896","10.7009201","99.23721313","1003.23699951","0","16.02700043","1","9.18002987"
"2013-03-07 06:00:00","15.3367256","13.17077758","0.19735683","","","0.74435654","147.36010742","3.40078807","10.9834404","99.23509979","1003.03100586","2.77269006","16.02700043","1.79999995","9.18002987"
"2013-03-07 07:00:00","25.03937992","20.67116736","0.23144473","","","1.02976945","154.74110413","3.85106301","11.58893013","99.23258972","1003.01000977","14.54720974","16.02700043","0.80000001","9.18002987"
"2013-03-07 08:00:00","40.112804","30.96007912","0.29522498","","","1.3015027","158.96620178","3.95768905","12.0938797","99.22602081","1003.27301025","34.0618515","16.02700043","0.60000002","9.18002987"
"2013-03-07 09:00:00","33.30759448","26.69951216","0.29148417","","","0.75072804","153.07290649","4.15085077","12.30239964","99.22499084","1003.13500977","31.14163017","16.02700043","0.60000002","9.18002987"
"2013-03-07 10:00:00","32.81213792","25.83572792","0.27131685","","","1.04494818","151.09230042","4.18139791","12.39791012","99.22229004","1003.17102051","35.61151123","16.02700043","0.40000001","9.18002987"
"2013-03-07 11:00:00","31.97041816","25.6567456","0.25122643","","","0.97673494","150.05760193","3.61275411","12.45326042","99.22315979","1003.33001709","30.12615967","16.02700043","0.80000001","9.18002987"
"2013-03-07 12:00:00","37.05065952","30.78887864","0.27050718","","","0.93719398","155.56190491","3.04409504","12.56573009","99.22100067","1003.02502441","26.50081062","16.02700043","0.60000002","9.18002987"
"2013-03-07 13:00:00","43.9414884","34.4865528","0.35102266","","","1.154953","154.94230652","3.3683579","12.61266994","99.2197113","1002.46801758","30.88726044","16.02700043","0.60000002","9.18002987"
"2013-03-07 14:00:00","34.2232704","27.60738712","0.2889002","","","1.47278686","145.83450317","2.79148006","12.48703957","99.2197113","1002.09301758","28.83901978","16.02700043","1.20000005","9.18002987"
"2013-03-07 15:00:00","38.69652824","33.45156808","0.33324592","","","1.2670203","153.31590271","2.18811107","12.62786007","99.21685028","1001.88800049","16.49164963","16.02700043","4.4000001","9.18002987"
"2013-03-07 16:00:00","36.46962184","31.56316216","0.29742217","","","1.02414646","165.34950256","2.43214703","12.6609602","99.22039032","1001.73199463","7.83882809","16.02700043","1","9.18002987"
"2013-03-07 17:00:00","38.7574828","33.08710264","0.28284686","","","1.13865049","163.93760681","2.49401903","12.75695038","99.2175293","1001.92401123","2.13776994","16.02700043","0","9.18002987"
"2013-03-07 18:00:00","51.0022176","43.80011512","0.33613862","","","1.13171658","156.89720154","2.57373905","12.72161007","99.21835327","1002.09301758","0","16.02700043","0","9.18002987"
"2013-03-07 19:00:00","49.310958","42.53815688","0.34554716","","","1.37814789","156.74510193","2.20253801","12.62880993","99.21488953","1002.49700928","0","16.02700043","0","9.18002987"
"2013-03-07 20:00:00","48.70917512","42.483684","0.34913303","","","1.83709456","162.84410095","2.07843804","12.82579994","99.21333313","1002.77801514","0","16.02700043","0.2","9.18002987"
"2013-03-07 21:00:00","45.09580104","40.2840236","0.37385083","","","1.27226802","162.90950012","1.58168197","12.87985992","99.21320343","1002.75","0","16.02700043","0","9.18002987"
"2013-03-07 22:00:00","25.48554512","22.42338152","0.26352766","","","1.07287296","165.55220032","1.67210102","13.07752991","99.21102142","1002.60699463","0","16.02700043","0","9.18002987"
"2013-03-07 23:00:00","24.01865872","21.07452288","0.29441531","","","1.02901891","161.90280151","1.36627102","13.1573","99.20993042","1002.72802734","0","16.02700043","0","9.18002987"
"2013-03-08 00:00:00","19.90596584","17.2134492","0.27258903","","","1.40944505","168.33900452","1.36766195","13.17778969","99.21060944","1002.33502197","0","16.02700043","0","9.18002987"
"2013-03-08 01:00:00","13.6610335","11.07227154","0.21717697","","","1.35210048","162.1999054","1.33938706","13.18064022","99.20870972","1002.15002441","0","62.37261963","0","16.60099983"
"2013-03-08 02:00:00","9.2616955","7.18134772","0.21578829","","","1.71828049","186.87550354","1.27307904","12.96228027","99.20947266","1001.75799561","0","62.37261963","0","16.60099983"
"2013-03-08 03:00:00","7.95304813","5.80525838","0.21814043","","","1.33766925","192.57929993","1.61055899","12.77987957","99.21028137","1001.67199707","0","62.37261963","0","16.60099983"
"2013-03-08 04:00:00","10.06063234","7.45890129","0.20549319","","","1.12253409","191.19410706","1.21548903","12.64678955","99.21073914","1001.53302002","0","62.37261963","0","16.60099983"
"2013-03-08 05:00:00","12.58713958","9.9750321","0.21729231","","","1.14764382","196","1.27123904","12.52923012","99.20980072","1001.76000977","0","62.37261963","0","16.60099983"
"2013-03-08 06:00:00","24.28066008","20.67506784","0.23136784","","","1.32361431","198.72000122","1.33042896","12.5952301","99.20986176","1002.06500244","3.70675611","62.37261963","0","16.60099983"
"2013-03-08 07:00:00","50.07877896","39.83007656","0.36879939","","","1.16001359","169.82730103","1.40351605","12.80430031","99.20716095","1002.36102295","37.60174179","62.37261963","0","16.60099983"
"2013-03-08 08:00:00","60.7541824","42.17112936","0.44333842","","","1.256713","165.74159241","2.19035602","13.57882023","99.00251007","1002.44702148","193.1053009","62.37261963","0","16.60099983"
"2013-03-08 09:00:00","60.16924424","39.19196568","0.44889081","","","0.96286611","178.478302","1.60043597","14.80585957","91.42674255","1002.30401611","324.33050537","62.37261963","0","16.60099983"
"2013-03-08 10:00:00","36.08183","24.20672304","0.34126695","","","1.54756076","178.92720032","2.38467097","16.54734039","77.46755981","1002.23602295","602.41650391","62.37261963","0","16.60099983"
"2013-03-08 11:00:00","35.98324728","24.31178744","0.34662711","","","1.42181278","185.15220642","2.45725703","16.59564018","76.25437164","1002.46600342","534.15240479","62.37261963","0","16.60099983"
"2013-03-08 12:00:00","32.59036504","22.35982664","0.29175445","","","1.20761428","179.2723999","2.71146202","16.70825005","73.18299866","1002.14202881","533.43811035","62.37261963","0","16.60099983"
"2013-03-08 13:00:00","36.78089544","24.27935992","0.30582881","","","1.40438445","156.19070435","2.97855902","16.98344994","71.16226196","1001.51300049","443.98849487","62.37261963","0","16.60099983"
"2013-03-08 14:00:00","28.16639856","19.3858636","0.21112247","","","1.52151031","153.7303009","3.02054","16.99028969","70.55297089","1000.85900879","213.92950439","62.37261963","0","16.60099983"
"2013-03-08 15:00:00","25.62561824","19.33789152","0.25396418","","","1.36165622","158.82290649","2.84804893","16.81134987","72.27194214","1000.59301758","78.27940369","62.37261963","0","16.60099983"
"2013-03-08 16:00:00","34.34776072","27.04191312","0.27829637","","","1.32436486","167.5","2.80191302","15.9145298","77.1595993","1000.78302002","88.25295258","62.37261963","0","16.60099983"
"2013-03-08 17:00:00","36.39956616","30.13908544","0.29368252","","","1.5601136","160.75630188","2.89117908","14.75607014","83.58654022","1000.85601807","14.57977009","62.37261963","0","16.60099983"
"2013-03-08 18:00:00","36.63432152","30.76811432","0.2981934","","","1.34085653","159.19180298","2.94760799","13.61396027","92.20552063","1001.11700439","0","62.37261963","0","16.60099983"
"2013-03-08 19:00:00","35.94431896","30.07943104","0.2928344","","","1.32886203","155.84970093","3.25823998","13.42123985","95.63329315","1001.15301514","0","62.37261963","0","16.60099983"
"2013-03-08 20:00:00","43.91684272","38.03767216","0.32800226","","","1.36709005","159.74719238","3.23202801","13.22039032","98.61544037","1001.14001465","0","62.37261963","0.40000001","16.60099983"
"2013-03-08 21:00:00","39.41245752","34.93139872","0.32279587","","","1.28163764","158.4066925","2.51840305","12.87897968","99.22254944","1000.95599365","0","62.37261963","1.39999998","16.60099983"
"2013-03-08 22:00:00","24.06276856","20.861832","0.27085435","0.48186274","0.71228341","1.39651389","158.93850708","2.19199109","12.77737045","99.22241974","1000.5670166","0","62.37261963","0.60000002","16.60099983"
"2013-03-08 23:00:00","23.0498292","19.92022936","0.26545574","0.55217303","1.06341791","1.62720407","159.94900513","1.91424501","12.80084038","99.22119141","1000.29302979","0","62.37261963","0.2","16.60099983"
"2013-03-09 00:00:00","24.6152792","21.16272344","0.25006958","0.55601221","1.08424811","1.38845417","163.3973999","1.93913496","12.75084019","99.21720123","999.68731689","0","62.37261963","0","16.60099983"
"2013-03-09 01:00:00","20.7541864","17.42615155","0.25114954","0.45608585","1.24545888","1.09742131","175.32580566","1.58534503","12.50636959","99.21678162","999.66442871","0","13.23474026","0.2","2.02062201"
"2013-03-09 02:00:00","","","0.21756259","0.30723773","0.97634237","1.23947078","169.33770752","1.663939","12.38047028","99.21672058","999.11572266","0","13.23474026","0","2.02062201"
"2013-03-09 03:00:00","15.87756348","13.34716532","0.20048019","0.18438617","0.65573719","","162.60090637","1.57909799","12.25166035","99.22012329","998.78271484","0","13.23474026","0","2.02062201"
"2013-03-09 04:00:00","16.51178535","13.99824721","","0.14599544","0.65599653","1.61103682","189.39480591","0.92887598","11.88792992","99.2277832","998.89221191","0","13.23474026","0","2.02062201"
"2013-03-09 05:00:00","20.65042216","17.80357079","0.23585076","0.15323546","0.59218588","1.59182162","193.70150757","1.12480497","11.84377956","99.22968292","998.74560547","0","13.23474026","0","2.02062201"
"2013-03-09 06:00:00","30.2389492","26.06010112","0.27027418","0.1932717","0.99281371","1.54560304","197.22810364","1.24084997","11.76148987","99.23136902","998.92132568","7.21713495","13.23474026","0","2.02062201"
"2013-03-09 07:00:00","53.20189712","38.46955472","0.34609587","0.29232038","1.41847194","1.06676791","200.70480347","1.412727","12.77085972","98.69685364","999.30822754","125.94930267","13.23474026","0","2.02062201"
"2013-03-09 08:00:00","87.35769304","52.78815944","0.59065384","0.714951","2.68805304","0.66552785","199.23530579","1.19551599","15.34988022","80.15283203","999.8347168","404.12069702","13.23474026","0","2.02062201"
"2013-03-09 09:00:00","32.32578248","22.73207392","0.26966954","1.0729289","4.90005957","1.60617251","206.70410156","1.25057304","17.02507973","62.00474167","1000.26800537","568.89691162","13.23474026","0","2.02062201"
"2013-03-09 10:00:00","30.4905684","21.14457856","0.29534731","0.54295901","1.63402407","2.10300955","202.23260498","1.28649104","18.16151047","53.40876007","1000.36901855","660.4019165","13.23474026","0","2.02062201"
"2013-03-09 11:00:00","25.59579104","18.12911174","0.27023457","0.4650802","1.68006569","2.18948506","215.6401062","1.63694704","18.74847031","47.15621185","1000.48400879","726.88531494","13.23474026","0","2.02062201"
"2013-03-09 12:00:00","27.13269488","19.24060896","0.26237431","0.3937824","1.76449703","1.89247733","204.51480103","1.40385401","19.45895958","45.85300064","1000.3380127","718.16650391","13.23474026","0","2.02062201"
"2013-03-09 13:00:00","25.02901688","17.45857716","0.25564178","0.38588438","1.66177902","1.72098774","252.12800598","1.61331904","19.6307106","42.49320984","1000.09399414","641.68701172","13.23474026","0","2.02062201"
"2013-03-09 14:00:00","23.42465768","17.28348385","0.24367024","0.28174256","1.29407555","1.78374579","202.83790588","1.56063104","19.05805969","44.24534988","1000.04101563","208.80630493","13.23474026","0","2.02062201"
"2013-03-09 15:00:00","17.54417549","13.18115401","0.23004556","0.17310967","0.76093872","1.48454948","214.87309265","1.41615999","18.43474007","47.73625183","1000.15301514","56.81420135","13.23474026","0","2.02062201"
"2013-03-09 16:00:00","29.48022936","24.04460456","0.31473524","0.15520946","0.85948704","1.457062","189.81570435","1.47618699","17.34893036","55.11301041","1000","28.6925106","13.23474026","0","2.02062201"
"2013-03-09 17:00:00","41.61731856","35.48132816","0.36113136","0.55063736","2.38132584","1.78800092","197.47470093","1.24994898","16.13878059","60.94945145","1000.2210083","7.13166523","13.23474026","0","2.02062201"
"2013-03-09 18:00:00","58.23284712","50.5677156","0.40551204","0.71955801","2.85107916","1.44599399","195.98060608","1.30351901","15.09449005","67.29270172","1000.74499512","0","13.23474026","0","2.02062201"
"2013-03-09 19:00:00","71.89389592","61.66335752","0.42566654","0.94551609","3.10242867","1.64290451","196.70370483","1.32640398","14.42450047","71.09101868","1001.11401367","0","13.23474026","0","2.02062201"
"2013-03-09 20:00:00","87.2876756","73.66685528","0.47230498","1.20276115","4.23531176","1.47129288","163.28930664","1.24773502","13.78814983","73.42401123","1001.11700439","0","13.23474026","0","2.02062201"
"2013-03-09 21:00:00","75.60713376","64.390902","0.46456589","1.40761546","4.37055852","1.65518682","165.41110229","1.53237295","13.78448963","68.94628143","1001.13500977","0","13.23474026","0","2.02062201"
"2013-03-09 22:00:00","47.13850536","42.21130048","0.37153132","1.33447181","3.95050192","1.32728873","163.77850342","1.63747799","13.67113972","68.89994049","1000.86999512","0","13.23474026","0","2.02062201"
"2013-03-09 23:00:00","44.76896376","39.87546744","0.33541399","1.01582638","2.60349254","1.75479892","158.55050659","1.83620501","12.87226963","73.50907898","1000.434021","0","13.23474026","0","2.02062201"
"2013-03-10 00:00:00","40.37738656","35.66029136","0.30518224","0.87509596","2.29909936","1.59753818","157.04600525","2.09886098","12.77709961","76.47463226","1000.04602051","0","13.23474026","0","2.02062201"
"2013-03-10 01:00:00","24.6061972","20.89554056","0.22682084","0.62389797","2.08670399","1.68973025","162.2808075","1.91989803","13.04598999","77.30130005","999.81781006","0","12.22027969","0",""
"2013-03-10 02:00:00","23.38832968","20.40270344","0.23621307","0.28957753","1.30913935","1.40889688","159.46690369","1.46256006","12.69419956","81.99584961","999.49822998","0","12.22027969","0",""
"2013-03-10 03:00:00","23.15617464","20.14978408","0.22827243","0.25996249","1.09825525","1.16735226","177.26930237","1.10566998","12.3111496","88.2602005","999.24627686","0","12.22027969","0",""
"2013-03-10 04:00:00","20.25614864","17.52082997","0.20263544","0.26785949","1.31756927","1.58099566","171.99710083","1.20631003","12.32538986","90.13139343","999.17462158","0","12.22027969","0",""
"2013-03-10 05:00:00","13.47686393","10.91922933","0.18945463","0.12796504","1.07056031","1.5758893","184.15800476","1.41767097","12.41289997","87.37348175","999.14331055","0","12.22027969","0",""
"2013-03-10 06:00:00","17.62458847","14.85554786","0.17937622","0.13261375","0.90851153","2.15676817","187.32870483","1.31124902","12.24860954","89.15351105","999.16741943","9.37423706","12.22027969","0",""
"2013-03-10 07:00:00","20.1134752","15.58574448","0.21307501","0.08182782","0.72901408","1.51130471","197.82220459","1.59272802","13.69894981","81.55860138","999.59741211","135.30220032","12.22027969","0",""
"2013-03-10 08:00:00","18.86449562","13.46519117","0.25564178","0.21992523","1.00876535","1.81001694","193.27180481","1.92891395","16.09082985","67.24819183","999.65631104","398.66589355","12.22027969","0",""
"2013-03-10 09:00:00","15.96186738","11.0450351","0.2136843","0.30888324","1.06544276","2.24141715","220.98620605","1.65317595","17.7221508","58.27967072","999.39471436","569.76391602","12.22027969","0",""
"2013-03-10 10:00:00","17.80746171","12.17988932","0.25201397","0.16935898","0.99385105","2.13925442","195.11070251","1.59487796","18.95889091","51.98757172","999.18847656","665.32141113","12.22027969","0",""
"2013-03-10 11:00:00","21.13549656","14.38993379","0.24387178","0.36621051","1.39214384","2.12806335","204.52290344","2.01951599","19.51472092","49.37382126","999.15612793","732.48681641","12.22027969","0",""
"2013-03-10 12:00:00","24.07443176","16.68298392","0.2720077","0.3384993","1.73168455","1.93796672","191.60310364","2.36690903","19.60880089","47.60187149","998.94830322","725.15863037","12.22027969","0",""
"2013-03-10 13:00:00","21.02265032","14.94892994","0.26495362","0.39049139","1.44985757","1.88116727","187.57980347","2.30726194","19.74847031","46.26773071","998.0703125","665.37841797","12.22027969","0",""
"2013-03-10 14:00:00","13.93210157","9.8583045","0.23992127","0.21400223","0.98347561","2.18705138","193.06080627","2.10512805","19.54990959","46.13626099","997.34881592","204.79840088","12.22027969","0",""
"2013-03-10 15:00:00","14.88148796","10.48733721","0.1925978","0.10793319","0.68816017","1.73011023","186.33410645","1.91865003","19.34078979","45.81929016","996.99432373","41.64020157","12.22027969","0",""
"2013-03-10 16:00:00","18.83207192","14.56502519","0.2178317","0.085667","0.73368312","2.10605038","168.51040649","2.314533","18.75111961","49.68070984","996.87512207","29.11375046","12.22027969","0",""
"2013-03-10 17:00:00","26.42454744","22.02132616","0.20816919","0.15082212","0.93522913","2.07831984","180.98970032","1.97652698","17.15559959","61.06362152","996.95611572","9.5197401","12.22027969","0",""
"2013-03-10 18:00:00","32.7771292","28.44524464","0.28861477","0.35034531","1.45958518","2.14886303","169.42770386","2.85896492","15.57637978","71.55901337","997.16912842","0","12.22027969","0",""
"2013-03-10 19:00:00","38.17644512","33.29851248","0.27543396","0.45279484","1.81248418","1.89697654","151.90260315","2.95049906","14.39525986","80.19332123","997.3012085","0","12.22027969","0",""
"2013-03-10 20:00:00","41.47202568","35.8807832","0.2972416","0.57213572","1.70211425","1.88043707","159.0579071","2.66596508","13.73165035","88.70999908","997.43292236","0","12.22027969","0",""
"2013-03-10 21:00:00","35.1570912","30.47110424","0.27801327","0.63794885","1.80716629","2.04973808","159.57839966","2.50459099","13.58057976","91.48886108","997.08300781","0","12.22027969","0",""
"2013-03-10 22:00:00","27.80453344","23.50895776","0.23714041","0.6306","1.72584798","1.86693639","195.72270203","1.96903801","13.8781004","87.91220856","997.39331055","0","12.22027969","0",""
"2013-03-10 23:00:00","26.26372912","22.77226416","0.31409099","0.37327053","1.18891165","2.37021918","197.91630554","1.646209","13.99199009","79.57929993","997.17572021","0","12.22027969","0",""
"2013-03-11 00:00:00","20.83328584","17.08115792","0.25286092","0.30701806","1.33455927","2.40828753","191.66470337","0.96002501","12.65981007","91.17276001","997.36407471","0","12.22027969","0.60000002",""
"2013-03-11 01:00:00","11.3783598","8.84147614","0.20376433","0.20424004","1.32003346","1.9483025","182.58430481","0.71854502","12.63234043","92.09136963","996.79510498","0","17.56921959","0","2.69434309"
"2013-03-11 02:00:00","","","0.19785312","","","2.01385832","197.15930176","1.12899697","12.91329956","85.35388184","996.18780518","0","17.56921959","0","2.69434309"
"2013-03-11 03:00:00","13.40553103","10.95943678","0.26374435","","","","187.978302","1.26964402","12.88414001","81.66117096","995.63067627","0","17.56921959","0","2.69434309"
"2013-03-11 04:00:00","10.81676907","8.15407963","","","","2.02518973","197.19030762","1.20834696","12.79370975","80.8326416","995.519104","0","17.56921959","0","2.69434309"
"2013-03-11 05:00:00","12.66495798","9.34210848","0.31819762","","","1.67796152","196.51370239","1.15438902","12.68416023","78.44444275","995.70343018","0","17.56921959","0","2.69434309"
"2013-03-11 06:00:00","27.698188","23.72943048","0.35040637","","","1.90868628","197.93690491","1.13227701","12.50819969","78.5765686","995.86682129","13.56634045","17.56921959","0","2.69434309"
"2013-03-11 07:00:00","80.167292","57.6738548","0.47412821","0.22409392","1.09838441","2.01944978","197.06500244","1.265962","13.0320797","78.37728119","996.00482178","82.45114899","17.56921959","0","2.69434309"
"2013-03-11 08:00:00","91.73758792","63.26251608","0.67018839","0.82277436","3.17194469","2.03214194","196.16090393","1.134619","14.15546989","74.0161438","996.40161133","190.22380066","17.56921959","0","2.69434309"
"2013-03-11 09:00:00","46.82465056","34.4294796","0.42864777","1.0237244","4.53075636","1.83199024","203.43040466","1.14841902","15.68389034","64.38258362","996.63031006","373.23361206","17.56921959","0","2.69434309"
"2013-03-11 10:00:00","34.15323384","23.89026792","0.38150488","0.68807678","2.30545459","1.58177366","216.78160095","1.46560597","17.59761047","53.99700165","996.62121582","657.43792725","17.56921959","0.2","2.69434309"
"2013-03-11 11:00:00","27.98351576","20.07326584","0.35412971","0.56456721","2.08614057","2.1056507","261.84381104","1.584759","18.44062996","49.70233154","996.44110107","703.79211426","17.56921959","0","2.69434309"
"2013-03-11 12:00:00","36.88205936","27.42970496","0.3937467","0.43129546","1.61158702","2.09356569","198.89900208","1.65144598","17.94470978","50.38148117","996.21362305","414.7098999","17.56921959","0","2.69434309"
"2013-03-11 13:00:00","57.65309048","41.37478136","0.50696956","0.62017982","2.34358395","2.24049066","199.44790649","1.20151901","17.02279091","53.64197159","995.77001953","269.49630737","17.56921959","0","2.69434309"
"2013-03-11 14:00:00","33.51638488","24.88374312","0.34608772","0.73875287","2.84563211","1.54840386","199.93640137","1.39909196","17.32843971","51.713871","995.29492188","194.34970093","17.56921959","0","2.69434309"
"2013-03-11 15:00:00","24.92525264","19.12388136","0.36914423","0.45023912","2.31424452","1.60460735","197.49710083","1.32332599","17.22167969","50.1842308","995.25231934","45.86386108","17.56921959","0","2.69434309"
"2013-03-11 16:00:00","29.35702008","23.48301192","0.3784153","0.3378413","1.45828749","1.70510627","212.28790283","1.45962703","16.19602966","52.41561127","995.29962158","30.29607964","17.56921959","0","2.69434309"
"2013-03-11 17:00:00","39.38781184","32.2505644","0.42745947","0.59571894","2.30726993","1.78213487","202.34519958","1.40030396","15.0236702","59.73089981","995.44372559","10.59624958","17.56921959","0","2.69434309"
"2013-03-11 18:00:00","62.82543288","51.98401048","0.46636348","0.74632138","2.80931809","1.72487268","198.76530457","1.79701197","14.20674992","64.02828979","995.7387085","0","17.56921959","0","2.69434309"
"2013-03-11 19:00:00","68.68775872","56.82431496","0.46501558","1.05509479","3.5284754","1.35787806","201.10560608","1.62569404","13.41751003","70.79756927","996.39782715","0","17.56921959","0","2.69434309"
"2013-03-11 20:00:00","51.59881896","44.25666248","0.43474888","1.03666776","3.38127177","1.63530346","196.59010315","0.72606999","13.14258003","74.3649292","996.76812744","0","17.56921959","0","2.69434309"
"2013-03-11 21:00:00","47.38106168","43.37079464","0.44231555","0.72964868","2.1434648","1.5540838","196.47770691","0.45320401","12.28489971","80.31597137","997.04821777","0","17.56921959","0","2.69434309"
"2013-03-11 22:00:00","70.25839024","53.36789696","0.57582339","0.71176982","2.33709956","1.69332432","192.56640625","0.57549202","11.79528046","84.16902924","997.14367676","0","17.56921959","0","2.69434309"
"2013-03-11 23:00:00","34.88342664","31.4062252","0.45697358","1.35224185","4.25320994","1.64920991","189.72390747","0.558043","11.54076004","85.17317963","996.96130371","0","17.56921959","0","2.69434309"
"2013-03-12 00:00:00","27.55551456","24.68141528","0.38689301","0.82431003","2.33554457","1.65324537","193.17160034","1.08229899","11.39078045","88.3421402","996.71551514","0","17.56921959","0","2.69434309"
"2013-03-12 01:00:00","12.4807865","9.98540853","0.31887099","0.61568265","1.86812323","1.21104665","201","1.31557596","11.53507042","84.19000244","996.61932373","0","","0","1.92511201"
"2013-03-12 02:00:00","8.74809406","6.23455782","0.29137815","0.22606791","0.81967047","1.863144","195.21760559","1.46254301","11.39620972","82.03620911","996.24841309","0","","0","1.92511201"
"2013-03-12 03:00:00","7.55617429","5.36947534","0.25081052","0.16431364","0.55470434","2.07179681","200.94810486","1.36682606","11.65330029","79.14157104","996.03851318","0","","0","1.92511201"
"2013-03-12 04:00:00","8.6780575","6.1204229","0.25461425","0.17385615","0.47040318","1.67173748","196.85090637","1.29631305","11.80091","79.7950592","995.76702881","0","","0","1.92511201"
"2013-03-12 05:00:00","10.81287815","8.09831042","0.27877984","0.18932269","0.56041073","1.99084869","198.63270569","2.14921689","11.47367954","83.86752319","995.23321533","0","","0","1.92511201"
"2013-03-12 06:00:00","20.97985976","17.27700026","0.34272087","0.14149826","0.5265609","1.74242102","196.77760315","1.21401405","11.19867992","81.66924286","995.07470703","16.37463951","","0","1.92511201"
"2013-03-12 07:00:00","30.4905684","24.11724144","0.33099398","0.27487985","1.15765517","2.02367237","200.38960266","0.98278999","11.65941048","80.50427246","995.44360352","75.51180267","","0","1.92511201"
"2013-03-12 08:00:00","48.05680072","35.13762704","0.46925501","0.4104551","1.29305651","2.00612098","216.38250732","1.08327997","12.64562988","74.97544098","995.82141113","185.70500183","","0","1.92511201"
"2013-03-12 09:00:00","43.27483136","30.37124048","0.41811035","0.78701562","3.12499489","1.85412626","215.05960083","1.47827399","14.48147964","65.02388","996.0993042","490.31329346","","0","1.92511201"
"2013-03-12 10:00:00","24.9952892","17.47413893","0.34925768","0.67480493","2.71165761","1.91551848","233.64720154","1.58458805","15.72865963","56.56877136","996.06481934","546.56781006","","0","1.92511201"
"2013-03-12 11:00:00","","","0.33887753","0.52782198","2.02738848","1.34376108","188.10920715","2.03600311","16.35976982","55.23591995","995.64331055","630.33581543","","0","1.92511201"
"2013-03-12 12:00:00","29.21304648","19.90466568","0.36522284","0.5723554","2.36654069","2.57065463","213.09440613","1.75949597","16.53343964","53.8091011","995.62091064","577.73791504","","0","1.92511201"
"2013-03-12 13:00:00","33.66685928","21.44028848","0.41149431","0.50522628","2.17562945","1.42449359","210.79110718","2.222893","16.76379967","51.91704178","995.28161621","682.22320557","","0","1.92511201"
"2013-03-12 14:00:00","22.56735512","15.63373377","0.37318562","0.58189791","2.33424586","1.01289742","192.95350647","2.47015905","15.76963043","54.91913986","994.89501953","199.06480408","","0","1.92511201"
"2013-03-12 15:00:00","22.2807272","16.08897141","0.32857777","0.39970541","1.43286757","2.008216","189.86740112","2.505548","15.73857021","57.70858002","994.88861084","46.42755127","","0","1.92511201"
"2013-03-12 16:00:00","26.03545544","19.7334652","0.39342982","0.37206437","1.60121158","1.67683774","196.35850525","2.23715305","15.19163036","58.44002151","994.95562744","30.58300972","","0","1.92511201"
"2013-03-12 17:00:00","40.96752536","32.33616464","0.41747659","0.4984256","1.92064925","2.66982026","194.05599976","2.00797701","14.06566048","63.24494171","995.12561035","8.16442871","","0","1.92511201"
"2013-03-12 18:00:00","48.16832768","38.89367456","0.49381671","0.73403602","3.14263373","2.40065393","194.5993042","1.75411606","13.08654976","69.0121994","995.33062744","0","","0","1.92511201"
"2013-03-12 19:00:00","50.34982408","40.93769816","0.48720067","0.96931897","3.65350131","2.00548434","195.69970703","1.24501801","12.40563965","73.5202713","995.73260498","0","","0","1.92511201"
"2013-03-12 20:00:00","58.82556712","50.1280512","0.53961402","0.83984572","3.45909464","2.11445589","191.02430725","0.916605","12.2305603","75.95950317","995.96801758","0","","0","1.92511201"
"2013-03-12 21:00:00","49.38489504","44.92720088","0.46410455","1.14822046","3.67308466","2.07969178","183.80050659","0.70848501","12.14109039","75.43704987","995.80432129","0","","0","1.92511201"
"2013-03-12 22:00:00","24.07833224","20.71137672","0.36439103","0.95154893","2.89958599","1.68057419","197.39549255","1.87709904","12.10534","73.97312164","995.92181396","0","","0","1.92511201"
"2013-03-12 23:00:00","15.22518526","12.3835135","0.31681127","0.69224546","1.71534237","1.89286888","162.55630493","1.91803598","11.66720963","76.91065979","995.8427124","0","","0.2","1.92511201"
"2013-03-13 00:00:00","10.31613673","7.71959293","0.25485191","0.38566572","1.02562619","2.01082867","191.6204071","1.59580398","11.30918026","89.80226135","995.41290283","0","","0.80000001","1.92511201"
"2013-03-13 01:00:00","7.90765534","5.37725718","0.29320021","0.28672586","0.69944378","2.45081237","171.53919983","1.35173202","10.76237965","94.17223358","994.92071533","0","14.96578979","0","2.02048612"
"2013-03-13 02:00:00","","","0.26055691","0.21937707","0.62629606","2.66471899","180.73660278","1.04947698","10.4921999","93.99333954","994.40722656","0","14.96578979","0","2.02048612"
"2013-03-13 03:00:00","12.57287224","10.09435429","0.302787","0.15893879","0.60113548","","199.63130188","1.10006702","10.24542046","97.01863861","994.13922119","0","14.96578979","0","2.02048612"
"2013-03-13 04:00:00","10.11510522","7.71181109","","0.1939297","0.68854968","1.0037912","198.73570251","1.64002502","10.26387024","97.43888092","993.91082764","0","14.96578979","0","2.02048612"
"2013-03-13 05:00:00","10.72079241","8.03086653","0.18438222","0.18361833","0.46145358","0.62740357","194.46200562","1.73025799","10.29160976","86.37078094","993.79541016","0","14.96578979","0","2.02048612"
"2013-03-13 06:00:00","25.59319072","21.13679672","0.23486633","0.15564778","0.55924423","0.87978738","198.13470459","1.36848199","10.18776035","83.14089203","993.63067627","12.1174202","14.96578979","0","2.02048612"
"2013-03-13 07:00:00","47.85055328","34.57991576","0.33148561","0.31052875","1.12938155","1.14860997","160.7183075","1.57811201","11.41670036","82.58242035","994.13250732","147.89970398","14.96578979","0","2.02048612"
"2013-03-13 08:00:00","67.44396448","41.9597004","0.53591748","0.64332369","2.0989802","1.62114987","172.33230591","1.67220497","13.43542004","74.60134125","995.02581787","373.21630859","14.96578979","0","2.02048612"
"2013-03-13 09:00:00","43.92592472","30.58525064","0.34191236","1.05619213","3.87618668","1.22713864","176.2447052","1.76132596","13.84566975","72.24033356","995.04162598","333.11660767","14.96578979","0","2.02048612"
"2013-03-13 10:00:00","37.79901632","26.48422096","0.33788728","0.8127925","2.96702733","1.21554281","159.97900391","2.12986207","14.54022026","67.37322235","995.3425293","320.51580811","14.96578979","0","2.02048612"
"2013-03-13 11:00:00","34.0403876","23.99791352","0.30330542","0.97392598","2.85626789","0.99904181","177.67460632","2.12835407","14.91656017","61.3302803","995.31811523","348.03311157","14.96578979","0.2","2.02048612"
"2013-03-13 12:00:00","34.7887444","24.34679616","0.29670337","0.76343342","2.72825912","1.13710567","182.75120544","2.1050601","15.64848042","53.29561996","994.92242432","395.18411255","14.96578979","0","2.02048612"
"2013-03-13 13:00:00","34.59679872","23.3520208","0.35696416","0.69323195","2.35279289","1.04771238","162.96850586","2.86033893","16.02062035","52.78570175","994.16931152","508.88580322","14.96578979","0","2.02048612"
"2013-03-13 14:00:00","21.54663392","14.66100186","0.20274029","0.69452557","2.64945281","1.32913357","179.22250366","3.049505","15.80165005","49.18416977","993.32861328","233.41470337","14.96578979","0","2.02048612"
"2013-03-13 15:00:00","18.86968287","14.33546091","0.24408498","0.37019919","1.25337012","1.57174909","156.75590515","3.22062302","14.88006973","61.91926956","992.69061279","104.64080048","14.96578979","0","2.02048612"
"2013-03-13 16:00:00","22.14843592","17.52342455","0.22057411","0.42701796","1.39966557","0.98917997","164.01370239","3.73284197","14.07332039","69.78414154","992.40863037","32.82458115","14.96578979","0.2","2.02048612"
"2013-03-13 17:00:00","25.87723744","21.11733256","0.25746151","0.50478693","1.49888206","1.24439713","162.19340515","3.58541894","12.73089981","92.32607269","992.00170898","6.69108677","14.96578979","0.80000001","2.02048612"
"2013-03-13 18:00:00","22.83451888","18.12781349","0.22629077","0.47199072","1.4857831","1.40976235","147.86250305","4.29817295","12.51492023","96.71076202","990.97692871","0","14.96578979","0","2.02048612"
"2013-03-13 19:00:00","21.37283312","16.99166485","0.27134015","0.50544493","1.30965802","1.38218639","145.07600403","4.7025528","12.89410973","90.96755981","990.67340088","0","14.96578979","0","2.02048612"
"2013-03-13 20:00:00","17.5830866","13.78683928","0.23504341","0.49688993","1.19695307","1.30868069","145.16070557","4.89136791","13.32993984","93.33258057","990.01977539","0","14.96578979","0","2.02048612"
"2013-03-13 21:00:00","13.39645094","10.00615946","0.20209605","0.4627767","1.12341583","1.53422078","149.14500427","5.13004303","13.74615955","96.1781311","988.76422119","0","14.96578979","0.2","2.02048612"
"2013-03-13 22:00:00","9.84792808","7.08537297","0.13598696","0.2368176","0.57804958","1.23919111","163.29730225","5.16404295","13.31515026","96.05290985","988.14971924","0","14.96578979","0.60000002","2.02048612"
"2013-03-13 23:00:00","10.4419425","7.71310742","0.16041002","0.15400329","0.41975658","2.00748986","165.94070435","4.330616","13.43420029","99.21807098","987.21081543","0","14.96578979","0.40000001","2.02048612"
"2013-03-14 00:00:00","9.58204918","6.9115779","0.16956692","0.10281158","0.27338689","1.58900758","160.91000366","4.72731495","13.35571003","99.13259888","986.4677124","0","14.96578979","0.40000001","2.02048612"
"2013-03-14 01:00:00","6.11134472","3.42401342","0.14895224","0.06427745","0.22839278","2.02465784","163.40730286","3.67244005","13.17033005","98.80673981","985.62231445","0","16.48958969","0.40000001","3.195225"
"2013-03-14 02:00:00","6.29162338","3.95447488","0.17086356","0.03488107","0.19778413","2.21860177","160.47920227","3.78938389","12.87504959","99.00440979","984.71551514","0","16.48958969","1.60000002","3.195225"
"2013-03-14 03:00:00","5.24755857","2.78979155","0.1739345","0.02862855","0.17507147","2.11332193","162.8730011","3.99144697","12.90279007","99.22073364","983.9262085","0","16.48958969","0.2","3.195225"
"2013-03-14 04:00:00","5.47712476","2.94543026","0.14534773","0.09882901","0.19752479","1.37004341","161.58030701","3.34457707","13.48981953","94.78246307","983.36102295","0","16.48958969","0","3.195225"
"2013-03-14 05:00:00","7.53801602","4.98038334","0.16517953","0.04332725","0.20102734","2.32808691","163.82929993","2.89053607","13.8961401","89.50624084","982.73620605","0","16.48958969","0","3.195225"
"2013-03-14 06:00:00","11.16176462","8.14500146","0.18909232","0.07546547","0.27171087","2.5352732","162.61990356","4.61137009","14.13871956","90.87049103","981.25317383","4.82295513","16.48958969","0.2","3.195225"
"2013-03-14 07:00:00","17.64663766","12.28364591","0.18647573","0.06032844","0.39933014","2.51646175","161.7052002","5.17511702","14.21278954","88.8433609","980.56677246","40.15465164","16.48958969","0","3.195225"
"2013-03-14 08:00:00","34.97808976","23.48301192","0.31546336","0.20160805","0.77440787","2.76053972","180.70910645","3.21789908","13.56105042","93.65866089","980.36322021","18.5012207","16.48958969","7.4000001","3.195225"
"2013-03-14 09:00:00","30.45425952","22.23661736","0.29074439","0.65451171","1.94243847","2.72456131","195.96350098","3.0569551","12.31169033","99.22215271","979.95831299","62.56715012","16.48958969","5.5999999","3.195225"
"2013-03-14 10:00:00","33.84714176","25.48942648","0.28808703","0.36219235","1.66696673","2.61928045","198.21910095","2.14923692","11.77213955","99.22527313","979.75317383","43.70267105","16.48958969","1.39999998","3.195225"
"2013-03-14 11:00:00","54.04233584","41.94025536","0.46937035","0.47868156","2.44137359","2.85778424","195.0749054","1.19890404","10.76420975","99.23001099","979.43231201","27.77065086","16.48958969","1.60000002","3.195225"
"2013-03-14 12:00:00","47.07108824","34.4774708","0.3854321","1.05630197","3.94907609","3.08332535","197.71600342","1.35866797","10.71374035","99.22798157","978.51000977","242.3697052","16.48958969","0.40000001","3.195225"
"2013-03-14 13:00:00","43.0374948","27.58534176","0.40475595","0.74357955","2.48923157","3.41551924","196.83320618","2.07382894","12.18756008","97.01599121","977.94140625","417.8742981","16.48958969","0","3.195225"
"2013-03-14 14:00:00","27.03803176","19.93189256","0.26795816","0.80511415","2.56627034","3.15007512","185.6414032","1.93299997","12.57271004","72.0618515","977.9901123","136.44580078","16.48958969","0","3.195225"
"2013-03-14 15:00:00","20.44419384","15.26020354","0.30258079","0.49316059","1.48682044","2.85340199","205.14230347","1.92938304","13.11653042","62.48168182","978.08361816","119.95619965","16.48958969","0","3.195225"
"2013-03-14 16:00:00","21.68152552","16.30426834","0.28418195","0.47988772","1.24610773","2.82409103","217.59280396","1.41101694","13.06762981","59.88162994","978.60632324","95.65222168","16.48958969","0","3.195225"
"2013-03-14 17:00:00","26.25334696","21.43898832","0.33551185","0.49996127","1.44726422","2.6327018","888","0.98229599","12.14393997","61.77051163","979.11352539","34.4739418","16.48958969","0","3.195225"
"2013-03-14 18:00:00","38.49680072","31.77717232","0.39509344","0.69323195","1.92959885","2.2955785","225.44650269","0.80916798","10.48250008","74.96932983","979.68780518","0","16.48958969","0","3.195225"
"2013-03-14 19:00:00","58.59341208","48.36933624","0.55371169","1.04840394","2.81256028","2.3555693","202.70550537","0.62928498","9.59191513","83.09483337","980.26593018","0","16.48958969","0","3.195225"
"2013-03-14 20:00:00","46.86357888","39.23087488","0.46252597","1.47871292","4.50014873","2.26581091","188.30430603","0.44734699","9.5695982","86.19441223","981.17260742","0","16.48958969","0","3.195225"
"2013-03-14 21:00:00","29.36738312","25.04716176","0.34553551","1.11454657","3.01242011","2.27695113","230.7256012","0.76098299","10.05615997","83.42266083","982.07531738","0","16.48958969","0","3.195225"
"2013-03-14 22:00:00","18.50653289","15.46771863","0.33015751","0.72175168","2.02985267","2.4127308","272.78430176","1.16073799","9.66788864","79.60778046","982.92980957","0","16.48958969","0","3.195225"
"2013-03-14 23:00:00","15.83735603","12.74536906","0.37363647","0.88323297","1.70136473","2.27631245","245.21690369","1.37342501","8.93630505","77.13423157","983.61151123","0","16.48958969","0","3.195225"
"2013-03-15 00:00:00","12.56379406","9.69229128","0.39928045","1.19154771","1.29837441","2.29548799","237.84640503","1.02428401","8.01329613","76.45149994","984.53222656","0","16.48958969","0","3.195225"
"2013-03-15 01:00:00","9.88424461","7.34865919","0.3591031","1.24661114","1.20460497","1.78231589","222.53640747","0.86588198","7.73355103","75.76502991","985.36212158","0","21.35000992","0","10.76935959"
"2013-03-15 02:00:00","","","0.34320085","1.10335856","0.95442399","2.1351437","245.27760315","1.01248097","7.70472193","76.18408966","986.0269165","0","21.35000992","0","10.76935959"
"2013-03-15 03:00:00","13.63639165","11.18251555","0.34734708","1.04423628","0.87933074","","229.53010559","0.59788799","7.36101007","77.79575348","986.49127197","0","21.35000992","0","10.76935959"
"2013-03-15 04:00:00","13.05404998","10.36152952","","1.06222497","0.90293531","1.46018724","191.08210754","0.38220599","7.21998501","79.43800354","987.37280273","0","21.35000992","0","10.76935959"
"2013-03-15 05:00:00","14.95930636","11.90493034","0.55331792","1.08449117","0.93367211","1.09633719","186.23750305","0.394025","6.93284607","83.96878052","988.13592529","0","21.35000992","0.2","10.76935959"
"2013-03-15 06:00:00","34.29978864","26.05231928","0.63281053","1.17246167","1.32472691","0.93535931","199.27310181","0.96740901","6.67480803","88.94721985","988.90490723","3.13593793","21.35000992","0.40000001","10.76935959"
"2013-03-15 07:00:00","","","0.7001883","1.32679346","1.9318037","0.85995486","199.6006012","0.67914498","6.64156914","93.2602005","989.79351807","32.94158173","21.35000992","0","10.76935959"
"2013-03-15 08:00:00","65.02639344","41.05180632","0.70957005","1.60858382","3.07661925","1.11309531","240.46440125","0.75722802","7.79460096","84.16191101","990.58770752","217.55070496","21.35000992","0","10.76935959"
"2013-03-15 09:00:00","43.78715176","29.81224816","0.62786161","1.78847383","3.02759375","0.96767448","295.66650391","1.25587797","8.89662266","72.12779999","991.24151611","249.23680115","21.35000992","0","10.76935959"
"2013-03-15 10:00:00","","","","","","","","","","","","","21.35000992","","10.76935959"
"2013-03-15 11:00:00","17.96509082","12.58756596","","","","","330.99710083","2.67889094","9.10523319","64.26889038","992.57330322","339.36950684","21.35000992","0","10.76935959"
"2013-03-15 12:00:00","19.96171976","15.13310142","0.30549912","","","2.56610254","329.48010254","2.99651098","9.04755211","62.40829086","992.78222656","181.97790527","21.35000992","0","10.76935959"
"2013-03-15 13:00:00","18.82558833","13.37699634","0.51222604","","","1.09873121","331.96710205","3.48062301","9.23924923","62.84968185","992.84710693","292.3493042","21.35000992","0","10.76935959"
"2013-03-15 14:00:00","13.34327631","9.46013242","0.49282762","","","1.1280564","333.71960449","3.565135","8.81569767","61.54164124","993.14202881","188.73710632","21.35000992","0","10.76935959"
"2013-03-15 15:00:00","11.01779866","7.75980038","0.42382584","","","1.29561834","333.82110596","3.39235902","8.54307461","59.19298172","993.70800781","92.35652161","21.35000992","0","10.76935959"
"2013-03-15 16:00:00","10.15401442","7.30715541","0.46954976","","","0.92638123","331.51190186","3.45710301","8.44614124","63.8742218","994.56207275","76.69007111","21.35000992","0","10.76935959"
"2013-03-15 17:00:00","11.56901488","8.55354806","0.45616973","","","1.08975618","329.79000854","3.47783399","7.83292723","62.58546066","995.60192871","14.51871967","21.35000992","0","10.76935959"
"2013-03-15 18:00:00","15.93333461","12.84004938","0.448292","","","0.96528047","333.91140747","2.28572798","7.17501116","59.42964172","996.50830078","0","21.35000992","0","10.76935959"
"2013-03-15 19:00:00","26.06010112","22.37669048","0.51103774","","","0.75283425","304.13360596","1.92918205","6.56532383","60.87220001","997.34991455","0","21.35000992","0","10.76935959"
"2013-03-15 20:00:00","43.21515784","37.66414384","0.57081505","","","0.59065835","271.94351196","1.10448897","5.82125902","64.05445862","998.3137207","0","21.35000992","0","10.76935959"
"2013-03-15 21:00:00","30.21690384","26.32468368","0.51689652","","","0.52602596","277.08691406","1.29180598","6.04348183","62.59075165","998.99682617","0","21.35000992","0","10.76935959"
"2013-03-15 22:00:00","24.15095","20.76196824","0.4545865","","","0.63075255","264.80950928","1.02427304","5.61375713","68.87490082","999.57287598","0","21.35000992","0","10.76935959"
"2013-03-15 23:00:00","19.4520188","16.75302239","0.43692976","","","0.59305236","258.22329712","0.82155001","5.44675207","69.72119141","1000.04602051","0","21.35000992","0","10.76935959"
"2013-03-16 00:00:00","7.04905644","4.42138719","0.31824538","","","0.57031123","332.92401123","2.80236793","6.48887587","59.97090149","1000.7130127","0","21.35000992","0","10.76935959"
"2013-03-16 01:00:00","5.52900306","3.10495798","0.32814322","","","0.43386847","331.56869507","3.65145993","6.245965","58.12229156","1001.52099609","0","26.28153038","0","15.64875031"
"2013-03-16 02:00:00","6.86359053","4.33059778","0.32814322","","","0.56373022","337.06561279","3.05453801","5.69658184","58.24663162","1002.01300049","0","26.28153038","0","15.64875031"
"2013-03-16 03:00:00","7.29288806","4.67040607","0.32165068","","","0.7217171","335.64260864","2.44761705","5.17365408","58.10799026","1002.72601318","0","26.28153038","0","15.64875031"
"2013-03-16 04:00:00","6.16192668","3.97782231","0.30767534","","","0.73667819","333.19680786","2.66159296","5.42646885","57.34011078","1003.42102051","0","26.28153038","0","15.64875031"
"2013-03-16 05:00:00","8.17612882","5.70409446","0.30735962","","","0.53201101","333.73590088","2.36353302","5.10466814","58.0318718","1004.27301025","0","26.28153038","0","15.64875031"
"2013-03-16 06:00:00","12.5715759","9.69229128","0.32560935","","","0.4943098","313.23550415","1.92724204","4.920228","59.71488953","1005.0670166","14.46580982","26.28153038","0","15.64875031"
"2013-03-16 07:00:00","26.00302792","20.4040036","0.37204508","","","0.35547099","270.7828064","1.39455795","5.16904211","63.83610153","1005.85400391","90.51586151","26.28153038","0","15.64875031"
"2013-03-16 08:00:00","29.67735656","21.42860616","0.45126042","","","0.52303598","279.11871338","2.300879","5.908494","58.78116989","1006.67700195","94.28977966","26.28153038","0","15.64875031"
"2013-03-16 09:00:00","23.61660336","18.23157199","0.41654226","","","0.2118472","279.67739868","2.06822896","6.10873699","60.70146179","1007.39801025","117.37879944","26.28153038","0","15.64875031"
"2013-03-16 10:00:00","19.0616362","14.13702399","0.38122994","","","0.41052934","290.57141113","2.6102941","6.11334991","61.12081146","1008.16900635","179.59590149","26.28153038","0","15.64875031"
"2013-03-16 11:00:00","15.1940579","10.67410137","0.35783325","","","0.24476139","280.84890747","3.53714705","5.553792","66.42218018","1009.10101318","287.19659424","26.28153038","0","15.64875031"
"2013-03-16 12:00:00","16.43655962","10.78953263","0.36246529","","","0.36803806","302.63619995","3.11069393","6.36589384","60.61605072","1009.39202881","321.73880005","26.28153038","0","15.64875031"
"2013-03-16 13:00:00","14.28487895","8.82591246","0.33245838","","","0.40394426","331.67990112","4.37875509","6.22744608","57.30252075","1009.56500244","375.04681396","26.28153038","0","15.64875031"
"2013-03-16 14:00:00","8.27729274","5.10229819","0.29116729","","","0.43566348","334.17489624","3.92547011","6.69474983","52.10995102","1009.86199951","167.47450256","26.28153038","0","15.64875031"
"2013-03-16 15:00:00","7.65344729","4.89218851","0.30130279","","","0.25254144","328.90020752","3.403934","7.1725688","47.37612152","1010.22399902","114.91750336","26.28153038","0","15.64875031"
"2013-03-16 16:00:00","8.02178835","5.15936566","0.31393022","","","0.30580173","323.05200195","2.99910092","7.12997007","42.96261978","1010.71801758","85.46907043","26.28153038","0","15.64875031"
"2013-03-16 17:00:00","12.1889675","9.02045846","0.35601235","","","0.16157994","322.19940186","2.66282201","6.26929998","46.09970093","1011.48400879","18.62128067","26.28153038","0","15.64875031"
"2013-03-16 18:00:00","20.91630488","17.14341073","0.37588609","","","0.02932214","299.10440063","1.95530403","5.70105886","49.64440155","1012.28100586","0","26.28153038","0","15.64875031"
"2013-03-16 19:00:00","43.38249608","36.70177688","0.54025361","","","0.17234896","282.27731323","1.39565301","5.35246277","53.71591187","1012.65301514","0","26.28153038","0","15.64875031"
"2013-03-16 20:00:00","41.02719888","35.9858476","0.55739542","","","0.25014742","295.22711182","1.48062503","4.91358089","56.99877167","1012.78100586","0","26.28153038","0","15.64875031"
"2013-03-16 21:00:00","23.46614808","19.55318272","0.5016956","","","0.15499487","314.02349854","1.44751096","4.93420219","56.76250076","1013.17102051","0","26.28153038","0","15.64875031"
"2013-03-16 22:00:00","29.5865748","25.64248208","0.52109285","","","0.09335552","271.78170776","1.10783398","4.11599588","59.73226166","1013.34802246","0","26.28153038","0","15.64875031"
"2013-03-16 23:00:00","31.03009656","26.99004056","0.52936668","","","0.12986073","221.76730347","0.64902401","2.47883701","69.69216156","1013.46502686","0","26.28153038","0","15.64875031"
"2013-03-17 00:00:00","29.75389392","26.37267488","0.49191776","","","0.17234896","222.77990723","0.646348","2.41934705","70.53514099","1013.84100342","0","26.28153038","0","15.64875031"
"2013-03-17 01:00:00","41.17763504","36.72122192","0.46404746","","","0.1915011","218.44560242","0.54934299","2.776829","69.6675415","1013.79699707","0","26.17309952","0","18.18193054"
"2013-03-17 02:00:00","","","0.38301123","","","0.10412758","321.47860718","0.919258","3.22296906","68.47257996","1013.36700439","0","26.17309952","0","18.18193054"
"2013-03-17 03:00:00","22.17178144","19.1524084","0.3472632","","","","289.2019043","0.53271198","2.60371804","71.10214996","1013.16400146","0","26.17309952","0","18.18193054"
"2013-03-17 04:00:00","24.24045072","21.5051244","","","","0.90347636","191.42010498","0.26531699","1.86358702","75.43067169","1013.31201172","0","26.17309952","0","18.18193054"
"2013-03-17 05:00:00","17.13822347","14.54557059","0.31456049","","","0.7896405","195.44160461","0.279405","1.10982299","79.06539154","1013.43902588","0","26.17309952","0","18.18193054"
"2013-03-17 06:00:00","21.82287968","18.42222707","0.32091906","","","1.191924","194.46510315","0.26847801","1.344051","79.44184875","1013.48199463","17.35346985","26.17309952","0","18.18193054"
"2013-03-17 07:00:00","25.84869128","20.64782184","0.346125","","","0.63061729","203.51010132","0.307771","3.73293996","67.84037018","1013.72601318","200.91870117","26.17309952","0","18.18193054"
"2013-03-17 08:00:00","28.48285368","21.41174232","0.34763717","","","0.72962021","269.37680054","0.47938001","7.11097622","55.30199051","1014.059021","441.00421143","26.17309952","0","18.18193054"
"2013-03-17 09:00:00","15.59222998","11.43931627","0.30075524","","","1.50024281","288.50561523","0.87753397","9.19644642","43.93494034","1013.94500732","622.41552734","26.17309952","0","18.18193054"
"2013-03-17 10:00:00","14.15777493","9.96465568","0.31006126","","","1.36388955","314.44549561","0.927553","10.14054966","40.49863052","1013.91900635","708.340271","26.17309952","0","18.18193054"
"2013-03-17 11:00:00","14.49887955","10.10991797","0.30688197","","","1.17983085","183.43490601","1.30233204","10.77350044","40.24623108","1013.68103027","755.77020264","26.17309952","0","18.18193054"
"2013-03-17 12:00:00","15.99948025","11.47174188","0.2972649","","","1.19079005","163.35560608","2.05213094","11.10723972","41.20682144","1013.0880127","622.84881592","26.17309952","0","18.18193054"
"2013-03-17 13:00:00","15.48198598","11.32258867","0.29307789","","","1.2905191","154.11160278","2.33138299","10.76270962","43.36006165","1012.26800537","416.79580688","26.17309952","0","18.18193054"
"2013-03-17 14:00:00","12.8893331","9.50033986","0.23909994","","","1.46638891","152.80270386","1.70517802","11.11172009","44.87796021","1011.92700195","282.30859375","26.17309952","0","18.18193054"
"2013-03-17 15:00:00","13.45870566","10.31613673","0.28749404","","","1.47643382","185.5177002","1.64339399","10.87681007","50.02320099","1011.50500488","177.71459961","26.17309952","0","18.18193054"
"2013-03-17 16:00:00","18.92804858","15.18887064","0.28062986","","","1.45272145","185.70730591","2.42214894","10.21597958","53.9310112","1011.49700928","110.72019958","26.17309952","0","18.18193054"
"2013-03-17 17:00:00","20.01879296","16.37689949","0.28811382","","","1.06212124","149.02600098","3.32182503","9.28462982","57.33211136","1011.50701904","30.37342072","26.17309952","0","18.18193054"
"2013-03-17 18:00:00","28.7902268","24.79814288","0.33588698","","","1.40504652","152.92700195","2.60631609","9.07122612","60.89886093","1011.51000977","0.050875","26.17309952","0","18.18193054"
"2013-03-17 19:00:00","36.51111224","32.09622776","0.38645264","","","1.09219495","128.5355072","2.44535303","9.04911232","63.72845078","1011.22900391","0","26.17309952","0","18.18193054"
"2013-03-17 20:00:00","33.91327784","29.46336552","0.36822738","","","1.665248","150.31480408","2.64697695","9.26726437","65.24507141","1011.10601807","0","26.17309952","0","18.18193054"
"2013-03-17 21:00:00","25.82794608","22.21197168","0.3192135","","","1.65567397","143.90950012","3.17096591","9.35687256","67.77558899","1010.66601563","0","26.17309952","0","18.18193054"
"2013-03-17 22:00:00","17.91640747","15.00729374","0.29842873","","","1.14210626","145.45899963","3.45676804","9.69712353","69.7254715","1010.3460083","0","26.17309952","0","18.18193054"
"2013-03-17 23:00:00","12.85301848","10.17476536","0.25798459","","","1.21777716","140.93400574","3.76886797","10.04823017","71.97319031","1009.77502441","0","26.17309952","0","18.18193054"
"2013-03-18 00:00:00","10.05674142","7.33828277","0.24224078","","","1.22303505","146.02780151","3.9423461","10.28069019","75.08267975","1009.17901611","0","26.17309952","0","18.18193054"
"2013-03-18 01:00:00","7.89857525","5.15028557","0.22851359","","","1.33425925","146.07550049","3.98180008","10.6073103","78.50800323","1008.38702393","0","20.13838959","0","11.55908012"
"2013-03-18 02:00:00","6.4316965","3.7832744","0.2067211","","","1.41332999","147.03930664","3.93997788","10.98215961","81.55677032","1007.42102051","0","20.13838959","0","11.55908012"
"2013-03-18 03:00:00","5.95570792","3.48108089","0.2092806","","","1.60277268","146.54660034","4.04636621","11.27458954","83.75782013","1006.70001221","0","20.13838959","0","11.55908012"
"2013-03-18 04:00:00","6.06595002","3.42920068","0.21439845","","","1.67737064","147.67080688","3.92352509","11.35855961","86.01396179","1006.09100342","0","20.13838959","0","11.55908012"
"2013-03-18 05:00:00","6.99847448","4.33189603","0.20819482","","","1.6222645","145.26930237","3.88063502","10.93052959","90.9249115","1005.86199951","0","20.13838959","0.80000001","11.55908012"
"2013-03-18 06:00:00","10.38098603","7.36422287","0.20330881","","","1.61864398","144.748703","4.71781015","10.64597034","98.64183044","1005.24700928","3.76271892","20.13838959","1","11.55908012"
"2013-03-18 07:00:00","17.09931236","12.23306395","0.21645351","","","1.56202556","149.39500427","5.46410322","10.75870991","99.2374115","1004.67901611","14.5879097","20.13838959","1.60000002","11.55908012"
"2013-03-18 08:00:00","34.69536232","25.23522608","0.26899734","","","1.37730378","161.06550598","4.78683805","10.85795021","99.23558044","1004.73400879","33.41371155","20.13838959","1","11.55908012"
"2013-03-18 09:00:00","25.36491704","19.62191912","0.24518823","","","1.81545382","161.78430176","4.72043705","10.96588039","99.23531342","1004.94500732","50.90048981","20.13838959","1.20000005","11.55908012"
"2013-03-18 10:00:00","22.62052784","16.71281686","0.24499368","","","1.68791999","163.62530518","4.8537221","10.6534996","99.23773956","1004.91900635","84.07202911","20.13838959","1.60000002","11.55908012"
"2013-03-18 11:00:00","25.7047368","19.49740968","0.2437914","","","2.05269856","162.07670593","5.06295586","10.6317997","99.2385025","1004.64202881","83.53582001","20.13838959","1.60000002","11.55908012"
"2013-03-18 12:00:00","22.29629088","16.7659934","0.25651087","","","1.89742402","162.07730103","5.28683805","11.33971024","99.23470306","1004","94.99491119","20.13838959","0.80000001","11.55908012"
"2013-03-18 13:00:00","25.18853504","18.35219242","0.25515364","","","1.93086501","159.248703","5.59314823","11.64210987","99.23461914","1002.71801758","109.84420013","20.13838959","0.60000002","11.55908012"
"2013-03-18 14:00:00","16.73356588","11.6636933","0.22981256","","","2.21011694","155.34300232","6.08759117","12.61009026","97.40428162","1001.4710083","131.65840149","20.13838959","0.2","11.55908012"
"2013-03-18 15:00:00","14.57280703","10.66891411","0.2786913","","","4.15203776","165.44970703","5.87496805","13.0219698","87.83666229","1000.68499756","118.08200073","20.13838959","0","11.55908012"
"2013-03-18 16:00:00","16.50270718","12.39518626","0.28082442","0.71538933","1.4785207","3.29906867","153.95280457","5.15965414","13.1192503","85.27757263","1000.60400391","42.16828156","20.13838959","0","11.55908012"
"2013-03-18 17:00:00","20.44939448","16.04876396","0.29350428","0.39005306","0.85339114","3.30927122","158.90800476","5.2600069","13.05887985","85.66999054","1000.2130127","12.49897957","20.13838959","0","11.55908012"
"2013-03-18 18:00:00","20.07844736","15.7776959","0.29478345","0.40858992","1.03379677","2.53455926","159.05430603","5.6611042","12.82376957","86.55081177","1000.125","0.082418","20.13838959","0","11.55908012"
"2013-03-18 19:00:00","18.91378124","14.89964431","0.29586923","0.43129546","0.98321628","3.68003382","157.35040283","6.20275211","12.83448029","86.69000244","1000.00799561","0","20.13838959","0","11.55908012"
"2013-03-18 20:00:00","17.80486904","14.04493825","0.29067333","0.41651744","0.97276457","3.29718112","158.37869263","6.23956823","12.96926975","88.03324127","999.71252441","0","20.13838959","0","11.55908012"
"2013-03-18 21:00:00","12.69478901","9.65986758","0.28090131","0.39378037","0.89956294","3.16504841","161.09710693","5.57142019","13.24135017","87.48500061","999.39440918","0","20.13838959","0","11.55908012"
"2013-03-18 22:00:00","11.76226263","8.94782922","0.24503212","0.29462388","0.61151091","2.35865589","160.49360657","4.94484091","13.32355976","87.26495361","999.41821289","0","20.13838959","0","11.55908012"
"2013-03-18 23:00:00","7.53931427","4.76508449","0.2300642","0.2308946","0.32851643","2.61132954","159.0131073","5.65732718","13.47292995","88.28517151","998.89501953","0","20.13838959","0","11.55908012"
"2013-03-19 00:00:00","6.6132734","3.93631853","0.23258526","0.14764094","0.19168925","2.64071067","160.08680725","4.31796503","13.53310013","90.01287079","999.0960083","0","20.13838959","0","11.55908012"
"2013-03-19 01:00:00","4.96481966","2.65360935","0.23025876","0.10968854","0.18053479","3.62265875","161.90640259","3.86900711","13.55758953","90.77587128","999.14770508","0","27.26276016","0","12.06919003"
"2013-03-19 02:00:00","","","0.22180552","0.07853681","0.14914915","2.86702877","162.85820007","3.94144201","13.50304985","92.36833954","998.71032715","0","27.26276016","0","12.06919003"
"2013-03-19 03:00:00","9.84792808","7.25138619","0.21339072","0.07853681","0.08987839","","175.38690186","3.0037961","13.39214039","94.33338928","998.644104","0","27.26276016","0","12.06919003"
"2013-03-19 04:00:00","7.54190694","5.11267462","","0.0768913","0.08819221","1.56285339","159.84060669","2.69116211","13.18795967","97.37490082","998.69311523","0","27.26276016","0","12.06919003"
"2013-03-19 05:00:00","10.0204249","7.48224681","0.19643997","0.06043828","0.1145203","1.3037279","167.15260315","2.42298102","12.81501007","99.18856049","998.54101563","0","27.26276016","0","12.06919003"
"2013-03-19 06:00:00","19.37550056","15.75694496","0.20521359","0.10815287","0.34369108","1.76697445","161.13330078","1.70985794","12.38881969","99.22566986","999.01812744","16.22912979","27.26276016","0","12.06919003"
"2013-03-19 07:00:00","53.36919712","37.31006056","0.34936836","0.19414937","0.85935788","1.9497507","166.394104","1.34960496","13.03398037","96.61898041","999.74432373","183.64360046","27.26276016","0","12.06919003"
"2013-03-19 08:00:00","65.10553112","43.63797752","0.51492185","0.59966795","2.4389094","1.95039446","192.48980713","1.22457004","14.95238018","73.87796021","1000.12200928","320.44869995","27.26276016","0","12.06919003"
"2013-03-19 09:00:00","32.86532976","22.7113096","0.30097309","0.91469387","3.75142112","1.68832475","240.27810669","1.48087597","16.43099976","51.98297119","1000.32800293","523.71380615","27.26276016","0","12.06919003"
"2013-03-19 10:00:00","23.17303848","16.12398778","0.25404689","0.48098507","1.73583492","1.34622731","256.6867981","1.63871205","17.80158043","43.78863144","1000.72802734","694.11871338","27.26276016","0","12.06919003"
"2013-03-19 11:00:00","23.9058316","16.37171223","0.25904824","0.41058629","1.53499471","1.09951633","258.04049683","1.56089604","19.06356049","36.74256134","1000.88500977","789.28662109","27.26276016","0","12.06919003"
"2013-03-19 12:00:00","24.70996144","17.70759413","0.29485917","0.57707224","2.03555906","1.27272872","224.95570374","1.16217697","18.87247086","36.69895172","1001.09100342","688.23547363","27.26276016","0","12.06919003"
"2013-03-19 13:00:00","32.76284656","23.41427552","0.31772696","0.54997936","2.04360048","1.31099436","224.66470337","1.15304101","18.48254967","37.20301056","1000.92901611","574.84942627","27.26276016","0","12.06919003"
"2013-03-19 14:00:00","18.73998809","13.19931036","0.23225091","0.63619452","2.40882044","1.13106977","247.26170349","1.069924","17.93696976","33.65668106","1000.86199951","177.65660095","27.26276016","0","12.06919003"
"2013-03-19 15:00:00","19.5415004","15.08511214","0.24832907","0.20851856","0.74976494","0.89981516","254.32850647","0.899634","17.05784988","39.67535019","1000.84802246","98.11048889","27.26276016","0","12.06919003"
"2013-03-19 16:00:00","35.48650968","29.06001","0.29807457","0.33038262","1.22615114","1.25764254","193.10580444","1.19155395","16.08798027","45.05744171","1001.14599609","81.77452087","27.26276016","0","12.06919003"
"2013-03-19 17:00:00","34.6331076","30.48278656","0.3070474","0.58485941","2.32698346","1.18331611","279.09921265","0.49344","14.80490971","48.49422073","1001.37200928","13.60601997","27.26276016","0","12.06919003"
"2013-03-19 18:00:00","72.29725144","65.09774928","0.54167957","0.60624896","2.40804243","1.44465155","331.79211426","0.34874001","13.46057987","55.66286087","1001.76501465","0","27.26276016","0","12.06919003"
"2013-03-19 19:00:00","122.84684128","92.43149096","0.84185929","1.48792694","5.79164923","1.87468898","180.69720459","0.45602801","12.97021961","61.88053131","1002.16101074","0","27.26276016","0","12.06919003"
"2013-03-19 20:00:00","100.91367744","83.36172776","0.66749258","2.31037178","8.29294242","1.54381414","162.67680359","0.968373","12.85558033","64.13050079","1002.39300537","0","27.26276016","0","12.06919003"
"2013-03-19 21:00:00","105.89665536","86.68719288","0.71100416","2.15395617","6.38279777","1.59413021","182.12350464","0.448432","11.70750046","69.9477005","1002.59899902","0","27.26276016","0","12.06919003"
"2013-03-19 22:00:00","75.79776016","68.75519496","0.62405905","2.08551003","6.05298365","1.37032512","179.75280762","0.38808","10.91975021","76.63259888","1002.684021","0","27.26276016","0","12.06919003"
"2013-03-19 23:00:00","56.4767516","52.12928424","0.51968553","1.76554861","4.91011363","1.15268712","181.6829071","0.54295403","10.74954987","78.51743317","1002.80999756","0","27.26276016","0","12.06919003"
"2013-03-20 00:00:00","28.078198","24.99658936","0.38922767","1.4884751","3.68073657","1.15222642","186.9750061","0.72866601","10.68050003","79.85787964","1002.64501953","0","27.26276016","0","12.06919003"
"2013-03-20 01:00:00","21.56867928","18.97214504","0.35044016","1.07231666","2.71788267","1.09142203","174.98120117","0.43096301","10.18050003","89.20288086","1002.38299561","0","23.70889091","0","10.11287022"
"2013-03-20 02:00:00","17.66220134","15.1810888","0.32951792","0.85743575","2.30363823","1.07688808","164.03570557","0.736772","10.33393955","91.68003082","1002.34301758","0","23.70889091","0","10.11287022"
"2013-03-20 03:00:00","12.1435747","9.58334552","0.28886408","0.74961239","1.98290287","0.97625593","157.13400269","1.02714705","10.16394997","90.59361267","1002.25","0","23.70889091","0","10.11287022"
"2013-03-20 04:00:00","11.53658927","8.99711294","0.26770302","0.65729015","1.6065549","1.03714982","150.70010376","1.24588704","10.34980965","93.5082016","1002.25","0","23.70889091","0","10.11287022"
"2013-03-20 05:00:00","11.9555123","9.26558642","0.22943161","0.5180598","1.13495878","0.47575565","157.21200562","1.63997602","10.39241028","99.23815155","1002.45300293","0","23.70889091","0","10.11287022"
"2013-03-20 06:00:00","23.53230328","19.55188256","0.25940589","0.34654885","0.92315226","0.95804146","146.97210693","1.52322996","10.58255005","99.2363205","1002.67901611","30.67765045","23.70889091","0","10.11287022"
"2013-03-20 07:00:00","40.18285968","30.29990376","0.30601521","0.37316069","1.57343731","1.52431113","145.26119995","1.90919602","11.5796299","95.06375122","1002.96801758","172.73800659","23.70889091","0","10.11287022"
"2013-03-20 08:00:00","53.22522352","35.13632688","0.47581629","0.56610288","4.65266923","1.9042186","144.17120361","1.71742904","13.79465961","80.79756927","1003.12701416","411.62280273","23.70889091","0","10.11287022"
"2013-03-20 09:00:00","32.00932736","21.57516096","0.29910676","1.17498485","5.5910114","1.52468132","153.77000427","2.55666208","15.99308014","51.95869064","1003.15301514","629.40570068","23.70889091","0","10.11287022"
"2013-03-20 10:00:00","27.65537832","18.84763751","0.29585175","0.46464086","3.25663537","1.70515915","159.0428009","2.44453096","17.03614998","51.18680954","1002.84100342","692.63220215","23.70889091","0","10.11287022"
"2013-03-20 11:00:00","25.00177088","17.06559233","0.27421421","0.45586618","3.68735114","1.49597954","148.30580139","3.01899099","18.0475502","46.11219025","1002.42102051","765.80877686","23.70889091","0","10.11287022"
"2013-03-20 12:00:00","21.76452544","14.2796917","0.24229437","0.43678014","2.71191695","1.58382902","145.63710022","3.80789995","17.94618988","45.99259186","1002.059021","759.49121094","23.70889091","0","10.11287022"
"2013-03-20 13:00:00","24.55042416","16.47287424","0.25805566","0.42274046","2.13062517","1.47096032","150.48620605","3.84709811","17.43622971","54.49422073","1001.43701172","515.1953125","23.70889091","0","10.11287022"
"2013-03-20 14:00:00","18.12651715","11.97107598","0.22744645","0.39784023","2.40181737","1.18239776","157.28990173","3.86106205","17.03763962","57.7970314","1000.86901855","201.96170044","23.70889091","0","10.11287022"
"2013-03-20 15:00:00","14.66618911","10.2084873","0.22355651","0.22661709","1.02536686","1.33868422","156.63510132","3.7811439","16.5710907","62.11138153","1000.56500244","130.82400513","23.70889091","0","10.11287022"
"2013-03-20 16:00:00","19.3469544","14.8698152","0.26071652","0.23725695","1.07244582","1.58014951","151.91090393","3.12638402","15.70193958","69.72704315","1000.34802246","88.59584045","23.70889091","0","10.11287022"
"2013-03-20 17:00:00","24.47000544","19.8229468","0.28120188","0.43842565","1.5121112","1.43526871","147.55670166","2.97565603","14.84554005","76.39669037","999.76721191","16.16909981","23.70889091","0","10.11287022"
"2013-03-20 18:00:00","30.38680416","24.92007112","0.32388049","0.49494441","1.82020016","1.70396113","158.18710327","2.32681894","14.40021038","83.03044128","999.5894165","0","23.70889091","0","10.11287022"
"2013-03-20 19:00:00","45.845458","38.84050184","0.40526739","0.63554161","2.2790492","1.47004197","176.01060486","1.24405706","14.28048992","87.20661163","1000.18200684","0","23.70889091","0","10.11287022"
"2013-03-20 20:00:00","56.40153352","47.31232528","0.48784492","0.9151322","3.32368719","1.56515385","198.61680603","0.81369698","14.01261044","89.40110016","1000.3170166","0","23.70889091","0","10.11287022"
"2013-03-20 21:00:00","35.57471024","31.29079776","0.42607079","1.20317507","3.7668541","1.41411308","284.18389893","0.45507699","13.66151047","93.71482086","1000.07202148","0","23.70889091","0","10.11287022"
"2013-03-20 22:00:00","23.52970296","20.43771216","0.36663832","1.04953281","2.21605927","1.58428667","194.22540283","0.73376399","13.53493023","99.01673889","999.6550293","0","23.70889091","0","10.11287022"
"2013-03-20 23:00:00","20.68933136","17.90992388","0.32697706","0.56445737","1.55101958","1.59238402","144.14970398","0.54685497","13.28293037","99.2091217","999.17010498","0","23.70889091","0","10.11287022"
"2013-03-21 00:00:00","18.52339099","15.54813162","0.31018358","0.52540864","1.44298367","1.89244275","155.24220276","1.02101505","13.10004997","99.2146225","998.54882813","0","23.70889091","0.40000001","10.11287022"
"2013-03-21 01:00:00","13.02032804","10.39395513","0.3068878","0.54493301","1.60769597","1.81241604","130.05740356","1.19754004","12.84288979","99.21598053","998.13751221","0","13.87833977","0.40000001","2.32112288"
"2013-03-21 02:00:00","","","0.26798146","0.52398281","1.29435319","1.76090194","146.07940674","1.324301","12.62500954","99.21630859","997.19781494","0","13.87833977","0","2.32112288"
"2013-03-21 03:00:00","12.86469124","10.25647468","0.25313353","0.46244719","0.96389124","","141.52450562","1.24129796","12.49125004","99.21949005","996.60931396","0","13.87833977","0","2.32112288"
"2013-03-21 04:00:00","10.5003063","8.12943778","","0.40606776","0.85793103","1.08283346","157.68960571","0.83632499","12.4085598","99.219841","996.55322266","0","13.87833977","0","2.32112288"
"2013-03-21 05:00:00","14.74919668","12.15394922","0.26743391","0.44094883","1.03211059","1.20447276","170.19560242","1.00852001","12.5357399","99.22229004","996.41210938","0","13.87833977","0","2.32112288"
"2013-03-21 06:00:00","31.50998944","26.39990176","0.29761207","0.38676205","1.30472964","1.09155322","195.97970581","0.89397001","12.76101971","98.56993103","996.66461182","10.12310982","13.87833977","0.2","2.32112288"
"2013-03-21 07:00:00","51.79594616","39.73281312","0.39957636","0.42997946","1.71197102","0.95017395","196.33770752","1.09942496","12.92240047","97.64028168","996.72937012","26.42653084","13.87833977","0.2","2.32112288"
"2013-03-21 08:00:00","89.81289224","59.01105024","0.47362609","0.68994195","2.52619444","1.19666831","199.3125","1.55156195","13.1475296","99.21394348","996.71862793","95.26148987","13.87833977","0.60000002","2.32112288"
"2013-03-21 09:00:00","47.10999744","32.3789552","0.40454509","1.44010251","4.29691755","1.0883395","200.25860596","1.93999195","14.6788702","94.87315369","996.67871094","308.99060059","13.87833977","0","2.32112288"
"2013-03-21 10:00:00","33.53586816","24.72032448","0.34669468","0.78866011","2.80023729","1.03096239","207.23910522","1.48364794","15.72107029","78.08499146","996.77001953","250.00100708","13.87833977","0","2.32112288"
"2013-03-21 11:00:00","14.9995119","11.30443041","0.23265167","0.5599602","2.3341167","0.60361391","333.18011475","3.37423491","11.22039032","95.14903259","997.73791504","66.58322144","13.87833977","3.4000001","2.32112288"
"2013-03-21 12:00:00","12.44706646","8.5224207","0.23616647","0.24197278","1.03885533","0.65961501","334.86810303","3.76036811","10.45040989","98.09976959","998.59161377","185.18400574","13.87833977","0.2","2.32112288"
"2013-03-21 13:00:00","14.19279321","9.40047228","0.24339763","0.2528323","1.05597449","0.6242702","335.34609985","3.69297695","11.93080997","80.39282227","999","412.6729126","13.87833977","0","2.32112288"
"2013-03-21 14:00:00","9.44197606","5.98942795","0.22756178","0.28277685","1.00733952","0.94604391","330.68310547","3.78132796","12.12176037","74.86656952","999.07952881","195.13529968","13.87833977","0","2.32112288"
"2013-03-21 15:00:00","9.46532158","6.3992728","0.24351879","0.22650726","0.61968149","1.0084694","332.33511353","3.47061992","13.31501007","58.48757172","998.87542725","47.01160049","13.87833977","0","2.32112288"
"2013-03-21 16:00:00","9.93093565","6.88823238","0.25600176","0.30307007","0.69477474","1.17417837","329.22460938","4.46135616","12.74155045","57.59082031","999.12597656","34.02116013","13.87833977","0","2.32112288"
"2013-03-21 17:00:00","10.73376342","7.33568818","0.25256851","0.34365447","0.8487221","0.6986312","323.86090088","3.82695699","11.38827038","61.80905151","1000.14001465","13.48900986","13.87833977","0","2.32112288"
"2013-03-21 18:00:00","13.42109471","10.02302139","0.26618153","0.41681643","1.11822811","0.67154747","302.45150757","3.88383389","10.6395998","62.54829025","1000.86199951","0.0407","13.87833977","0","2.32112288"
"2013-03-21 19:00:00","17.22382371","13.38477818","0.28686611","0.53824217","1.46438339","0.63895873","282.99450684","3.98099399","10.34391022","61.53995132","1001.59002686","0","13.87833977","0","2.32112288"
"2013-03-21 20:00:00","16.61813653","13.18245034","0.26759584","0.53396466","1.11239155","0.49574275","286.48770142","3.83718705","9.850564","67.70349121","1002.09100342","0","13.87833977","0","2.32112288"
"2013-03-21 21:00:00","15.0578757","11.92957219","0.26888899","0.47297721","1.17386717","0.43652894","275.60870361","3.03730702","9.60765266","72.96443939","1002.49700928","0","13.87833977","0","2.32112288"
"2013-03-21 22:00:00","12.5391503","9.7610315","0.25337585","0.3937824","1.00591267","0.42000473","281.1769104","2.56547689","9.61633492","75.27303314","1002.93701172","0","13.87833977","0","2.32112288"
"2013-03-21 23:00:00","10.44453709","7.69106015","0.25947579","0.38477381","0.79081005","0.64630248","273.79940796","2.6515789","9.61667442","73.18849182","1003.20800781","0","13.87833977","0","2.32112288"
"2013-03-22 00:00:00","9.52498172","6.79874122","0.25717375","0.2842037","0.60865721","0.57744955","275.87240601","2.50491309","9.55379295","71.4302597","1003.36602783","0","13.87833977","0","2.32112288"
"2013-03-22 01:00:00","8.56262623","6.05427726","0.24158023","0.23868278","0.67272618","0.64676217","279.97109985","2.12965608","9.5693264","70.0712204","1003.71801758","0","15.7267704","0","4.47876787"
"2013-03-22 02:00:00","8.2500563","5.80266379","0.22436968","0.22091274","0.50801387","0.54072873","248.37260437","1.38618803","8.25417233","74.95957184","1003.51800537","0","15.7267704","0","4.47876787"
"2013-03-22 03:00:00","6.95826894","4.56016206","0.22267344","0.20380172","0.46378861","0.60636693","265.52630615","1.96219397","7.55915117","76.23963928","1003.41400146","0","15.7267704","0","4.47876787"
"2013-03-22 04:00:00","6.48227846","3.95317854","0.21814858","0.19732953","0.47935176","0.50997363","289.64599609","1.87556303","7.96825504","73.71678162","1003.32800293","0","15.7267704","0","4.47876787"
"2013-03-22 05:00:00","12.33033886","9.54313998","0.22675327","0.18471568","0.44122138","0.5779072","274.71951294","0.90294498","7.38203812","77.3473587","1003.36901855","0.027473","15.7267704","0","4.47876787"
"2013-03-22 06:00:00","25.0341984","21.44416984","0.24957795","0.26182665","0.84340522","0.49941412","276.37759399","1.01475799","7.82166719","77.61917114","1003.73101807","25.87708092","15.7267704","0","4.47876787"
"2013-03-22 07:00:00","33.41522096","25.98228272","0.31429603","0.3218266","1.24390185","0.31902171","280.540802","1.63494098","9.82295513","67.97850037","1004.184021","258.02911377","15.7267704","0","4.47876787"
"2013-03-22 08:00:00","21.62575248","15.10586498","0.30839764","0.62423765","2.09755335","0.63436901","333.24319458","2.48052597","11.82769966","59.6424408","1004.45300293","478.32510376","15.7267704","0","4.47876787"
"2013-03-22 09:00:00","13.51577313","8.88816718","0.2322078","0.60844262","1.85230075","0.73443367","333.90420532","3.12686992","12.78265953","54.07896042","1004.41601563","652.46630859","15.7267704","0","4.47876787"
"2013-03-22 10:00:00","13.66362809","8.94782731","0.2221888","0.35758534","0.77751989","0.88453473","335.18270874","3.51129794","13.40347004","52.13735962","1004.49200439","744.84631348","15.7267704","0","4.47876787"
"2013-03-22 11:00:00","11.36668704","7.30196815","0.23313631","0.30252089","0.67078167","0.77253456","331.43829346","3.35236812","13.73225975","46.16530991","1004.56201172","749.09020996","15.7267704","0","4.47876787"
"2013-03-22 12:00:00","12.93083688","8.58856634","0.22323847","0.32840761","0.74522607","1.05942212","332.22970581","3.40617895","14.11334991","43.8467598","1004.47601318","798.46661377","15.7267704","0","4.47876787"
"2013-03-22 13:00:00","13.13186838","8.78051775","0.26343446","0.31919359","0.60969455","0.7151544","331.29870605","2.816993","14.92619038","40.90937042","1004.21099854","736.16101074","15.7267704","0","4.47876787"
"2013-03-22 14:00:00","9.00489478","5.50565754","0.24372033","0.3241301","1.06712895","0.39338272","328.88461304","2.80709505","14.71156979","35.85998154","1004.00500488","138.59370422","15.7267704","0","4.47876787"
"2013-03-22 15:00:00","8.33565654","5.10100186","0.22210842","0.21542806","0.49193205","0.60040019","339.4190979","3.06795597","13.84832001","42.00141144","1004.02801514","41.18030167","15.7267704","0","4.47876787"
"2013-03-22 16:00:00","9.71304413","6.7559411","0.22436968","0.2361596","0.5330453","0.60223791","335.2460022","2.64160109","12.91018009","48.61510086","1004.30102539","29.17683983","15.7267704","0","4.47876787"
"2013-03-22 17:00:00","14.51574148","11.68185156","0.27155451","0.31272242","0.58790634","0.46544836","334.52890015","1.58998406","12.06925011","53.53126144","1004.63299561","12.60377979","15.7267704","0","4.47876787"
"2013-03-22 18:00:00","42.52131216","38.61480936","0.39347642","0.41813345","1.03716914","0.7156151","303.02679443","0.75915903","11.18315029","57.43447113","1005.06201172","0","15.7267704","0","4.47876787"
"2013-03-22 19:00:00","60.98891864","54.79847448","0.50190414","1.30452726","4.18330441","0.51823574","312.22109985","0.65667403","10.28326988","62.33095169","1005.64001465","0","15.7267704","0","4.47876787"
"2013-03-22 20:00:00","72.16366","61.92794008","0.65674895","1.46565972","4.56331053","0.46085864","321.36291504","0.62935901","9.84954643","66.28739929","1006.09100342","0","15.7267704","0","4.47876787"
"2013-03-22 21:00:00","67.79544744","60.7749276","0.52432456","2.17556437","5.73834419","0.39246437","234.79350281","0.58970398","9.30986404","64.09571075","1006.25201416","0","15.7267704","0","4.47876787"
"2013-03-22 22:00:00","66.44786984","60.81643712","0.46126428","1.39315576","3.63158293","0.50997363","253.22990417","0.443234","8.99647331","63.13282013","1006.434021","0","15.7267704","0","4.47876787"
"2013-03-22 23:00:00","61.49731944","57.09281712","0.48295774","1.24035964","3.33285545","0.66971382","279.20480347","0.44161999","8.59435654","63.45413971","1006.49401855","0","15.7267704","0","4.47876787"
"2013-03-23 00:00:00","50.16567936","45.43690184","0.41363442","1.10686822","2.88583818","0.62243248","293.35971069","0.42234299","8.29778957","66.10092163","1006.59301758","0","15.7267704","0","4.47876787"
"2013-03-23 01:00:00","45.58087544","42.1010928","0.37913527","0.8784968","2.47470576","0.59397275","194.16650391","0.186406","7.5788908","72.14501953","1006.75402832","0","18.24538994","0","11.18951988"
"2013-03-23 02:00:00","","","0.33122232","0.85809477","2.51750519","0.45856327","189.54530334","0.24919499","6.92945385","75.74047089","1006.90600586","0","18.24538994","0","11.18951988"
"2013-03-23 03:00:00","27.92644256","25.30916312","0.3416048","0.78042139","1.83890177","","279.66650391","0.29710999","6.85632896","78.10710144","1006.88000488","0","18.24538994","0","11.18951988"
"2013-03-23 04:00:00","18.94101768","16.21477718","","0.67579142","1.92168761","0.33916645","349.98660278","1.04411805","7.36881113","77.86479187","1006.85101318","0","18.24538994","0","11.18951988"
"2013-03-23 05:00:00","18.75554986","16.1538188","0.32574915","0.4787914","1.32950071","0.48439812","301.55780029","0.39459801","7.25993776","78.6115799","1006.6630249","0","18.24538994","0","11.18951988"
"2013-03-23 06:00:00","82.5939068","57.82431008","0.49115235","0.58880842","1.38721546","0.49291244","204.96180725","0.49556699","7.15859509","83.10147095","1007.08599854","22.68416023","18.24538994","0","11.18951988"
"2013-03-23 07:00:00","78.7367336","54.15646312","0.60554137","1.13659412","4.50040806","0.41866839","215.13180542","0.32864201","9.88888931","68.60466003","1007.61602783","268.00759888","18.24538994","0","11.18951988"
"2013-03-23 08:00:00","65.85646912","44.6807632","0.53293391","1.2260474","4.04638977","0.59870485","92.81609344","0.76085699","13.00277996","52.5845108","1007.70202637","469.8493042","18.24538994","0","11.18951988"
"2013-03-23 09:00:00","13.17855942","9.42900697","0.29954014","0.87147645","3.58580064","0.5646506","73.73088074","1.02591801","14.32404041","45.2600708","1007.61199951","648.73931885","18.24538994","0","11.18951988"
"2013-03-23 10:00:00","14.87240787","10.49900997","0.30259011","0.31327058","0.84249704","0.73329666","95.51387024","1.15696704","15.43459988","43.47584152","1007.74700928","723.86737061","18.24538994","0","11.18951988"
"2013-03-23 11:00:00","19.68677416","14.51833415","0.33975711","0.33827963","1.01589859","0.6713217","162.38040161","1.07721806","16.33625031","39.23674011","1007.58599854","785.12310791","18.24538994","0","11.18951988"
"2013-03-23 12:00:00","20.54017624","14.88408063","0.34545629","0.52420248","1.75191674","0.59282049","142.6421051","1.94640505","16.8388195","38.26794052","1007.1550293","776.54760742","18.24538994","0","11.18951988"
"2013-03-23 13:00:00","19.47406416","14.06828377","0.34714204","0.53495115","1.66541072","0.70487456","134.44970703","1.85353899","17.17819977","39.57149124","1006.67102051","711.46612549","18.24538994","0","11.18951988"
"2013-03-23 14:00:00","14.86851695","11.23828477","0.29380019","0.68958295","1.46667977","0.68033639","155.00559998","1.45815599","16.48969078","40.84391022","1006.18499756","135.94110107","18.24538994","0","11.18951988"
"2013-03-23 15:00:00","15.33153643","11.74280803","0.3067247","0.45553667","0.84444256","0.65166411","179.38180542","2.03434706","16.49850082","39.65744019","1005.60400391","49.3030014","18.24538994","0","11.18951988"
"2013-03-23 16:00:00","19.463682","15.37174388","0.369658","0.45652418","1.08554478","0.55976799","144.43580627","2.86667609","15.90069008","41.30233002","1005.41900635","36.36344147","18.24538994","0","11.18951988"
"2013-03-23 17:00:00","22.7593008","18.95787961","0.36431997","0.54668835","1.58694511","0.57704478","149.81230164","3.00340104","14.57501984","46.67562103","1005.74200439","17.85305977","18.24538994","0","11.18951988"
"2013-03-23 18:00:00","34.07151496","29.83689384","0.40176773","0.59308694","1.84127647","0.41891857","145.02470398","2.60930991","12.98873997","52.29954147","1006.17901611","0.079365","18.24538994","0","11.18951988"
"2013-03-23 19:00:00","45.72352976","41.44091744","0.44210469","0.8854063","2.53047398","0.4529718","152.46350098","2.02270007","12.0741396","59.38603973","1006.43103027","0","18.24538994","0","11.18951988"
"2013-03-23 20:00:00","50.82969784","45.27216392","0.5171202","1.06474815","2.92980411","0.56039344","145.15530396","2.47793698","11.59842014","66.74655914","1006.49902344","0","18.24538994","0","11.18951988"
"2013-03-23 21:00:00","46.00885752","40.96494416","0.47678324","1.47410591","3.54611425","0.5512557","151.88560486","2.39124107","11.12691021","75.05162048","1006.59100342","0","18.24538994","0","11.18951988"
"2013-03-23 22:00:00","36.7186216","32.75898432","0.45571189","1.30035857","2.85912058","0.29559715","144.23500061","2.44548202","10.92131042","82.35131073","1006.51800537","0","18.24538994","0","11.18951988"
"2013-03-23 23:00:00","32.89903832","28.96920912","0.42873981","1.13703244","2.27484594","0.39024833","141.47210693","2.22941208","10.82559967","88.51029968","1005.85101318","0","18.24538994","0","11.18951988"
"2013-03-24 00:00:00","22.6905644","19.30156352","0.36058731","0.89078115","1.95994715","0.63839429","152.29200745","2.30621409","10.71183968","94.09449005","1005.26300049","0","18.24538994","0","11.18951988"
"2013-03-24 01:00:00","20.7567676","17.82043272","0.3116608","0.54415297","1.52551322","0.57817365","158.44740295","1.839867","10.8580904","96.46234131","1005.18902588","0","21.62928963","0","5.27065611"
"2013-03-24 02:00:00","17.6155103","14.76865128","0.27224652","0.36438602","1.30667414","0.56978442","154.95730591","1.876055","11.27418041","94.96743011","1004.684021","0","21.62928963","0","5.27065611"
"2013-03-24 03:00:00","9.60280012","6.91676516","0.271565","0.22135208","1.08295143","0.76672444","149.25790405","2.72686005","11.73293972","90.96269226","1003.87200928","0","21.62928963","0","5.27065611"
"2013-03-24 04:00:00","6.85061952","4.28261041","0.21212204","0.08599549","0.49763844","0.5018","157.1374054","2.77468705","11.83780956","86.76332092","1003.37902832","0","21.62928963","0","5.27065611"
"2013-03-24 05:00:00","6.1528485","3.59391757","0.20698439","0.03060356","0.3557527","0.46098678","158.29800415","2.72690296","11.79642963","88.01708984","1003.18902588","0.009158","21.62928963","0","5.27065611"
"2013-03-24 06:00:00","7.41091391","4.81307378","0.23339494","0.00252623","0.21689152","0.80015221","158.9519043","3.26112199","11.99876976","89.58470917","1003.19500732","48.08811188","21.62928963","0","5.27065611"
"2013-03-24 07:00:00","9.29801202","6.50562589","0.24110025","0.01623437","0.32449622","0.57466704","163.55130005","3.19045496","12.94104958","85.77140045","1003.85900879","148.62420654","21.62928963","0","5.27065611"
"2013-03-24 08:00:00","8.72993579","5.84546391","0.22516654","0.1076047","0.68725301","0.6902257","159.12060547","4.00973082","14.44322014","72.92043304","1003.60101318","382.79290771","21.62928963","0","5.27065611"
"2013-03-24 09:00:00","9.58204918","5.88826594","0.22681269","0.12416756","0.79853009","0.61385408","152.67930603","4.93509912","15.46424961","66.53363037","1003.32501221","543.04321289","21.62928963","0","5.27065611"
"2013-03-24 10:00:00","12.3835135","7.73645294","0.22881882","0.1242774","0.74898694","0.99921979","153.83940125","4.65548515","16.23950958","64.52516174","1002.99700928","603.08502197","21.62928963","0","5.27065611"
"2013-03-24 11:00:00","12.92435329","8.29934192","0.26731042","0.19875536","1.09994144","1.12905204","146.8079071","4.87775278","16.98792076","60.26902008","1002.375","596.1986084","21.62928963","0","5.27065611"
"2013-03-24 12:00:00","12.30050784","7.71829659","0.23628414","0.17604982","0.95831402","1.15622018","148.67460632","5.69292593","16.81439972","60.52888107","1001.73901367","718.45117188","21.62928963","0","5.27065611"
"2013-03-24 13:00:00","11.03984785","6.97383262","0.2516167","0.18241217","0.85909753","1.25274874","146.96400452","5.99619484","16.64188957","60.47578049","1001.02301025","688.00061035","21.62928963","0","5.27065611"
"2013-03-24 14:00:00","6.76631753","3.99727691","0.21593508","0.12010872","0.62054289","1.09963125","148.21870422","5.91629505","16.26358986","60.83536148","1000.71502686","198.12980652","21.62928963","0","5.27065611"
"2013-03-24 15:00:00","8.61320819","5.58996144","0.24222447","0.02500905","0.24058355","0.83095205","154.37420654","5.68406105","15.73633003","62.63451004","1000.28100586","158.4756012","21.62928963","0","5.27065611"
"2013-03-24 16:00:00","9.87905544","6.81560124","0.23592299","0.09696485","0.44329708","1.10751707","142.68460083","6.18280983","14.89132977","67.8550415","999.64093018","99.58383179","21.62928963","0","5.27065611"
"2013-03-24 17:00:00","12.64809606","9.46791426","0.24892788","0.1402921","0.43006794","0.99921979","142.32060242","5.53705502","14.23246002","74.23461914","999.26202393","33.096241","21.62928963","0","5.27065611"
"2013-03-24 18:00:00","14.69083097","11.16824821","0.25920202","0.17780516","0.76143807","1.07909802","146.44470215","5.20943403","13.98311043","78.13417053","998.85083008","0.17399301","21.62928963","0","5.27065611"
"2013-03-24 19:00:00","16.7400533","13.05275365","0.2592824","0.16091279","0.70216731","0.9848211","145.30760193","5.29503584","13.98676968","80.84303284","998.93591309","0","21.62928963","0","5.27065611"
"2013-03-24 20:00:00","17.31072029","13.61693705","0.279953","0.20413021","0.81046256","1.2832984","145.67390442","4.73903704","14.02285957","84.219841","998.80731201","0","21.62928963","0","5.27065611"
"2013-03-24 21:00:00","13.11760104","9.7350914","0.26116854","0.22442342","0.77298102","1.45832613","145.65010071","5.13152122","14.00107956","85.71366119","998.5244751","0","21.62928963","0","5.27065611"
"2013-03-24 22:00:00","10.9438731","8.06718306","0.23110688","0.16584931","0.7006113","0.69823966","146.36700439","5.01939583","13.91738033","87.16896057","998.0144043","0","21.62928963","0","5.27065611"
"2013-03-24 23:00:00","7.83502419","5.3033297","0.22219696","0.0647168","0.4573032","0.77836807","145.70320129","5.66343307","13.94219971","87.37429047","997.22772217","0","21.62928963","0","5.27065611"
"2013-03-25 00:00:00","6.96734712","4.28131407","0.22560808","0.02325371","0.26561498","0.89342535","148.44320679","5.8230381","14.03703022","83.52313232","996.20001221","0","21.62928963","0","5.27065611"
"2013-03-25 01:00:00","5.51473571","2.9013319","0.2351203","0.00866586","0.21542297","0.64628113","143.39500427","5.7368021","14.22309971","75.6556015","994.84771729","0","22.58192062","0","6.08818293"
"2013-03-25 02:00:00","","","0.24142179","0.00833635","0.15000547","1.73238933","148.22070313","5.42299891","14.59869003","69.31604004","993.76672363","0","22.58192062","0","6.08818293"
"2013-03-25 03:00:00","10.0333959","7.51726509","0.24302716","0.05835444","0.12489574","","144.0592041","6.35750008","15.00833988","62.83638","992.57751465","0","22.58192062","0","6.08818293"
"2013-03-25 04:00:00","7.47835589","5.10748545","","0.11572138","0.17301306","1.69397724","142.19700623","5.94621611","15.23124027","59.98799133","991.56732178","0","22.58192062","0","6.08818293"
"2013-03-25 05:00:00","7.48743406","4.92591046","0.2062784","0.07897615","0.12878678","1.94615052","136.42140198","5.54859304","15.37666988","57.85226059","990.61651611","0.11803","22.58192062","0","6.08818293"
"2013-03-25 06:00:00","10.7882363","8.01400651","0.22629077","0.06087762","0.19493144","2.36348563","142.04400635","5.91793299","15.48906994","59.15615082","989.87030029","14.96133041","22.58192062","0","6.08818293"
"2013-03-25 07:00:00","16.75172414","12.40426443","0.24312152","0.08950617","0.27222954","1.77913675","141.77490234","5.83388805","15.60737991","62.60046005","989.24432373","38.8848114","22.58192062","0","6.08818293"
"2013-03-25 08:00:00","23.6931216","17.48192268","0.2702602","0.17747667","0.58051377","2.36885539","137.84010315","6.55634308","15.82518959","64.36051941","988.38500977","25.65018082","22.58192062","0","6.08818293"
"2013-03-25 09:00:00","17.57141193","12.72591446","0.24670506","0.21027289","1.04871209","2.49093708","140.98890686","6.85800219","15.00623989","79.35855103","987.5223999","142.11430359","22.58192062","0","6.08818293"
"2013-03-25 10:00:00","20.08494816","14.47034678","0.2357529","0.18932269","0.91240257","1.95877149","147.59550476","5.42865181","14.67500973","92.69908142","986.88031006","121.65640259","22.58192062","0","6.08818293"
"2013-03-25 11:00:00","31.57092488","22.88120992","0.34213371","0.23923094","1.1773687","2.18248505","189.83790588","2.12024903","14.88169956","97.58071136","987.3380127","318.21530151","22.58192062","0.80000001","6.08818293"
"2013-03-25 12:00:00","31.42178888","21.51160608","0.36029373","0.54657851","2.57314424","2.31136438","199.24650574","2.09246206","16.52453995","70.34281921","988.28552246","626.87921143","22.58192062","0","6.08818293"
"2013-03-25 13:00:00","29.49189256","20.97595928","0.33637511","0.44709049","1.90768046","2.37807856","209.51800537","1.72130704","16.78252029","56.79161072","988.68292236","375.37640381","22.58192062","0","6.08818293"
"2013-03-25 14:00:00","23.03036504","17.49618811","0.28962716","0.36833401","1.83492123","","196.13650513","1.89969099","16.91662979","51.63830185","988.87420654","212.75430298","22.58192062","0","6.08818293"
"2013-03-25 15:00:00","28.08467968","21.90719888","0.29385611","0.24361828","1.16050887","0.73338209","191.8473053","1.80843103","16.55603027","57.52462006","988.9442749","126.50370026","22.58192062","0","6.08818293"
"2013-03-25 16:00:00","20.41306648","15.57277347","0.24517542","0.39301457","1.82013609","0.56330918","162.79170227","3.79085803","15.40705967","63.77349091","989.24542236","86.65139008","22.58192062","0","6.08818293"
"2013-03-25 17:00:00","23.28458456","18.20822647","0.30235129","0.267531","1.25764966","0.48158916","158.27920532","3.69686294","14.78835964","68.23815155","989.44287109","46.62393188","22.58192062","0","6.08818293"
"2013-03-25 18:00:00","31.28043472","26.16516552","0.32115555","0.43239281","1.92077942","0.71704704","161.63070679","2.83016706","14.05772018","75.6446228","989.21112061","0.057998","22.58192062","0","6.08818293"
"2013-03-25 19:00:00","37.81326072","31.60207136","0.34466991","0.69323195","2.48391368","0.50021043","169.30340576","2.56678104","13.57460976","82.15364075","989.11981201","0","22.58192062","0","6.08818293"
"2013-03-25 20:00:00","29.80576648","25.345472","0.34603879","0.64869854","2.60686491","0.52003787","160.69500732","2.19740009","13.31861019","85.31954956","989.48651123","0","22.58192062","0","6.08818293"
"2013-03-25 21:00:00","31.98338152","28.58661792","0.36750042","0.60862975","2.36978289","0.49388164","185.35220337","0.71455503","13.03248978","86.88677979","989.76251221","0","22.58192062","0","6.08818293"
"2013-03-25 22:00:00","21.67244352","18.77889538","0.28519899","0.52529881","1.74348683","0.45675809","164.97850037","1.30080795","12.15764046","90.62264252","989.83880615","0","22.58192062","0.2","6.08818293"
"2013-03-25 23:00:00","19.42607296","16.76988241","0.2831451","0.39071106","1.43688777","0.38998289","180.13760376","0.62283099","11.35076046","96.88896179","989.76470947","0","22.58192062","0","6.08818293"
"2013-03-26 00:00:00","19.54670104","16.76858607","0.32091323","0.40299642","1.61508855","0.44024506","226.34100342","0.54413599","11.13994026","99.23490143","990.36901855","0","22.58192062","0","6.08818293"
"2013-03-26 01:00:00","8.42255311","6.04390083","0.27436682","0.38522638","1.3348186","0.44241534","316.93011475","1.76559401","10.8129797","97.98670959","990.95690918","0","10.04156971","0","6.06145716"
"2013-03-26 02:00:00","8.34992388","5.72354906","0.30412325","0.52080163","0.81059171","0.5828966","336.72601318","1.38197303","10.22622013","98.40306091","991.37969971","0","10.04156971","0","6.06145716"
"2013-03-26 03:00:00","9.06325858","6.37203636","0.29743965","0.5569987","0.77233217","0.47893683","319.6137085","0.704225","9.94627666","99.23583984","991.61322021","0","10.04156971","0","6.06145716"
"2013-03-26 04:00:00","8.85703982","6.30459438","0.28588285","0.55908355","0.9086417","0.33725144","316.24679565","0.682437","9.87172794","99.23490143","992.18121338","0","10.04156971","0","6.06145716"
"2013-03-26 05:00:00","9.95427926","7.3201245","0.2711456","0.61798615","1.00163211","0.42475717","320.1111145","0.991759","9.57678795","99.2364502","992.72332764","0","10.04156971","0","6.06145716"
"2013-03-26 06:00:00","11.44191086","8.22541253","0.28024541","0.64091035","1.11187288","0.34008175","334.22180176","1.43704402","9.18606758","99.2374115","993.46990967","30.60032082","10.04156971","0","6.06145716"
"2013-03-26 07:00:00","23.5971392","16.17457165","0.32320945","0.68379927","0.93393144","0.50261971","331.62249756","1.01468801","9.53819084","98.48133087","994.31341553","79.52075958","10.04156971","0","6.06145716"
"2013-03-26 08:00:00","19.55318272","13.07220825","0.36810505","0.83297588","1.48422709","0.41656015","335.20510864","1.18938005","10.91351032","87.61048889","994.65380859","302.40319824","10.04156971","0","6.06145716"
"2013-03-26 09:00:00","15.08511214","10.0658196","0.31008223","0.91392603","1.65996266","0.65557854","1.57879603","0.96296299","12.3321104","76.62242889","994.75292969","435.26660156","10.04156971","0","6.06145716"
"2013-03-26 10:00:00","20.20167576","12.95547874","0.32606719","0.80259199","1.08087574","0.86928177","308.04501343","0.91908801","14.51776981","61.60799026","994.92791748","652.33111572","10.04156971","0","6.06145716"
"2013-03-26 11:00:00","28.90567336","19.95523808","0.38980784","0.7702341","1.36244337","0.53944528","165.73840332","1.26654994","14.92959023","60.41384125","994.99841309","411.69311523","10.04156971","0","6.06145716"
"2013-03-26 12:00:00","16.1473333","11.41467442","0.33158463","0.87180494","2.45213853","0.15844046","47.38399124","2.07974005","13.80782032","68.86743927","995.00231934","245.35800171","10.04156971","0","6.06145716"
"2013-03-26 13:00:00","20.09401104","13.60007512","0.41416799","0.76902692","1.27866088","0.50684026","82.26647186","1.86343598","13.59259033","73.86547089","994.90252686","260.53509521","10.04156971","0","6.06145716"
"2013-03-26 14:00:00","12.02943978","8.62099003","0.28060773","0.81948436","1.93232237","0.24468206","84.77165222","2.08768797","13.52997971","75.79969025","994.92901611","152.74620056","10.04156971","0","6.06145716"
"2013-03-26 15:00:00","24.18337752","18.26010477","0.35211892","0.62840633","0.92070332","0.40728104","124.90110016","2.09859991","13.21028042","80.5309906","994.64910889","132.15710449","10.04156971","0","6.06145716"
"2013-03-26 16:00:00","34.41521608","26.98744024","0.39939113","0.91425452","1.91105182","0.59061055","133.17190552","1.59268498","14.00664043","77.08641052","994.52471924","101.61669922","10.04156971","0","6.06145716"
"2013-03-26 17:00:00","45.47449176","36.78995832","0.41412838","0.94299291","2.56458416","0.58862129","191.35910034","1.50803804","14.15425014","69.49362183","994.63287354","36.4906311","10.04156971","0","6.06145716"
"2013-03-26 18:00:00","48.39270088","40.99993376","0.47980059","0.82343236","2.79933115","0.43940095","208.44309998","0.81543899","13.48968983","74.61653137","994.94061279","0.184168","10.04156971","0","6.06145716"
"2013-03-26 19:00:00","29.25065552","26.17942904","0.41940233","1.04730762","3.55895387","0.47327112","320.69100952","0.56146199","12.04286957","77.85923004","995.33081055","0","10.04156971","0","6.06145716"
"2013-03-26 20:00:00","70.14298192","57.83597328","0.57571271","1.15710599","2.63397101","0.50165559","194.5223999","1.04656303","12.79757977","80.13092041","995.66711426","0","10.04156971","0","6.06145716"
"2013-03-26 21:00:00","45.5095196","39.38781184","0.37261477","1.31831371","4.48393673","0.3476167","194.0375061","1.12639797","12.44241047","79.98934174","995.60211182","0","10.04156971","0","6.06145716"
"2013-03-26 22:00:00","20.47274","17.45727891","0.27948117","0.75860674","2.34617832","0.23503785","158.22810364","1.570333","11.91079998","83.98168182","995.23352051","0","10.04156971","0.2","6.06145716"
"2013-03-26 23:00:00","17.98774228","15.14347594","0.27927963","0.42899196","1.2134244","0.43072391","155.90510559","1.86151302","11.68342018","83.18668365","994.70007324","0","10.04156971","0","6.06145716"
"2013-03-27 00:00:00","16.34188121","13.55597866","0.25310674","0.47966805","1.40355662","0.44482461","166.3052063","1.92468297","11.51702023","85.32444","994.26190186","0","10.04156971","0","6.06145716"
"2013-03-27 01:00:00","11.9555123","9.1644225","0.22085488","0.3028504","0.95974087","0.49960837","161.60510254","1.59694397","11.30430031","90.38500977","993.81719971","0","11.56729984","0","5.41880417"
"2013-03-27 02:00:00","","","0.20011788","0.27707351","0.88503713","0.37178164","197.89660645","1.57315397","11.60066032","98.31887054","993.86322021","0","11.56729984","0","5.41880417"
"2013-03-27 03:00:00","14.2446715","11.61700226","0.22431726","0.14191523","0.51859169","","203.69810486","1.13885498","11.68375969","99.22634888","994.23602295","0","11.56729984","0","5.41880417"
"2013-03-27 04:00:00","11.63904953","8.9179982","","0.18120601","0.77855723","1.61933656","194.2671051","0.702461","11.95298958","99.22161102","994.75561523","0","11.56729984","0","5.41880417"
"2013-03-27 05:00:00","11.11247899","8.49129334","0.25095615","0.17761295","0.69794879","1.17704631","298.6328125","0.811692","11.76360035","99.22235107","995.50372314","0.094628","11.56729984","0","5.41880417"
"2013-03-27 06:00:00","12.18767116","9.02434938","0.26361387","0.17813467","0.80605284","0.81588011","325.65130615","1.20601904","10.88101959","96.23020935","996.65692139","37.42876053","11.56729984","0","5.41880417"
"2013-03-27 07:00:00","17.15508349","11.74540262","0.2949582","0.37327053","0.85144562","0.97797873","330.47720337","1.70217299","11.5660696","77.79228973","997.63220215","301.30441284","11.56729984","0","5.41880417"
"2013-03-27 08:00:00","15.30689458","10.39136054","0.36786972","0.70749131","2.70050417","","330.6913147","2.38425398","12.7986002","68.07466888","998.43621826","436.45401001","11.56729984","0","5.41880417"
"2013-03-27 09:00:00","22.24051784","15.50662974","0.29100535","0.90942886","1.62935502","","333.26449585","2.4585309","13.58458042","66.44979095","999.09332275","579.90631104","11.56729984","0","5.41880417"
"2013-03-27 10:00:00","9.80123704","5.76245826","0.27766843","0.78964863","1.18268659","","336.66400146","2.4756701","14.20913029","64.37123871","999.71710205","743.55712891","11.56729984","0","5.41880417"
"2013-03-27 11:00:00","11.45747454","7.44593219","0.27718962","0.7339272","1.49278616","","336.86990356","2.272717","14.35204983","61.08892059","1000.00799561","670.16271973","11.56729984","0","5.41880417"
"2013-03-27 12:00:00","11.48600731","7.49391957","0.26632832","0.64913788","1.52689634","","334.90890503","2.13133693","14.60743999","57.93141174","1000.17901611","595.03747559","11.56729984","0","5.41880417"
"2013-03-27 13:00:00","12.77001282","8.87389983","0.30729671","0.63751052","1.53623444","","336.06930542","1.98507702","13.48011971","63.31541061","1000.39801025","326.32159424","11.56729984","0","5.41880417"
"2013-03-27 14:00:00","8.40828768","5.37985176","0.25063694","0.62950266","1.60250826","","24.01082993","1.60397899","13.55698013","64.7671814","1000.73199463","217.59660339","11.56729984","0","5.41880417"
"2013-03-27 15:00:00","8.02049202","5.30203336","0.27934603","0.54142334","0.94819792","","44.03947067","1.995309","13.17650032","65.85787964","1000.99200439","151.53030396","11.56729984","0","5.41880417"
"2013-03-27 16:00:00","9.97114118","7.08926389","0.28948736","0.55546303","0.82771189","","74.25865173","1.882882","12.73042965","68.17935181","1001.58502197","80.3215332","11.56729984","0","5.41880417"
"2013-03-27 17:00:00","21.80603496","18.13948816","0.36024247","0.5956091","1.19306202","","110.8219986","1.49641895","12.39091969","71.2385025","1002.31201172","14.69169044","11.56729984","0","5.41880417"
"2013-03-27 18:00:00","27.19106824","22.14843592","0.38032707","0.83571772","2.38806957","","107.26180267","1.30038297","11.97150993","76.75009155","1002.54901123","0.37138799","11.56729984","0","5.41880417"
"2013-03-27 19:00:00","34.20250608","29.23379168","0.43015878","0.96822163","2.84913465","","117.41899872","1.39321303","11.86798954","77.57447052","1002.82800293","0","11.56729984","0","5.41880417"
"2013-03-27 20:00:00","38.48251808","33.57995888","0.45052298","1.06463831","2.51932054","","108.94529724","0.86964798","11.74345016","80.97550964","1003.43103027","0","11.56729984","0","5.41880417"
"2013-03-27 21:00:00","34.22715176","30.91078776","0.44832695","1.08964736","2.88869087","","115.40229797","0.70627397","11.50393009","87.65480042","1003.72302246","0","11.56729984","0.2","5.41880417"
"2013-03-27 22:00:00","24.32215048","21.51290624","0.38851236","1.02712424","2.3782128","","122.26820374","0.99016899","11.58119011","87.5495224","1003.84100342","0","11.56729984","0","5.41880417"
"2013-03-27 23:00:00","20.19907544","17.61032304","0.39873407","0.95045261","1.87227361","","123.08560181","1.38323903","11.37098026","89.2946701","1004.03100586","0","11.56729984","0","5.41880417"
"2013-03-28 00:00:00","10.07879061","7.70402925","0.30194587","0.93816725","1.71197102","","86.63710022","1.07759297","10.94816971","95.20954132","1003.99700928","0","11.56729984","0.2","5.41880417"
"2013-03-28 01:00:00","7.94137537","5.35002074","0.29352059","0.64036219","1.16543725","","99.38802338","1.087327","10.62609959","99.13809967","1003.90100098","0","22.08753967","0.40000001","8.18423557"
"2013-03-28 02:00:00","5.96867702","3.34489678","0.2373804","0.46100305","0.96860911","","77.87026978","1.121539","10.39818001","99.23841858","1003.91900635","0","22.08753967","0.40000001","8.18423557"
"2013-03-28 03:00:00","4.73266079","2.40329414","0.20915012","0.24537362","0.5767529","","61.23035049","1.15502095","10.19528961","99.23883057","1003.91101074","0","22.08753967","0.80000001","8.18423557"
"2013-03-28 04:00:00","4.74303722","2.32677207","0.20970932","0.17330799","0.57365817","","60.96055984","1.33574104","10.28190994","99.23925018","1004.01000977","0","22.08753967","0.2","8.18423557"
"2013-03-28 05:00:00","5.88437311","3.60429208","0.20531727","0.1102367","0.44664098","","45.28981018","1.48222494","10.24866962","99.23863983","1004.20501709","0","22.08753967","0.60000002","8.18423557"
"2013-03-28 06:00:00","7.66252546","5.06857625","0.20859092","0.11692856","0.318919","","53.33927155","1.58487201","10.37491035","99.2388916","1004.46002197","8.97842884","22.08753967","0","8.18423557"
"2013-03-28 07:00:00","13.4405474","9.73768598","0.23658121","0.16706869","0.42495142","","58.17005157","1.49823701","10.73822975","99.2361908","1004.98901367","15.22994995","22.08753967","0","8.18423557"
"2013-03-28 08:00:00","15.5507262","12.39129534","0.35361478","0.26083914","0.92096266","","78.10909271","1.39397097","11.40264988","99.23394012","1005.51800537","78.32621002","22.08753967","0","8.18423557"
"2013-03-28 09:00:00","19.22244496","15.11105224","0.31216758","0.45158766","1.56904692","","83.09667969","1.27469802","12.56274033","99.2175293","1005.81500244","127.65859985","22.08753967","0","8.18423557"
"2013-03-28 10:00:00","15.9852129","11.9749669","0.3166004","0.42910179","1.68706977","","70.34654999","1.60048103","13.12691021","99.2080307","1006.00201416","196.62480164","22.08753967","0","8.18423557"
"2013-03-28 11:00:00","10.90366565","7.25397886","0.23282758","0.47429422","1.67578616","","57.04143143","1.29911804","14.49050045","94.8311615","1006.0300293","368.6335144","22.08753967","0","8.18423557"
"2013-03-28 12:00:00","10.17606361","6.55750418","0.21873341","0.42833396","1.18411344","","43.64820099","1.16039097","16.04375076","80.55615997","1005.81201172","462.34719849","22.08753967","0","8.18423557"
"2013-03-28 13:00:00","10.12029248","6.69887364","0.2260799","0.37162502","1.03898449","","11.20230007","1.04138005","16.31339073","78.19779968","1005.57299805","213.98860168","22.08753967","0","8.18423557"
"2013-03-28 14:00:00","18.68681154","14.49239405","0.2673675","0.27027284","1.02225382","","229.0348053","1.19180202","15.93535042","81.21646118","1005.75500488","154.35180664","22.08753967","0","8.18423557"
"2013-03-28 15:00:00","23.06279256","17.72575239","0.29008733","0.17736683","1.02757172","","193.87260437","0.97547698","16.1756897","75.3538208","1005.93701172","166.53640747","22.08753967","0","8.18423557"
"2013-03-28 16:00:00","33.7861872","26.90832168","0.33348941","0.29374621","1.43507243","","192.29800415","1.11522698","15.98011971","77.99152374","1006.04101563","103.71990204","22.08753967","0","8.18423557"
"2013-03-28 17:00:00","37.66282456","31.57224416","0.39897406","0.50478693","2.27315975","","179.8289032","0.74512899","15.71393967","82.63436127","1006.18701172","46.98920059","22.08753967","0","8.18423557"
"2013-03-28 18:00:00","35.9378564","29.8978484","0.34542833","0.66943008","2.63461884","","151.26780701","2.43273997","14.95740032","86.64984131","1006.40002441","0.356125","22.08753967","0","8.18423557"
"2013-03-28 19:00:00","37.66932536","31.59040816","0.36187929","0.68237344","2.77144704","","155.69400024","2.07582402","14.29819012","91.64636993","1006.72900391","0","22.08753967","0","8.18423557"
"2013-03-28 20:00:00","39.2905484","32.932766","0.3944224","0.77231794","2.66405998","","151.96980286","1.93897402","13.97618961","97.68756104","1007.11901855","0","22.08753967","0","8.18423557"
"2013-03-28 21:00:00","32.23368144","27.63593328","0.33544661","0.94880812","3.54896795","","155.20050049","1.97094095","13.87755966","99.207901","1007.28900146","0","22.08753967","0","8.18423557"
"2013-03-28 22:00:00","24.27287824","20.9902228","0.29316177","0.53692617","1.92072349","","159.97090149","2.07493496","13.90476036","99.2077713","1007.01000977","0","22.08753967","0","8.18423557"
"2013-03-28 23:00:00","20.07326584","17.08245426","0.26796631","0.4176941","1.69640787","","156.46580505","1.80881298","13.83800983","99.20809937","1006.71502686","0","22.08753967","0.2","8.18423557"
"2013-03-29 00:00:00","17.98644403","15.19535423","0.25906222","0.34226525","1.54356599","","156.6855011","1.98167205","13.67140961","99.21176147","1006.41900635","0","22.08753967","0.2","8.18423557"
"2013-03-29 01:00:00","11.39262523","8.75068864","0.24356888","0.29177222","1.35167843","","156.87420654","2.19311094","13.52130032","99.21453857","1005.94799805","0","48.97583008","0.2","16.1891098"
"2013-03-29 02:00:00","","","0.18866593","0.10639752","0.78218894","","156.06370544","2.20507598","13.43568993","99.21250916","1005.68499756","0","48.97583008","0","16.1891098"
"2013-03-29 03:00:00","11.89974308","9.25520999","0.18259744","","","","150.31660461","1.950086","13.41670036","99.21482086","1005.21801758","0","48.97583008","0","16.1891098"
"2013-03-29 04:00:00","9.62225472","7.01533641","","","","","144.37550354","1.96258199","13.42409039","99.21488953","1005.04101563","0","48.97583008","0","16.1891098"
"2013-03-29 05:00:00","10.78564171","8.16056514","0.14859575","","","","158.7263031","2.20940495","13.36155033","99.21807098","1005.42901611","0.17501","48.97583008","0.40000001","16.1891098"
"2013-03-29 06:00:00","17.16156899","14.05401834","0.18345488","","","","149.14610291","2.20573711","13.39179993","99.21704865","1005.39599609","11.4163599","48.97583008","0","16.1891098"
"2013-03-29 07:00:00","49.8440236","39.12839168","0.28478076","0.12701923","0.85209447","","158.28460693","1.08720005","13.85855961","99.2080307","1006.19702148","64.62454224","48.97583008","0","16.1891098"
"2013-03-29 08:00:00","41.18023536","30.598214","0.28470037","0.52354346","2.39299795","","155.48350525","1.73019898","15.03960991","93.32769012","1006.11401367","228.96310425","48.97583008","0","16.1891098"
"2013-03-29 09:00:00","56.46635032","41.9752832","0.32618719","0.66251957","2.80659456","","168.26260376","1.483729","15.62956047","83.79901123","1006.67102051","90.82009125","48.97583008","0.60000002","16.1891098"
"2013-03-29 10:00:00","57.05778928","41.89484536","0.42188961","0.80752749","3.15391735","","152.3289032","1.87536895","15.27783966","92.02265167","1005.96002197","202.05630493","48.97583008","0.40000001","16.1891098"
"2013-03-29 11:00:00","29.10280056","20.08234784","0.27056426","1.12035974","4.18589776","","145.6558075","3.5519979","17.49374962","74.31271362","1004.85400391","677.46032715","48.97583008","0","16.1891098"
"2013-03-29 12:00:00","24.752752","16.82565354","0.24968047","0.64683437","2.61555416","","145.66140747","4.02341795","18.7089901","66.21028137","1004.02301025","793.72192383","48.97583008","0","16.1891098"
"2013-03-29 13:00:00","25.12368","18.06815335","0.20666751","0.4817529","1.95540827","","162.41850281","3.73234701","18.3148098","65.80760956","1003.934021","416.76620483","48.97583008","0","16.1891098"
"2013-03-29 14:00:00","20.64394048","15.07992488","0.18815333","0.51279479","1.69018179","","158.8874054","3.49527097","19.01309013","59.48785019","1003.91400146","221.31970215","48.97583008","0","16.1891098"
"2013-03-29 15:00:00","21.4934612","16.02931127","0.19465985","0.39114939","1.58487043","","153.75","3.23937702","18.86453056","61.35198975","1003.375","156.6177063","48.97583008","0","16.1891098"
"2013-03-29 16:00:00","21.89261032","16.94138881","0.21117606","0.36566235","1.67423218","","150.75120544","3.07395506","17.60316086","70.76985168","1003.27801514","103.34010315","48.97583008","0","16.1891098"
"2013-03-29 17:00:00","25.25444168","20.53642872","0.23504924","0.1237089","0.54260306","1.30092199","157.72470093","3.240592","16.84357071","74.80677032","1003.11999512","45.96482086","48.97583008","0","16.1891098"
"2013-03-29 18:00:00","31.05353768","26.2982216","0.21418525","","","1.2136817","160.34210205","2.57459593","15.91127014","77.97232056","1002.92602539","0.294058","48.97583008","0","16.1891098"
"2013-03-29 19:00:00","27.698188","23.1302288","0.18618564","","","1.12551797","162.19110107","3.44829392","15.29133987","79.3473587","1002.96801758","0","48.97583008","0","16.1891098"
"2013-03-29 20:00:00","28.440044","24.22488704","0.20690866","","","1.40719849","160.67170715","3.392102","14.99477005","79.75402069","1003.39801025","0","48.97583008","0","16.1891098"
"2013-03-29 21:00:00","32.9029388","28.66053584","0.18939871","","","1.34238","163.00520325","2.56180692","14.84181023","80.10114288","1003.3460083","0","48.97583008","0","16.1891098"
"2013-03-29 22:00:00","18.93323584","15.99299474","0.18638719","","","1.19720935","161.36230469","2.87415504","14.77742958","82.39070892","1003.16601563","0","48.97583008","0","16.1891098"
"2013-03-29 23:00:00","17.36519317","14.29395713","0.17140645","","","1.18466364","164.49850464","2.48567796","14.49911022","86.95439911","1002.67199707","0","48.97583008","0","16.1891098"
"2013-03-30 00:00:00","18.8022409","16.01115301","0.15890367","","","1.22140378","165.7460022","1.75856495","14.16504002","92.08776093","1002.41900635","0","48.97583008","0","16.1891098"
"2013-03-30 01:00:00","16.02801302","13.19282677","0.16618609","","","1.20975506","181.58970642","0.942128","14.0219698","96.18029022","1002.93200684","0","46.59368134","0","10.87069988"
"2013-03-30 02:00:00","11.78301357","9.24483548","0.12576991","","","1.29548206","149.7407074","1.56779099","13.89179993","98.13742065","1002.1630249","0","46.59368134","0","10.87069988"
"2013-03-30 03:00:00","13.39645094","10.80898723","0.16867569","","","1.27248362","152.34240723","0.96903402","13.83773994","99.2010498","1002.23400879","0","46.59368134","0","10.87069988"
"2013-03-30 04:00:00","9.79734612","7.21377333","0.13441887","","","1.13209186","149.18310547","1.46290004","13.73198986","99.2037735","1001.94500732","0","46.59368134","0","10.87069988"
"2013-03-30 05:00:00","9.75973517","7.17875505","0.10084357","","","1.2381314","156.29440308","1.52123499","13.54699993","99.20716095","1001.68701172","0.35103801","46.59368134","0","10.87069988"
"2013-03-30 06:00:00","17.91770381","14.52611599","0.13630617","","","1.40570452","142.69940186","1.25200105","13.49477005","99.20702362","1001.17700195","42.30870056","46.59368134","0","10.87069988"
"2013-03-30 07:00:00","23.28846592","17.55844474","0.14722921","","","1.34446993","165.78590393","1.72210801","14.6157198","93.64373016","1000.90301514","193.61610413","46.59368134","0","10.87069988"
"2013-03-30 08:00:00","21.96685328","16.08897141","0.19225063","","","1.40062766","159.29330444","2.21837401","16.83530045","72.77689362","1000.36602783","285.87091064","46.59368134","0","10.87069988"
"2013-03-30 09:00:00","18.44427626","12.9541824","0.17080415","","","1.59657711","156.33250427","4.02463818","18.23212051","62.80979156","999.64770508","387.09790039","46.59368134","0","10.87069988"
"2013-03-30 10:00:00","15.99688566","10.62741033","0.18566372","","","1.5099521","159.45230103","4.5259738","18.84947014","59.77946091","999.25561523","541.44891357","46.59368134","0","10.87069988"
"2013-03-30 11:00:00","19.00846157","13.19152852","0.16530185","","","1.45976926","159.29240417","4.157444","19.35782051","57.69704056","999.02410889","489.26620483","46.59368134","0","10.87069988"
"2013-03-30 12:00:00","21.87087088","16.00207483","0.21000174","","","1.63361524","161.63710022","3.65781808","18.74337959","60.91751099","998.22711182","302.73300171","46.59368134","0","10.87069988"
"2013-03-30 13:00:00","20.22372112","15.20183974","0.20196906","","","1.47380894","169.73300171","3.04361701","18.0582695","65.51512146","997.828125","205.08850098","46.59368134","0","10.87069988"
"2013-03-30 14:00:00","16.8930936","12.42631362","0.15984033","","","1.39524874","175.26870728","2.65641904","17.94878006","67.76522064","997.28131104","212.52020264","46.59368134","0","10.87069988"
"2013-03-30 15:00:00","13.76090109","10.07100877","0.14236999","","","1.60464192","161.65840149","3.32919693","17.47347069","70.86766052","996.74847412","176.08859253","46.59368134","0","10.87069988"
"2013-03-30 16:00:00","15.38211839","11.46525638","0.14131217","","","1.49681043","159.09350586","3.56712794","17.0596199","73.45821381","996.25701904","120.0923996","46.59368134","0","10.87069988"
"2013-03-30 17:00:00","23.14969296","18.45724726","0.18799256","","","1.57148569","160.35740662","2.83692408","16.59863091","77.66651917","996.02191162","47.23138046","46.59368134","0","10.87069988"
"2013-03-30 18:00:00","25.14054384","20.58816744","0.20494098","","","1.42422511","155.63090515","3.16759992","15.79778957","85.58181","996.13861084","2.39519691","46.59368134","0","10.87069988"
"2013-03-30 19:00:00","33.53068664","28.3803896","0.24000165","","","1.3895749","160.56610107","2.60862899","15.09082985","93.4168396","996.68212891","0","46.59368134","0","10.87069988"
"2013-03-30 20:00:00","30.76163264","25.81886408","0.22092478","","","1.34835386","164.86050415","2.41385102","14.65804958","96.9598999","997.35461426","0","46.59368134","0","10.87069988"
"2013-03-30 21:00:00","30.76811432","26.28059296","0.20044291","","","1.35701564","161.10110474","2.36562395","14.49267006","99.00601959","997.26202393","0","46.59368134","0","10.87069988"
"2013-03-30 22:00:00","22.47915456","18.95787961","0.17618528","","","1.38658797","156.62590027","2.53042412","14.6354599","96.79955292","996.99810791","0","46.59368134","0","10.87069988"
"2013-03-30 23:00:00","17.03705955","13.72458647","0.17156722","","","1.3588076","152.45100403","3.30882192","14.79806042","89.50753021","996.65301514","0","46.59368134","0","10.87069988"
"2013-03-31 00:00:00","13.56765142","10.53143366","0.13109862","","","1.30444386","156.5572052","3.11749005","14.48501015","94.29228973","996.25469971","0","46.59368134","0","10.87069988"
"2013-03-31 01:00:00","15.3367256","12.14098012","0.14923767","","","1.30922376","152.14070129","2.47052312","14.17772007","97.80863953","995.9083252","0","18.3321209","0","2.02550602"
"2013-03-31 02:00:00","","","0.15795303","","","1.34327394","156.50230408","2.80160499","13.98453045","97.8420105","995.64471436","0","18.3321209","0","2.02550602"
"2013-03-31 03:00:00","16.34966305","13.49502028","0.13690847","","","","160.7250061","2.32661295","13.97482967","96.22093201","995.26202393","0","18.3321209","0","2.02550602"
"2013-03-31 04:00:00","10.67669595","8.00622467","","","","2.31192881","158.2019043","2.74366212","14.02359962","95.62303925","995.21862793","0","18.3321209","0","2.02550602"
"2013-03-31 05:00:00","9.13070246","6.44855842","0.24570782","","","2.5265209","162.39070129","2.5302701","13.94328976","96.68795013","995.06420898","0.72751302","18.3321209","0","2.02550602"
"2013-03-31 06:00:00","10.8504891","8.1138741","0.24015776","","","2.76192385","165.31410217","2.5918951","13.85795021","93.33515167","995.28631592","22.47455978","18.3321209","0","2.02550602"
"2013-03-31 07:00:00","12.01128342","8.57818991","0.25657378","","","2.58611099","166.44560242","2.39679003","15.08275032","78.40245056","995.76861572","258.68930054","18.3321209","0","2.02550602"
"2013-03-31 08:00:00","11.01131507","7.2552752","0.26491867","","","2.61046713","189.49710083","2.42365503","17.40604973","51.88142014","996.16491699","467.73300171","18.3321209","0","2.02550602"
"2013-03-31 09:00:00","13.02810988","8.75717414","0.31793316","","","2.43630995","195.3296051","2.34720302","18.09205055","46.55921173","996.49212646","634.12182617","18.3321209","0","2.02550602"
"2013-03-31 10:00:00","15.26668904","10.11510522","0.28599236","","","1.97508112","208.17950439","2.56902695","18.32423973","49.44641113","996.6776123","774.06390381","18.3321209","0","2.02550602"
"2013-03-31 11:00:00","16.37949407","10.97370221","0.30081815","","","2.49495423","203.60220337","2.53233004","18.66205025","49.78503036","996.81860352","845.09161377","18.3321209","0","2.02550602"
"2013-03-31 12:00:00","14.71547474","9.94520108","0.29111486","","","2.22679981","219.57060242","2.11229801","19.24983025","46.95664978","996.76281738","834.41082764","18.3321209","0","2.02550602"
"2013-03-31 13:00:00","7.44333761","4.2177611","0.24101171","","","2.46681486","246.04910278","2.51866508","19.30422974","43.35889053","996.95501709","754.36810303","18.3321209","0","2.02550602"
"2013-03-31 14:00:00","5.81174388","3.03362318","0.22226569","","","2.09946327","234.65660095","2.62006211","18.31183052","44.74290085","997.33752441","80.84757996","18.3321209","0","2.02550602"
"2013-03-31 15:00:00","8.32657836","5.22032213","0.23321087","","","2.04011115","237.74450684","2.93803406","17.57427025","46.61442184","997.73132324","56.13248062","18.3321209","0","2.02550602"
"2013-03-31 16:00:00","12.77130916","8.84925798","0.29515159","","","2.21474124","192.76550293","2.96746612","16.79894066","46.39118958","997.92541504","37.8835907","18.3321209","0","2.02550602"
"2013-03-31 17:00:00","18.50912556","14.2407825","0.2939097","","","1.83048406","195.31550598","2.75421","15.61890984","52.55284119","998.28167725","18.51239967","18.3321209","0","2.02550602"
"2013-03-31 18:00:00","29.63716632","24.7734972","0.33718362","","","1.87470221","195.41760254","1.897982","14.72784996","59.06546021","998.54742432","1.13044405","18.3321209","0","2.02550602"
"2013-03-31 19:00:00","21.63871584","18.26010668","0.34141374","","","2.01244469","242.62640381","0.88138199","14.08498955","60.53377151","999.13671875","0","18.3321209","0","2.02550602"
"2013-03-31 20:00:00","21.89551656","18.59861672","0.33186656","","","1.80636387","228.6006012","0.83028102","13.70403957","61.91215134","999.87060547","0","18.3321209","0","2.02550602"
"2013-03-31 21:00:00","21.28465168","17.96309851","0.32457017","","","1.83970622","226.01730347","0.63441002","13.36460018","63.61240005","1000.4710083","0","18.3321209","0","2.02550602"
"2013-03-31 22:00:00","18.04999509","15.20573066","0.3072606","","","1.84963722","245.76660156","0.71428603","13.07664967","62.84262085","1000.57501221","0","18.3321209","0","2.02550602"
"2013-03-31 23:00:00","32.18570936","28.31943504","0.37090921","","","1.81062104","196.08990479","0.904562","12.82682037","65.89804077","1000.72302246","0","18.3321209","0","2.02550602"
"2013-04-01 00:00:00","25.62561824","22.84230072","0.30892888","","","1.76238167","196.85020447","0.74896401","12.23843002","72.61118317","1000.87701416","0","18.3321209","0","2.02550602"
"2013-04-01 01:00:00","18.14727","15.32505284","0.27295251","","","1.81558705","156.18840027","1.42882705","12.0759697","73.4491806","1000.80700684","0","11.8509798","0","0.94125599"
"2013-04-01 02:00:00","15.50792608","12.72332178","0.27473729","","","1.84952027","145.61210632","1.37705898","11.61246014","76.87680054","1000.4710083","0","11.8509798","0","0.94125599"
"2013-04-01 03:00:00","11.89455391","9.22019362","0.22556497","","","1.91005516","161.41490173","1.451859","11.50765991","84.6100235","1000.39801025","0","11.8509798","0","0.94125599"
"2013-04-01 04:00:00","9.38361226","6.69628097","0.21582324","","","1.79040206","172.60650635","1.26670504","11.24915028","91.50540924","1000.44000244","0","11.8509798","0","0.94125599"
"2013-04-01 05:00:00","9.67543126","7.17616046","0.20775096","","","1.93512014","198.82929993","1.60761905","11.35068989","94.95365906","1000.52301025","2.40638995","11.8509798","0","0.94125599"
"2013-04-01 06:00:00","15.3367256","11.63645686","0.23926537","","","1.73909034","194.17460632","0.974352","11.87388992","91.6531601","1000.80102539","69.03337097","11.8509798","0","0.94125599"
"2013-04-01 07:00:00","14.90353523","10.69355597","0.261193","","","1.54187573","200.85740662","2.02377701","13.80354977","77.65139008","1000.94702148","324.21850586","11.8509798","0","0.94125599"
"2013-04-01 08:00:00","15.36655471","10.40562789","0.28537141","","","1.99541807","198.41490173","2.3040421","16.27913094","60.40903091","1001.16101074","526.04071045","11.8509798","0","0.94125599"
"2013-04-01 09:00:00","18.6790297","12.54822847","0.3124996","","","1.94788959","193.91400146","2.42150593","17.90069008","47.07088089","1001.37902832","699.47692871","11.8509798","0","0.94125599"
"2013-04-01 10:00:00","18.66995153","12.24214404","0.31843761","","","1.87115593","191.54960632","2.54420209","19.06315041","39.66917038","1001.65899658","780.91461182","11.8509798","0","0.94125599"
"2013-04-01 11:00:00","15.92814735","10.45231893","0.25533189","","","1.75516911","197.03359985","2.93173099","19.41098976","37.67554092","1001.5960083","838.56622314","11.8509798","0","0.94125599"
"2013-04-01 12:00:00","13.30566345","8.68194842","0.25816517","","","1.80541908","193.65220642","2.54284191","19.83658981","36.31121063","1001.40002441","806.16192627","11.8509798","0","0.94125599"
"2013-04-01 13:00:00","8.20077067","4.74433355","0.23782893","","","1.60264759","197.4526062","3.22844005","19.34967995","38.10432053","1001.16101074","542.03900146","11.8509798","0","0.94125599"
"2013-04-01 14:00:00","8.17483057","5.03355797","0.23895432","","","1.90733367","195.45230103","3.42855906","19.25831032","41.59556961","1001.04101563","220.57170105","11.8509798","0","0.94125599"
"2013-04-01 15:00:00","10.04766325","6.69887364","0.23806193","","","1.83745967","180.40769958","3.09176493","19.08221054","42.88658142","1000.75201416","76.63207245","11.8509798","0","0.94125599"
"2013-04-01 16:00:00","15.48068964","11.7220571","0.24660021","","","1.65396236","161.33070374","3.17441702","18.0675602","47.11680984","1000.35900879","69.95217133","11.8509798","0","0.94125599"
"2013-04-01 17:00:00","18.0046023","14.46775219","0.25312072","","","1.60335847","161.21820068","3.32037997","17.00922012","53.42409134","999.98272705","27.92531013","11.8509798","0","0.94125599"
"2013-04-01 18:00:00","16.78049401","13.37770378","0.24657924","","","1.78715885","151.90750122","3.60089207","15.49302006","72.61077118","999.87921143","0.35462099","11.8509798","0","0.94125599"
"2013-04-01 19:00:00","18.98122513","15.42492042","0.27516485","","","1.7412179","151.94830322","3.3454771","14.91709995","79.92172241","999.9598999","0","11.8509798","0","0.94125599"
"2013-04-01 20:00:00","15.34450744","12.01517243","0.26627706","","","1.85945127","157.39990234","3.54459596","14.88733006","75.35619354","1000.27099609","0","11.8509798","0","0.94125599"
"2013-04-01 21:00:00","13.95025983","10.83233275","0.23309437","","","1.63894533","155.96850586","3.6458261","14.33251953","83.11572266","1000.22302246","0","11.8509798","0","0.94125599"
"2013-04-01 22:00:00","9.40825412","6.63143166","0.21764763","","","1.73093197","159.15859985","4.17582417","14.41275978","80.09381104","999.52862549","0","11.8509798","0","0.94125599"
"2013-04-01 23:00:00","7.45890129","4.70153343","0.21268007","","","1.59697374","159.7250061","3.61642289","14.54856968","77.26123047","998.8626709","0","11.8509798","0","0.94125599"
"2013-04-02 00:00:00","7.57173797","4.90515761","0.22261519","","","1.35719667","168.52810669","4.29629707","14.76216984","80.09468079","998.77020264","0","11.8509798","0","0.94125599"
"2013-04-02 01:00:00","8.8401798","6.29421796","0.20821696","","","1.5716718","161.59210205","4.18597794","14.80484009","83.52291107","998.46911621","0","9.93501186","0",""
"2013-04-02 02:00:00","","","0.20934235","","","1.44800155","161.54289246","3.77566695","14.70750046","87.64089203","997.87420654","0","9.93501186","0",""
"2013-04-02 03:00:00","10.28371112","7.77147314","0.23224042","","","","158.54690552","4.01902819","14.28122997","94.80490112","997.1729126","0","9.93501186","0",""
"2013-04-02 04:00:00","7.71440567","5.19827486","","","","1.68846001","154.0993042","3.70948291","14.11131001","95.51274109","996.86401367","0","9.93501186","0",""
"2013-04-02 05:00:00","9.24613373","6.53934592","0.19501984","","","1.74927763","158.68099976","4.30663586","13.99042988","96.0831604","996.81567383","0.005088","9.93501186","0.2",""
"2013-04-02 06:00:00","15.7517577","12.16432564","0.25048549","","","1.40957115","154.48530579","3.26500201","13.59951019","99.21523285","996.68170166","8.96316624","9.93501186","2",""
"2013-04-02 07:00:00","21.59072464","17.50786087","0.24436574","","","1.64527718","159.30810547","3.14449","13.40571022","99.21401215","996.26782227","17.9598999","9.93501186","3",""
"2013-04-02 08:00:00","24.71902432","19.62061896","0.28170399","","","1.53983868","170.97360229","2.77649307","13.1473999","99.21704865","995.8104248","40.37545013","9.93501186","2.5999999",""
"2013-04-02 09:00:00","22.2807272","17.00982311","0.25137555","","","1.54163877","162.24349976","3.68881607","13.30891037","99.21298981","995.73547363","73.89498138","9.93501186","0.80000001",""
"2013-04-02 10:00:00","20.26133016","15.1616342","0.2470767","","","1.53264239","155.04690552","4.7738452","12.81093979","99.21774292","995.29650879","49.61233139","9.93501186","1.79999995",""
"2013-04-02 11:00:00","21.1938508","15.80104333","0.23998884","","","1.55603237","145.68530273","4.59920883","12.53995037","99.22132874","994.61181641","134.25100708","9.93501186","0.80000001",""
"2013-04-02 12:00:00","19.3262092","13.1746685","0.26094253","","","1.66687012","146.02740479","4.04938984","13.57569981","98.28054047","994.67791748","290.77209473","9.93501186","0",""
"2013-04-02 13:00:00","","","0.19418686","0.06460493","0.24475325","1.7553959","153.3500061","3.63686109","14.41018963","86.14292145","994.35662842","418.18359375","9.93501186","0",""
"2013-04-02 14:00:00","16.43915421","11.37446697","0.22399222","0.74697938","3.10554069","1.8356433","155.62969971","3.70230889","15.31616974","78.45156097","993.79742432","215.5809021","9.93501186","0",""
"2013-04-02 15:00:00","20.73732256","14.46256494","0.24792831","0.15323546","0.96479942","1.70465675","159.45080566","3.64791107","15.78666019","75.01261139","993.54742432","70.56674957","9.93501186","0",""
"2013-04-02 16:00:00","24.16651368","17.9462385","0.25737996","0.18647102","1.30239461","1.46139137","156.83360291","3.32333302","15.8641901","70.09780121","993.16912842","75.64713287","9.93501186","0",""
"2013-04-02 17:00:00","26.59574792","21.01228728","0.31505212","0.23912111","1.58487043","1.96303374","149.06520081","3.17600608","15.18680954","73.46179962","993.24017334","42.41656113","9.93501186","0",""
"2013-04-02 18:00:00","37.54611608","31.62023536","0.34232011","0.41550044","2.01415935","1.53228339","154.61270142","2.28715396","13.86975956","83.21652222","993.39282227","0.72446102","9.93501186","0",""
"2013-04-02 19:00:00","39.05319272","33.93922368","0.35184864","0.66109373","2.7833795","1.7460395","159.0776062","2.255373","12.97869968","89.97949982","993.73321533","0","9.93501186","0",""
"2013-04-02 20:00:00","36.94171376","32.3997004","0.36408813","0.7032138","2.95794857","1.64959536","165.28790283","1.87821805","12.62290955","93.30206299","994.12860107","0","9.93501186","0",""
"2013-04-02 21:00:00","26.0458376","22.38447232","0.33755642","0.67568158","2.54201693","1.44483563","193.12980652","1.43824399","12.43196011","94.36222076","993.90600586","0","9.93501186","0",""
"2013-04-02 22:00:00","29.634566","26.20407472","0.3712156","0.59242793","1.71430503","1.22712237","196.36360168","0.80822903","12.24351978","92.33293152","993.62652588","0","9.93501186","0",""
"2013-04-02 23:00:00","12.53655762","9.7675151","0.32442571","0.53056382","2.04321097","1.68414386","211.40800476","1.15935695","12.52503014","79.60568237","993.0526123","0","9.93501186","0",""
"2013-04-03 00:00:00","7.38684183","4.40230161","0.25567906","0.1939958","0.5349003","1.70620259","207.9078064","1.11547697","12.34062958","78.37351227","992.56652832","0","9.93501186","0",""
"2013-04-03 01:00:00","6.44855842","3.76900897","0.27631936","","","1.63412374","211.81930542","1.10541296","11.99456978","82.53118896","992.18841553","0","19.06525993","0","6.7867322"
"2013-04-03 02:00:00","6.02574448","3.52388101","0.29037975","","","1.66471103","888","0.90031898","11.72859955","87.68321991","992.06231689","0","19.06525993","0","6.7867322"
"2013-04-03 03:00:00","6.6586681","3.99079141","0.30068301","","","1.34947256","197.15260315","0.79460001","11.79703999","89.00502014","992.30371094","0","19.06525993","0","6.7867322"
"2013-04-03 04:00:00","11.54307478","8.97506375","0.33957071","","","1.47650297","199.75280762","0.95300502","11.88514996","86.53871918","992.62182617","0","19.06525993","0","6.7867322"
"2013-04-03 05:00:00","32.97295624","27.81101512","0.32349604","","","1.45311299","198.14320374","0.63469702","11.77458954","90.21482086","992.98901367","0.65628803","19.06525993","0","6.7867322"
"2013-04-03 06:00:00","37.52017024","31.55538032","0.34611568","","","1.40741105","256.32400513","0.60319","11.94838047","90.88352966","993.71972656","31.72669983","19.06525993","0","6.7867322"
"2013-04-03 07:00:00","45.44338352","32.3789552","0.39003967","","","1.77986696","236.18440247","1.02962399","11.86005974","81.57209015","994.14550781","136.22810364","19.06525993","0","6.7867322"
"2013-04-03 08:00:00","32.1520008","22.7476376","0.38647594","","","1.57618525","307.50259399","1.55604696","12.62032986","76.6472702","994.61151123","202.414505","19.06525993","0","6.7867322"
"2013-04-03 09:00:00","18.4001798","14.11627114","0.36141562","","","1.51393061","333.23690796","1.54774499","12.29778957","77.61624908","995.3682251","85.48535156","19.06525993","0","6.7867322"
"2013-04-03 10:00:00","19.96822056","14.34843001","0.39290557","","","1.58482263","318.52029419","1.79084599","13.57421017","73.43739319","995.77972412","321.7979126","19.06525993","0","6.7867322"
"2013-04-03 11:00:00","12.71035269","8.56911174","0.28836546","","","1.57294712","335.32580566","2.78346395","14.38677979","66.49890137","995.94921875","428.63839722","19.06525993","0","6.7867322"
"2013-04-03 12:00:00","12.23825312","7.8415097","0.25474589","","","1.25734964","332.46789551","3.31768799","14.71000957","61.0013504","996.0637207","387.14370728","19.06525993","0","6.7867322"
"2013-04-03 13:00:00","10.59109571","7.78833315","0.28472484","","","1.2962143","336.6546936","2.2872541","14.0915699","65.91812134","996.45611572","177.57310486","19.06525993","0","6.7867322"
"2013-04-03 14:00:00","11.80247008","8.8531489","0.32237298","","","1.40849008","337.01870728","2.45915508","13.73449993","71.80457306","996.77020264","170.55039978","19.06525993","0","6.7867322"
"2013-04-03 15:00:00","11.08653889","7.99325558","0.32365098","","","1.58914081","335.23440552","1.97710001","13.50502014","72.33184052","997.26190186","140.48420715","19.06525993","0","6.7867322"
"2013-04-03 16:00:00","13.14613573","10.11899614","0.32570371","","","1.62584637","335.8196106","1.95079994","12.95658016","75.08615112","997.8425293","76.69412994","19.06525993","0","6.7867322"
"2013-04-03 17:00:00","11.6831479","8.67027566","0.3199323","","","1.12636004","334.87130737","0.96898198","12.46553993","78.44023132","998.65802002","9.66625977","19.06525993","0","6.7867322"
"2013-04-03 18:00:00","14.55853969","11.71168067","0.31880924","","","1.15802739","339.2098999","0.973993","11.7709198","84.34425354","999.25231934","0.002035","19.06525993","0.2","6.7867322"
"2013-04-03 19:00:00","29.40629232","25.9498552","0.42253618","","","1.22784139","326.75140381","0.56473202","11.3901701","91.51409149","1000.24200439","0","19.06525993","0.2","6.7867322"
"2013-04-03 20:00:00","33.36074808","29.76815744","0.43818446","","","1.22244417","340.95339966","0.60261297","10.95969963","97.40415192","1000.89801025","0","19.06525993","1.20000005","6.7867322"
"2013-04-03 21:00:00","24.53096","21.68930736","0.39255724","","","1.13715652","319.64370728","0.5","10.78448963","99.22731018","1001.35900879","0","19.06525993","0","6.7867322"
"2013-04-03 22:00:00","43.1425592","39.89231216","0.50949062","","","1.00796599","191.2039032","0.52574903","10.92965031","99.22499084","1001.62701416","0","19.06525993","0","6.7867322"
"2013-04-03 23:00:00","45.31369256","40.81448888","0.51181479","","","1.2116477","205.13960266","0.46998301","10.8224802","99.22940063","1001.85101318","0","19.06525993","0","6.7867322"
"2013-04-04 00:00:00","31.60075208","28.63849048","0.48160401","","","1.33471995","197.71060181","0.37156701","10.56715012","99.23117065","1002.059021","0","19.06525993","0","6.7867322"
"2013-04-04 01:00:00","18.14856634","15.49495507","0.39267257","","","1.08245819","198.41270447","0.450679","10.38494968","99.23265076","1002.12902832","0","14.75911999","0","8.10649872"
"2013-04-04 02:00:00","","","0.38248581","","","1.23035948","186.34710693","0.181115","9.8792572","99.23435974","1002.14202881","0","14.75911999","0","8.10649872"
"2013-04-04 03:00:00","23.84357688","21.269088","0.4309801","","","","176.88870239","0.457928","9.72642899","99.23802185","1002.38299561","0","14.75911999","0","8.10649872"
"2013-04-04 04:00:00","30.16503128","27.05357632","","","","2.24337691","186.77070618","0.268875","9.26699448","99.24040222","1002.67102051","0","14.75911999","0","8.10649872"
"2013-04-04 05:00:00","48.99190256","43.83514296","0.52016901","","","2.36021292","183.66540527","0.44431099","9.1545248","99.24085999","1002.93701172","2.02686191","14.75911999","0","8.10649872"
"2013-04-04 06:00:00","61.0362024","49.39673032","0.4708231","","","","165.91220093","0.96742302","10.35048962","99.00717926","1003.50799561","64.01708984","14.75911999","0","8.10649872"
"2013-04-04 07:00:00","94.52738712","59.52463256","0.6797542","0.62818666","0.78607998","3.18404597","156.69670105","1.16704202","12.91012001","83.88027191","1004","342.5","14.75911999","0","8.10649872"
"2013-04-04 08:00:00","55.93072264","38.41120048","0.50593737","1.13472894","2.45213853","3.07714605","178.13420105","0.85157198","14.93270969","69.28334045","1004.184021","547.18951416","14.75911999","0","8.10649872"
"2013-04-04 09:00:00","33.67980352","23.4778304","0.41338977","1.11059756","4.57718749","3.44939958","190.15460205","1.11954296","15.74771976","59.74237061","1004.35900879","595.36022949","14.75911999","0","8.10649872"
"2013-04-04 10:00:00","25.363636","18.13819182","0.3688658","1.6546529","9.35345579","2.90129252","161.51460266","1.48455203","17.30821991","52.6246109","1004.27801514","810.27557373","14.75911999","0","8.10649872"
"2013-04-04 11:00:00","27.13399504","19.05125978","0.37143229","0.74730889","4.36500671","2.84407813","183.11099243","1.70417404","17.87688065","47.4799118","1004.42102051","688.58551025","14.75911999","0.2","8.10649872"
"2013-04-04 12:00:00","36.31526608","23.99661336","0.40203568","0.55392736","2.15850928","2.67357706","189.09190369","2.2967751","18.32666969","46.24271011","1004.28900146","901.75921631","14.75911999","0","8.10649872"
"2013-04-04 13:00:00","22.49211792","15.62724635","0.3456124","0.61864415","2.52411874","2.95519555","197.84390259","1.72504699","18.54327011","42.59719086","1004.059021","709.58691406","14.75911999","0","8.10649872"
"2013-04-04 14:00:00","18.40407072","13.17855942","0.31434846","0.32391043","1.42430748","2.19657762","197.32730103","2.0271771","17.65192986","46.20796967","1003.69500732","211.78460693","14.75911999","0","8.10649872"
"2013-04-04 15:00:00","24.48298792","18.05258967","0.34635217","0.31206442","1.01758478","2.62910975","161.79400635","3.50132895","17.44659996","49.67250061","1003.52001953","123.0809021","14.75911999","0","8.10649872"
"2013-04-04 16:00:00","24.71644312","18.78667722","0.31030474","0.4264698","1.77824484","2.32604782","152.96960449","3.72482705","16.49057007","53.28950119","1003.78900146","70.07324982","14.75911999","0.2","8.10649872"
"2013-04-04 17:00:00","25.93041016","20.9305684","0.32570371","0.37247117","1.61928367","2.642106","145.30740356","3.50159192","15.51945972","56.34743118","1003.40600586","35.32051086","14.75911999","0","8.10649872"
"2013-04-04 18:00:00","29.20008312","23.95122248","0.35961104","0.41396477","1.59654254","2.5009403","142.40370178","3.45131993","14.15126038","71.13919067","1003.12402344","2.1713469","14.75911999","0","8.10649872"
"2013-04-04 19:00:00","31.69285312","26.35971152","0.3604277","0.5013871","1.98796143","2.4304205","137.08700562","3.33822393","13.37349033","79.36595154","1003.19000244","0","14.75911999","0","8.10649872"
"2013-04-04 20:00:00","22.00706264","18.07723153","0.30684469","0.51794996","2.24877718","2.13224627","131.02049255","3.54658294","13.19182968","79.83441162","1003.21002197","0","14.75911999","0","8.10649872"
"2013-04-04 21:00:00","12.53007212","9.52627806","0.27635781","0.38873706","1.35842317","2.68493187","146.10240173","4.25982904","13.34438992","82.16796112","1003.13500977","0","14.75911999","0","8.10649872"
"2013-04-04 22:00:00","9.1644225","6.18138128","0.25889795","0.17648916","0.70515017","2.23185328","141.14700317","5.63534498","13.71366978","79.15364075","1002.07800293","0","14.75911999","0","8.10649872"
"2013-04-04 23:00:00","7.53153243","4.89867402","0.24112821","","","2.86484018","141.64660645","4.71771622","13.79351044","77.05039978","1001.76300049","0","14.75911999","0","8.10649872"
"2013-04-05 00:00:00","6.55101868","3.97652406","0.21993569","","","2.39703239","146.54370117","4.99896622","13.83312988","76.50034332","1000.70001221","0","14.75911999","0","8.10649872"
"2013-04-05 01:00:00","5.09451635","2.77422787","0.22611835","","","2.31608224","145.05360413","5.83625507","13.95359993","72.91751099","999.32501221","0","27.86584091","0","6.00393391"
"2013-04-05 02:00:00","5.81174388","3.24114018","0.22611835","","","2.746977","147.15870667","6.32555008","14.07874966","72.94998932","998.36853027","0","27.86584091","0","6.00393391"
"2013-04-05 03:00:00","6.01277538","3.43438985","0.21818586","","","2.56991527","153.16229248","4.66465902","14.05677032","75.73287201","998.33972168","0","27.86584091","0","6.00393391"
"2013-04-05 04:00:00","6.75075385","4.11530085","0.24556103","","","2.25116204","146.14230347","5.93280077","13.98717976","78.7709198","997.02520752","0","27.86584091","0","6.00393391"
"2013-04-05 05:00:00","9.32395213","6.4316965","0.24773842","","","2.71225764","148.68469238","6.09731102","14.16808987","75.10980988","996.49121094","0.042735","27.86584091","0","6.00393391"
"2013-04-05 06:00:00","15.89442541","11.92697952","0.26395405","","","2.97181231","150.42970276","6.08791208","14.58981037","65.49912262","995.640625","21.47332954","27.86584091","0","6.00393391"
"2013-04-05 07:00:00","22.91753792","16.86585716","0.29183483","0.09828085","0.59452091","2.92304513","147.56170654","6.3203578","14.92537975","65.42076111","994.84741211","61.7256813","27.86584091","0","6.00393391"
"2013-04-05 08:00:00","24.734588","19.28341864","0.30867141","0.24252196","1.0292579","2.72844014","165.07040405","5.46340084","15.38813972","65.24201965","995.65582275","67.36161041","27.86584091","0","6.00393391"
"2013-04-05 09:00:00","23.25733856","16.39246126","0.26990254","0.32194457","1.37407887","3.1690798","161.64300537","5.97072887","16.93309975","60.00156021","995.3538208","502.04510498","27.86584091","0","6.00393391"
"2013-04-05 10:00:00","22.03040816","14.7141784","0.24983775","0.23440426","1.0527323","2.95990019","172.54910278","4.875844","18.47780991","60.29975128","995.25671387","711.63812256","27.86584091","0","6.00393391"
"2013-04-05 11:00:00","23.92269544","16.03060761","0.30991563","0.28146085","1.5128892","3.32117012","175.98370361","3.86729789","19.53873062","60.48133087","994.93182373","825.03552246","27.86584091","0","6.00393391"
"2013-04-05 12:00:00","36.24264832","24.2858416","0.33993535","0.34387414","2.55265169","3.38500619","196.39880371","2.69334197","20.89192963","51.68064117","995.24230957","853.47967529","27.86584091","0","6.00393391"
"2013-04-05 13:00:00","23.59065752","16.72189503","0.30618297","0.38325238","1.71171168","2.97079226","191.2875061","2.38856697","21.14941978","45.48316956","995.48712158","768.3394165","27.86584091","0","6.00393391"
"2013-04-05 14:00:00","24.5880332","17.37038234","0.3100333","0.15180861","1.04482105","2.76417956","190.76980591","2.66894102","20.32958984","45.46377182","995.57232666","99.01911926","27.86584091","0","6.00393391"
"2013-04-05 15:00:00","34.18824256","24.53876096","0.33826358","0.46638603","2.46964721","2.80966793","195.3480072","2.25642395","19.84580994","46.54598999","996.15100098","50.65729141","27.86584091","0","6.00393391"
"2013-04-05 16:00:00","35.26211736","26.80845792","0.37493195","0.28354469","1.66683656","2.73026668","203.77740479","2.20162606","19.08262062","50.35903168","996.61901855","51.18132019","27.86584091","0","6.00393391"
"2013-04-05 17:00:00","38.35152696","30.5774688","0.42322819","0.41506211","2.07109508","2.80911164","197.85620117","1.62764204","18.14529991","55.60655975","997.34710693","54.50753021","27.86584091","0","6.00393391"
"2013-04-05 18:00:00","40.04926824","33.92884152","0.4442646","0.68972228","3.04821545","2.50230308","192.70480347","1.241503","16.50630951","63.84154129","998.46990967","3.16035795","27.86584091","0","6.00393391"
"2013-04-05 19:00:00","57.60381824","50.16177888","0.46339623","0.75970409","3.31162557","2.41163651","195.39030457","1.05430496","15.55080032","67.95027161","999.32202148","0","27.86584091","0","6.00393391"
"2013-04-05 20:00:00","44.01800664","39.14397448","0.3745044","0.79513331","3.47140949","2.48785151","186.90550232","1.25647902","14.99199009","70.69229126","1000.18701172","0","27.86584091","0","6.00393391"
"2013-04-05 21:00:00","36.65508584","32.84846592","0.33954624","0.64156937","2.41517567","2.18085887","187.35490417","1.02939796","14.42531013","74.40956116","1000.68701172","0","27.86584091","0","6.00393391"
"2013-04-05 22:00:00","27.77080576","24.87077976","0.3308367","0.54230101","2.18250336","2.51322464","194.43600464","0.53081399","13.66578007","80.42903137","1000.92700195","0","27.86584091","0","6.00393391"
"2013-04-05 23:00:00","24.55690584","21.45585216","0.32356477","0.38040071","1.77798551","2.43305148","158.92210388","1.27941203","13.2690897","82.57691956","1001.24200439","0","27.86584091","0","6.00393391"
"2013-04-06 00:00:00","21.63741568","18.89173206","0.28429029","0.31897493","1.56969577","2.16306544","161.31930542","1.10382605","12.85774994","83.98989105","1001.59002686","0","27.86584091","0","6.00393391"
"2013-04-06 01:00:00","24.45444176","21.68152552","0.27394742","0.28475186","1.63207855","2.18831653","132.82839966","0.59888297","12.67677021","84.07292175","1001.30401611","0","20.72153091","0","5.17311096"
"2013-04-06 02:00:00","","","0.30937158","0.31996142","1.86630789","2.1361129","170.88870239","0.33750901","11.9067297","89.16246033","1001.05401611","0","20.72153091","0","5.17311096"
"2013-04-06 03:00:00","32.67986576","29.92897576","0.30944963","0.36460467","2.2264703","","192.30830383","0.32248101","11.46926975","93.22792053","1001.03100586","0","20.72153091","0","5.17311096"
"2013-04-06 04:00:00","25.15740768","22.61534632","","0.49568275","2.80296489","1.83582738","19.58440971","0.240236","11.27709961","94.95285034","1001.14001465","0","20.72153091","0","5.17311096"
"2013-04-06 05:00:00","24.05626776","21.23666048","0.2321146","0.52025347","3.39748376","2.02397035","330.28720093","0.29901499","10.62588978","97.03479004","1001.29602051","3.36589289","20.72153091","0","5.17311096"
"2013-04-06 06:00:00","37.07790552","29.91471224","0.28666456","0.48822407","3.68864883","1.78959558","87.31362152","0.73404402","12.13965988","93.18450165","1001.54699707","79.38745117","20.72153091","0","5.17311096"
"2013-04-06 07:00:00","37.84308792","27.98351576","0.29097157","0.64222736","2.89608344","1.68755997","88.49314117","1.22320902","15.09638977","73.26834106","1001.64001465","338.20410156","20.72153091","0","5.17311096"
"2013-04-06 08:00:00","23.38444832","16.57792908","0.18247046","0.54559101","2.71282513","2.39325525","86.90216064","1.29950404","17.20668983","63.43610001","1001.78900146","536.59020996","20.72153091","0","5.17311096"
"2013-04-06 09:00:00","10.37579686","7.0477601","0.17405683","0.29254005","1.54881473","2.32201949","60.48009109","2.0093081","18.58152962","46.6843605","1001.86901855","705.89831543","20.72153091","0","5.17311096"
"2013-04-06 10:00:00","9.71693314","6.46023118","0.16237304","0.16760465","0.95338665","1.88924531","48.0906601","2.40573001","18.9477005","44.4193306","1001.75701904","779.45562744","20.72153091","0","5.17311096"
"2013-04-06 11:00:00","10.75710702","7.12168758","0.16201422","0.0879705","0.72019465","2.28486644","46.84196091","2.26707006","19.08011055","44.91479111","1001.59301758","866.36737061","20.72153091","0","5.17311096"
"2013-04-06 12:00:00","13.85947042","9.39269044","0.16711809","0.1095787","0.77531504","2.35368683","330.53970337","2.46765709","18.48839951","48.26488113","1001.39001465","879.29681396","20.72153091","0","5.17311096"
"2013-04-06 13:00:00","9.42641238","6.59252246","0.13296495","0.14687311","1.02679371","2.47186528","343.69689941","2.59317088","18.29643059","50.0320816","1001.04602051","773.33111572","20.72153091","0","5.17311096"
"2013-04-06 14:00:00","8.36808023","5.65480883","0.16289147","0.02380289","0.45224566","2.32493217","356.27731323","2.623101","17.1452198","55.47890091","1000.5960083","102.97720337","20.72153091","0","5.17311096"
"2013-04-06 15:00:00","7.35514278","4.67429699","0.16232877","0.01886637","0.38713834","1.84189989","48.38919067","2.44008899","16.77429962","63.86013031","1000.34802246","58.20512009","20.72153091","0","5.17311096"
"2013-04-06 16:00:00","7.88949707","5.13731647","0.1307829","0.03510074","0.3589949","2.02660336","45.6856308","2.34127808","16.21157074","72.83895111","1000.14001465","44.2032814","20.72153091","0","5.17311096"
"2013-04-06 17:00:00","9.98021936","7.36422287","0.15216065","0.00987202","0.41424546","1.91685279","44.51245117","1.68633497","15.58594036","76.80062103","1000.11700439","24.22059059","20.72153091","0","5.17311096"
"2013-04-06 18:00:00","13.27713067","10.59628297","0.17567967","0.09674518","1.18735564","1.69344941","326.76699829","1.29051399","14.13492012","85.79566956","1000.17102051","1.601547","20.72153091","0","5.17311096"
"2013-04-06 19:00:00","14.33156999","11.40170341","0.1830681","0.20676322","1.21044154","1.68545376","334.02420044","1.27201903","13.27396965","95.40802002","1000.38000488","0","20.72153091","0","5.17311096"
"2013-04-06 20:00:00","13.08777002","10.17346902","0.18063558","0.28891953","1.29435319","1.98567318","338.19540405","1.27100098","12.79086971","97.64394379","1000.47900391","0","20.72153091","0","5.17311096"
"2013-04-06 21:00:00","11.23698843","8.70269935","0.16779612","0.22091274","1.14105468","1.6395657","340.44900513","1.28329599","12.47278976","99.23062134","1000.07501221","0","20.72153091","0","5.17311096"
"2013-04-06 22:00:00","8.33435829","5.8739986","0.14259018","0.06625145","0.67194817","1.76778194","335.81280518","2.08762693","12.43861008","99.020401","999.51721191","0","20.72153091","0","5.17311096"
"2013-04-06 23:00:00","8.99322202","6.77928662","0.17404867","0.01140769","0.33759518","2.1321405","337.03289795","2.50369191","12.51735973","98.57527924","998.99371338","0","20.72153091","0","5.17311096"
"2013-04-07 00:00:00","7.15151861","4.75600631","0.13540096","0.06318113","0.31814099","1.99335661","336.29660034","3.06920791","12.56931973","99.22187042","998.30511475","0","20.72153091","0","5.17311096"
"2013-04-07 01:00:00","6.08670286","3.65876496","0.15990091","0.00888451","0.21594164","1.99633134","333.13510132","3.23316097","12.54388046","99.22351074","997.08441162","0","11.4664402","0","4.29331207"
"2013-04-07 02:00:00","6.81949216","4.40582351","0.15531431","0.02358321","0.13371516","2.03515531","326.70471191","3.36639094","12.30591965","98.05142212","995.8795166","0","11.4664402","0","4.29331207"
"2013-04-07 03:00:00","10.71819782","8.25913447","0.16313029","0.3077859","0.19739563","2.30243715","331.57110596","3.63425803","12.33603954","97.76631165","994.89910889","0","11.4664402","0","4.29331207"
"2013-04-07 04:00:00","8.60542635","6.44207292","0.1910833","0.04563076","0.17962763","2.26947008","330.06170654","5.03221416","12.60046005","98.43617249","993.75732422","0","11.4664402","0","4.29331207"
"2013-04-07 05:00:00","8.99711294","6.63661892","0.22142806","0.21696373","0.17651459","2.10332381","328.35479736","4.97478914","12.64258003","97.54666138","993.23272705","1.52319896","11.4664402","0","4.29331207"
"2013-04-07 06:00:00","8.45886964","5.99332078","0.23343105","0.24723779","0.2120506","2.12064637","332.80810547","5.7681241","12.86534977","97.61273956","992.76123047","21.94749069","11.4664402","0","4.29331207"
"2013-04-07 07:00:00","9.68580769","7.13206401","0.28865788","0.47999756","0.38259947","2.25357132","329.0151062","5.88031721","13.1330204","94.42977905","992.24230957","69.27960968","11.4664402","0","4.29331207"
"2013-04-07 08:00:00","10.12548165","7.35384645","0.28654457","0.7728661","0.47455356","2.29435098","333.96859741","6.09419489","13.45759964","88.84866333","992.10931396","90.98390961","11.4664402","0","4.29331207"
"2013-04-07 09:00:00","9.03861672","6.46282386","0.28383361","0.88233496","0.54510692","2.25276789","330.47311401","5.41081476","13.71306038","85.58499146","992.1505127","58.94789124","11.4664402","0","4.29331207"
"2013-04-07 10:00:00","10.71690149","8.07626123","0.22573506","0.91600987","0.61864415","2.53458062","335.02960205","2.50321698","13.36833","91.78678894","992.30761719","36.55168152","11.4664402","2.4000001","4.29331207"
"2013-04-07 11:00:00","10.41730065","7.59897441","0.15862407","0.43930332","0.88231361","2.32663667","330.59140015","2.07600808","12.44762993","99.22621155","992.1842041","44.15444183","11.4664402","3.4000001","4.29331207"
"2013-04-07 12:00:00","8.66768107","6.05816818","0.16237304","0.23736577","0.66209141","2.21685558","331.95010376","2.64248991","12.39743042","99.22695923","991.78100586","65.12718964","11.4664402","0.80000001","4.29331207"
"2013-04-07 13:00:00","7.34347002","4.80140102","0.20747252","0.25425814","0.61462293","1.99633134","330.66500854","3.8723011","11.7528801","99.23287201","991.73901367","68.40354156","11.4664402","1.20000005","4.29331207"
"2013-04-07 14:00:00","7.44204127","4.78583542","0.27087415","0.50390926","0.41852499","1.89724096","336.66571045","4.28976202","11.49240017","99.23265076","991.62872314","78.50936127","11.4664402","1","4.29331207"
"2013-04-07 15:00:00","7.67160555","5.0893291","0.24379839","0.63038033","0.38661967","2.11481997","337.98471069","5.5807519","11.08051014","99.23374176","992.10351563","45.68783188","11.4664402","0.80000001","4.29331207"
"2013-04-07 16:00:00","7.55747062","4.88570301","0.29535779","0.62226365","0.3679445","2.03509429","328.88290405","4.27520514","10.93955994","99.23625183","992.54571533","29.7446003","11.4664402","0.40000001","4.29331207"
"2013-04-07 17:00:00","7.38497381","4.65613873","0.28546811","0.79853315","0.65353234","2.08222309","335.36810303","4.65429401","11.10147953","99.22337341","993.1630249","15.2971096","11.4664402","0","4.29331207"
"2013-04-07 18:00:00","7.6703073","5.11656554","0.3029734","0.89856933","0.54821995","1.83638368","330.21429443","3.87260389","11.24073982","92.40814972","993.58502197","1.31766403","11.4664402","0","4.29331207"
"2013-04-07 19:00:00","10.42508249","7.77536214","0.32594254","0.86368827","0.5399192","1.99332509","329.87530518","2.47979093","11.62934971","92.73674011","994.27081299","0","11.4664402","0","4.29331207"
"2013-04-07 20:00:00","14.8827843","10.9283075","0.33894161","1.03754442","0.9863283","2.01358983","333.81970215","2.37734199","11.12833977","98.39716339","994.96221924","0","11.4664402","2","4.29331207"
"2013-04-07 21:00:00","7.88690249","5.4200573","0.27553998","0.85250025","1.26517241","1.66478832","328.84939575","2.10025811","10.77600956","99.23748016","995.24627686","0","11.4664402","0.40000001","4.29331207"
"2013-04-07 22:00:00","11.53658927","8.9569074","0.29372213","0.6485887","0.52811691","1.9601719","325.52560425","1.60777199","11.10900021","99.23564148","995.68780518","0","11.4664402","0","4.29331207"
"2013-04-07 23:00:00","7.0801838","4.72358262","0.24507406","0.68566343","0.7960659","1.75210489","330.61911011","2.99991703","11.6830101","93.53723145","996.10290527","0","11.4664402","0.2","4.29331207"
"2013-04-08 00:00:00","6.33053258","3.89870566","0.21253561","0.51893747","0.42721424","1.66763694","320.96670532","3.25922799","11.50631046","85.15512085","996.49121094","0","11.4664402","0","4.29331207"
"2013-04-08 01:00:00","5.64962158","3.32544218","0.18873","0.52036331","0.3958286","1.73211779","323.28570557","2.554106","11.54055977","84.29575348","996.67932129","0","21.74443054","0","10.11721039"
"2013-04-08 02:00:00","","","0.22752916","0.53591527","0.42715932","1.81299065","300.61849976","2.56188798","11.01091957","82.2374115","997.07122803","0","21.74443054","0","10.11721039"
"2013-04-08 03:00:00","13.1552139","10.72727791","0.22665192","0.55228185","0.38337747","","314.91870117","2.45179701","10.76508999","79.20831299","997.52612305","0","21.74443054","0","10.11721039"
"2013-04-08 04:00:00","9.72082597","7.4757613","","0.59528061","0.42475005","2.30963853","298.64761353","2.72308612","10.40522957","78.27043915","997.98461914","0","21.74443054","0","10.11721039"
"2013-04-08 05:00:00","11.47044363","8.95301648","0.40017168","0.63641318","0.47131034","2.12683379","292.97821045","2.66144991","9.85802555","77.29878998","998.68292236","2.15811992","21.74443054","0","10.11721039"
"2013-04-08 06:00:00","19.2483908","15.19276156","0.433147","0.70167813","0.64873311","2.37777244","307.5078125","2.58935404","9.95272064","76.34445953","999.52581787","45.58811188","21.74443054","0","10.11721039"
"2013-04-08 07:00:00","32.40360088","23.6425492","0.50316583","0.9321344","1.24364252","2.50228477","294.25790405","2.75072289","10.39587021","73.77851105","1000.04901123","204.26010132","21.74443054","0","10.11721039"
"2013-04-08 08:00:00","17.21474554","12.04889438","0.45300443","1.25714116","2.21505651","1.94817435","321.23651123","3.29978895","12.57752991","64.52610016","1000.57299805","554.59100342","21.74443054","0","10.11721039"
"2013-04-08 09:00:00","13.1746685","9.5275763","0.42274006","1.12595426","1.39603387","2.0806681","335.13290405","3.52351904","12.39194012","65.54850006","1001.20202637","274.56851196","21.74443054","0","10.11721039"
"2013-04-08 10:00:00","11.95421596","8.22411619","0.39989324","1.01889772","1.07620669","2.68768794","328.02639771","3.993613","14.16658974","58.59997177","1001.64001465","829.3314209","21.74443054","0","10.11721039"
"2013-04-08 11:00:00","13.72847739","9.48477618","0.42880155","1.02460208","1.01161905","2.39120193","326.88641357","3.50414205","15.00203037","54.01451111","1002.04400635","936.86102295","21.74443054","0","10.11721039"
"2013-04-08 12:00:00","12.4224227","8.49648059","0.42997471","0.93630207","1.09086268","2.45500342","334.09210205","4.20692778","14.40326977","54.83827972","1002.4050293","873.60601807","21.74443054","0","10.11721039"
"2013-04-08 13:00:00","10.80639265","7.31234266","0.4197495","0.80204383","0.81396409","3.0425945","332.14779663","4.1062398","14.35768032","55.58499146","1002.46099854","793.54992676","21.74443054","0","10.11721039"
"2013-04-08 14:00:00","10.62481574","7.35514278","0.3701473","0.78942896","0.4261769","2.48341027","336.25860596","4.230721","13.54699993","60.97719955","1002.40100098","202.06750488","21.74443054","0","10.11721039"
"2013-04-08 15:00:00","8.78570692","5.64573066","0.39175805","0.7692466","0.45081881","2.044589","334.32650757","3.10288906","13.14169979","62.45542145","1002.77502441","103.44309998","21.74443054","0","10.11721039"
"2013-04-08 16:00:00","9.31616838","6.72481374","0.38043425","0.76080041","0.55561253","2.3850145","335.93099976","2.82209992","12.66483021","63.95523071","1003.05999756","106.3062973","21.74443054","0","10.11721039"
"2013-04-08 17:00:00","10.03469415","7.23971343","0.40463712","0.7751696","0.620071","1.93919933","336.15859985","1.760764","12.07271004","66.43942261","1003.5880127","51.7969017","21.74443054","0","10.11721039"
"2013-04-08 18:00:00","18.0046023","14.70380198","0.59527306","0.84142207","1.00876535","2.05783238","340.04431152","0.86031598","11.56179047","68.58634186","1003.9630127","3.40659404","21.74443054","0","10.11721039"
"2013-04-08 19:00:00","25.64896376","22.3792908","0.47381832","1.4229925","4.22847446","1.93480589","324.80801392","0.58669698","10.96566963","72.30471039","1004.62701416","0","21.74443054","0","10.11721039"
"2013-04-08 20:00:00","45.00758136","41.11666136","0.53179454","1.0757165","2.28236869","1.83709151","148.8032074","0.67365903","11.00393009","72.96839142","1005.21600342","0","21.74443054","0","10.11721039"
"2013-04-08 21:00:00","46.17617664","42.95577592","0.56528829","1.30847627","2.7093236","1.50830151","159.9546051","1.04408598","11.02637959","71.93743896","1005.65600586","0","21.74443054","0","10.11721039"
"2013-04-08 22:00:00","30.15334896","27.39469624","0.47991942","1.34697684","2.51192796","1.9361046","161.22050476","1.19316995","10.82756042","72.22737122","1005.88500977","0","21.74443054","0","10.11721039"
"2013-04-08 23:00:00","21.4960424","18.94361226","0.46939248","1.24737898","1.72195694","1.98678883","147.15570068","1.85805702","10.56599998","74.32505035","1005.64599609","0","21.74443054","0","10.11721039"
"2013-04-09 00:00:00","16.24071729","13.68826994","0.45958318","1.14580814","1.47151662","1.75014513","158.71560669","2.2523129","10.25619984","78.43556213","1005.52301025","0","21.74443054","0","10.11721039"
"2013-04-09 01:00:00","13.2589705","10.69225772","0.42517258","1.09491237","1.20706916","1.86066862","157.02330017","2.19031811","10.31392956","82.30525208","1005.14300537","0","20.24234962","0","10.58485985"
"2013-04-09 02:00:00","9.66894576","7.16189312","0.40204616","1.00683203","0.94106468","1.73337378","194.73640442","1.27501702","10.70363045","85.12847137","1004.84802246","0","20.24234962","0","10.58485985"
"2013-04-09 03:00:00","8.99841118","6.44726209","0.38470048","0.79502348","0.71747113","1.8520048","192.82780457","1.42299199","10.69651031","87.36737061","1004.69702148","0","20.24234962","0","10.58485985"
"2013-04-09 04:00:00","14.74789843","12.1176346","0.38047386","0.74983207","0.75106264","1.84129884","176.96060181","0.99904197","10.78462982","90.35781097","1004.7130127","0","20.24234962","0","10.58485985"
"2013-04-09 05:00:00","28.46080832","24.36754136","0.40037089","0.63432934","0.91564476","1.81741358","195.03930664","1.05762398","11.16129971","89.72704315","1005.09399414","8.34961319","20.24234962","0","10.58485985"
"2013-04-09 06:00:00","46.70276056","38.33338208","0.44471079","0.72679702","1.56515588","1.6602881","196","1.60086095","11.82654953","86.43228912","1005.36199951","43.72608185","20.24234962","0","10.58485985"
"2013-04-09 07:00:00","85.87914344","57.95141984","0.65927117","0.90701552","2.13373821","2.18321017","195.8296051","1.34797204","13.46905994","74.80396271","1005.57800293","233.02600098","20.24234962","0","10.58485985"
"2013-04-09 08:00:00","50.37318872","36.80684128","0.52481736","1.35388735","4.43880329","2.03344879","200.12460327","1.98080695","15.35958004","61.75268173","1005.88500977","429.42810059","20.24234962","0","10.58485985"
"2013-04-09 09:00:00","39.63683072","29.65401104","0.49853962","0.97304831","3.31590613","1.78418005","198.56610107","1.97775197","16.42959023","54.01390076","1006.45599365","438.94070435","20.24234962","0","10.58485985"
"2013-04-09 10:00:00","37.27115136","27.77210592","0.43769283","0.72339617","4.00251029","1.84191921","194.45710754","2.69240594","16.24567986","54.35511017","1006.76702881","558.93762207","20.24234962","0","10.58485985"
"2013-04-09 11:00:00","39.34760248","30.63064152","0.46747839","0.65144138","2.65731625","1.83442901","197.25410461","1.85155594","15.8105402","58.7554512","1006.79901123","273.22650146","20.24234962","0","10.58485985"
"2013-04-09 12:00:00","41.83777216","29.7694576","0.49590788","0.80160449","2.73980207","1.97274101","192.59210205","2.01568007","16.78985023","56.38122177","1006.46600342","473.21020508","20.24234962","0","10.58485985"
"2013-04-09 13:00:00","26.41028392","19.52205536","0.39722073","0.78778346","2.98220097","2.08722673","186.48890686","1.76458299","18.29512978","52.46411133","1006.20300293","725.66650391","20.24234962","0","10.58485985"
"2013-04-09 14:00:00","20.97595928","15.61298092","0.37656645","0.42679829","1.66709691","1.9195814","180.32780457","1.83311605","18.03973961","51.52198029","1005.53601074","119.39749908","20.24234962","0","10.58485985"
"2013-04-09 15:00:00","22.96552912","17.70629779","0.39379214","0.36526369","1.91247867","1.84643774","186.28450012","1.86015701","17.71659088","53.15404129","1005.47399902","75.15466309","20.24234962","0","10.58485985"
"2013-04-09 16:00:00","31.54887952","25.05754392","0.43617717","0.42822412","1.94153029","1.6591755","199.28030396","1.50933695","17.21875954","53.28530121","1005.57800293","70.40496063","20.24234962","0","10.58485985"
"2013-04-09 17:00:00","40.03760504","33.86270544","0.45459931","0.51680279","2.04306554","2.01049001","195.60110474","1.41389203","16.47442055","52.99409103","1005.91400146","33.40456009","20.24234962","0","10.58485985"
"2013-04-09 18:00:00","46.80650568","40.81318872","0.48023747","0.6472727","2.65057151","1.79736241","157.70280457","1.751894","15.8165102","53.5914917","1006.31201172","2.99857593","20.24234962","0","10.58485985"
"2013-04-09 19:00:00","39.42540176","35.07405304","0.42796392","0.92127488","3.34002937","1.64617925","154.5428009","2.52439594","14.60099983","58.34241104","1006.99200439","0","20.24234962","0","10.58485985"
"2013-04-09 20:00:00","32.37377368","28.88232784","0.41516406","0.72076417","2.41271148","1.83752577","163.49060059","2.61873794","13.72412014","63.00753021","1007.23699951","0","20.24234962","0","10.58485985"
"2013-04-09 21:00:00","25.0938528","22.23013568","0.37329746","0.67359775","1.8487982","1.81939164","166.61680603","2.05625892","13.12493992","76.89646912","1007.20202637","0","20.24234962","0","10.58485985"
"2013-04-09 22:00:00","21.6996704","18.88784114","0.36512265","0.57996154","1.49603141","1.66957229","177.08700562","1.43013704","12.83055019","82.16651917","1007.26000977","0","20.24234962","0","10.58485985"
"2013-04-09 23:00:00","16.08118957","13.2330323","0.32329566","0.49886393","1.45426729","1.61127683","170.25660706","1.91348302","12.5776701","83.97264862","1007.33300781","0","20.24234962","0","10.58485985"
"2013-04-10 00:00:00","10.67799229","8.14370321","0.29945044","0.33531812","0.97128382","1.53899457","174.7427063","1.80157602","12.24386024","87.84690094","1007.47601318","0","20.24234962","0","10.58485985"
"2013-04-10 01:00:00","8.51463886","5.88567136","0.29311051","0.25370997","0.77765007","1.80516076","196.16740417","1.56737602","12.20030975","92.0710907","1007.10900879","0","22.39208984","0","9.37159157"
"2013-04-10 02:00:00","","","0.25295878","0.15509962","0.57156519","1.65874124","199.5749054","1.105685","11.84729958","95.2092514","1006.58502197","0","22.39208984","0","9.37159157"
"2013-04-10 03:00:00","15.43270226","13.19282677","0.29339011","0.16201013","0.62888941","","166.39500427","0.94151998","11.59611988","95.69766998","1006.32202148","0","22.39208984","0","9.37159157"
"2013-04-10 04:00:00","16.66871849","14.01770181","","0.27235667","0.90526933","1.89989228","165.32620239","0.726794","11.30714989","96.06259918","1006.31799316","0","22.39208984","0","9.37159157"
"2013-04-10 05:00:00","31.76549","27.20793208","0.26857677","0.26029098","1.24649622","2.09471897","147.2808075","1.41098106","10.84377956","96.94593048","1006.53601074","7.16117191","22.39208984","0","9.37159157"
"2013-04-10 06:00:00","48.374556","38.2659076","0.29271208","0.32873711","1.57514282","1.49389469","157.1999054","1.44133794","12.02068996","88.72480011","1006.94500732","104.15019989","22.39208984","0","9.37159157"
"2013-04-10 07:00:00","69.04702352","47.74938936","0.41744397","0.51345279","2.10507508","1.85620908","160.93580627","1.90265203","14.4723196","75.29940033","1007.19702148","376.66360474","22.39208984","0","9.37159157"
"2013-04-10 08:00:00","42.4331116","29.9640036","0.33335194","0.85107442","3.61705712","2.20535942","197.08880615","1.62861204","16.31562996","64.47753143","1007.43701172","526.38781738","22.39208984","0","9.37159157"
"2013-04-10 09:00:00","33.03392992","23.780022","0.31744969","0.70738249","2.39429462","2.30073774","189.69050598","1.90932","18.04211998","53.33285141","1007.375","733.21221924","22.39208984","0","9.37159157"
"2013-04-10 10:00:00","30.57616864","21.39229728","0.26918024","0.51707229","1.9382881","2.09039468","199.15960693","2.4140029","18.58377075","51.0201416","1007.23400879","825.60742188","22.39208984","0","9.37159157"
"2013-04-10 11:00:00","31.31284312","21.94480792","0.27668983","0.37952304","1.87901734","1.7375567","198.71940613","2.40362811","19.44985962","45.26292038","1007.00201416","929.49530029","22.39208984","0","9.37159157"
"2013-04-10 12:00:00","35.0014544","24.25731456","0.35294957","0.42343812","2.0678722","2.04855632","214.13920593","1.73242104","20.31664085","37.45312119","1006.89001465","920.78027344","22.39208984","0","9.37159157"
"2013-04-10 13:00:00","23.6153032","16.85159173","0.23910111","0.42219128","2.11934156","1.99279014","198.20210266","2.83842707","19.74331093","37.80952072","1006.56500244","819.01300049","22.39208984","0","9.37159157"
"2013-04-10 14:00:00","21.69837024","15.98261832","0.25845758","0.22879958","1.34836403","2.18850773","194.22720337","2.49632692","19.52046967","35.76353073","1006.1630249","144.19000244","22.39208984","0","9.37159157"
"2013-04-10 15:00:00","22.825456","17.24327831","0.19733935","0.25239398","1.53571577","1.99056698","194.46330261","2.67051792","19.32003021","37.13187027","1005.97399902","52.23239136","22.39208984","0","9.37159157"
"2013-04-10 16:00:00","25.38178088","19.60895576","0.2309496","0.23210076","1.31147337","2.11271478","181.49349976","2.41651011","18.73110962","41.33367157","1006.05603027","41.90578079","22.39208984","0","9.37159157"
"2013-04-10 17:00:00","29.16375512","24.24563224","0.29636668","0.35758534","1.85943398","2.19365985","171.06030273","2.26925111","17.81657982","48.04238129","1006.18701172","24.32641029","22.39208984","0","9.37159157"
"2013-04-10 18:00:00","49.94904976","42.5498392","0.33544078","0.57081973","2.32750213","2.05707573","188.08470154","1.31254196","16.72546959","54.1247406","1006.63800049","2.06857991","22.39208984","0","9.37159157"
"2013-04-10 19:00:00","45.2968096","40.26067808","0.382586","0.76507791","3.14820995","2.04830004","156.7671051","2.23373008","15.41602039","63.17615128","1006.88000488","0","22.39208984","0","9.37159157"
"2013-04-10 20:00:00","36.21542144","32.40880152","0.28893748","0.86752744","3.04004488","1.83693998","156.24920654","2.08095789","14.02272034","78.63993073","1007.26000977","0","22.39208984","0","9.37159157"
"2013-04-10 21:00:00","29.810948","26.98355888","0.2701437","0.65045388","2.23165802","1.82982098","159.20860291","1.95014","13.64393997","88.09712982","1007.57000732","0","22.39208984","0","9.37159157"
"2013-04-10 22:00:00","18.83077558","16.0176366","0.25757451","0.56643239","1.78135686","1.80730867","165.8874054","2.21442294","13.57977009","90.3111496","1007.69702148","0","22.39208984","0","9.37159157"
"2013-04-10 23:00:00","19.99026592","17.29515852","0.26468218","0.42427613","1.12302734","1.51945495","155.25450134","1.45872402","13.51200008","87.76862335","1007.70300293","0","22.39208984","0","9.37159157"
"2013-04-11 00:00:00","14.33156999","11.84267562","0.2447234","0.35346852","1.08095099","1.59073547","159.27490234","1.10693705","13.15065002","88.35334015","1007.66101074","0","22.39208984","0","9.37159157"
"2013-04-11 01:00:00","11.69352432","9.1644225","0.22845883","0.33433061","1.09047317","1.87547513","164.48840332","1.46582901","12.80646992","89.48825073","1007.42901611","0","23.60330963","0","15.3428297"
"2013-04-11 02:00:00","9.56907818","7.01014724","0.18689629","0.27093083","1.02368067","1.94332021","196.98590088","0.87006599","12.60568047","92.60398102","1007.375","0","23.60330963","0","15.3428297"
"2013-04-11 03:00:00","10.47436811","8.10609226","0.20018778","0.176599","0.77855723","1.83414425","199.68080139","0.86286098","12.26379967","91.99478149","1007.48101807","0","23.60330963","0","15.3428297"
"2013-04-11 04:00:00","18.89173206","16.11231693","0.34041999","0.20062054","1.02121648","1.83070984","200.34840393","0.630068","11.85931015","95.09902954","1007.63702393","0","23.60330963","0","15.3428297"
"2013-04-11 05:00:00","36.80684128","32.57352032","0.34897342","0.37436685","1.64336216","1.51563917","205.11289978","0.33203399","11.34974957","98.43447113","1008.09399414","6.55779409","23.60330963","0","15.3428297"
"2013-04-11 06:00:00","67.02894576","52.23174832","0.37824871","0.70705298","2.85821341","1.61095444","280.5617981","0.39958099","12.55033016","87.09896088","1008.56201172","108.68939972","23.60330963","0","15.3428297"
"2013-04-11 07:00:00","78.67055928","51.33295536","0.45262231","0.92149455","3.10891307","2.37259083","295.43099976","0.943048","15.20308971","66.68862915","1008.80200195","358.74429321","23.60330963","0","15.3428297"
"2013-04-11 08:00:00","15.98132198","11.59884399","0.19480664","1.00222502","3.95192877","1.96748312","331.16751099","2.23883796","16.23233032","58.52529144","1008.96600342","556.23620605","23.60330963","0","15.3428297"
"2013-04-11 09:00:00","14.24596975","10.046365","0.20721622","0.38171671","1.07906039","2.42975538","335.17340088","1.73476398","17.60289955","53.13383102","1009.16400146","722.47241211","23.60330963","0","15.3428297"
"2013-04-11 10:00:00","15.9722419","11.82062643","0.19954586","0.29901122","0.94690124","2.88770336","342.8302002","1.68472302","18.20194054","50.77330017","1009.12701416","817.72583008","23.60330963","0","15.3428297"
"2013-04-11 11:00:00","19.26785496","13.97749627","0.18191592","0.2658855","0.84729626","4.64656011","336.62741089","1.78373206","18.83740044","50.73279953","1009.07501221","911.26062012","23.60330963","0","15.3428297"
"2013-04-11 12:00:00","15.32505284","10.82325266","0.21215466","0.26785949","0.81694695","3.60590876","44.12298965","2.06838894","19.14163017","52.89608002","1009.00701904","901.64312744","23.60330963","0","15.3428297"
"2013-04-11 13:00:00","10.84789643","7.64826003","0.17268213","0.24811546","0.99203468","2.75131146","57.44179153","1.99785495","19.17893982","54.29751968","1008.75701904","790.64611816","23.60330963","0","15.3428297"
"2013-04-11 14:00:00","9.94779566","7.18912956","0.17464748","0.17067599","0.50049214","2.36108144","44.63088989","1.92675304","18.47286034","60.15261078","1008.24200439","154.95210266","23.60330963","0","15.3428297"
"2013-04-11 15:00:00","13.43017289","10.22016006","0.20316202","0.17330799","0.49478576","2.06744099","84.90631104","1.75174999","18.47101974","62.29745102","1008.07702637","67.38298035","23.60330963","0","15.3428297"
"2013-04-11 16:00:00","15.38730756","12.2992115","0.23243498","0.23232043","0.9248537","2.08530968","92.01988983","1.60607195","18.56612968","63.91616058","1008.00701904","51.3207016","23.60330963","0","15.3428297"
"2013-04-11 17:00:00","17.61291571","14.41198298","0.28034327","0.33378245","1.16271373","2.13166353","73.1905899","1.43963504","18.42708015","65.24861145","1008.14001465","30.15159988","23.60330963","0","15.3428297"
"2013-04-11 18:00:00","48.876456","42.30990232","0.37917255","0.4984256","1.80288675","1.7057002","198.3125","0.71489602","16.96499062","57.04124069","1008.66400146","2.17338204","23.60330963","0","15.3428297"
"2013-04-11 19:00:00","51.87120248","46.95436064","0.42210164","0.79798498","3.59708425","1.83795698","199.01010132","0.86006302","15.65804958","62.61898041","1009.33300781","0","23.60330963","0","15.3428297"
"2013-04-11 20:00:00","56.18752336","51.45356432","0.36917336","1.03381508","3.87865189","1.54508132","195.89100647","0.92345899","15.33726025","61.56267166","1009.49102783","0","23.60330963","0","15.3428297"
"2013-04-11 21:00:00","50.58199824","47.08535176","0.39676172","0.96646629","3.27660823","1.85538022","200.53860474","0.72794598","14.88502026","63.1153717","1009.59802246","0","23.60330963","0","15.3428297"
"2013-04-11 22:00:00","42.31508384","39.11672848","0.32648543","0.99772785","2.96806467","1.70340991","201.24920654","1.05693495","14.66075993","61.09109116","1009.35302734","0","23.60330963","0","15.3428297"
"2013-04-11 23:00:00","29.2662192","26.32338352","0.26532409","0.79941082","2.59194959","2.07017571","204.77600098","1.19267404","14.16265965","63.30918121","1009.17199707","0","23.60330963","0","15.3428297"
"2013-04-12 00:00:00","24.94341664","22.20030848","0.26472179","0.60350712","1.7844699","1.55519132","203.32870483","0.96857297","13.52591038","67.08995056","1009.13201904","0","23.60330963","0","15.3428297"
"2013-04-12 01:00:00","15.79326149","13.31863254","0.21597003","0.45882769","1.55037074","1.86523699","205.41110229","1.12430596","13.17696953","70.65132141","1008.76202393","0","20.74114037","0","9.15737343"
"2013-04-12 02:00:00","","","0.16672548","0.3008764","1.06129238","1.97104567","198.9947052","1.10672295","13.09035015","75.00359344","1008.34100342","0","20.74114037","0","9.15737343"
"2013-04-12 03:00:00","19.11610908","16.52864537","0.16146201","0.17615966","0.90358314","","188.08740234","0.93583399","13.15330029","79.53491974","1008.46002197","0","20.74114037","0","9.15737343"
"2013-04-12 04:00:00","14.55724335","11.96848139","","0.08138848","0.68790083","2.81372882","163.89610291","1.41852498","13.4875803","77.55799103","1008.47601318","0","20.74114037","0","9.15737343"
"2013-04-12 05:00:00","23.6749576","20.3741764","0.29641212","0.05177344","0.66520445","2.56005545","154.23530579","1.67288995","13.29601955","77.6072998","1008.45599365","6.54761887","20.74114037","0","9.15737343"
"2013-04-12 06:00:00","47.46666192","39.12062896","0.3558143","0.18581302","1.13962783","2.80563146","157.63380432","1.58009601","13.55467033","78.08621979","1008.85101318","92.49082947","20.74114037","0","9.15737343"
"2013-04-12 07:00:00","69.24547","48.58854704","0.48438603","0.5550247","2.68532951","3.13930204","155.52110291","2.12996197","14.78958035","73.32099152","1009.10101318","290.07830811","20.74114037","0","9.15737343"
"2013-04-12 08:00:00","47.57560768","33.36852992","0.38368227","0.9357539","4.76654171","4.51079366","157.94110107","2.81867099","17.97293091","55.9727211","1009.12902832","575.2208252","20.74114037","0","9.15737343"
"2013-04-12 09:00:00","33.20511128","23.89414928","0.33727682","0.51608479","2.22387593","3.25399523","158.72920227","2.93544412","19.2721405","51.82118988","1009.22399902","733.99151611","20.74114037","0","9.15737343"
"2013-04-12 10:00:00","28.35834424","20.71657736","0.34070542","0.50555477","1.89341399","3.5130648","154.50520325","2.83909106","20.68091011","47.37593079","1008.91400146","793.97930908","20.74114037","0","9.15737343"
"2013-04-12 11:00:00","32.10269032","22.85008256","0.3662993","0.42592062","1.95735278","3.55527843","159.63720703","3.17989302","21.22826004","44.42137146","1008.77001953","885.934021","20.74114037","0","9.15737343"
"2013-04-12 12:00:00","33.18566624","23.53618464","0.37969564","0.52189898","2.23477004","2.97429888","157.9125061","3.33512306","21.55603027","42.20111084","1008.70202637","863.76470947","20.74114037","0","9.15737343"
"2013-04-12 13:00:00","24.05108624","17.35741133","0.308612","0.38566572","1.8415358","3.82552889","157.0769043","3.5847559","21.41213989","43.23572159","1008.45001221","733.13067627","20.74114037","0","9.15737343"
"2013-04-12 14:00:00","19.5985736","14.59485622","0.27544212","0.19765904","1.21731544","3.29042621","175.15440369","3.32483101","20.68185997","46.27349091","1008.35400391","293.84100342","20.74114037","0","9.15737343"
"2013-04-12 15:00:00","20.84756848","15.83995062","0.29342273","0.18712902","1.07893022","3.66669383","174.36540222","3.178684","20.16637993","46.40951157","1008.20202637","146.33070374","20.74114037","0","9.15737343"
"2013-04-12 16:00:00","25.55040016","19.75681072","0.30398695","0.2478968","1.44557804","3.71257172","162.11720276","3.59703708","19.72525978","48.66876984","1008.0380249","44.75680161","20.74114037","0","9.15737343"
"2013-04-12 17:00:00","32.01320872","25.79941904","0.34361559","0.24756729","1.4829294","3.08224427","161.48510742","3.40551305","18.58031082","53.82884979","1008.13500977","25.52503014","20.74114037","0","9.15737343"
"2013-04-12 18:00:00","34.13505072","28.46468968","0.347403","0.38544605","1.9694144","2.74587661","164.77740479","3.59389901","17.24316978","62.16965103","1008.44500732","4.59503508","20.74114037","0","9.15737343"
"2013-04-12 19:00:00","25.96931936","21.58554312","0.32192795","0.4140746","2.14294613","2.34165776","158.51660156","3.6912961","15.61367989","74.28684998","1008.77600098","0","20.74114037","0","9.15737343"
"2013-04-12 20:00:00","21.36505128","17.64404307","0.27488408","0.29528188","1.80612895","2.42358117","159.19000244","3.56147695","14.69521999","87.03852081","1009.09002686","0","20.74114037","0","9.15737343"
"2013-04-12 21:00:00","17.33406581","14.16944769","0.27699739","0.16102263","1.2506466","2.16431635","163.26130676","3.40795708","14.36758995","88.50839996","1009.04602051","0","20.74114037","0","9.15737343"
"2013-04-12 22:00:00","14.63895267","11.86861572","0.2857279","0.13996259","0.92174066","2.72081773","167.915802","3.033705","14.23672962","89.60900116","1009.23602295","0","20.74114037","0","9.15737343"
"2013-04-12 23:00:00","13.77905935","10.99704773","0.26854532","0.10058435","0.81214874","2.60419732","159.87150574","2.98257303","14.00494957","93.23130035","1009.44299316","0","20.74114037","0","9.15737343"
"2013-04-13 00:00:00","11.86861572","9.26688466","0.26392027","","","2.56603033","163.22810364","3.0569849","13.80809975","95.44261169","1009.73699951","0","20.74114037","0","9.15737343"
"2013-04-13 01:00:00","8.79219051","6.18267762","0.25044588","","","2.22754324","159.22579956","2.60567093","13.63234043","98.02571106","1009.93200684","0","31.49599075","0","16.30891037"
"2013-04-13 02:00:00","7.40183382","5.02058887","0.24869139","","","2.3576572","163.52810669","2.70996809","13.71074963","99.21645355","1010.0960083","0","31.49599075","0","16.30891037"
"2013-04-13 03:00:00","6.37852186","3.7638198","0.25327683","","","2.6292562","164.25880432","2.95495796","14.00053978","99.21279144","1010.00500488","0","31.49599075","0","16.30891037"
"2013-04-13 04:00:00","7.7675803","5.1866021","0.25255919","","","2.48603514","163.39370728","2.30567288","13.81040001","99.21591187","1010.03100586","0","31.49599075","0","16.30891037"
"2013-04-13 05:00:00","14.85425152","11.75318446","0.29087138","","","2.40122141","164.26420593","2.06889892","13.70444965","99.21794128","1010.23101807","8.83597946","31.49599075","0","16.30891037"
"2013-04-13 06:00:00","26.14700152","20.3171032","0.3171829","","","2.0611895","161.64570618","1.97362995","14.20823956","98.38922119","1010.80200195","119.22260284","31.49599075","0","16.30891037"
"2013-04-13 07:00:00","39.39949416","27.90569736","0.38862536","","","2.42435308","159.86880493","2.163589","16.06579971","85.31806183","1011.31500244","373.95401001","31.49599075","0","16.30891037"
"2013-04-13 08:00:00","30.45295936","21.86568936","0.34835947","","","3.20021526","147.92280579","1.64844596","18.49835968","70.20906067","1011.76800537","567.902771","31.49599075","0","16.30891037"
"2013-04-13 09:00:00","24.26637744","17.2653275","0.31359587","","","2.68785574","168.08940125","1.41905999","20.39302063","57.16259003","1012.07501221","729.51672363","31.49599075","0","16.30891037"
"2013-04-13 10:00:00","17.87360926","13.18504493","0.29852543","","","2.07641907","195.69200134","1.01812196","21.6830101","51.37247086","1012.22399902","819.22351074","31.49599075","0","16.30891037"
"2013-04-13 11:00:00","16.84899906","12.25122222","0.31164216","","","2.90818066","888","0.88977098","22.84045029","44.30064011","1012.04400635","831.39691162","31.49599075","0","16.30891037"
"2013-04-13 12:00:00","16.43007603","11.59624941","0.30147521","","","2.58472889","313.46859741","1.17042696","23.45577049","42.6816597","1012.05603027","847.04711914","31.49599075","0","16.30891037"
"2013-04-13 13:00:00","14.89056614","10.26166385","0.27460565","","","2.7005774","139.93400574","2.340096","22.99666977","51.71781158","1011.8380127","749.70892334","31.49599075","0","16.30891037"
"2013-04-13 14:00:00","12.05797255","8.50166785","0.26435947","","","2.42319471","125.62619781","2.51815104","22.3290596","55.61788177","1011.57800293","276.4335022","31.49599075","0","16.30891037"
"2013-04-13 15:00:00","11.74540262","8.47962058","0.27767542","","","2.37365563","66.03835297","1.980497","21.76527977","59.71435165","1011.74200439","202.89880371","31.49599075","0","16.30891037"
"2013-04-13 16:00:00","10.93349667","8.08144849","0.28871846","","","2.33433332","84.36363983","2.19375396","20.43691063","63.24427032","1012.11199951","128.20100403","31.49599075","0","16.30891037"
"2013-04-13 17:00:00","21.64131616","18.19396104","0.32746869","","","2.51822726","252.92160034","0.77533603","19.64285088","58.99782181","1012.62902832","51.43569183","31.49599075","0","16.30891037"
"2013-04-13 18:00:00","28.1261892","24.88116192","0.35473784","","","2.1178608","304.85900879","0.69597101","18.64888954","61.43420029","1012.99401855","3.54090405","31.49599075","0","16.30891037"
"2013-04-13 19:00:00","32.14031848","29.39072864","0.40947537","","","2.30657431","316.99020386","0.45797399","17.77729988","68.29669952","1013.559021","0","31.49599075","0","16.30891037"
"2013-04-13 20:00:00","73.75373656","66.81883608","0.60725742","","","2.4821797","261.20001221","0.18070801","17.1213398","73.83096313","1013.98901367","0","31.49599075","0","16.30891037"
"2013-04-13 21:00:00","58.250992","47.50168976","0.43953586","","","2.46097525","329.58010864","1.09448695","16.02013969","82.8350296","1014.50500488","0","31.49599075","0","16.30891037"
"2013-04-13 22:00:00","14.51833415","11.92438494","0.29051256","","","2.44748169","327.4631958","1.30781603","14.20512962","96.92877197","1015.17901611","0","31.49599075","0","16.30891037"
"2013-04-13 23:00:00","17.25495107","14.64673451","0.32116953","","","1.96808721","326.87271118","1.22939599","13.57773018","99.21855164","1015.41900635","0","31.49599075","0","16.30891037"
"2013-04-14 00:00:00","14.33156999","11.72465168","0.31176099","","","2.10051485","337.11889648","1.45467103","13.33862019","99.14434052","1015.5670166","0","31.49599075","0","16.30891037"
"2013-04-14 01:00:00","10.65335043","8.19947434","0.25766189","","","2.19535315","341.34420776","1.489622","13.52252007","99.21923065","1015.66900635","0","19.16184998","0","9.25424004"
"2013-04-14 02:00:00","","","0.26093088","","","2.17202724","334.67059326","2.58396292","14.05066967","99.20587158","1015.54699707","0","19.16184998","0","9.25424004"
"2013-04-14 03:00:00","16.85418631","14.22651515","0.2594956","","","","338.60839844","2.37774611","14.10019016","99.20545959","1015.59002686","0","19.16184998","0","9.25424004"
"2013-04-14 04:00:00","12.12282186","9.59242561","","","","2.25790679","340.82211304","3.04595804","14.03221989","99.20539093","1015.77600098","0","19.16184998","0","9.25424004"
"2013-04-14 05:00:00","9.7999407","7.3201245","0.21415729","","","2.55324257","337.13180542","2.88605809","13.88156033","99.20999908","1016.31500244","4.57061481","19.16184998","0","9.25424004"
"2013-04-14 06:00:00","9.7156368","7.1450331","0.23105678","","","2.50545781","333.79620361","3.32426596","14.05669975","99.20770264","1016.68200684","37.59461975","19.16184998","0","9.25424004"
"2013-04-14 07:00:00","9.89332278","7.06851104","0.19516197","","","2.97428261","331.26651001","3.3322289","14.81210041","95.44496918","1016.89300537","257.09179688","19.16184998","0","9.25424004"
"2013-04-14 08:00:00","8.89724535","5.84546391","0.1978636","","","2.94058634","328.10470581","3.69661403","16.47163963","72.70368958","1017.10601807","572.76342773","19.16184998","0","9.25424004"
"2013-04-14 09:00:00","9.00748936","5.8804841","0.2068574","","","3.22268384","337.52560425","3.90878391","17.11129951","66.28237915","1017.42102051","733.74951172","19.16184998","0","9.25424004"
"2013-04-14 10:00:00","8.77662683","5.67037251","0.18334537","","","3.2331447","335.09500122","4.80075788","17.22039032","65.38169098","1017.59301758","853.60290527","19.16184998","0","9.25424004"
"2013-04-14 11:00:00","7.79481674","4.98038334","0.1642685","","","2.84890583","335.29550171","4.49895477","17.75226974","64.1649704","1017.45202637","953.0880127","19.16184998","0","9.25424004"
"2013-04-14 12:00:00","8.22541253","5.32408063","0.15449415","","","2.92528965","333.08370972","4.43527079","18.03491974","61.78414154","1016.97302246","935.5748291","19.16184998","0","9.25424004"
"2013-04-14 13:00:00","7.23841518","4.40452526","0.17576239","","","2.62583501","331.8598938","4.28978395","18.42097092","59.76733017","1016.57501221","828.92449951","19.16184998","0","9.25424004"
"2013-04-14 14:00:00","6.92325066","4.30465959","0.18560314","","","2.64113171","330.1835022","3.79799891","18.31472969","58.80511093","1016.13201904","125.38549805","19.16184998","0","9.25424004"
"2013-04-14 15:00:00","10.02172314","6.8726687","0.19016062","","","3.21928604","333.73910522","3.68650508","18.25951958","57.70756149","1015.74499512","54.15851974","19.16184998","0","9.25424004"
"2013-04-14 16:00:00","17.70889046","13.72847739","0.18027909","","","5.99576418","330.53170776","3.41697693","17.79243088","60.00162125","1015.54602051","40.35612106","19.16184998","0","9.25424004"
"2013-04-14 17:00:00","18.81002274","15.12661592","0.20137258","","","6.22413051","336.01870728","2.93494511","16.88264084","60.2421608","1015.63702393","23.26515961","19.16184998","0","9.25424004"
"2013-04-14 18:00:00","18.9643632","16.21607543","0.22875707","","","4.54571846","334.54910278","2.36333799","15.24853992","70.81893921","1015.84301758","2.89275599","19.16184998","0","9.25424004"
"2013-04-14 19:00:00","17.79967987","15.13050684","0.18770014","","","3.23840564","329.89019775","1.97602904","14.10554981","81.04823303","1015.73602295","0","19.16184998","0","9.25424004"
"2013-04-14 20:00:00","14.89445706","12.02295618","0.2175055","","","2.9234265","332.21090698","2.45650196","13.69692039","84.44715118","1015.70599365","0","19.16184998","0","9.25424004"
"2013-04-14 21:00:00","10.44842801","7.89857525","0.17951369","","","2.74846487","331.86700439","3.2843399","13.63409996","84.85916138","1015.70800781","0","19.16184998","0","9.25424004"
"2013-04-14 22:00:00","10.96981129","8.50685702","0.16785786","","","2.96529436","330.21350098","3.14054704","13.69556046","84.35108948","1015.57202148","0","19.16184998","0","9.25424004"
"2013-04-14 23:00:00","8.61450644","6.04001182","0.15906561","","","2.49339721","333.85641479","2.6344099","13.29594994","85.39334869","1015.52001953","0","19.16184998","0","9.25424004"
"2013-04-15 00:00:00","8.10738859","5.63016698","0.17923059","","","2.38674747","333.21279907","1.90672803","13.01268005","84.5723114","1015.28302002","0","19.16184998","0","9.25424004"
"2013-04-15 01:00:00","7.06332378","4.51866019","0.17721398","","","2.56533572","325.79391479","1.62681699","12.84140015","83.35137177","1014.95001221","0","15.64305973","0","4.80314779"
"2013-04-15 02:00:00","8.1138741","5.71576722","0.18156991","","","2.49996499","332.09750366","1.85695302","12.56307983","84.48921967","1014.9420166","0","15.64305973","0","4.80314779"
"2013-04-15 03:00:00","9.06196224","6.59511514","0.16543816","","","2.59713629","331.27700806","1.55669606","12.44355965","89.20729065","1014.89202881","0","15.64305973","0","4.80314779"
"2013-04-15 04:00:00","9.39658136","6.99717814","0.18213494","","","2.41887653","321.21600342","1.33718705","12.03242016","88.23219299","1014.91101074","0","15.64305973","0","4.80314779"
"2013-04-15 05:00:00","16.25239005","12.98141884","0.20895557","","","2.57268863","309.70651245","1.34774601","11.53668976","88.55786133","1014.98901367","8.84615421","15.64305973","0","4.80314779"
"2013-04-15 06:00:00","21.21979664","16.33798838","0.20693895","","","2.4639815","333.17840576","2.065974","12.7490797","82.07170105","1015.03100586","144.67230225","15.64305973","0","4.80314779"
"2013-04-15 07:00:00","20.71007656","14.77772946","0.24722931","","","2.85972366","329.98480225","2.61877203","15.15892982","69.63056183","1014.87701416","409.81469727","15.64305973","0","4.80314779"
"2013-04-15 08:00:00","14.91780258","10.31224581","0.21202068","","","3.2640971","336.11599731","3.53578496","16.90435028","57.17541122","1014.78399658","607.40631104","15.64305973","0","4.80314779"
"2013-04-15 09:00:00","9.8129098","6.28643612","0.1894756","","","3.12567831","331.22039795","4.14201212","17.77857971","48.98350143","1014.64599609","776.0123291","15.64305973","0","4.80314779"
"2013-04-15 10:00:00","7.91673351","4.75081906","0.18265919","","","4.05799984","334.54949951","4.53628302","18.0240097","46.13470078","1014.40100098","881.35021973","15.64305973","0","4.80314779"
"2013-04-15 11:00:00","7.02182","4.21257385","0.18673319","","","3.12162557","335.77349854","4.58421707","17.94462967","46.52510071","1014.19702148","986.3604126","15.64305973","0","4.80314779"
"2013-04-15 12:00:00","8.13203045","4.65354414","0.19040294","","","2.5584069","336.7684021","4.26294088","17.87335014","44.44565964","1013.95001221","968.76171875","15.64305973","0","4.80314779"
"2013-04-15 13:00:00","5.81304022","2.93245926","0.19706558","","","","335.7354126","3.84460402","17.94227028","39.56267166","1013.66802979","860.33660889","15.64305973","0","4.80314779"
"2013-04-15 14:00:00","4.93758322","2.21652998","0.17701243","","","1.58768141","334.25869751","3.91671896","17.47706985","37.3966217","1013.16101074","130.79260254","15.64305973","0","4.80314779"
"2013-04-15 15:00:00","5.08154726","2.440907","0.17132607","","","1.73216762","331.76071167","4.12838602","17.28339958","35.3409996","1012.84301758","46.76332092","15.64305973","0","4.80314779"
"2013-04-15 16:00:00","5.93365874","3.12700526","0.17144723","","","1.68956753","329.67419434","4.17407084","16.78829002","33.48160172","1012.75701904","37.39926147","15.64305973","0","4.80314779"
"2013-04-15 17:00:00","7.58211439","4.93498863","0.19205608","","","1.81905603","327.87789917","3.69177198","16.22966957","36.94681168","1012.59399414","22.9659996","15.64305973","0","4.80314779"
"2013-04-15 18:00:00","15.29262914","11.91271218","0.21004368","","","2.55818112","332.32391357","2.51526308","15.09727001","41.96533966","1012.51000977","2.80117989","15.64305973","0","4.80314779"
"2013-04-15 19:00:00","20.00062896","17.16027266","0.24513231","","","1.64847462","335.20370483","1.99574006","13.84486008","57.8849411","1012.83300781","0","15.64305973","0","4.80314779"
"2013-04-15 20:00:00","16.66482757","14.00084179","0.21419807","","","1.56788856","325.02880859","1.45452595","12.95543003","74.34757996","1013.1920166","0","15.64305973","0","4.80314779"
"2013-04-15 21:00:00","13.09944278","10.62222307","0.19415308","","","1.64785425","333.51589966","1.85717595","12.47136974","75.22073364","1013.34802246","0","15.64305973","0","4.80314779"
"2013-04-15 22:00:00","12.7272127","10.1241834","0.15886406","","","1.82092019","334.65280151","1.72595096","12.15505981","72.99259186","1013.5880127","0","15.64305973","0","4.80314779"
"2013-04-15 23:00:00","13.67530085","11.01520599","0.19209685","","","1.63134631","333.75390625","1.68517399","11.73991966","75.24488068","1013.7210083","0","15.64305973","0","4.80314779"
"2013-04-16 00:00:00","13.18504493","10.60276847","0.20589045","","","1.69853238","323.52279663","1.06230402","11.42028999","77.85665131","1013.62200928","0","15.64305973","0","4.80314779"
"2013-04-16 01:00:00","12.98920068","10.39914238","0.19012101","","","1.31104216","323.29840088","0.91988701","11.1908102","78.82736206","1013.25201416","0","20.43494034","0","7.99158907"
"2013-04-16 02:00:00","","","0.18290151","","","1.61297522","323.60150146","0.94351298","10.80171967","80.37593079","1013.02001953","0","20.43494034","0","7.99158907"
"2013-04-16 03:00:00","13.11500646","10.78175079","0.1732623","","","","330.58270264","0.76902801","10.41431999","86.43264008","1012.94299316","0","20.43494034","0","7.99158907"
"2013-04-16 04:00:00","15.55332078","13.03718997","","","","2.76068311","310.35189819","0.39049199","10.17535019","91.30564117","1012.80700684","0","20.43494034","0","7.99158907"
"2013-04-16 05:00:00","28.14175288","24.94599784","0.27283019","","","2.85578278","321.00610352","0.619367","10.19373035","92.89852142","1013.01000977","10.10886955","20.43494034","0","7.99158907"
"2013-04-16 06:00:00","35.78742024","28.13137072","0.30588124","","","3.42949181","330.4776001","0.774454","11.66985035","83.88095093","1013.35101318","150.07110596","20.43494034","0","7.99158907"
"2013-04-16 07:00:00","24.49465112","17.72704873","0.28955027","","","3.9796105","330.32501221","1.6868","14.71800995","70.4318924","1013.49902344","411.7947998","20.43494034","0","7.99158907"
"2013-04-16 08:00:00","16.04487304","11.50546191","0.25552411","","","4.85760389","336.96951294","2.22715998","16.48839951","57.40414047","1013.72601318","608.51550293","20.43494034","0","7.99158907"
"2013-04-16 09:00:00","10.67021045","6.94659618","0.23779048","","","4.11357991","333.88760376","2.455127","17.21998024","49.47842026","1013.875","780.15771484","20.43494034","0","7.99158907"
"2013-04-16 10:00:00","9.4238178","6.0101808","0.24472806","","","4.03954841","336.23410034","2.68176889","17.64093971","45.52529144","1013.7800293","895.23181152","20.43494034","0","7.99158907"
"2013-04-16 11:00:00","11.22661201","5.26831142","0.21054696","","","3.77576403","332.43029785","2.66883302","17.88006973","43.03160095","1013.7210083","991.37670898","20.43494034","0","7.99158907"
"2013-04-16 12:00:00","10.63908309","6.19045946","0.2018945","0.10080402","0.2282626","3.55337258","333.95431519","2.98364091","17.80875969","42.09605026","1013.46899414","975.33172607","20.43494034","0","7.99158907"
"2013-04-16 13:00:00","6.36555086","3.75344529","0.21448349","0.25612331","0.60256131","3.71983208","334.73480225","3.34554291","17.70742989","41.17208099","1013.06500244","873.19482422","20.43494034","0","7.99158907"
"2013-04-16 14:00:00","5.62887064","3.26967296","0.21409322","0.19908487","0.44991063","3.51583612","336.77209473","3.30456591","17.37150955","37.68064117","1012.6550293","151.30630493","20.43494034","0","7.99158907"
"2013-04-16 15:00:00","5.71317263","3.21001282","0.21682165","0.14807927","0.29894613","3.69475897","335.13171387","3.78575993","16.69115067","41.6649704","1012.44000244","48.61925125","20.43494034","0","7.99158907"
"2013-04-16 16:00:00","6.05298092","3.65098312","0.19920452","0.15729329","0.40438869","3.63986639","336.6723938","3.470227","16.1722908","43.99654007","1012.41101074","39.05677032","20.43494034","0","7.99158907"
"2013-04-16 17:00:00","6.6975773","4.49920559","0.22208279","0.21495922","0.49404538","3.31540271","331.31570435","3.19593906","15.57509041","44.41194153","1012.22302246","23.16950989","20.43494034","0.80000001","7.99158907"
"2013-04-16 18:00:00","9.59501828","7.44722853","0.24075308","0.26171681","0.77440787","3.25442644","333.17581177","2.42482495","14.44451046","49.83034134","1012.28399658","2.92836809","20.43494034","0","7.99158907"
"2013-04-16 19:00:00","12.78687284","10.56515561","0.25361468","0.68818661","0.96103856","3.04301248","329.07910156","2.35006094","13.31474018","69.12081146","1012.61999512","0","20.43494034","0","7.99158907"
"2013-04-16 20:00:00","10.0593341","8.12165594","0.22968325","0.84942891","0.98723648","3.20116514","336.10339355","1.99785101","13.00772953","78.34751129","1012.9420166","0","20.43494034","0","7.99158907"
"2013-04-16 21:00:00","6.72740833","4.6263077","0.19004529","0.38566572","0.54886778","3.19003916","334.37359619","2.52046108","13.38284969","80.24520111","1013.05401611","0","20.43494034","0","7.99158907"
"2013-04-16 22:00:00","8.34084379","6.06465368","0.20996213","0.10453336","0.24356642","2.8578595","333.73379517","2.40398908","13.11233044","79.12006378","1013.15301514","0","20.43494034","0","7.99158907"
"2013-04-16 23:00:00","9.27077558","7.07499654","0.21735172","0.43096697","0.32073536","2.920764","331.74920654","1.82687795","12.55208969","85.31513977","1013.16400146","0","20.43494034","0","7.99158907"
"2013-04-17 00:00:00","11.26811579","9.10994962","0.21842003","0.16924914","0.3589949","2.97595455","330.29800415","1.30286503","11.76583958","89.78353119","1013.17102051","0","20.43494034","0","7.99158907"
"2013-04-17 01:00:00","9.07752592","6.92843792","0.20396005","0.15663529","0.57286186","2.99108548","330.73980713","1.693205","11.71590996","84.56342316","1013","0","22.00555992","0","8.88156319"
"2013-04-17 02:00:00","9.42900697","7.24490069","0.21530132","0.12614156","0.82278351","3.12609325","329.14910889","1.59960604","11.76196957","84.07508087","1012.99499512","0","22.00555992","0","8.88156319"
"2013-04-17 03:00:00","9.74416958","7.68068373","0.21241795","0.15071228","0.5569092","2.8793721","332.57800293","1.38602698","11.68443966","83.20513153","1012.90802002","0","22.00555992","0","8.88156319"
"2013-04-17 04:00:00","10.54051375","8.29674734","0.22153757","0.20138837","0.79347255","3.04909618","315.80050659","1.299196","11.33292007","74.87505341","1012.95300293","0","22.00555992","0","8.88156319"
"2013-04-17 05:00:00","14.05790734","11.52232384","0.24231185","0.18032834","0.67091083","2.73516557","332.59020996","1.51674795","11.34920025","77.76421356","1013.23400879","11.23320961","22.00555992","0","8.88156319"
"2013-04-17 06:00:00","21.47789752","17.45338799","0.27668867","0.25327063","0.85741236","2.86216242","334.08770752","1.67318201","12.6317997","73.43244171","1013.41400146","152.57530212","22.00555992","0","8.88156319"
"2013-04-17 07:00:00","23.54786696","17.3236913","0.2722838","0.51060112","1.46749642","3.63615841","333.50109863","2.5895679","14.95637989","61.95291138","1013.42901611","400.52389526","22.00555992","0","8.88156319"
"2013-04-17 08:00:00","11.36927971","7.91543718","0.22523994","0.59637694","1.64478902","3.71730789","336.0296936","3.26398802","16.44742966","55.69488144","1013.55999756","596.88031006","22.00555992","0","8.88156319"
"2013-04-17 09:00:00","9.80512796","6.46541844","0.2371276","0.38248455","0.71695246","3.73244187","342.01559448","2.34663606","17.79182053","42.04964066","1013.72900391","765.7611084","22.00555992","0","8.88156319"
"2013-04-17 10:00:00","9.87905544","6.4057583","0.2276177","0.36855368","0.88568496","3.14300901","347.07620239","2.56057596","18.38685036","36.50814056","1013.86401367","874.02001953","22.00555992","0","8.88156319"
"2013-04-17 11:00:00","10.59498663","7.13725126","0.24398712","0.38456838","1.03898449","2.97951405","351.2868042","2.7592659","18.80653954","36.57563019","1014.00799561","964.05371094","22.00555992","0","8.88156319"
"2013-04-17 12:00:00","12.04889438","8.11906135","0.26682694","0.33740195","0.90111895","2.78412395","347.02960205","2.57921696","19.30809975","33.4382019","1013.875","942.8682251","22.00555992","0","8.88156319"
"2013-04-17 13:00:00","7.45111945","4.75081906","0.21039085","0.3813872","0.94755009","2.6921424","329.53530884","2.44611692","19.11075974","33.49890137","1013.70501709","838.03320313","22.00555992","0","8.88156319"
"2013-04-17 14:00:00","7.29288806","4.74692622","0.24094763","0.24515395","0.40062681","3.4621314","333.38140869","3.06321597","18.26914978","39.81290054","1013.40899658","155.46800232","22.00555992","0","8.88156319"
"2013-04-17 15:00:00","11.61829859","6.94011068","0.2221224","0.27284585","0.5766451","3.67131915","339.13800049","3.8960731","17.66768074","45.23693085","1013.25","61.92409134","22.00555992","0","8.88156319"
"2013-04-17 16:00:00","11.13971543","8.16056514","0.20014001","0.15608713","0.32164252","4.56889793","343.1072998","3.24108696","17.49090958","44.02360153","1013.08502197","47.03092957","22.00555992","0","8.88156319"
"2013-04-17 17:00:00","12.3640589","9.66116392","0.22917647","0.26577566","0.48843052","3.80380272","339.4125061","2.22024608","16.9490509","47.213871","1012.80700684","27.67501068","22.00555992","0","8.88156319"
"2013-04-17 18:00:00","16.75172414","14.22132598","0.24394867","0.44138715","0.92874372","3.08618515","335.42810059","1.43242896","15.44145966","61.35625076","1013.08300781","3.65079403","22.00555992","0","8.88156319"
"2013-04-17 19:00:00","15.20962158","12.8050311","0.24012864","0.75032531","1.63110223","3.19345017","329.21340942","1.83512795","14.02632046","67.31929016","1013.60699463","0","22.00555992","0","8.88156319"
"2013-04-17 20:00:00","14.22651515","11.97626323","0.20423266","0.35901117","1.20434564","2.85385455","335.25689697","1.30731905","13.1177597","86.04244995","1013.7210083","0","22.00555992","0","8.88156319"
"2013-04-17 21:00:00","15.06695578","12.82578204","0.22379883","0.23550161","0.7782979","3.01749595","330.48110962","1.08603501","12.7126503","97.31916046","1013.48199463","0","22.00555992","0","8.88156319"
"2013-04-17 22:00:00","13.60656062","11.34463786","0.23202257","0.28793304","0.92122199","2.49185543","327.52130127","0.88990498","12.40964031","99.23937988","1013.25","0","22.00555992","0","8.88156319"
"2013-04-17 23:00:00","10.67928862","8.59764451","0.20240011","0.21828074","0.87232667","2.48043046","329.78421021","0.85811001","11.96533012","99.24011993","1013.34899902","0","22.00555992","0","8.88156319"
"2013-04-18 00:00:00","11.44061261","9.2746665","0.22496733","0.16541098","0.7718135","2.52790605","330.41110229","0.813703","11.57936001","99.24121094","1013.125","0","22.00555992","0","8.88156319"
"2013-04-18 01:00:00","9.41992688","7.32661001","0.20586948","0.16025479","0.69957396","2.59170144","333.29190063","0.94611102","11.52427959","99.24182129","1012.60601807","0","22.49843979","0","11.71753979"
"2013-04-18 02:00:00","","","0.21128673","0.11818964","0.58547673","2.42316522","328.81390381","1.43813097","11.63749027","97.0109787","1012.5","0","22.49843979","0","11.71753979"
"2013-04-18 03:00:00","14.50666139","12.42761186","0.21448349","0.14303393","0.55729871","","329.62350464","1.71530998","12.11544991","92.96234131","1012.21002197","0","22.49843979","0","11.71753979"
"2013-04-18 04:00:00","16.43785596","14.19668604","","0.44851734","0.97854723","2.50843762","307.58230591","0.85991299","11.84364033","91.68511963","1011.93701172","0","22.49843979","0","11.71753979"
"2013-04-18 05:00:00","19.94615608","17.3236913","0.26806184","0.49272125","0.99475923","2.76737396","318.98120117","0.92250103","11.43257046","82.99137115","1012.184021","12.03907013","22.49843979","0","11.71753979"
"2013-04-18 06:00:00","19.11611099","15.54813162","0.2328602","0.44763967","2.66185512","2.68450574","334.16650391","1.85885799","13.30117989","73.01985931","1012.1920166","156.31140137","22.49843979","0","11.71753979"
"2013-04-18 07:00:00","18.9319395","14.46256494","0.27006564","0.85941077","3.01293878","3.54845233","336.7868042","2.6046989","15.59272957","64.5483017","1011.99700928","393.35360718","22.49843979","0","11.71753979"
"2013-04-18 08:00:00","12.96326249","9.4692125","0.24940087","0.6063232","1.71214391","3.75472739","335.1000061","3.40434408","16.44083977","62.06206131","1012.11199951","594.56652832","22.49843979","0","11.71753979"
"2013-04-18 09:00:00","11.81543918","8.49777884","0.21655603","0.34519014","0.71215425","3.56431244","332.13259888","3.00008893","17.35700035","61.95848083","1012.10400391","758.7434082","22.49843979","0","11.71753979"
"2013-04-18 10:00:00","10.68577413","7.34347002","0.21349091","0.22255825","0.65794103","4.03540312","334.06030273","2.82947111","18.12080956","58.46173096","1011.96801758","857.02990723","22.49843979","0","11.71753979"
"2013-04-18 11:00:00","10.91404207","7.57692522","0.25509656","0.25930347","0.62435054","4.38183806","332.54629517","2.75946307","18.66164017","56.93080139","1011.71600342","952.50201416","22.49843979","0","11.71753979"
"2013-04-18 12:00:00","13.20968678","9.20592628","0.26154017","0.26555599","0.69334789","4.35555065","339.77130127","2.54795694","19.24913979","52.62393188","1011.31201172","941.81420898","22.49843979","0","11.71753979"
"2013-04-18 13:00:00","8.91929454","6.18397586","0.27175489","0.25941331","0.75949255","4.17993","335.82400513","2.4264791","19.73225975","46.01865005","1010.71801758","840.67547607","22.49843979","0","11.71753979"
"2013-04-18 14:00:00","7.75201662","5.40578995","0.24472456","0.19590369","0.48557682","3.8660177","334.71820068","2.42884803","19.67806053","38.32321167","1009.99200439","151.03269958","22.49843979","0","11.71753979"
"2013-04-18 15:00:00","8.3538148","5.95051875","0.25167845","0.19579386","0.52976039","3.42005608","332.97650146","2.45411706","19.08654976","44.801651","1009.69000244","57.51525116","22.49843979","0","11.71753979"
"2013-04-18 16:00:00","8.87130716","6.48487304","0.21620187","0.25250279","0.62422036","4.46256447","335.46231079","2.78250408","18.44890976","41.78110123","1009.51800537","44.97557068","22.49843979","0","11.71753979"
"2013-04-18 17:00:00","11.05022427","8.8336943","0.245236","0.2534903","0.42747358","4.60994303","333.15240479","1.78011501","18.06966019","43.37220001","1009.19299316","27.26292038","22.49843979","0","11.71753979"
"2013-04-18 18:00:00","20.6283768","17.97217669","0.30279282","0.40562842","0.79541807","4.17262388","340.40991211","1.20537496","16.10934067","62.63824081","1009.36602783","3.80850601","22.49843979","0","11.71753979"
"2013-04-18 19:00:00","20.68673104","18.4066653","0.27281621","0.81268368","1.79484533","4.2922902","328.24090576","1.254125","14.87220001","61.00643158","1009.67700195","0","22.49843979","0","11.71753979"
"2013-04-18 20:00:00","18.34959784","16.16808614","0.24735746","0.44555482","1.64206549","3.57821382","334.71789551","0.99694902","13.89587021","65.37342072","1009.91101074","0","22.49843979","0","11.71753979"
"2013-04-18 21:00:00","13.4405474","11.23828477","0.23215305","0.36526369","1.40589063","3.85808815","343.53710938","0.823443","13.63714981","74.76313019","1009.99200439","0","22.49843979","0","11.71753979"
"2013-04-18 22:00:00","12.11374368","9.87386818","0.21698824","0.31897493","0.67480187","3.15390311","335.58401489","0.92594302","13.39268017","90.85511017","1009.9130249","0","22.49843979","0","11.71753979"
"2013-04-18 23:00:00","20.75288624","18.39109971","0.2660196","0.30252089","0.79347255","3.16504028","314.64630127","0.59039903","13.23048973","94.86608124","1009.72802734","0","22.49843979","0","11.71753979"
"2013-04-19 00:00:00","24.99010768","22.71390992","0.24892905","0.34321614","1.16297306","3.33318089","208.84230042","0.416803","12.56647015","97.75646973","1009.29302979","0","22.49843979","0","11.71753979"
"2013-04-19 01:00:00","22.69834624","20.296358","0.31544356","0.43903483","1.51109725","2.91573188","191.94180298","0.33244801","11.82219982","95.62744141","1008.934021","0","34.37973022","0","18.75592995"
"2013-04-19 02:00:00","14.75178935","12.20193659","0.27552716","0.44149699","2.01182533","2.9414813","284.83990479","0.46256","11.72397995","90.48406219","1008.89001465","0","34.37973022","0","18.75592995"
"2013-04-19 03:00:00","17.96828577","15.82568518","0.26550816","0.36274051","1.45608263","3.0795899","288.39440918","0.59943098","11.42613029","89.90476227","1008.39001465","0","34.37973022","0","18.75592995"
"2013-04-19 04:00:00","17.48840627","15.12791226","0.26393658","0.36493418","1.59939522","2.97373749","303.84210205","0.58293003","11.77635002","90.97219086","1008.07501221","0","34.37973022","0","18.75592995"
"2013-04-19 05:00:00","17.50137728","15.12531767","0.2747804","0.36943135","1.4546568","3.25655096","333.22531128","1.04895997","11.81324959","83.26238251","1008.17602539","13.39233971","34.37973022","0","18.75592995"
"2013-04-19 06:00:00","30.5774688","26.2974568","0.33980254","0.43809614","1.31056519","3.41417375","336.05300903","1.223333","12.85787964","77.33393097","1008.32800293","146.65440369","34.37973022","0","18.75592995"
"2013-04-19 07:00:00","29.40499216","23.06279256","0.33410569","0.69454896","1.9148137","4.46114067","334.26031494","1.74534905","15.01010036","76.51885986","1008.46801758","322.33410645","34.37973022","0","18.75592995"
"2013-04-19 08:00:00","16.03968578","11.67147514","0.26260149","0.78811296","1.82999285","5.49768131","45.46916962","2.31702209","17.75008965","61.11029053","1008.60900879","588.90209961","34.37973022","0","18.75592995"
"2013-04-19 09:00:00","12.94380598","8.47962058","0.251993","0.36416634","0.91603427","4.47263481","53.83422089","2.98596811","18.72451973","39.76665115","1008.64300537","766.54650879","34.37973022","0","18.75592995"
"2013-04-19 10:00:00","10.25517834","7.0801838","0.2490071","0.4124291","1.10953886","3.72523439","49.5900116","2.49780989","19.60873032","34.79026031","1008.39001465","868.51940918","34.37973022","0","18.75592995"
"2013-04-19 11:00:00","10.40562789","6.98031813","0.23733846","0.44774951","0.46378861","3.61599435","50.8250618","2.5092051","19.78536987","29.06023026","1008.0960083","970.33782959","34.37973022","0","18.75592995"
"2013-04-19 12:00:00","10.52365182","6.85840136","0.2378499","0.28935887","0.59880045","2.98148703","52.24462128","2.78421092","19.67596054","28.16135979","1007.99401855","957.65161133","34.37973022","0","18.75592995"
"2013-04-19 13:00:00","10.63152495","3.98805151","0.21171196","0.27476798","0.77082396","3.07814678","44.14813995","2.58017397","19.47060966","28.48427963","1007.82202148","853.60632324","34.37973022","0","18.75592995"
"2013-04-19 14:00:00","6.35647268","3.8805474","0.19117534","0.11550171","0.22670659","2.13420399","6.67303514","2.05334496","18.81513977","27.68823051","1007.50701904","186.20880127","34.37973022","0","18.75592995"
"2013-04-19 15:00:00","8.85833615","5.64573066","0.19750129","0.17508672","0.58677544","2.71720738","54.1158905","1.94379401","18.40625","27.91119957","1007.69702148","56.72364044","34.37973022","0","18.75592995"
"2013-04-19 16:00:00","11.85434838","8.67935574","0.22095623","0.21400223","0.75067313","2.71854372","51.56806183","1.88277102","18.08329964","27.89397049","1007.82000732","44.48209","34.37973022","0","18.75592995"
"2013-04-19 17:00:00","11.17473371","8.07885582","0.23914654","0.25919465","0.97595286","2.96874707","53.08718109","1.38261199","17.48303986","29.28313065","1007.99200439","29.58485985","34.37973022","0","18.75592995"
"2013-04-19 18:00:00","15.75694496","13.13316472","0.21649545","0.45290468","1.67695266","2.8824953","334.48620605","0.66685498","16.47752953","34.41595078","1008.40802002","4.27045202","34.37973022","0","18.75592995"
"2013-04-19 19:00:00","25.38956272","22.83193768","0.30251788","0.42986963","2.07978534","2.95297544","44.03020096","0.44856101","15.24915028","52.03668976","1008.88201904","0","34.37973022","0","18.75592995"
"2013-04-19 20:00:00","38.03375256","35.59545544","0.35814896","0.9451876","2.50557273","2.86209022","65.21305084","0.490834","14.93432999","54.06653976","1009.25701904","0","34.37973022","0","18.75592995"
"2013-04-19 21:00:00","23.71646712","21.76322528","0.25808245","1.03151157","3.46155273","3.08119575","81.00958252","0.52920502","14.45576954","55.4202919","1009.20001221","0","34.37973022","0","18.75592995"
"2013-04-19 22:00:00","23.52452144","21.44935136","0.26845445","0.71769283","2.3875509","3.2443439","27.3769207","0.35672","13.72397995","57.9371109","1009.29101563","0","34.37973022","0","18.75592995"
"2013-04-19 23:00:00","27.75136072","25.63340008","0.27053747","0.64672454","2.30532441","2.92446181","51.18347168","0.45434701","13.15968037","69.69380188","1009.51300049","0","34.37973022","0","18.75592995"
"2013-04-20 00:00:00","76.55521808","66.15866072","0.55246747","1.01352288","2.41893653","2.81593571","205.25","0.58039701","12.00996971","65.78089142","1009.60101318","0","34.37973022","0","18.75592995"
"2013-04-20 01:00:00","43.81049728","40.77816088","0.51871975","1.23772663","4.36539623","2.74786078","200.3065033","0.37253901","11.81861019","59.6246109","1009.23101807","0","32.70153046","0","17.85890007"
"2013-04-20 02:00:00","","","0.30852928","1.02087274","3.56803263","2.91252325","279.33331299","0.41486499","11.57577038","70.21115112","1009.02600098","0","32.70153046","0","17.85890007"
"2013-04-20 03:00:00","17.32887855","15.19276156","0.27301193","0.77176977","2.12012058","","204.15130615","0.35204399","10.61056042","90.65595245","1008.89501953","0","32.70153046","0","17.85890007"
"2013-04-20 04:00:00","17.96309851","16.0046675","","0.63147767","1.81468904","2.22222331","203.44850159","0.30112001","10.82404041","99.23972321","1008.81500244","0","32.70153046","0","17.85890007"
"2013-04-20 05:00:00","21.15624176","18.84374468","0.24311337","0.41034526","1.16284289","2.0755058","234.78840637","0.37639701","11.05161953","99.24033356","1009.20800781","15.9340601","32.70153046","0","17.85890007"
"2013-04-20 06:00:00","30.81610552","26.91740368","0.28816974","0.4640927","1.61106835","2.16442822","232.08380127","0.403465","12.44355965","92.55519867","1009.66802979","164.30900574","32.70153046","0","17.85890007"
"2013-04-20 07:00:00","51.57157296","40.67571592","0.50011819","0.83845955","2.06409201","2.84335403","281.87930298","0.78334999","15.41975021","63.06919098","1009.68103027","392.72790527","32.70153046","0","17.85890007"
"2013-04-20 08:00:00","44.03228928","33.89251352","0.42524947","1.15666664","3.31175575","3.83248314","284.66470337","0.72603703","18.67114067","46.14387131","1009.86700439","600.81500244","32.70153046","0","17.85890007"
"2013-04-20 09:00:00","20.95909544","16.3548503","0.32096682","1.01977539","2.81619199","3.81052509","345.65890503","1.12528002","20.5358696","30.82925987","1009.78302002","770.67260742","32.70153046","0","17.85890007"
"2013-04-20 10:00:00","13.44184565","10.28111845","0.29573176","0.65220922","1.27762252","4.65933262","57.95067978","1.58629799","21.31385994","28.45853996","1009.54901123","830.27770996","32.70153046","0","17.85890007"
"2013-04-20 11:00:00","11.25644303","8.34992388","0.25931269","0.40223876","0.71067655","3.90825574","76.2877121","1.25244701","21.91982079","26.38515091","1009.30999756","923.90112305","32.70153046","0","17.85890007"
"2013-04-20 12:00:00","10.75970161","7.6664183","0.24430749","0.34189913","0.87297551","3.11482895","11.38873005","1.50003099","22.56612968","25.81142044","1008.99902344","940.6104126","32.70153046","0","17.85890007"
"2013-04-20 13:00:00","6.56398778","4.42138719","0.21362023","0.28946871","0.59374291","2.75322545","59.46575165","1.57432199","22.70022964","23.68674088","1008.71502686","829.6550293","32.70153046","0","17.85890007"
"2013-04-20 14:00:00","5.99850804","4.00116592","0.19355893","0.18734869","0.16276678","2.6168844","62.17856979","1.68384099","22.20261955","22.17535019","1008.375","247.04110718","32.70153046","0","17.85890007"
"2013-04-20 15:00:00","8.48221516","6.0944847","0.19240558","0.14610527","0.23734136","2.32176422","58.3360405","1.63011897","21.79792023","25.37667084","1008.29302979","107.38500214","32.70153046","0","17.85890007"
"2013-04-20 16:00:00","18.64530776","15.60390083","0.26938295","0.24811546","0.58751683","2.64282502","241.5585022","0.98924398","20.41065979","41.91582108","1008.32800293","89.87078094","32.70153046","0","17.85890007"
"2013-04-20 17:00:00","31.9211268","28.17806176","0.32988257","0.49952192","1.49512119","2.14536455","200.71940613","1.32297003","19.14081955","41.44145966","1008.39501953","36.40312958","32.70153046","0","17.85890007"
"2013-04-20 18:00:00","38.88847392","35.03646312","0.37155578","0.69630329","2.55200387","2.12437062","195.36590576","1.32093298","17.47591972","45.08084106","1008.79602051","7.11640215","32.70153046","0","17.85890007"
"2013-04-20 19:00:00","32.51774728","29.82781184","0.40650229","0.66427491","2.46705386","2.31790267","288.95440674","0.71313298","16.26902008","51.2007103","1009.24700928","0","32.70153046","0","17.85890007"
"2013-04-20 20:00:00","55.1720028","50.41339808","0.46190736","0.86072676","2.84057456","1.9157585","201.43559265","1.30592597","15.59829044","57.6710701","1009.57202148","0","32.70153046","0","17.85890007"
"2013-04-20 21:00:00","43.62759536","40.2152872","0.32172291","1.0270144","3.64377371","2.37786804","203.80900574","1.308375","15.02672005","68.77207184","1009.89300537","0","32.70153046","0","17.85890007"
"2013-04-20 22:00:00","34.0222236","31.25318872","0.27817987","0.69849696","2.43138767","2.30800929","202.13040161","1.18127894","14.71652031","72.31452942","1010.03601074","0","32.70153046","0","17.85890007"
"2013-04-20 23:00:00","28.41281712","26.03415528","0.28156303","0.5174018","1.82013609","1.95943661","202.2440033","0.969024","14.47943974","73.37071228","1010.00500488","0","32.70153046","0","17.85890007"
"2013-04-21 00:00:00","26.93556768","24.72032448","0.2671147","0.52211763","1.92622648","2.10132642","167.53990173","0.99682498","14.24454021","74.36737061","1009.89001465","0","32.70153046","0","17.85890007"
"2013-04-21 01:00:00","26.98225872","24.91617064","0.28641875","0.54910169","2.06500019","1.79063902","139.91490173","0.81382197","13.71522999","75.08106232","1009.64801025","0","31.29928017","0","17.75971985"
"2013-04-21 02:00:00","20.38453944","18.17191186","0.25780052","0.65462154","2.23126851","1.88788761","139.77850342","1.45218897","12.77750015","81.19081116","1009.35101318","0","31.29928017","0","17.75971985"
"2013-04-21 03:00:00","12.71943086","10.76359253","0.22965995","0.50588428","1.65996266","1.75770144","156.45700073","1.32858098","12.7767601","86.26473999","1008.99200439","0","31.29928017","0","17.75971985"
"2013-04-21 04:00:00","11.94124495","9.95427926","0.21087316","0.3574755","1.27680282","2.10156643","138.83970642","1.10632205","12.36684036","87.94051361","1009.07299805","0","31.29928017","0","17.75971985"
"2013-04-21 05:00:00","11.20975199","9.04639856","0.20024603","0.33937697","1.17879555","2.07671197","135.42300415","1.46493804","11.79846001","92.79689026","1009.32800293","26.99835968","31.29928017","0","17.75971985"
"2013-04-21 06:00:00","15.14996144","12.12801102","0.22595874","0.32149709","1.01563925","2.03593027","156.88070679","1.77017903","13.11639977","93.1556015","1009.55200195","164.32839966","31.29928017","0","17.75971985"
"2013-04-21 07:00:00","16.7050331","13.22265779","0.2132218","0.36614034","1.14753907","1.88812966","161.42930603","1.72778296","15.42469978","80.57086945","1009.52801514","398.32720947","31.29928017","0","17.75971985"
"2013-04-21 08:00:00","18.38720879","14.27580078","0.24566122","0.4677122","1.391495","2.16286","170.686203","1.67569101","18.13824081","65.9557724","1009.4710083","593.03521729","31.29928017","0","17.75971985"
"2013-04-21 09:00:00","16.85288998","12.84912756","0.26751196","0.49645058","1.4121167","2.96895556","159.58000183","2.18113804","19.97619057","52.24623108","1009.41101074","768.59991455","31.29928017","0","17.75971985"
"2013-04-21 10:00:00","16.63370021","12.5196957","0.23905334","0.52244714","1.24403203","2.70966938","148.46350098","2.6563139","21.45903015","44.08132172","1008.97900391","855.49230957","31.29928017","0","17.75971985"
"2013-04-21 11:00:00","14.95671178","10.76099986","0.20629587","0.36324494","1.10380909","2.4593094","157.03860474","2.61166096","22.26556015","38.74880981","1008.48699951","908.12780762","31.29928017","0","17.75971985"
"2013-04-21 12:00:00","14.26672069","10.6753977","0.17506222","0.30954124","1.16297306","2.60602589","176.16430664","2.706213","22.63232994","39.98371124","1008.16900635","860.18707275","31.29928017","0","17.75971985"
"2013-04-21 13:00:00","10.01005038","7.20988241","0.14015183","0.13557525","0.80229198","2.7823025","158.69520569","2.98330212","22.33312988","41.87376022","1007.40002441","617.64227295","31.29928017","0","17.75971985"
"2013-04-21 14:00:00","11.57290389","8.57300266","0.14799345","0.07294331","0.53330463","2.55728108","197.4803009","2.4563601","21.22134018","51.95223999","1007.32000732","287.24349976","31.29928017","0","17.75971985"
"2013-04-21 15:00:00","10.87642921","8.50555877","0.19355893","0.06361945","0.57623423","2.8402176","193.82940674","2.38615799","20.24168968","53.71001053","1007.18200684","211.24940491","31.29928017","0","17.75971985"
"2013-04-21 16:00:00","17.59346111","14.25115701","0.18517209","0.0886285","0.65379167","2.76323985","166.03500366","1.97624004","19.83109093","57.73564148","1006.91400146","101.92710114","31.29928017","0","17.75971985"
"2013-04-21 17:00:00","20.41306648","17.09542335","0.20250962","0.22288775","1.19760191","2.32224526","185.79510498","1.60000503","19.36668968","60.97063065","1006.63201904","66.84676361","31.29928017","0","17.75971985"
"2013-04-21 18:00:00","27.61646912","24.31696896","0.22568031","0.24548346","1.43948214","2.08298787","194.85600281","1.50466394","18.31047058","67.29216003","1007.06500244","3.29263306","31.29928017","0","17.75971985"
"2013-04-21 19:00:00","35.03516296","31.64744312","0.25728326","0.2665435","1.49213833","2.08503713","191.04910278","1.09366298","17.09482956","76.08174133","1007.64300537","0","31.29928017","0","17.75971985"
"2013-04-21 20:00:00","31.18573336","27.68520552","0.26054643","0.49381859","2.18198469","1.88692349","163.60639954","1.17117405","16.51239967","81.68212128","1008.04101563","0","31.29928017","0","17.75971985"
"2013-04-21 21:00:00","23.13542944","20.8047588","0.22882464","0.42603045","2.12787419","2.12171625","143.20620728","1.52392602","15.63803959","87.45285034","1007.95501709","0","31.29928017","0","17.75971985"
"2013-04-21 22:00:00","21.87995288","19.42349176","0.23762039","0.38544605","1.71884492","1.88185375","155.10650635","1.59473896","15.1235199","91.47360992","1008.00201416","0","31.29928017","0","17.75971985"
"2013-04-21 23:00:00","16.31075194","13.76868293","0.19284245","0.38489789","1.69121913","1.96245303","142.01930237","2.44613099","14.28964996","96.58486176","1007.86999512","0","31.29928017","0","17.75971985"
"2013-04-22 00:00:00","9.71434046","7.69495107","0.14253309","0.21279606","1.1437782","2.09167509","163.03570557","2.2387929","14.51179981","99.20436859","1007.61602783","0","31.29928017","0","17.75971985"
"2013-04-22 01:00:00","6.59511514","4.88181209","0.16402618","0.06372929","0.67856274","2.13028448","160.65170288","1.82165694","15.07141972","99.20200348","1007.15802002","0","25.06822968","0","16.49599075"
"2013-04-22 02:00:00","","","0.11888709","0.01162736","0.39803346","2.16080973","147.25720215","1.25099099","15.01634026","99.20056915","1006.85400391","0","25.06822968","1.39999998","16.49599075"
"2013-04-22 03:00:00","5.8156348","3.90389292","0.12938141","0.06065795","0.22813344","","139.55940247","2.07150793","14.90937042","99.20220184","1006.48602295","0","25.06822968","0","16.49599075"
"2013-04-22 04:00:00","6.38370912","4.48493825","","","","2.27026334","154.43460083","2.27643299","14.8706398","99.20178986","1006.40600586","0","25.06822968","0","16.49599075"
"2013-04-22 05:00:00","16.41710502","13.46130025","0.24066454","0.00559452","0.35030565","2.60102123","163.13920593","2.71366","14.97896957","99.20166016","1006.71801758","11.20674992","25.06822968","0","16.49599075"
"2013-04-22 06:00:00","29.28308304","23.85265888","0.27178169","0.08303398","0.82887941","2.32646072","166.978302","2.30739594","15.29012012","98.8511734","1007.04101563","81.66667175","25.06822968","0","16.49599075"
"2013-04-22 07:00:00","43.97907832","34.11432464","0.35073024","0.31710975","1.56723158","2.50452319","166.96800232","2.18072104","16.03104973","90.0042038","1007.37902832","136.90170288","25.06822968","0","16.49599075"
"2013-04-22 08:00:00","37.80809832","30.4724044","0.34667138","0.57926591","2.63020913","2.32585358","172.61230469","2.15008712","16.57916069","82.77735901","1007.84100342","154.90130615","25.06822968","0","16.49599075"
"2013-04-22 09:00:00","32.14031848","24.99398904","0.29724859","0.50215494","2.58922607","2.17837942","160.21760559","2.73175907","17.55710983","74.42028046","1007.82702637","265.4230957","25.06822968","0.2","16.49599075"
"2013-04-22 10:00:00","23.76315816","18.9059994","0.26278905","0.33630563","1.94542133","2.47636449","163.00500488","3.75184989","17.60127068","72.16516113","1007.83502197","148.4756012","25.06822968","0","16.49599075"
"2013-04-22 11:00:00","26.07306448","20.04603896","0.2703499","0.25590364","1.64660436","2.26273856","163.29260254","3.93341088","17.56674957","73.08769989","1007.71002197","276.64730835","25.06822968","0","16.49599075"
"2013-04-22 12:00:00","23.94214048","17.69851595","0.2631537","0.29078471","1.61846092","2.39479601","165.76730347","4.29285097","17.64862061","71.96437073","1007.57000732","270.77819824","25.06822968","0","16.49599075"
"2013-04-22 13:00:00","19.56484592","14.83998418","0.25120895","0.23100443","1.48357824","2.32682481","159.39050293","4.69303322","16.70512962","79.0161438","1007.47900391","170.54930115","25.06822968","0","16.49599075"
"2013-04-22 14:00:00","18.88395213","14.37307378","0.24321123","0.10299769","1.02082697","2.61327913","159.25120544","4.50275898","16.9681797","70.62528992","1007.23699951","214.0953064","25.06822968","0","16.49599075"
"2013-04-22 15:00:00","19.23542744","14.79977673","0.26378396","0.08522765","0.839384","2.91587528","162.12120056","4.59459686","16.98216057","68.16029358","1007.38800049","178.14390564","25.06822968","0","16.49599075"
"2013-04-22 16:00:00","20.58168576","16.36003756","0.25542742","0.15038277","1.10422097","2.621168","157.37620544","4.04632378","16.76156044","71.69814301","1007.55200195","104.6713028","25.06822968","0","16.49599075"
"2013-04-22 17:00:00","21.20811432","17.37038234","0.26445966","0.19601353","1.35881167","2.55853809","162.3973999","4.23988724","16.50045967","69.19033051","1008.06201172","35.64204025","25.06822968","0","16.49599075"
"2013-04-22 18:00:00","23.60752136","19.73994688","0.26780321","0.2129059","1.32418383","2.14342412","161.61289978","4.03723288","15.46092033","74.72119141","1008.6920166","4.96235323","25.06822968","0","16.49599075"
"2013-04-22 19:00:00","23.94084032","20.47143984","0.28308335","0.23232043","1.36789043","2.31165422","150.97540283","3.34927011","14.34364033","84.67046356","1009.25701904","0","25.06822968","0","16.49599075"
"2013-04-22 20:00:00","18.58694396","15.82179426","0.25749646","0.28924904","1.51405672","1.92809674","157.16700745","2.47592306","13.85463047","91.25444031","1010.03601074","0","25.06822968","0","16.49599075"
"2013-04-22 21:00:00","13.36662183","11.34333961","0.20978505","0.17078481","1.04015201","2.0394023","157.14830017","2.2645669","13.78190994","93.64150238","1010.44500732","0","25.06822968","0","16.49599075"
"2013-04-22 22:00:00","13.45092382","11.43542535","0.21587334","0.07875648","0.75599102","2.3833873","160.59060669","2.08107901","14.02523041","89.91487122","1011","0","25.06822968","0","16.49599075"
"2013-04-22 23:00:00","10.03469415","8.09052858","0.21810198","0.03948808","0.57506672","2.18299152","162.11070251","2.74032998","14.26360035","81.20281982","1011.1550293","0","25.06822968","0.2","16.49599075"
"2013-04-23 00:00:00","7.63399269","5.67426343","0.2057658","0.0542956","0.49322873","2.04012946","157.81809998","1.62479496","13.78178024","80.50717926","1011.14001465","0","25.06822968","0","16.49599075"
"2013-04-23 01:00:00","6.46282386","4.49920559","0.21623216","0.04914042","0.435515","1.88245785","155.84950256","1.351933","14.08635044","85.93000031","1011.27001953","0","19.03581047","0","13.36480045"
"2013-04-23 02:00:00","6.38241278","4.49401642","0.19573864","0.05890261","0.51203509","1.99400648","159.59010315","1.25574303","14.28598022","85.85218048","1011.34002686","0","19.03581047","0","13.36480045"
"2013-04-23 03:00:00","8.59116092","6.68330996","0.20449245","0.09202833","0.5326568","2.0302971","149.4539032","0.96387702","14.2365303","84.73394012","1011.7210083","0","19.03581047","0","13.36480045"
"2013-04-23 04:00:00","12.70386718","10.69096138","0.21006348","0.09817101","0.71656396","1.87906107","125.98419952","0.72157699","13.96669006","87.91629028","1012.17102051","0","19.03581047","0","13.36480045"
"2013-04-23 05:00:00","26.08604696","23.06409272","0.26780321","0.17988899","1.2105707","2.09984668","141.23880005","1.24175799","14.01906013","85.06645966","1012.54901123","7.01261711","19.03581047","0","13.36480045"
"2013-04-23 06:00:00","48.00358976","40.79244352","0.34066231","0.29210071","1.5865556","2.03600247","184.58900452","0.81884599","14.34934044","82.16020966","1013.45501709","39.58586121","19.03581047","0","13.36480045"
"2013-04-23 07:00:00","51.45484536","41.69901832","0.36533352","0.55195336","2.24358946","2.1456066","149.45320129","2.1766901","14.64435005","72.09924316","1014.16802979","101.87609863","19.03581047","0","13.36480045"
"2013-04-23 08:00:00","43.34358688","35.11558168","0.31845858","0.63235535","2.77183655","1.75112755","158.33230591","2.61097407","14.70932961","68.93099976","1015.04302979","187.30050659","19.03581047","0","13.36480045"
"2013-04-23 09:00:00","35.19079976","27.47769616","0.2745672","0.44007116","2.09418098","1.74348073","161.69450378","2.63295102","14.88271046","76.47782135","1015.39300537","245.81790161","19.03581047","0","13.36480045"
"2013-04-23 10:00:00","37.49034304","28.77726344","0.33218694","0.36679834","1.81637522","1.88622075","139.17970276","1.70567596","15.69318962","75.75553131","1015.57800293","323.45541382","19.03581047","0","13.36480045"
"2013-04-23 11:00:00","14.77513487","10.04895958","0.22582127","0.36811535","2.04580534","1.95734973","83","1.61565197","18.9405098","58.77703094","1015.41101074","880.60827637","19.03581047","0","13.36480045"
"2013-04-23 12:00:00","13.50410037","9.03861672","0.2340986","0.10617887","1.0502681","1.85405711","68.32527161","1.90922594","19.63268089","51.48419189","1015.38800049","446.96569824","19.03581047","0","13.36480045"
"2013-04-23 13:00:00","7.85707146","4.98427426","0.14566578","0.13711092","1.12536135","1.7627783","74.53636932","2.54461908","19.11483955","54.20233154","1015.5300293","671.93920898","19.03581047","0","13.36480045"
"2013-04-23 14:00:00","6.23455782","3.70286333","0.16064185","","","1.90042214","77.98921967","2.68310905","18.78734016","52.0129509","1015.31402588","286.16079712","19.03581047","0","13.36480045"
"2013-04-23 15:00:00","8.91021636","5.93106415","0.19832494","","","1.88525155","77.22051239","3.02514005","18.40829086","52.0250206","1015.23901367","190.99000549","19.03581047","0","13.36480045"
"2013-04-23 16:00:00","10.37450053","7.68457465","0.19764924","","","1.60365137","69.21315002","2.232054","17.2791996","55.78931046","1015.27099609","110.19619751","19.03581047","0","13.36480045"
"2013-04-23 17:00:00","9.71434046","7.26305895","0.19255586","0.06372929","1.00085411","1.94885371","48.36186981","2.2315321","16.13709068","68.71501923","1015.09802246","48.55921173","19.03581047","0.2","13.36480045"
"2013-04-23 18:00:00","13.29658336","10.64167767","0.17715573","0.09904868","1.03898449","1.71228731","50.84999084","1.45573902","15.33794022","73.79589081","1015.35101318","12.16014957","19.03581047","0","13.36480045"
"2013-04-23 19:00:00","16.96961566","14.87759704","0.27289659","0.15619696","1.3149749","1.62319404","58.66215134","0.77965897","14.87510967","76.9903717","1016.22601318","0","19.03581047","0","13.36480045"
"2013-04-23 20:00:00","17.2458729","15.10067582","0.25701881","0.20456955","1.35958967","1.63593908","57.42948151","0.56565201","14.69190025","78.72982025","1016.99700928","0","19.03581047","0","13.36480045"
"2013-04-23 21:00:00","14.6169054","12.6364233","0.19331078","0.27718335","1.45322995","1.62416629","330.77301025","0.40084201","14.12073994","81.3194809","1017.26300049","0","19.03581047","0","13.36480045"
"2013-04-23 22:00:00","16.44693605","14.44829759","0.19804651","0.2897972","1.75048989","1.70706603","327.80059814","0.68287599","13.5457201","86.89945984","1017.80200195","0","19.03581047","0","13.36480045"
"2013-04-23 23:00:00","12.61437411","10.58071929","0.18987054","0.19020036","1.8144297","1.55461569","330.3427124","0.70537198","13.1409502","92.90692139","1017.87200928","0","19.03581047","0","13.36480045"
"2013-04-24 00:00:00","15.29911274","13.3692145","0.16852075","0.09488102","0.80410732","1.93222373","329.34399414","0.81785798","12.42280006","94.33421326","1017.89001465","0","19.03581047","0","13.36480045"
"2013-04-24 01:00:00","12.08391266","10.19551821","0.17556434","0.1249354","1.02860906","1.78499162","335.44140625","0.95422697","12.01844978","98.15187073","1017.85699463","0","19.06361961","0","11.49328041"
"2013-04-24 02:00:00","","","0.16439199","0.0879705","0.70981922","1.85199361","339.0592041","2.06563091","12.97490025","99.21691895","1018.04101563","0","19.06361961","0","11.49328041"
"2013-04-24 03:00:00","7.12946942","5.24366765","0.12781565","0.08654467","0.44861396","","338.06759644","1.85242403","13.3004303","99.21211243","1018.16101074","0","19.06361961","0","11.49328041"
"2013-04-24 04:00:00","7.54190694","5.65480883","","","","2.08022367","342.19180298","1.01745903","13.20810986","99.20953369","1018.19702148","0","19.06361961","0","11.49328041"
"2013-04-24 05:00:00","10.35634226","8.31749827","0.20837423","","","2.31934884","340.9125061","0.97129798","13.32933044","99.20919037","1018.54400635","27.2089901","19.06361961","0","11.49328041"
"2013-04-24 06:00:00","13.42628197","10.88421105","0.19745003","","","2.29077521","337.040802","1.14660704","14.37917995","99.19834137","1019.16601563","118.95600128","19.06361961","0","11.49328041"
"2013-04-24 07:00:00","20.2302028","15.44048219","0.23730817","0.05133409","0.58427464","2.72210322","334.63549805","1.76379502","15.69190025","91.59278107","1019.69500732","312.1000061","19.06361961","0","11.49328041"
"2013-04-24 08:00:00","11.23828477","8.37975299","0.21973997","0.16859114","1.17749887","2.8741437","333.71380615","2.51081109","17.34398079","69.7883606","1020.11401367","559.31719971","19.06361961","0","11.49328041"
"2013-04-24 09:00:00","10.18125086","7.07888746","0.21149643","0.13667158","0.90747419","2.75049176","332.99450684","2.90584898","18.16802025","61.20946121","1020.65802002","781.578125","19.06361961","0","11.49328041"
"2013-04-24 10:00:00","7.80519317","5.09192177","0.19404823","0.12954241","0.68829035","2.85021776","333.02099609","3.61061001","18.77499008","55.90076065","1020.45001221","852.74707031","19.06361961","0","11.49328041"
"2013-04-24 11:00:00","7.16319137","4.77675725","0.20749466","0.06811663","0.50788472","2.63396695","332.2684021","3.60214591","19.22826004","55.88671112","1020.37701416","974.63262939","19.06361961","0","11.49328041"
"2013-04-24 12:00:00","9.98021936","6.88045054","0.22090031","0.06460696","0.56118874","2.59671525","333.65029907","3.62614202","19.15398026","57.76243973","1020.49102783","950.58392334","19.06361961","0","11.49328041"
"2013-04-24 13:00:00","5.99461712","3.94280212","0.1910868","","","2.56578523","333.39559937","4.12234783","18.83440971","60.85707092","1020.46801758","810.35900879","19.06361961","0","11.49328041"
"2013-04-24 14:00:00","5.05820174","2.92208474","0.16882015","","","2.54502318","333.67379761","4.15697813","18.48406029","59.58634186","1019.89300537","367.81430054","19.06361961","0","11.49328041"
"2013-04-24 15:00:00","6.48617129","4.29428317","0.19488819","","","2.92465911","333.18240356","2.98649192","18.43465996","58.35354996","1019.51800537","116.78759766","19.06361961","0","11.49328041"
"2013-04-24 16:00:00","6.06335543","4.04007512","0.21361673","","","2.44368218","334.43240356","3.0712471","17.75661087","61.94485092","1019.375","82.45623016","19.06361961","0","11.49328041"
"2013-04-24 17:00:00","6.17619402","4.25277938","0.19885036","","","2.18397902","340.13720703","3.06144691","16.6210804","71.12020111","1019.2880249","38.79832077","19.06361961","0","11.49328041"
"2013-04-24 18:00:00","7.92321902","5.89734412","0.21457786","","","2.34823164","336.71600342","2.466048","15.48005009","83.06329346","1019.12200928","5.95746899","19.06361961","0","11.49328041"
"2013-04-24 19:00:00","9.09827686","7.12168758","0.19668928","0.35626832","0.59828178","2.3531285","338.74459839","1.906304","14.71380997","94.28353119","1019.375","0","19.06361961","0","11.49328041"
"2013-04-24 20:00:00","9.46013433","7.47446497","0.20537319","0.40782209","0.66831748","2.23963842","340.49859619","1.90392995","14.36643028","97.53188324","1019.78100586","0","19.06361961","0","11.49328041"
"2013-04-24 21:00:00","8.94782922","7.06202745","0.1787611","0.26215616","0.5630051","2.30825439","340.35150146","1.56945801","14.15390968","99.20133209","1019.73901367","0","19.06361961","0","11.49328041"
"2013-04-24 22:00:00","6.18397586","4.24888846","0.2068143","0.27049251","0.46041624","2.16222438","337.57141113","1.51955998","14.06945992","99.20458221","1019.52301025","0","19.06361961","0","11.49328041"
"2013-04-24 23:00:00","5.66777984","3.73917794","0.18168292","0.1582808","1.09190002","2.12986852","329.3243103","1.27728105","13.89044952","99.20362091","1019.42901611","0","19.06361961","0","11.49328041"
"2013-04-25 00:00:00","8.14370321","6.243636","0.17808074","","","2.35033785","339.01470947","1.96611297","13.71788025","99.20471954","1018.94000244","0","19.06361961","0","11.49328041"
"2013-04-25 01:00:00","9.07882226","7.21896058","0.18569984","0.11670889","0.30893307","2.63557787","328.51559448","1.64327502","13.59902954","99.20641327","1018.83001709","0","17.54903984","0","7.16184998"
"2013-04-25 02:00:00","10.84919277","8.95431282","0.24102918","0.16003614","0.83277045","2.26883344","333.93029785","1.26512098","13.16117001","99.20613098","1018.89001465","0","17.54903984","0","7.16184998"
"2013-04-25 03:00:00","9.39658136","7.4368521","0.20837423","0.04738508","1.30589614","1.83136784","328.75601196","1.13228703","12.89764023","99.21028137","1018.5960083","0","17.54903984","0","7.16184998"
"2013-04-25 04:00:00","8.92318546","7.0672147","0.19236713","0.08753116","0.42812242","2.31048569","338.23590088","1.37779999","12.97150993","99.21041107","1018.27301025","0","17.54903984","0","7.16184998"
"2013-04-25 05:00:00","8.08274482","6.17359944","0.2018514","0.0647168","0.59983779","2.13941714","336.71490479","1.56843698","13.35307026","99.20742035","1018.55700684","14.23075962","17.54903984","0","7.16184998"
"2013-04-25 06:00:00","8.63396104","6.15803576","0.17399858","0.01349152","0.2404544","1.87828611","336.31719971","2.05343103","14.40048027","99.19875336","1018.8380127","168.53370667","17.54903984","0","7.16184998"
"2013-04-25 07:00:00","5.80785296","3.6146685","0.19868959","0.02599655","0.42371271","1.80167754","338.88439941","2.47548199","16.28203964","93.43087006","1018.89001465","412.4776001","17.54903984","0","7.16184998"
"2013-04-25 08:00:00","7.27213713","4.84290289","0.21189603","0.02555721","0.2473283","2.27825289","337.37921143","2.6976831","17.3245697","79.1246109","1018.94500732","596.72247314","17.54903984","0","7.16184998"
"2013-04-25 09:00:00","7.33050093","4.66910974","0.21133566","0.11572138","0.46119425","2.46611923","333.97320557","2.68849397","18.14224052","71.26367188","1019.10400391","738.27130127","17.54903984","0.2","7.16184998"
"2013-04-25 10:00:00","7.39145931","4.58999309","0.19825038","0.1007247","0.33157149","2.30633226","334.51049805","2.79054308","18.83773994","67.83347321","1018.99102783","883.63342285","17.54903984","0","7.16184998"
"2013-04-25 11:00:00","6.28384154","4.16977373","0.20345211","0.04683692","0.20621506","2.75489231","333.40640259","2.90055609","19.32987022","65.1218338","1018.56201172","971.72772217","17.54903984","0","7.16184998"
"2013-04-25 12:00:00","5.23977673","3.34489678","0.17992144","","","2.54477503","333.55200195","2.97700596","19.51926041","64.91905975","1018.08502197","942.38391113","17.54903984","0","7.16184998"
"2013-04-25 13:00:00","4.56535123","2.64582751","0.18164214","","","2.6215087","332.17449951","2.4348321","20.26189995","61.45333099","1017.54302979","793.14300537","17.54903984","0","7.16184998"
"2013-04-25 14:00:00","5.49139019","3.30209666","0.18744501","","","2.99717731","336.10479736","2.02753711","20.24913979","61.71659088","1016.92102051","361.21679688","17.54903984","0","7.16184998"
"2013-04-25 15:00:00","7.11260941","4.84549747","0.17976183","","","3.34724905","338.5111084","2.01702595","19.65154076","65.60256195","1016.61602783","110.20539856","17.54903984","0","7.16184998"
"2013-04-25 16:00:00","10.74673251","8.22541253","0.18040142","","","4.38866213","336.93600464","2.08906698","18.81406975","68.94152069","1016.29602051","76.08972931","17.54903984","0","7.16184998"
"2013-04-25 17:00:00","9.26688466","7.03738368","0.17724077","","","2.96606321","334.92599487","1.95759702","17.40279007","75.49185181","1015.89001465","34.31216049","17.54903984","0","7.16184998"
"2013-04-25 18:00:00","12.42112636","10.50808814","0.20561318","","","3.03901364","337.88830566","1.26380098","15.88020039","93.33727264","1015.84100342","4.71306515","17.54903984","0","7.16184998"
"2013-04-25 19:00:00","11.2979449","9.38361226","0.18976569","","","2.76239269","336.27481079","0.88937402","15.08479023","99.20078278","1016.14801025","0","17.54903984","0","7.16184998"
"2013-04-25 20:00:00","10.51068273","8.5678154","0.16030517","","","2.70555358","342.58200073","0.90793401","14.79880047","99.20207214","1016.38800049","0","17.54903984","0","7.16184998"
"2013-04-25 21:00:00","8.84407072","7.01663274","0.1789207","","","2.37971898","343.12960815","0.91536301","14.42300987","99.20220184","1016.36401367","0","17.54903984","0","7.16184998"
"2013-04-25 22:00:00","8.29934192","6.39149096","0.17067716","","","2.20480515","344.74459839","0.66102701","14.32145977","99.20024109","1016.17700195","0","17.54903984","0","7.16184998"
"2013-04-25 23:00:00","5.9842407","4.10751901","0.1860039","","","2.15441483","335.52700806","0.88110101","14.40340042","99.19753265","1015.63201904","0","17.54903984","0","7.16184998"
"2013-04-26 00:00:00","5.9064223","4.11789543","0.16623502","","","2.4017828","331.5802002","0.62668502","13.90388012","99.19963074","1015.05200195","0","17.54903984","0","7.16184998"
"2013-04-26 01:00:00","9.97892302","8.09571583","0.18692425","0.06888446","0.42656641","2.29046299","299.94320679","0.267699","13.68836975","99.20111084","1014.63299561","0","18.28203964","0","7.69909096"
"2013-04-26 02:00:00","","","0.17852111","0.33882779","0.62772291","2.38548334","285.62109375","0.50458801","13.25417042","99.20146179","1014.37402344","0","18.28203964","0","7.69909096"
"2013-04-26 03:00:00","8.73123404","6.85191777","0.18824536","0.16222981","0.6746717","","284.35070801","0.358199","12.62277031","99.20770264","1013.95001221","0","18.28203964","0","7.69909096"
"2013-04-26 04:00:00","12.21361126","10.3446695","","0.09169984","0.7046315","1.77028376","221.33030701","0.346632","12.3105402","99.21549988","1013.75201416","0","18.28203964","0","7.69909096"
"2013-04-26 05:00:00","20.65302248","17.51693905","0.25477152","0.13590374","0.80812752","1.91818099","241.49560547","0.38320699","12.09990978","99.21807098","1013.88000488","24.96235085","18.28203964","0","7.69909096"
"2013-04-26 06:00:00","37.9287264","28.17546144","0.28359129","0.32193644","6.79328134","2.22096121","67.34934998","0.74222797","13.97346973","99.19805908","1014.27301025","202.54780579","18.28203964","0","7.69909096"
"2013-04-26 07:00:00","34.26604184","24.68011512","0.28997433","0.48098507","8.03990774","1.99125854","82.42057037","0.80363399","17.24860954","73.72174072","1013.96600342","430.24520874","18.28203964","0","7.69909096"
"2013-04-26 08:00:00","14.26023518","10.40043872","0.22362175","0.58880842","2.90853457","2.4893231","53.30199051","0.872859","19.43914986","58.20275116","1013.59100342","620.69592285","18.28203964","0","7.69909096"
"2013-04-26 09:00:00","24.39996888","18.58305304","0.29679773","0.25338047","1.36477739","2.72962495","95.65325165","0.85878301","22.15133095","48.6603508","1013.26300049","769.00390625","18.28203964","0","7.69909096"
"2013-04-26 10:00:00","21.4960424","16.07210948","0.24814733","0.55414703","2.57054988","2.51550882","51.38727951","1.41311502","23.84276009","47.7256012","1012.54901123","876.2434082","18.28203964","0","7.69909096"
"2013-04-26 11:00:00","16.37949216","12.24992588","0.20772649","0.31743926","1.77085227","2.481839","67.96703339","1.72912598","25.1067009","44.10757065","1011.76000977","962.93841553","18.28203964","0","7.69909096"
"2013-04-26 12:00:00","15.37952572","11.53529294","0.22924171","0.21400223","1.15013344","2.46026741","78.41236115","1.97632301","25.69135094","40.19935989","1011.1920166","926.45690918","18.28203964","0","7.69909096"
"2013-04-26 13:00:00","10.59109571","7.71829659","0.15855417","0.11780521","0.86610161","2.57910793","73.23316193","2.04520893","25.76087952","38.49198151","1010.54400635","748.12670898","18.28203964","0","7.69909096"
"2013-04-26 14:00:00","11.85564471","9.17220434","0.17192138","0.01722086","0.4383687","2.53571153","91.26403046","1.56857502","25.56884956","37.62128067","1009.75201416","388.68319702","18.28203964","0","7.69909096"
"2013-04-26 15:00:00","29.62938448","23.86562224","0.23899626","0.09005433","0.73041754","2.05722523","196.86610413","1.805287","25.72682953","24.56048965","1008.98901367","175.67340088","18.28203964","0","7.69909096"
"2013-04-26 16:00:00","36.13112136","29.90302992","0.27102793","0.35264882","1.83790409","2.33718499","197.50120544","1.95878398","25.41995049","23.50251007","1008.42901611","90.38462067","18.28203964","0","7.69909096"
"2013-04-26 17:00:00","41.99992888","35.57989176","0.31221185","0.36723768","1.47878004","2.11109877","198.73080444","2.10637212","24.23450089","26.80158043","1008.24200439","38.0891304","18.28203964","0","7.69909096"
"2013-04-26 18:00:00","49.9568316","43.02323128","0.33653705","0.49922801","2.65490698","2.39292676","194.08859253","1.73132706","22.37844086","30.70852089","1008.20599365","7.02889681","18.28203964","0","7.69909096"
"2013-04-26 19:00:00","43.81439776","40.02462256","0.34139393","0.71955801","3.37738073","2.28119304","170.65620422","1.752689","20.34778023","35.89627075","1008.42102051","0","18.28203964","0","7.69909096"
"2013-04-26 20:00:00","37.25170632","34.14025136","0.35098771","0.53714482","2.69635379","2.0567269","164.38960266","2.00419497","19.25436974","40.31081009","1008.74401855","0","18.28203964","0","7.69909096"
"2013-04-26 21:00:00","21.23145984","18.89821947","0.26444452","0.4650802","2.30117404","2.27183969","181.50250244","1.94861305","18.57909012","45.47415161","1008.51702881","0","18.28203964","0","7.69909096"
"2013-04-26 22:00:00","17.78930345","15.2394526","0.24068201","0.2129059","1.36270271","2.33768332","183.83500671","1.69167101","17.77832031","52.12229156","1008.18499756","0","18.28203964","0","7.69909096"
"2013-04-26 23:00:00","16.95016298","14.86851695","0.22719481","0.15795129","1.2134244","2.18205384","166.11720276","1.56216502","17.13146019","59.90116119","1007.77001953","0","18.28203964","0","7.69909096"
"2013-04-27 00:00:00","14.77772946","12.79724926","0.21422952","0.14797045","1.04702591","2.00011153","171.32200623","1.08793294","16.65805054","64.7053299","1007.09399414","0","18.28203964","0","7.69909096"
"2013-04-27 01:00:00","14.32508449","12.38610808","0.20860956","0.14105993","1.03677963","2.05498071","161.72210693","1.50892305","15.97212029","68.66178131","1006.36401367","0","20.5261097","0","11.17920971"
"2013-04-27 02:00:00","11.64553503","9.78178244","0.20921187","0.09948803","0.91862762","1.92753434","182.0184021","1.24658096","15.34438992","72.89749146","1006.16400146","0","20.5261097","0","11.17920971"
"2013-04-27 03:00:00","10.09565062","8.45627506","0.17677827","0.08720267","0.73160844","2.50029552","200.79150391","1.87468004","15.00664043","77.94660187","1005.98101807","0","20.5261097","0","11.17920971"
"2013-04-27 04:00:00","12.8828495","11.08913347","0.18942201","0.06282924","0.61456903","2.38843874","202.83940125","1.83233404","14.77770996","83.43237305","1005.91900635","0","20.5261097","0","11.17920971"
"2013-04-27 05:00:00","17.96050584","15.59871358","0.19419968","0.15158995","0.63783901","2.21297878","175.96020508","1.66727996","15.01546001","87.07691956","1005.58001709","22.76963043","20.5261097","0","11.17920971"
"2013-04-27 06:00:00","27.42322328","22.93698296","0.25521306","0.14138843","0.90916037","2.3481574","165.28900146","1.81447399","16.71224976","71.68634033","1005.52001953","180.48840332","20.5261097","0","11.17920971"
"2013-04-27 07:00:00","40.87284312","31.44125304","0.30928187","0.35067482","1.51068434","2.85432949","195","2.14108491","19.29269981","54.70919037","1005.74200439","436.18130493","20.5261097","0","11.17920971"
"2013-04-27 08:00:00","27.41284112","21.38969696","0.26448529","0.52145963","2.43722423","3.04125816","177.93960571","2.32324791","22.18470955","39.24222183","1005.64300537","617.15100098","20.5261097","0","11.17920971"
"2013-04-27 09:00:00","19.7425472","15.04360835","0.21671796","0.34398398","1.63571026","2.27545716","191.88070679","3.18901205","23.68272972","30.48641968","1005.54901123","791.89440918","20.5261097","0","11.17920971"
"2013-04-27 10:00:00","19.44553712","14.34843001","0.22747557","0.20138837","1.22561518","2.31199492","193.07170105","3.46379805","24.41526985","28.27540016","1005.46899414","815.88421631","20.5261097","0","11.17920971"
"2013-04-27 11:00:00","22.02392648","16.15771163","0.22723442","0.2289206","1.31510507","2.40252826","189.05740356","3.36810899","25.17852974","27.08859062","1005.38500977","984.7833252","20.5261097","0","11.17920971"
"2013-04-27 12:00:00","24.07961328","17.29256394","0.25810226","0.29539172","1.81585655","2.42534872","191.1822052","3.56290698","25.17296982","26.11911011","1005.17401123","973.81341553","20.5261097","0","11.17920971"
"2013-04-27 13:00:00","14.45867402","10.48344629","0.15365069","","","2.38818754","184.17610168","3.74255109","24.8245697","26.62100983","1005.23901367","707.82562256","20.5261097","0","11.17920971"
"2013-04-27 14:00:00","11.9166031","8.49648059","0.17934709","0.01755037","0.25018098","2.08790303","182.99450684","3.54528999","24.32172966","27.30653954","1004.92700195","385.86380005","20.5261097","0","11.17920971"
"2013-04-27 15:00:00","13.13446297","10.08657054","0.20282883","0.02435105","0.41152193","2.50279022","156.34440613","3.74329495","23.35169983","28.6377697","1004.97601318","198.63540649","20.5261097","0","11.17920971"
"2013-04-27 16:00:00","20.16276656","16.99814844","0.22297984","0.0572571","0.76104856","2.16746396","197.19360352","2.74035406","21.94626999","31.20573997","1005.52301025","68.53887177","20.5261097","0","11.17920971"
"2013-04-27 17:00:00","33.38541288","29.36868328","0.28559859","0.20391155","1.28631279","2.79684051","193.23590088","1.79356802","18.60227966","50.71625137","1005.5","10.42327976","20.5261097","0","11.17920971"
"2013-04-27 18:00:00","39.24773872","35.52930024","0.28427398","0.2155379","1.07205733","3.08590039","162.76210022","1.74279797","18.64903069","51.00230026","1005.309021","1.77859199","20.5261097","0","11.17920971"
"2013-04-27 19:00:00","48.18519152","43.98427896","0.31967833","0.29670772","0.98438278","2.51176829","155.16870117","1.942837","18.5834198","52.36323166","1005.82202148","0","20.5261097","0","11.17920971"
"2013-04-27 20:00:00","36.91578704","33.01578504","0.28808703","0.69180611","2.87157171","2.39355018","168.07350159","2.23334002","17.9681797","54.5484314","1006.29101563","0","20.5261097","0","11.17920971"
"2013-04-27 21:00:00","28.245498","25.53353632","0.22322099","0.41396477","1.99288981","2.32845506","166.93460083","2.11103511","16.98505974","64.75057983","1006.434021","0","20.5261097","0","11.17920971"
"2013-04-27 22:00:00","28.16639856","25.21448088","0.22366253","0.28179036","1.32016262","2.25974349","153.36180115","1.98986399","16.43663979","74.15364075","1006.67602539","0","20.5261097","0","11.17920971"
"2013-04-27 23:00:00","27.95756992","25.23522608","0.23000479","0.30043706","0.94132503","2.18803991","153.90420532","1.82651901","15.99837017","78.39608002","1006.72601318","0","20.5261097","0","11.17920971"
"2013-04-28 00:00:00","22.95774728","20.53369456","0.2199287","0.25721964","1.52884186","1.72776096","161.44960022","2.34774208","15.80531025","78.02693176","1006.88000488","0","20.5261097","0","11.17920971"
"2013-04-28 01:00:00","17.29775119","15.28354906","0.18725511","0.15301579","1.15129994","2.17457279","160.21510315","2.8849659","15.76148987","81.97875977","1006.55102539","0","18.33686066","0","11.17500973"
"2013-04-28 02:00:00","","","0.18717473","0.07776897","0.79853009","2.28568106","159.39230347","2.68789291","15.39389992","83.67832184","1006.29101563","0","18.33686066","0","11.17500973"
"2013-04-28 03:00:00","10.59498663","8.70269935","0.17489213","0.02500905","0.56974883","","161.68780518","2.65091491","15.49958992","81.16789246","1006.23699951","0","18.33686066","0","11.17500973"
"2013-04-28 04:00:00","15.48847148","13.51577313","","","","1.92093401","163.00790405","2.33093691","15.56490993","85.55989075","1006.36199951","0","18.33686066","0","11.17500973"
"2013-04-28 05:00:00","16.61813653","14.25634426","0.2335825","0.0209502","0.4553587","1.84908703","159.67080688","2.22179604","15.63790035","90.61077118","1006.74401855","26.23320961","18.33686066","0","11.17500973"
"2013-04-28 06:00:00","16.02801302","13.0125462","0.22809186","0.05199209","0.5496468","1.70098437","159.57440186","2.29854298","16.88521957","84.09992218","1007.21002197","211.08360291","18.33686066","0","11.17500973"
"2013-04-28 07:00:00","18.57916212","14.61301257","0.24540376","0.11769639","0.63667149","2.06678605","163.79420471","2.77275395","19.21557045","64.3527298","1007.43200684","435.17800903","18.33686066","0","11.17500973"
"2013-04-28 08:00:00","18.35219242","14.05272009","0.26788476","0.23539177","0.81046256","2.04915533","160.41360474","3.06416202","21.73476982","43.58864975","1007.75500488","620.65112305","18.33686066","0","11.17500973"
"2013-04-28 09:00:00","17.95531858","13.39645094","0.25409932","0.17451415","0.04344726","2.08939091","176.40530396","2.62850595","23.80084038","32.58797073","1008.42401123","786.85180664","18.33686066","0","11.17500973"
"2013-04-28 10:00:00","16.11361326","11.96848139","0.24131577","0.22113241","0.53395348","1.7879338","152.16229248","3.47018504","24.69832993","27.85144043","1008.86102295","901.80291748","18.33686066","0","11.17500973"
"2013-04-28 11:00:00","16.34058296","12.08131807","0.23093795","0.15707463","0.97595286","1.82742188","158.29890442","3.30506492","25.55587959","24.64937019","1008.82501221","982.9251709","18.33686066","0","11.17500973"
"2013-04-28 12:00:00","14.43921942","10.72079241","0.19222733","0.08742234","0.8382175","1.8518075","138.90710449","3.38758612","25.95021057","26.52210999","1008.79699707","946.98101807","18.33686066","0","11.17500973"
"2013-04-28 13:00:00","9.76362609","6.9699417","0.16165191","0.08621516","0.1234699","1.99419055","147.67010498","3.3793509","25.93074036","29.60168076","1008.73400879","827.18652344","18.33686066","0","11.17500973"
"2013-04-28 14:00:00","10.30835489","7.59508349","0.1741943","0.06427745","0.17430973","1.97983967","147.76660156","3.45317507","25.65546989","31.60202026","1008.63500977","364.63360596","18.33686066","0","11.17500973"
"2013-04-28 15:00:00","11.62608043","8.69362118","0.20629238","0.11429555","0.21179127","1.63363863","163.33500671","2.51673293","25.56369019","27.48026085","1008.79602051","78.81665039","18.33686066","0","11.17500973"
"2013-04-28 16:00:00","15.68301748","12.5910305","0.21058074","0.0480441","0.29725995","1.10472439","195.0796051","1.83499098","25.03133965","24.12100983","1009.05999756","79.4383316","18.33686066","0","11.17500973"
"2013-04-28 17:00:00","21.0083868","17.7516925","0.23434325","0.1236194","0.43681167","1.47334316","192.69520569","1.59115696","24.60634995","24.70791054","1009.15600586","38.72914124","18.33686066","0","11.17500973"
"2013-04-28 18:00:00","34.76277944","31.38938048","0.31132295","0.11945072","1.18009222","1.60165398","160.14500427","1.13814104","23.17901039","32.90510178","1009.41400146","7.53255987","18.33686066","0","11.17500973"
"2013-04-28 19:00:00","43.15552256","39.22829368","0.34494369","0.41330677","1.01940114","1.81757325","150.2868042","1.56700599","21.06212997","49.88840103","1009.90802002","0","18.33686066","0","11.17500973"
"2013-04-28 20:00:00","38.29055328","34.42167864","0.32699104","0.65187971","2.64953417","1.64095594","155.98930359","1.31627202","19.74508095","57.28842163","1010.47302246","0","18.33686066","0","11.17500973"
"2013-04-28 21:00:00","31.77587216","29.0898372","0.31785511","0.54712668","1.24960926","1.62838582","153.11120605","1.669402","19.24324989","53.30192184","1010.84399414","0","18.33686066","0","11.17500973"
"2013-04-28 22:00:00","35.683656","33.00410272","0.32763179","0.24899313","0.06614466","1.31323278","178.37060547","0.89112502","18.43515015","53.77981186","1011.39599609","0","18.33686066","0","11.17500973"
"2013-04-28 23:00:00","29.54636544","27.2338588","0.31148256","","","1.38095379","166.50520325","0.63001901","17.01383018","63.102211","1011.94500732","0","18.33686066","0","11.17500973"
"2013-04-29 00:00:00","29.34923824","26.96797608","0.33272167","0.78186045","0.1137423","0.94377295","89.18367004","0.34487101","15.88142014","72.14672089","1011.86401367","0","18.33686066","0","11.17500973"
"2013-04-29 01:00:00","25.67619064","23.43243952","0.31633129","1.12200525","3.14133604","1.47296788","97.17980957","0.36008799","15.70411015","73.91120148","1011.71002197","0","24.73801994","0",""
"2013-04-29 02:00:00","16.68947134","14.71547474","0.25021171","0.85568143","1.8245458","1.46705708","143.63360596","0.74571902","15.98859978","74.53900146","1011.56799316","0","24.73801994","0",""
"2013-04-29 03:00:00","12.16043472","10.24220925","0.22035859","0.41626827","1.89730401","1.59039986","141.48730469","1.00203705","15.87152004","85.7037735","1011.4050293","0","24.73801994","0",""
"2013-04-29 04:00:00","17.08504693","15.13699043","0.20905809","0.32917544","0.75171047","1.51733247","137.59890747","0.51368803","15.26671982","92.93527985","1011.49200439","0","24.73801994","0",""
"2013-04-29 05:00:00","39.56809432","36.2971212","0.33175938","0.43963181","2.06266516","1.66946855","168.48840332","0.38624701","15.71469021","94.42810059","1011.93103027","25.2472496","24.73801994","0",""
"2013-04-29 06:00:00","69.3803616","55.88791296","0.46347778","0.7126475","1.57202978","1.82723271","124.00610352","0.52566898","18.28720093","75.90753174","1012.10900879","219.92570496","24.73801994","0",""
"2013-04-29 07:00:00","91.229168","67.9134752","0.54073708","1.1470143","2.75912609","2.46776474","89.13858032","0.57711703","21.99871063","45.76433182","1011.99700928","446.80810547","24.73801994","0",""
"2013-04-29 08:00:00","68.00555712","51.7168276","0.49425358","1.20558841","3.40111547","1.67294059","137.38110352","0.84667301","24.33855057","28.81529045","1012.0880127","635.1373291","24.73801994","0",""
"2013-04-29 09:00:00","27.97703408","20.95261376","0.26956702","0.98061683","5.92069534","1.50626446","126.10980225","1.41173196","26.21611023","21.50481033","1012.15600586","801.94030762","24.73801994","0",""
"2013-04-29 10:00:00","19.77885608","14.55724335","0.22035859","0.37754803","1.93245153","1.43010133","57.44412994","1.54582798","27.49699974","24.08926964","1012.11700439","904.30810547","24.73801994","0",""
"2013-04-29 11:00:00","12.06445806","8.68583934","0.18821973","0.49754793","0.49530443","2.65047692","44.30810165","2.63775897","26.6437397","32.92755127","1012.13800049","982.56201172","24.73801994","0",""
"2013-04-29 12:00:00","19.7334652","13.7972157","0.2121034","0.16694564","0.66442644","4.52404517","47.56201172","2.03199291","27.1625309","30.84106064","1012.19799805","949.52667236","24.73801994","0",""
"2013-04-29 13:00:00","13.82704673","10.31354214","0.21659098","0.29593988","0.36833299","4.46336078","50.09041977","1.68322802","27.91419029","28.60066032","1011.80999756","807.98931885","24.73801994","0",""
"2013-04-29 14:00:00","11.59495307","8.66638474","0.22388504","0.29100438","0.02114038","2.97051055","78.29347992","1.70707905","27.37524986","26.51165962","1011.34802246","361.29220581","24.73801994","0",""
"2013-04-29 15:00:00","11.30443041","8.52760795","0.23037642","0.0160147","0.76973882","2.28617735","54.82633972","1.655882","26.21636963","27.85713959","1011.23699951","85.50061035","24.73801994","0",""
"2013-04-29 16:00:00","14.88537888","11.8582393","0.21246455","0.06405778","1.01563925","2.36027394","14.02902031","0.86139703","26.34593964","29.50547981","1011.06201172","86.54457092","24.73801994","0",""
"2013-04-29 17:00:00","16.1603043","13.98657445","0.28174943","0.10310753","1.12108181","2.01951385","41.57617188","1.16722298","24.73225975","39.74161148","1010.99700928","42.16014099","24.73801994","0",""
"2013-04-29 18:00:00","27.7396784","25.53353632","0.29593447","0.21696373","1.64868006","1.92393721","318.79870605","0.59998","22.2672596","49.14604187","1011.41101074","6.68396378","24.73801994","0",""
"2013-04-29 19:00:00","47.77535432","45.29294736","0.37856442","0.42339846","2.68688654","1.75970086","303.38720703","0.68319601","21.43140984","38.96398163","1011.8380127","0","24.73801994","0",""
"2013-04-29 20:00:00","39.55639288","37.18813232","0.31769434","0.58902809","3.17285287","1.53318242","289.24520874","0.585706","19.92518044","38.10391998","1012.375","0","24.73801994","0",""
"2013-04-29 21:00:00","29.41667448","27.35188656","0.32454687","0.44204515","2.67158273","1.75238456","191.26119995","0.26370001","19.44503975","37.49654007","1012.5300293","0","24.73801994","0",""
"2013-04-29 22:00:00","39.6614764","37.7341804","0.3777629","0.3581335","2.06525953","1.75388566","198.66020203","0.372751","19.17506981","38.98595047","1012.51300049","0","24.73801994","0",""
"2013-04-29 23:00:00","34.9404616","32.8160384","0.33921305","0.55008818","3.33847234","1.43863701","192.5933075","0.66966498","19.00140953","38.03479004","1012.58300781","0","24.73801994","0",""
"2013-04-30 00:00:00","28.26626232","26.05231928","0.37724215","0.47824832","2.99167331","1.78539944","194.41229248","0.63709497","18.83176994","37.46038055","1012.25","0","24.73801994","0",""
"2013-04-30 01:00:00","18.66346602","16.61554194","0.30699498","0.63576128","3.04951315","1.7282776","201.83560181","0.80831498","18.37681007","38.72927094","1011.98400879","0","24.48295975","0",""
"2013-04-30 02:00:00","","","0.32358458","0.49897376","2.02748103","2.16264745","202.15299988","0.88259","17.74777985","45.09788132","1012.01202393","0","24.48295975","0",""
"2013-04-30 03:00:00","15.49495507","13.4016382","0.25870806","0.20775073","1.39318118","","201.59060669","0.82710397","17.30924988","55.43481064","1012.00402832","0","24.48295975","0",""
"2013-04-30 04:00:00","14.33286633","12.36665348","","0.07667265","1.01122954","2.78914284","201.61140442","0.65166801","16.76794052","61.95169067","1011.98101807","0.202483","24.48295975","0",""
"2013-04-30 05:00:00","37.79771616","34.36852504","0.36444695","0.08193766","1.04961926","2.60649778","184.67320251","0.44578701","17.31332016","57.48141098","1012.34802246","41.46723175","24.48295975","0",""
"2013-04-30 06:00:00","73.68371912","61.6840836","0.47905965","0.3297236","2.46368148","3.61827345","202.50100708","0.94410902","19.62784958","39.58695984","1012.67602539","204.59390259","24.48295975","0",""
"2013-04-30 07:00:00","65.42974896","50.49379768","0.47861928","1.0613473","3.70265597","3.41241943","199.15170288","1.47651803","21.11503983","36.50563049","1012.89801025","445.25219727","24.48295975","0",""
"2013-04-30 08:00:00","43.18276856","34.18692328","0.39832166","0.893524","3.50616852","3.35229744","197.25610352","1.22848403","23.50662994","30.90155983","1013.16900635","616.21990967","24.48295975","0",""
"2013-04-30 09:00:00","34.5734532","26.77084888","0.34372044","0.50895562","2.34903101","2.95599695","191.8894043","1.44111097","25.64439964","26.89764023","1013.23901367","759.33050537","24.48295975","0",""
"2013-04-30 10:00:00","35.2738188","27.76562424","0.32199202","0.42339846","2.22141174","2.85934737","197.81100464","1.49163496","27.13397026","20.73904037","1013.12902832","856.51812744","24.48295975","0",""
"2013-04-30 11:00:00","28.87972752","22.80599184","0.33357795","0.27334418","2.16369801","2.86961907","170.24780273","1.52477098","28.04327965","20.67324066","1012.69000244","711.24542236","24.48295975","0",""
"2013-04-30 12:00:00","24.57376968","18.77759904","0.30683887","0.30175305","2.14113078","3.2000922","888","1.16602194","29.34296036","19.84634972","1012.37200928","959.75982666","24.48295975","0",""
"2013-04-30 13:00:00","11.78949907","9.0476949","0.25640718","0.22497159","1.54220016","3.75487892","77.12071991","2.34522009","29.04693985","22.0879097","1011.88000488","795.07720947","24.48295975","0",""
"2013-04-30 14:00:00","11.64812962","8.9115127","0.25857175","0.13195575","0.6742832","3.07623889","74.86045074","2.31340289","28.27124977","24.41045952","1011.28100586","361.48339844","24.48295975","0",""
"2013-04-30 15:00:00","13.09166285","10.50160455","0.25319994","0.09630685","0.68323179","3.27619533","64.97527313","1.856861","28.10844994","25.95000076","1010.86700439","235.59710693","24.48295975","0",""
"2013-04-30 16:00:00","28.874546","24.7825792","0.29745829","0.1599263","0.95377514","2.87856358","262.72570801","1.13461804","26.60276031","20.11552048","1010.87701416","137.11120605","24.48295975","0",""
"2013-04-30 17:00:00","33.70188712","29.99901232","0.2808617","0.26303383","1.70963599","2.87532851","273.27590942","0.86017197","24.31398964","20.8099308","1011.13000488","66.12332153","24.48295975","0",""
"2013-04-30 18:00:00","38.9753552","35.5669284","0.34588501","0.23725695","1.79860721","2.55512707","276.14489746","0.63250899","22.74908066","28.27029991","1011.27099609","12.9242897","24.48295975","0",""
"2013-04-30 19:00:00","56.41707808","52.31734856","0.45652972","0.59094616","2.5996015","2.30132964","203.60310364","0.59695101","21.48974991","30.10173988","1011.54400635","0","24.48295975","0",""
"2013-04-30 20:00:00","80.94157552","74.73034792","0.55282279","0.84646741","3.55207997","2.91052688","199.27690125","0.83224303","20.69330978","31.90550041","1011.82000732","0","24.48295975","0",""
"2013-04-30 21:00:00","42.96227672","40.24639544","0.39315022","1.02427257","4.71466352","3.08270599","200.36590576","0.75779098","20.09733963","32.13933182","1012.00500488","0","24.48295975","0",""
"2013-04-30 22:00:00","37.86905288","35.7731376","0.34833034","0.56105754","2.79219791","2.86219904","187.34680176","0.55219197","19.52882957","35.39981079","1011.87701416","0","24.48295975","0",""
"2013-04-30 23:00:00","33.73171432","31.39584304","0.29172532","0.51356263","2.76613016","3.31462877","183.93200684","0.644467","19.36894035","37.40985107","1012.01000977","0","24.48295975","0",""
"2013-05-01 00:00:00","35.312728","32.9716752","0.33614328","0.40233842","2.46043929","2.67099388","102.84889984","0.45642599","18.65405083","37.56504059","1011.84100342","0","24.48295975","0",""
"2013-05-01 01:00:00","31.74084432","29.38424696","0.34644654","0.51882764","3.21694898","2.76345749","119.76329803","0.55171698","18.55887985","35.307621","1011.559021","0","28.02684975","0",""
"2013-05-01 02:00:00","29.72664792","27.63333296","0.31806364","0.60975964","3.39592775","2.65748405","152.93850708","0.41758999","18.01856995","36.19393158","1011.44702148","0","28.02684975","0",""
"2013-05-01 03:00:00","20.48312216","18.41833615","0.27135996","0.5157563","3.15780737","2.57605693","130.7677002","0.70852703","18.31698036","34.25769043","1011.28900146","0","28.02684975","0",""
"2013-05-01 04:00:00","13.35883808","11.43153443","0.23259458","0.36350834","2.29040909","2.74176895","101.57749939","0.34816301","17.32538986","35.29887009","1011.30401611","0","28.02684975","0",""
"2013-05-01 05:00:00","18.48837462","15.9657583","0.25929405","0.42504396","2.63228483","2.84203396","151.0223999","0.287736","17.76181984","34.51723099","1011.53900146","35.95135117","28.02684975","0",""
"2013-05-01 06:00:00","31.1221976","26.84736712","0.32215279","0.36208251","2.70711874","2.94020497","156.32600403","0.60855401","20.32051086","29.12745094","1011.65100098","188.01060486","28.02684975","0",""
"2013-05-01 07:00:00","40.00905888","33.55013168","0.40132852","0.75334173","3.51926748","3.44076728","196.875","0.51326603","23.16381073","23.9477005","1011.67401123","391.17520142","28.02684975","0",""
"2013-05-01 08:00:00","28.17546144","22.69186456","0.34692768","0.64277553","3.40980472","3.08936429","171.47940063","0.85505998","25.25037003","23.83942986","1011.559021","599.50341797","28.02684975","0",""
"2013-05-01 09:00:00","17.59994662","13.86984685","0.27953826","0.60032595","2.33982309","3.18240047","307.21990967","0.72801799","27.34737015","21.40427971","1011.53302002","755.01922607","28.02684975","0",""
"2013-05-01 10:00:00","11.90752492","9.15664066","0.2597752","0.33433061","1.42975454","3.25203242","316.03610229","0.98327398","28.74357986","19.02835083","1011.39001465","860.98071289","28.02684975","0",""
"2013-05-01 11:00:00","13.45870566","10.59368838","0.26394357","0.270163","1.08541562","4.9268504","60.6747818","1.48029006","29.57439995","19.82769966","1010.96600342","930.98590088","28.02684975","0",""
"2013-05-01 12:00:00","10.98018771","8.43682046","0.21643953","0.18361833","0.78984085","4.51342769","48.46133041","1.71728098","29.42436028","20.30422974","1010.58300781","912.41442871","28.02684975","0",""
"2013-05-01 13:00:00","8.27729274","6.0426045","0.22990926","0.04815292","0.53940053","4.1622159","50.90932083","1.516711","29.71326065","20.42041969","1010.0960083","806.85992432","28.02684975","0",""
"2013-05-01 14:00:00","7.54579786","5.47712285","0.20950312","0.02698304","0.33824403","3.94760754","55.11674118","2.01682091","29.17155075","20.46961021","1009.55700684","351.81719971","28.02684975","0",""
"2013-05-01 15:00:00","6.27735794","4.2566703","0.1985195","0.01480752","0.32540441","3.57794228","46.84209061","1.68592894","28.02408028","22.05072975","1009.11102295","119.54720306","28.02684975","0",""
"2013-05-01 16:00:00","12.93861872","10.50290089","0.22425668","0.02051187","0.38739869","3.12969851","888","0.75620699","27.81339073","21.62290955","1009.10400391","104.13809967","28.02684975","0",""
"2013-05-01 17:00:00","15.28354906","13.01124986","0.19527264","0.05484478","0.88594531","3.11999633","245.89880371","0.68499601","26.73048973","20.98859978","1009","56.34717178","28.02684975","0",""
"2013-05-01 18:00:00","17.24976382","15.22907618","0.21547724","0.01557536","0.81279657","2.81463598","283.06509399","0.60252798","24.78931046","23.7304306","1008.93200684","11.74602985","28.02684975","0",""
"2013-05-01 19:00:00","38.778228","35.97028392","0.33826824","0.16837249","1.47878004","2.58347798","212.33450317","0.577052","23.11421967","29.47686958","1009.3170166","0","28.02684975","0",""
"2013-05-01 20:00:00","46.74425096","43.77416928","0.35185913","0.47253888","2.88428116","2.93640037","192.12080383","0.57138503","21.92708015","37.13180161","1009.5880127","0","28.02684975","0",""
"2013-05-01 21:00:00","42.3280472","40.04278656","0.35354255","0.65198955","3.29204222","2.58309661","287.2756958","0.199571","20.76379967","40.82186127","1009.36199951","0","28.02684975","0",""
"2013-05-01 22:00:00","51.65719232","49.4938408","0.39238831","0.77396344","4.21015118","2.62343083","77.35468292","0.45122901","20.13207054","44.0724411","1009.21099854","0","28.02684975","0",""
"2013-05-01 23:00:00","65.52313104","62.06541288","0.40228965","0.94047075","4.86160781","2.64226567","194.21150208","0.227294","19.67873955","47.23389053","1009.13201904","0","28.02684975","0",""
"2013-05-02 00:00:00","53.05144184","50.82451632","0.41074871","0.98270066","5.44030624","2.71665617","173.41960144","0.36313501","19.61972046","44.96417999","1008.60400391","0","28.02684975","0",""
"2013-05-02 01:00:00","24.25989576","22.47655424","0.26153901","0.77780262","4.40456293","2.66243176","168.91090393","0.47589099","19.62602997","37.4430809","1007.71002197","0","40.60750961","0",""
"2013-05-02 02:00:00","","","0.24550278","0.46080168","2.94005039","2.98396343","189.48080444","0.25641","18.78874969","37.65744019","1007.36700439","0","40.60750961","0",""
"2013-05-02 03:00:00","22.54140928","20.71007656","0.22008714","","","","201.206604","0.73781002","18.5976696","35.87416077","1007.25500488","0","40.60750961","0",""
"2013-05-02 04:00:00","18.244543","16.32372294","","0.76025225","0.07587125","1.57616897","193.11070251","0.399912","18.44911957","32.94363022","1006.99700928","0.24521799","40.60750961","0",""
"2013-05-02 05:00:00","45.57697496","41.77035504","0.30787688","0.2868357","1.99898571","1.41396154","200.89770508","0.65152901","19.24603081","33.03404999","1006.9710083","49.32437134","40.60750961","0",""
"2013-05-02 06:00:00","73.75245552","58.11353832","0.50960945","0.54021616","3.04990164","1.84964027","200.13850403","0.839571","20.18428993","36.05738068","1007.64300537","194.8473053","40.60750961","0",""
"2013-05-02 07:00:00","80.58489192","57.9397184","0.56138205","1.04642995","4.1626827","2.18896029","174.89720154","0.94677401","21.42728043","44.26950073","1007.6550293","336.99310303","40.60750961","0",""
"2013-05-02 08:00:00","62.50639656","45.88176688","0.37492147","1.01604605","4.73606323","2.34372938","195.70210266","1.42746699","24.29092979","36.11328125","1007.47601318","574.67230225","40.60750961","0",""
"2013-05-02 09:00:00","31.09623264","24.48168776","0.27489457","0.60690695","3.17531706","2.53533422","185.39610291","1.21506298","26.18227005","32.02442169","1007.60302734","683.41357422","40.60750961","0",""
"2013-05-02 10:00:00","25.77477336","19.80868328","0.25618467","0.25809731","1.84049846","3.08368231","149.15870667","1.15080202","28.06430054","23.22430992","1007.64202881","754.59301758","40.60750961","0",""
"2013-05-02 11:00:00","16.76210057","13.03070446","0.28876739","0.18142466","1.55037074","2.64723676","331.21969604","2.50557303","23.8267498","47.1366806","1008.04101563","801.7175293","40.60750961","0",""
"2013-05-02 12:00:00","15.93074002","12.49505384","0.26509925","0.26358199","1.22807937","2.76874792","49.14593124","1.795928","23.28062057","51.04957962","1008.06201172","482.53561401","40.60750961","0",""
"2013-05-02 13:00:00","9.90629188","7.89598258","0.22967859","0.22694558","1.06868496","2.08407911","336.07751465","2.23945999","22.04393959","61.84249115","1007.96002197","399.54510498","40.60750961","0",""
"2013-05-02 14:00:00","11.80506275","9.32395213","0.22424153","0.03948808","1.12626953","2.70564714","357.01049805","1.59004402","21.8111496","61.95196152","1007.18701172","210.95120239","40.60750961","0",""
"2013-05-02 15:00:00","15.20573066","12.53007212","0.22044363","0.1648618","0.91953581","3.01180279","46.4277916","1.86800098","21.58757019","60.57746124","1006.60900879","203.89700317","40.60750961","0",""
"2013-05-02 16:00:00","18.38331978","14.89834798","0.24059231","0.07371114","1.03510463","4.97236013","66.05944061","1.47602606","22.78232002","46.61320114","1006.41601563","130.32040405","40.60750961","0",""
"2013-05-02 17:00:00","20.7956768","18.07463886","0.26721838","0.15104077","1.072576","4.62052898","355.17550659","0.69635099","22.89612961","45.4323616","1006.14300537","49.80260086","40.60750961","0",""
"2013-05-02 18:00:00","26.23000144","23.26252008","0.27129588","0.32928528","1.60263843","3.47071793","46.21646118","1.18905401","21.40834999","56.33699036","1006.07299805","11.51811028","40.60750961","0",""
"2013-05-02 19:00:00","50.37837024","47.36939848","0.45084102","0.38347104","2.32296224","2.29183187","113.43659973","1.05647504","20.23748016","66.30802155","1006.12200928","0","40.60750961","0",""
"2013-05-02 20:00:00","64.66974808","60.61150896","0.51016981","1.08690451","5.25652824","2.54050465","164.84210205","0.65720803","19.95828056","70.31488037","1006.04699707","0","40.60750961","0",""
"2013-05-02 21:00:00","66.75398104","63.9538188","0.54854957","1.12057942","4.71116199","2.18216063","193.97860718","0.388239","19.37206078","74.28170013","1005.97302246","0","40.60750961","0",""
"2013-05-02 22:00:00","38.90793808","36.31784728","0.37216275","1.23257146","5.27014688","2.09914394","200.38470459","0.74192703","19.15974045","65.21646118","1006.13299561","0","40.60750961","0",""
"2013-05-02 23:00:00","26.37137472","24.27157808","0.28097121","0.55480503","2.63319301","2.24644418","199.24830627","0.87927097","18.72229004","56.95915985","1005.88800049","0","40.60750961","0",""
"2013-05-03 00:00:00","17.40021336","15.36396204","0.2855683","0.31228307","1.78745276","2.01293488","196.41140747","0.747536","18.46986961","59.52639008","1005.934021","0","40.60750961","0",""
"2013-05-03 01:00:00","11.52621476","9.62095838","0.21732493","0.18581302","1.40991185","2.1218688","341.25790405","0.85547602","17.99789047","63.83184052","1005.50799561","0","39.25098038","0",""
"2013-05-03 02:00:00","9.41992688","7.44204127","0.21368663","0.1425956","1.33598612","1.84979994","326.92800903","0.64010602","16.26943016","79.32601166","1005.89801025","0","39.25098038","0",""
"2013-05-03 03:00:00","9.86219542","7.92451535","0.21068792","0.2165254","1.22522668","1.82273554","333.41400146","1.06796002","16.8103199","85.78497314","1005.88800049","0","39.25098038","0",""
"2013-05-03 04:00:00","12.29013142","10.41340973","0.20185256","0.14961494","0.94404856","1.61705644","888","0.94613999","16.9979496","90.59020996","1005.4630127","0","39.25098038","0",""
"2013-05-03 05:00:00","16.42488878","14.32897732","0.24295143","0.09213817","0.79775209","1.85146172","321.03570557","0.82401198","16.77289009","95.79826355","1006.35900879","11.18233013","39.25098038","0",""
"2013-05-03 06:00:00","27.54643256","24.17041416","0.28033162","0.08204749","0.9321161","1.93323462","318.48840332","0.84100902","17.23435974","91.30944061","1006.70300293","56.58018112","39.25098038","0",""
"2013-05-03 07:00:00","27.2014504","22.61404616","0.26805835","0.25996249","1.74582085","2.22812394","333.96411133","1.68873894","18.04191971","84.58525085","1007.24200439","181.74490356","39.25098038","0",""
"2013-05-03 08:00:00","17.32239496","13.65325166","0.23594629","0.23626944","1.70146541","2.58238064","332.43789673","2.28491998","18.35672951","81.9183197","1007.90301514","139.56840515","39.25098038","0",""
"2013-05-03 09:00:00","11.7479972","9.00748936","0.21068792","0.06054811","0.95533115","1.58491517","337.87060547","1.712044","17.9540596","92.49220276","1007.88201904","166.72770691","39.25098038","0",""
"2013-05-03 10:00:00","11.58976582","8.72215395","0.19769468","0.08149831","1.11524525","1.9446596","335.70159912","1.52493596","18.1865406","89.72174072","1007.61199951","183.99360657","39.25098038","0",""
"2013-05-03 11:00:00","10.76748345","7.93489178","0.18082431","","","2.0112731","334.87460327","2.48079491","18.67345047","85.38610077","1007.54400635","290.94219971","39.25098038","0",""
"2013-05-03 12:00:00","12.46263014","8.95820374","0.17220098","0.05967044","0.72901408","1.99786701","336.17840576","2.62796998","19.73558044","76.75112152","1007.34802246","474.37710571","39.25098038","0",""
"2013-05-03 13:00:00","8.50037151","5.88956228","0.14650574","0.15356395","0.88815017","2.99673797","3.36044312","1.94049895","21.80368996","63.28068161","1006.68701172","768.94171143","39.25098038","0",""
"2013-05-03 14:00:00","8.09052858","5.35261341","0.16923023","","","2.62767273","335.49301147","2.30346394","21.72397995","60.30083084","1006.32000732","382.0552063","39.25098038","0",""
"2013-05-03 15:00:00","8.75847048","6.51081314","0.15959568","","","2.08490695","337.01541138","2.4102819","20.18091011","68.9984436","1006.24700928","145.93400574","39.25098038","0",""
"2013-05-03 16:00:00","13.08906826","9.8777591","0.15579778","","","2.07159747","336.78799438","2.29598689","19.49986076","74.00717926","1006.21002197","161.91900635","39.25098038","0",""
"2013-05-03 17:00:00","13.61045154","10.66502319","0.16887025","","","2.72632885","339.5151062","1.89044499","19.56837082","72.33393097","1006.01501465","57.30768967","39.25098038","0",""
"2013-05-03 18:00:00","10.97110954","8.64693014","0.17557133","","","1.65762254","338.77929688","1.24103796","18.08308983","81.86154175","1006.39599609","6.91188478","39.25098038","0",""
"2013-05-03 19:00:00","15.0773303","13.04497181","0.23123736","","","1.60365137","330.3125","1.17321801","17.2233696","91.70973969","1006.90802002","0","39.25098038","0",""
"2013-05-03 20:00:00","16.93978655","14.83220234","0.19265838","0.16102263","1.22522668","1.6816573","338.42120361","1.05596006","16.87619972","95.53697205","1006.92102051","0","39.25098038","0",""
"2013-05-03 21:00:00","15.6220591","13.67659718","0.16780311","0.07052997","0.98198571","1.76228404","335.8973999","0.84274101","16.55208969","98.85787964","1006.76800537","0","39.25098038","0",""
"2013-05-03 22:00:00","11.75577713","9.86349367","0.16411239","0.07425931","0.89061436","1.59914911","338.39630127","1.14267802","16.23373985","99.19805908","1006.74700928","0","39.25098038","0",""
"2013-05-03 23:00:00","12.74407272","10.85567827","0.19951441","0.05473494","0.62253519","1.59174433","322.29330444","0.61719501","15.91092968","99.19895172","1007.10101318","0","39.25098038","0",""
"2013-05-04 00:00:00","17.19529094","15.14866319","0.17230467","0.175941","1.11874678","1.57948948","323.95541382","0.60747802","15.80138016","99.19799042","1007.07800293","0","39.25098038","0",""
"2013-05-04 01:00:00","24.31436864","22.17696296","0.1940692","0.11462505","1.28229157","1.55743278","309.23361206","0.233245","15.63397026","99.1999588","1006.81799316","0","37.4418602","0",""
"2013-05-04 02:00:00","","","0.22032364","0.07096829","1.52261681","1.57316882","320.19650269","0.35500801","15.63166046","99.19982147","1006.96801758","0","37.4418602","0",""
"2013-05-04 03:00:00","14.81144949","12.80762378","0.18114352","0.19009052","1.64452968","","337.63549805","0.44268399","15.40326977","99.19827271","1006.9710083","0","37.4418602","0.2",""
"2013-05-04 04:00:00","12.15265288","10.1501235","","0.11297955","1.55685614","2.7641043","337.31680298","0.54274398","14.90902996","99.19882202","1006.96899414","0.14245","37.4418602","0",""
"2013-05-04 05:00:00","13.59229519","11.32647959","0.2179249","0.13038143","1.07134034","2.52177964","334.98880005","0.52537","14.30313969","99.19982147","1007.54400635","35.00202179","37.4418602","0",""
"2013-05-04 06:00:00","23.82671304","16.85159173","0.21218495","0.62807683","1.29655805","2.87727504","337.49700928","0.52100801","14.82376957","99.19644165","1007.96099854","193.16940308","37.4418602","0",""
"2013-05-04 07:00:00","24.0407232","17.62329214","0.27689138","0.20533739","1.59472617","2.91071604","336.35980225","0.56873798","17.31644058","96.16387177","1007.94702148","439.18600464","37.4418602","0",""
"2013-05-04 08:00:00","14.0851457","10.43416066","0.25541577","0.44325233","2.25150071","3.59780937","62.20000076","1.02405906","21.42712975","61.28693008","1007.85302734","629.19812012","37.4418602","0",""
"2013-05-04 09:00:00","9.43808514","6.9115779","0.20484312","0.15257644","0.99994694","4.16843282","344.95840454","1.01157105","23.54368019","47.38719177","1008.05999756","777.86120605","37.4418602","0",""
"2013-05-04 10:00:00","8.77922142","6.09059378","0.18344323","","","3.53633783","10","1.09795201","25.14352989","40.35551071","1007.87902832","887.21710205","37.4418602","0",""
"2013-05-04 11:00:00","9.58075094","6.82208674","0.22069411","","","3.50215951","66.01651001","1.56039202","25.88657951","38.23585129","1007.79699707","925.97967529","37.4418602","0",""
"2013-05-04 12:00:00","11.57938939","8.37197115","0.20415693","","","3.36224471","55.29999161","1.874336","25.9833107","39.01139069","1007.61700439","920.38562012","37.4418602","0",""
"2013-05-04 13:00:00","8.31101468","6.02055722","0.17597791","","","3.85579888","48.54375076","1.86861801","26.1392498","39.09617996","1007.29400635","812.89782715","37.4418602","0",""
"2013-05-04 14:00:00","7.12298392","5.19049302","0.19987556","","","3.40394985","48.24861145","1.66022396","25.7328701","39.31595993","1006.95001221","338.12060547","37.4418602","0",""
"2013-05-04 15:00:00","6.96475445","4.92591046","0.19694675","","","3.14342903","52.92612076","1.44174802","25.19766045","39.20111084","1006.70501709","88.62026978","37.4418602","0",""
"2013-05-04 16:00:00","7.82853869","5.72095447","0.16834017","","","2.84018099","48.64088058","1.43187702","25.03215027","39.39464951","1006.44500732","92.93447113","37.4418602","0",""
"2013-05-04 17:00:00","12.38740442","10.15531267","0.19119048","","","2.89470032","40.98698044","1.10367095","23.84160995","47.03139114","1006.16900635","60.87504959","37.4418602","0",""
"2013-05-04 18:00:00","26.4738388","23.85914056","0.34167936","0.12811658","1.1599902","3.29709061","35.35971069","0.705809","22.54965019","57.42240143","1006.54901123","13.75864029","37.4418602","0",""
"2013-05-04 19:00:00","49.36543088","46.49913256","0.39988276","0.66866225","3.11124708","2.91481556","42.65568161","0.51823097","21.2588501","64.98982239","1007.22900391","0","37.4418602","0",""
"2013-05-04 20:00:00","59.9785796","56.06817632","0.47049108","0.80906316","3.91781859","2.76724378","294.17190552","0.49113601","20.84378052","64.62271118","1007.90802002","0","37.4418602","0",""
"2013-05-04 21:00:00","45.57957528","42.86371312","0.44692779","0.82847871","4.07967821","2.90331635","193.81010437","0.42769","20.31501961","66.04647064","1008.55700684","0","37.4418602","0",""
"2013-05-04 22:00:00","43.2294596","40.93119736","0.39795701","0.88411166","3.31350397","3.06504782","190.36740112","0.453545","19.92115974","62.76807022","1008.56402588","0","37.4418602","0",""
"2013-05-04 23:00:00","40.62252408","37.98448032","0.38655632","0.65187971","2.59778615","2.85690047","64.4233017","0.59027499","19.53145981","64.18186188","1008.41601563","0","37.4418602","0",""
"2013-05-05 00:00:00","37.1284588","34.60196112","0.41622072","0.78164179","3.65570617","2.82698236","57.71147156","1.202806","19.04516983","69.35794067","1007.83300781","0","37.4418602","0",""
"2013-05-05 01:00:00","22.82673704","20.64004","0.25397117","0.78833264","3.46051539","3.02824157","108.84420013","1.274382","18.63850975","71.30267334","1007.32702637","0","40.57318115","0",""
"2013-05-05 02:00:00","17.63626123","15.66097021","0.14231407","0.20566588","1.4396113","3.52208559","96.85294342","1.55850697","18.3798008","73.55236053","1007.34002686","0","40.57318115","0",""
"2013-05-05 03:00:00","10.67021045","8.66119748","0.11921795","0.04080407","0.83043542","3.17687307","80.83895111","1.89347196","18.29453087","82.01316071","1006.86700439","0","40.57318115","0",""
"2013-05-05 04:00:00","8.34992388","6.40446006","0.12548099","","","2.7866217","73.85305023","0.93890202","18.06430054","86.16944122","1007.09802246","0.010175","40.57318115","0",""
"2013-05-05 05:00:00","16.73745871","14.44570492","0.1378661","","","2.65602568","299.63830566","0.45916501","17.43128014","83.93312073","1007.87701416","34.07406998","40.57318115","0",""
"2013-05-05 06:00:00","21.6698432","17.35222407","0.19903326","0.11352771","1.60004407","3.00203959","310.51300049","0.83722401","18.7114296","77.37654114","1007.91802979","211.26870728","40.57318115","0",""
"2013-05-05 07:00:00","14.68694196","11.28757039","0.1937197","0.27060234","1.71728789","3.75431957","336.0703125","1.50806403","20.80138016","68.47775269","1008.04602051","384.61419678","40.57318115","0",""
"2013-05-05 08:00:00","12.5456358","9.34989032","0.14967105","0.21828074","0.79074903","4.97782651","337.48620605","2.28501701","22.20825005","58.17189026","1008.0960083","613.11651611","40.57318115","0",""
"2013-05-05 09:00:00","11.47822547","8.17612882","0.16626764","0.06658096","0.58453397","4.60612216","332.61590576","2.10852289","23.16699982","54.0368309","1008.32202148","719.57250977","40.57318115","0",""
"2013-05-05 10:00:00","8.8401798","6.05168458","0.14490969","0.20895689","0.59646643","4.21587282","336.75820923","2.16331911","23.55838966","54.38304138","1008.53302002","728.17651367","40.57318115","0",""
"2013-05-05 11:00:00","8.81034878","6.2176959","0.11307723","","","4.23615078","42.21578979","2.28095889","23.94234085","56.22750092","1008.17700195","826.68377686","40.57318115","0",""
"2013-05-05 12:00:00","7.2423061","4.94017589","0.12227025","","","3.75290899","347.51660156","2.02224898","23.93128014","54.86182022","1008.42102051","790.48321533","40.57318115","0",""
"2013-05-05 13:00:00","6.22677598","4.10881534","0.11727939","","","3.7175774","51.54391098","1.47626996","24.31088066","52.82450104","1008.2800293","462.42370605","40.57318115","0",""
"2013-05-05 14:00:00","6.66644994","4.5679439","0.08870427","","","3.41564128","51.9577713","1.99219704","23.60283089","56.25695038","1007.80700684","317.01361084","40.57318115","0",""
"2013-05-05 15:00:00","6.55750418","4.36821065","0.11547247","","","2.92064603","72.52893066","2.045434","23.47155952","57.36188126","1006.99200439","229.26330566","40.57318115","0",""
"2013-05-05 16:00:00","11.07227154","8.27469815","0.11477231","","","3.46314535","80.3900528","1.87899899","23.7221508","56.64332962","1007.13299561","163.13780212","40.57318115","0",""
"2013-05-05 17:00:00","20.19777528","16.83862072","0.18424708","","","3.47185697","132.84620667","2.26398802","24.12080956","52.47238159","1007.42401123","56.19149017","40.57318115","0",""
"2013-05-05 18:00:00","26.49718432","23.0887384","0.18199863","0.27027284","1.37580167","3.10422368","155.58990479","2.09243393","23.43445969","52.67765045","1007.41101074","8.36589336","40.57318115","0",""
"2013-05-05 19:00:00","42.02197424","37.35155096","0.32064528","0.30274056","1.79289981","3.13753653","194.3881073","1.549196","22.68185997","52.29737091","1008.05603027","0","40.57318115","0",""
"2013-05-05 20:00:00","39.29961128","34.71480736","0.35307888","1.0227369","2.6829955","3.49700433","111.73120117","1.50249398","22.64846992","52.80572128","1008.15100098","0","40.57318115","0",""
"2013-05-05 21:00:00","23.65811288","20.834586","0.15300994","0.91886153","2.58053682","3.01719187","126.34100342","2.09621","22.37593079","53.12324142","1008.24200439","0","40.57318115","0",""
"2013-05-05 22:00:00","16.87364091","14.42884299","0.12119728","0.18043817","1.36529708","3.36035411","137.79440308","2.8050909","22.16822052","55.03886032","1008.26202393","0","40.57318115","0",""
"2013-05-05 23:00:00","14.26282977","11.7739373","0.11468027","","","2.83201142","152.0769043","2.55013895","21.96120071","58.16822052","1008.81799316","0","40.57318115","0",""
"2013-05-06 00:00:00","9.70007312","7.6664183","0.08463376","","","2.68860425","143.87330627","2.35320807","22.00955963","55.69726181","1008.07800293","0","40.57318115","0",""
"2013-05-06 01:00:00","6.4057583","4.3928525","0.06274807","","","2.66422575","138.11250305","3.00929308","21.58600998","57.23334122","1007.61901855","0","44.40468979","0.2",""
"2013-05-06 02:00:00","","","0.05155708","","","2.4471115","134.76190186","2.03170705","21.46553993","56.68362045","1007.16900635","0","44.40468979","0",""
"2013-05-06 03:00:00","11.30572866","9.24483548","0.05134155","","","","125.88880157","1.79468703","21.7911396","53.43420029","1006.95300293","0","44.40468979","0",""
"2013-05-06 04:00:00","10.57553203","8.51982611","","","","2.55763805","71.42816925","1.19459605","20.67616081","59.50691986","1006.71600342","0.033578","44.40468979","0",""
"2013-05-06 05:00:00","15.68431573","13.44184565","0.15027918","","","2.17204351","84.19113159","1.62220705","20.0391407","68.36650085","1006.85601807","41.90781021","44.40468979","0",""
"2013-05-06 06:00:00","21.91368056","17.21474554","0.20174189","","","2.8208051","89.52587128","1.92425799","21.54253006","62.92462158","1006.92700195","215.17700195","44.40468979","0",""
"2013-05-06 07:00:00","43.6392968","30.40496816","0.35433708","","","3.12680413","149.67930603","2.3903451","23.30842972","54.07556152","1006.89501953","391.9382019","44.40468979","0",""
"2013-05-06 08:00:00","31.91980752","22.52454544","0.29592631","0.44127732","3.12408772","2.93239339","144.103302","2.91557407","25.51856995","46.81256104","1006.76300049","576.13641357","44.40468979","0",""
"2013-05-06 09:00:00","26.2702108","18.91507758","0.25332576","0.25524564","1.93089552","2.69283192","148.77690125","4.07083702","27.57555962","37.45652008","1006.48101807","644.73242188","44.40468979","0",""
"2013-05-06 10:00:00","27.29611352","20.54665792","0.25097013","0.21959674","1.90456743","3.09700298","189.23680115","3.35563397","27.15283012","36.97612","1006.82299805","655.69592285","44.40468979","0",""
"2013-05-06 11:00:00","26.71767616","20.4753212","0.2562802","0.14413127","1.77163027","3.12499692","184.86740112","3.46825099","26.98582077","38.43365097","1006.51202393","654.22247314","44.40468979","0",""
"2013-05-06 12:00:00","26.5698212","19.64008312","0.27424683","0.22595909","1.99509467","3.52271613","186.0749054","4.38578415","27.23917961","37.89458084","1006.2130127","941.6472168","44.40468979","0",""
"2013-05-06 13:00:00","17.85804367","13.22265779","0.19794981","0.21444157","1.61794225","3.08616684","161.36700439","5.25469398","27.08357048","38.05942154","1005.86199951","861.10601807","44.40468979","0",""
"2013-05-06 14:00:00","15.34839836","11.65202054","0.19287857","0.00120616","0.88257294","2.66664621","162.86500549","5.22272301","26.3386898","39.16421127","1005.32702637","346.00720215","44.40468979","0",""
"2013-05-06 15:00:00","22.21717232","17.25495107","0.27762649","0.03148022","0.78880351","3.1665373","183.45370483","3.16179609","25.42897987","46.27268982","1005.03601074","105.39170074","44.40468979","0",""
"2013-05-06 16:00:00","28.85248152","23.03036504","0.26893676","0.10859221","1.61781207","2.11308701","200.73910522","2.5831399","23.74736977","56.16585159","1005.42102051","127.02259827","44.40468979","0",""
"2013-05-06 17:00:00","35.1480092","29.22212848","0.28989744","0.32961479","2.78519485","2.27524766","193.8921051","1.58670902","23.51275063","54.7481308","1005.65002441","72.44403076","44.40468979","0",""
"2013-05-06 18:00:00","30.59173232","26.06270144","0.28790063","0.28990704","2.27795898","2.09218969","200.0164032","1.12439799","22.38624001","55.45109177","1006.17700195","20.09259033","44.40468979","0",""
"2013-05-06 19:00:00","35.70182","31.49832624","0.31916224","0.29319805","2.14943153","2.48358824","196.11749268","1.26724195","21.19617081","60.50128174","1006.54602051","0","44.40468979","0",""
"2013-05-06 20:00:00","27.86678816","24.63992488","0.19451539","0.25403846","2.26045031","2.19513551","191.63470459","1.32163095","20.34350967","64.08695984","1007.03900146","0","44.40468979","0",""
"2013-05-06 21:00:00","17.50267362","14.94374268","0.18425524","0.1402921","1.5157429","2.55067058","153.66200256","1.48245096","19.71813965","66.72695923","1007.17700195","0","44.40468979","0",""
"2013-05-06 22:00:00","14.48850313","12.0333307","0.17678875","0.11243037","1.29565088","2.58021341","158.83050537","1.86315799","19.2530098","68.66802216","1007.21002197","0","44.40468979","0",""
"2013-05-06 23:00:00","12.02165794","10.03209766","0.17937039","0.03169989","1.088788","2.13888931","166.0388031","1.09083998","18.41303062","71.79444885","1007.23699951","0","44.40468979","0",""
"2013-05-07 00:00:00","10.45231893","8.48869875","0.16201655","0.04003624","1.0798384","2.18429836","49.82461166","0.89955902","17.11367989","78.15106964","1007.08599854","0","44.40468979","0",""
"2013-05-07 01:00:00","8.70529394","6.65477718","0.1571853","0.10848237","1.1105762","2.72934019","339.61889648","0.71909398","17.26881981","81.00466919","1007.03100586","0","24.49584961","0","7.73395681"
"2013-05-07 02:00:00","8.16834698","6.04390083","0.12048081","0.1592683","1.36659375","2.65219667","333.65209961","1.15948701","17.96113014","77.77615356","1007.17901611","0","24.49584961","0","7.73395681"
"2013-05-07 03:00:00","9.22797546","7.22025692","0.12426123","0.04201125","0.71824913","2.26183037","335.48840332","1.187837","17.95351982","77.93202972","1007.12402344","0","24.49584961","0","7.73395681"
"2013-05-07 04:00:00","6.15673942","4.1529118","0.13506777","0.19316186","0.57688206","2.49868154","331.73800659","1.82155299","17.71121979","73.99015045","1007.36901855","0.112943","24.49584961","0","7.73395681"
"2013-05-07 05:00:00","11.65202054","9.41603596","0.11171069","0.00636235","0.29842746","2.38425582","333.40490723","0.80929202","17.3365097","74.48126984","1007.92102051","22.66584969","24.49584961","0","7.73395681"
"2013-05-07 06:00:00","15.35488386","13.01643712","0.17080065","0.22705542","0.71371026","2.48462151","326.78781128","0.87952501","17.78055954","69.03546143","1008.37902832","88.33026886","24.49584961","0","7.73395681"
"2013-05-07 07:00:00","15.58315181","11.39262523","0.2044575","0.41813345","2.08652907","2.64239381","326.24850464","1.42903399","19.23463058","60.94240952","1008.58502197","336.42129517","24.49584961","0","7.73395681"
"2013-05-07 08:00:00","14.08644203","10.67669595","0.39262481","","","2.88014705","325.40890503","1.86029696","20.22941017","47.27037048","1008.61602783","400.96051025","24.49584961","0","7.73395681"
"2013-05-07 09:00:00","40.23840328","5.38414038","0.62371188","","","3.03288723","337.1026001","1.96007001","21.8635807","39.29859161","1008.37701416","695.51977539","24.49584961","0","7.73395681"
"2013-05-07 10:00:00","9.74806241","7.75331487","0.65469389","0.76014241","4.12156946","3.53316682","327.70700073","1.68423998","22.89307976","40.45401001","1008.20501709","760.15570068","24.49584961","0","7.73395681"
"2013-05-07 11:00:00","10.67280503","8.57040807","0.65860712","0.61963166","1.49252683","2.475976","347.51980591","1.46761096","22.70309067","41.26556015","1008.07299805","544.40270996","24.49584961","0","7.73395681"
"2013-05-07 12:00:00","11.40429799","8.33954746","0.61987903","0.64485936","1.19384003","2.36064718","45.75342178","1.93754494","22.33801079","44.39431","1007.75201416","468.64770508","24.49584961","0","7.73395681"
"2013-05-07 13:00:00","7.35644103","4.8558739","0.62530909","0.43743814","1.15700734","2.70315447","54.38196182","1.95003903","22.35300064","44.85720062","1007.58502197","497.2059021","24.49584961","0","7.73395681"
"2013-05-07 14:00:00","9.0347258","6.69628097","0.59488628","0.20709171","0.51462844","3.18459719","74.37911987","1.41246998","22.57583046","43.35361099","1006.99499512","262.70739746","24.49584961","0","7.73395681"
"2013-05-07 15:00:00","9.66116392","6.99847448","0.60315079","0.2884812","0.90047112","2.62665573","299.27911377","1.42780995","23.04557991","39.5678215","1006.47601318","116.44779968","24.49584961","0","7.73395681"
"2013-05-07 16:00:00","22.22495416","17.12525246","0.67126252","0.27422185","1.08787982","2.24763916","234.62260437","1.39852405","22.87593079","34.88692093","1006.29602051","120.4190979","24.49584961","0","7.73395681"
"2013-05-07 17:00:00","22.90845592","18.77889538","0.65389586","0.55919237","2.32685329","2.19719799","271.76190186","1.32618999","22.15830994","36.87247086","1006.375","79.01605988","24.49584961","0","7.73395681"
"2013-05-07 18:00:00","18.92934492","15.47550238","0.64511176","0.46310519","1.99366781","2.29691993","51.24494171","1.10002697","19.85897064","54.25273132","1007.02600098","9.4820919","24.49584961","0","7.73395681"
"2013-05-07 19:00:00","26.35192968","24.07961328","0.64802659","0.49316059","2.35642358","2.20816532","266.39660645","0.477451","19.19989967","57.5240097","1007.46002197","0","24.49584961","0","7.73395681"
"2013-05-07 20:00:00","27.10026736","24.54524264","0.65118025","0.58661475","2.52502692","2.27795491","221.78590393","0.44985899","18.71224976","58.25843048","1007.74200439","0","24.49584961","0","7.73395681"
"2013-05-07 21:00:00","14.96578995","12.9541824","0.6647956","0.46782203","2.07085913","2.02046373","290.46011353","0.52166802","18.01321983","67.44213104","1007.82299805","0","24.49584961","0","7.73395681"
"2013-05-07 22:00:00","23.77354032","21.31447888","0.73242851","0.40135091","1.76086533","2.19449074","196.44070435","0.726255","17.78116989","68.78069305","1007.72802734","0","24.49584961","0","7.73395681"
"2013-05-07 23:00:00","20.13812088","17.85026374","0.70987062","0.54844369","2.43968842","2.15798247","195.36830139","0.46030799","17.03417969","71.75356293","1007.65301514","0","24.49584961","0","7.73395681"
"2013-05-08 00:00:00","18.76852086","16.72189503","0.6483458","0.68204393","3.20475718","2.15824079","342.11950684","0.210225","16.39262009","75.55615997","1007.46502686","0","24.49584961","0","7.73395681"
"2013-05-08 01:00:00","14.64154726","12.48467933","0.59133303","0.68390911","3.87035114","2.15346699","9.65298462","0.38024199","15.52698994","79.48487091","1007.13299561","0","22.68848991","0","7.38461494"
"2013-05-08 02:00:00","","","0.58586336","0.64584687","3.41460394","2.23396457","330.52780151","0.23601","15.24018955","83.03050995","1006.65002441","0","22.68848991","0","7.38461494"
"2013-05-08 03:00:00","13.04497181","10.93738759","0.59117343","0.5266148","2.36628034","","311.82449341","0.41409901","15.15688992","85.16448975","1006.19799805","0","22.68848991","0","7.38461494"
"2013-05-08 04:00:00","22.11988976","19.44033648","0.65844752","0.62149582","2.45097203","2.79875756","331.51791382","0.87312597","14.89871979","90.9822998","1006.14001465","0.58404601","22.68848991","0","7.38461494"
"2013-05-08 05:00:00","15.74008494","13.14613573","0.67457694","1.33940832","2.07900734","3.02856295","332.36129761","1.10016203","14.93338013","99.04354095","1006.42401123","34.41899109","22.68848991","0","7.38461494"
"2013-05-08 06:00:00","16.54420905","12.63253429","0.55895302","1.19946607","1.36758533","3.54840148","336.13800049","1.46106803","17.35379982","90.6649704","1006.57202148","261.5881958","22.68848991","0","7.38461494"
"2013-05-08 07:00:00","15.31337817","11.12933901","0.54725526","0.3371833","0.92003515","5.08772658","334.1499939","2.381181","19.43243027","65.06124115","1006.47601318","481.10501099","22.68848991","0","7.38461494"
"2013-05-08 08:00:00","12.11374368","8.95950198","0.53839194","0.26687199","1.51405672","5.11532084","336.95489502","2.82955694","20.22948074","56.9800415","1006.41601563","675.5524292","22.68848991","0","7.38461494"
"2013-05-08 09:00:00","9.75973517","6.52378224","0.5357171","0.12274173","0.84898143","4.71115792","336.3828125","3.03628707","20.56735992","56.69216156","1006.44000244","714.07501221","22.68848991","0","7.38461494"
"2013-05-08 10:00:00","10.68188321","7.27343346","0.52541617","0.18120601","1.18541012","4.1184554","336.83459473","2.79572296","21.12820053","53.49396133","1006.45001221","834.75061035","22.68848991","0","7.38461494"
"2013-05-08 11:00:00","12.13968187","8.22671078","0.51619286","0.1968912","0.86337808","3.90839405","332.14120483","2.41758299","22.22451973","43.21136093","1006.0960083","862.71051025","22.68848991","0","7.38461494"
"2013-05-08 12:00:00","12.50931927","8.84925798","0.5189877","0.14895694","0.96985697","3.68336958","333.73919678","2.80076909","21.75280952","47.74250031","1005.63800049","829.10961914","22.68848991","0","7.38461494"
"2013-05-08 13:00:00","6.03741724","3.57057205","0.49507258","0.13853676","0.86065456","4.04504123","336.32629395","2.89389896","22.19412994","45.96411133","1005.19500732","905.81591797","22.68848991","0","7.38461494"
"2013-05-08 14:00:00","6.09059378","3.83256002","","0.00877468","0.31528831","4.01486175","331.91949463","2.95994711","21.84519958","48.10697174","1004.77502441","350.79660034","22.68848991","0","7.38461494"
"2013-05-08 15:00:00","5.57180318","3.47978264","0.24184119","","","2.93579322","334.64120483","3.10901499","21.15839005","46.13674164","1004.1550293","65.84554291","22.68848991","0","7.38461494"
"2013-05-08 16:00:00","8.8207252","6.30329614","0.29629096","0.05129545","2.55802044","3.80350678","335.13830566","2.45022702","21.49707985","42.54679108","1004.23101807","127.24150085","22.68848991","0","7.38461494"
"2013-05-08 17:00:00","7.62621085","5.4006027","0.26814106","0.09553901","2.06020097","3.70295192","338.0328064","2.36713696","20.39179993","51.63343048","1004.66900635","53.55921173","22.68848991","0","7.38461494"
"2013-05-08 18:00:00","9.48347985","7.01533641","0.30167442","0.04749492","1.43974148","3.61509532","336.41360474","2.08490801","18.97122955","69.56198883","1005.24700928","27.02684975","22.68848991","0","7.38461494"
"2013-05-08 19:00:00","10.43545891","7.96082997","0.32349487","0.33893762","1.54440501","3.40719815","333.94680786","1.90198696","17.85910988","82.85002136","1005.82800293","0","22.68848991","0","7.38461494"
"2013-05-08 20:00:00","8.51593519","6.4252129","0.30208567","0.22255825","1.69394266","3.12032889","333.33331299","1.33851099","17.42103958","87.20702362","1006.0670166","0","22.68848991","0","7.38461494"
"2013-05-08 21:00:00","7.71829659","5.7767256","0.26546972","0.13930459","1.2258918","3.17041411","327.31170654","1.13603497","16.90550041","89.12052917","1006.18701172","0","22.68848991","0","7.38461494"
"2013-05-08 22:00:00","9.27207192","7.31104633","0.36175464","0.07820832","1.09903325","3.28117964","328.87271118","1.10619497","16.61111069","90.8955307","1006.15899658","0","22.68848991","0","7.38461494"
"2013-05-08 23:00:00","8.34603105","6.16841218","0.30409879","0.72471318","2.89543561","3.31484946","333.94680786","1.23678803","16.36725044","92.33550262","1006.04901123","0","22.68848991","0","7.38461494"
"2013-05-09 00:00:00","7.21896058","5.20216578","0.27968854","0.68237344","2.77456008","3.05696369","331.15570068","0.92906499","16.21537018","95.51512146","1005.95300293","0","22.68848991","0","7.38461494"
"2013-05-09 01:00:00","7.51337417","5.41746271","0.26830533","0.34288664","1.66372454","3.15377294","334.2322998","1.04662895","16.31027031","94.09584045","1005.67102051","0","21.22846031","0","6.47361279"
"2013-05-09 02:00:00","7.56006521","5.29295327","0.26949712","0.18745751","1.45491613","3.41614673","329.57009888","0.92802799","16.20479012","94.16400146","1005.36401367","0","21.22846031","0","6.47361279"
"2013-05-09 03:00:00","7.35514278","5.28517143","0.27718146","0.36460467","1.52365415","3.36784127","329.11849976","0.94184899","16.11231995","93.09333038","1005.27502441","0","21.22846031","0","6.47361279"
"2013-05-09 04:00:00","6.64310442","4.58610217","0.27192149","0.08336349","1.21990879","3.03396017","329.70550537","1.40631998","15.98283005","95.73551178","1005.34802246","0.010175","21.22846031","0","6.47361279"
"2013-05-09 05:00:00","7.17875505","5.02966705","0.27718146","0.13151641","0.83043542","3.13771247","332.24630737","2.22157311","16.65180969","94.72154236","1005.54901123","33.5429306","21.22846031","0","6.47361279"
"2013-05-09 06:00:00","7.74942395","5.51992488","0.28498929","0.25129663","0.7086517","2.97586201","335.36740112","3.48168492","17.58205986","85.77545929","1005.91900635","95.01525116","21.22846031","0","6.47361279"
"2013-05-09 07:00:00","9.75714058","6.79874122","0.30874248","0.25667148","0.59132143","3.07725792","333.56750488","3.94930696","18.25844002","80.24806976","1006.05700684","191.04690552","21.22846031","0","6.47361279"
"2013-05-09 08:00:00","8.70918486","5.72095447","0.29727655","0.10584936","0.76766313","2.80557553","335.02600098","4.22683191","18.88488007","77.87403107","1006.28302002","358.62020874","21.22846031","0","6.47361279"
"2013-05-09 09:00:00","6.94529985","4.43565262","0.33290574","0.33564763","0.66390777","2.69167661","337.93060303","4.21940613","19.60770988","72.09870148","1006.54101563","436.87710571","21.22846031","0","6.47361279"
"2013-05-09 10:00:00","5.85584034","3.34619502","0.369891","0.10409504","0.56858233","3.69393723","338.37341309","3.96008301","20.02046967","70.17073059","1006.63702393","502.19259644","21.22846031","0","6.47361279"
"2013-05-09 11:00:00","5.82211839","3.18147814","0.47714789","0.06460696","0.54121587","3.60643658","334.81860352","4.19923782","20.83765984","65.65071106","1006.38500977","776.64331055","21.22846031","0","6.47361279"
"2013-05-09 12:00:00","7.33568818","4.30855051","0.54080232","0.0426184","0.70937784","3.54655969","337.45269775","4.34561396","21.27038002","63.03873062","1006.39300537","911.22711182","21.22846031","0","6.47361279"
"2013-05-09 13:00:00","5.64313607","3.07383062","0.50747517","0.01053002","0.54510692","4.01324574","332.1026001","4.34742498","20.9099102","64.21646118","1006.30102539","734.73040771","21.22846031","0","6.47361279"
"2013-05-09 14:00:00","5.47453018","3.2774548","0.49851632","","","3.90477252","331.95849609","4.36506319","21.0831604","61.44485092","1005.86102295","385.53421021","21.22846031","0","6.47361279"
"2013-05-09 15:00:00","5.94144058","3.62245034","0.5147902","","","3.03182447","338.5184021","4.36995697","20.38710976","67.23686981","1005.75","80.58708954","21.22846031","0","6.47361279"
"2013-05-09 16:00:00","6.98550538","4.48493825","0.51511873","","","3.70321024","337.17840576","3.59977293","20.31126976","67.76210022","1005.81402588","113.99160004","21.22846031","0","6.47361279"
"2013-05-09 17:00:00","7.28510622","5.02188521","0.52136546","0.08226615","0.54808978","3.16097838","340.68780518","3.53355098","19.56212997","74.34152985","1005.84399414","38.16136169","21.22846031","0","6.47361279"
"2013-05-09 18:00:00","9.35118857","7.05035469","0.56258316","0.16782331","0.6536615","3.60759698","338.88070679","2.81015611","18.65999985","81.10227966","1006.19500732","14.21753979","21.22846031","0","6.47361279"
"2013-05-09 19:00:00","11.59495307","9.60669104","0.6078271","0.46091152","1.17244031","3.17448414","329.39880371","1.85148799","17.88339043","89.95629883","1006.42199707","0","21.22846031","0","6.47361279"
"2013-05-09 20:00:00","9.49644894","7.39535023","0.51577579","0.66339724","1.06310773","3.38842535","339.1427002","1.599545","17.40299988","96.78761292","1006.89599609","0","21.22846031","0","6.47361279"
"2013-05-09 21:00:00","5.7183618","3.50831542","0.49370836","0.44105765","0.83977351","3.63383558","341.21789551","1.62426805","17.33827972","98.9369812","1007.12200928","0","21.22846031","0","6.47361279"
"2013-05-09 22:00:00","7.6897619","5.33186247","0.47266846","0.01634319","0.4565252","3.54859573","333.82580566","1.42632401","17.03412056","99.10439301","1007.0880127","0","21.22846031","0","6.47361279"
"2013-05-09 23:00:00","6.40316372","4.28650133","0.47040836","0.03071238","0.64004387","3.20508465","331.09460449","0.96993101","16.53371048","99.20571899","1006.90301514","0","21.22846031","0","6.47361279"
"2013-05-10 00:00:00","7.58989623","5.55105224","0.4770244","0.27455034","0.72421587","3.39575995","328.95089722","0.77221698","16.3207798","99.20980072","1006.5380249","0","21.22846031","0","6.47361279"
"2013-05-10 01:00:00","7.86744789","5.79358562","0.46827059","0.24734762","0.89204019","3.3521693","323.30670166","0.720541","15.96214962","99.2118988","1006.31500244","0","24.24257088","0","11.20376968"
"2013-05-10 02:00:00","","","0.47829774","0.09970668","0.95182962","3.33591764","284.17300415","0.65583199","15.73666954","99.21134949","1005.97900391","0","24.24257088","0","11.20376968"
"2013-05-10 03:00:00","9.10735694","7.33439185","0.44764193","0.27597617","1.23599061","","307.00311279","0.59510201","15.44824028","99.21408081","1005.72802734","0","24.24257088","0","11.20376968"
"2013-05-10 04:00:00","10.9633277","8.75976682","","0.22431359","1.1369043","1.82981284","315.51501465","0.61760598","15.26047993","99.2158432","1005.69702148","0.75498599","24.24257088","0","11.20376968"
"2013-05-10 05:00:00","16.21996635","13.53004047","0.30127366","0.4853724","1.24896041","1.78978677","326.11300659","0.85035503","15.73429012","99.20892334","1005.83599854","40.34595108","24.24257088","0","11.20376968"
"2013-05-10 06:00:00","17.60383562","13.84520499","0.27180266","0.5543667","1.73337073","2.07153137","337.80960083","1.78315794","17.40555954","98.02088165","1005.93701172","252.78590393","24.24257088","0","11.20376968"
"2013-05-10 07:00:00","19.14852704","14.34064817","0.27839656","0.36515385","1.80898265","2.68934158","331.44470215","2.58398294","19.3064003","78.76360321","1006.02301025","468.14190674","24.24257088","0","11.20376968"
"2013-05-10 08:00:00","11.7415117","8.50685702","0.2486809","0.40935776","1.30096776","2.38332119","327.27459717","2.78716993","20.97890091","65.44139099","1006.17700195","651.62701416","24.24257088","0","11.20376968"
"2013-05-10 09:00:00","9.83106806","6.84802685","0.2462379","0.60339729","0.88516629","2.61703593","335.63180542","2.75535989","21.56694984","64.32633972","1006.32000732","793.1776123","24.24257088","0","11.20376968"
"2013-05-10 10:00:00","10.2863057","7.38886473","0.24782579","0.33038262","1.00435666","3.43391677","334.13510132","2.44305801","22.39126015","63.14136124","1006.26000977","918.25177002","24.24257088","0","11.20376968"
"2013-05-10 11:00:00","10.37450053","7.35255011","0.26655084","0.15246762","0.84314588","3.19455972","333.57940674","2.50170302","22.67798996","62.69908142","1006.00402832","926.83862305","24.24257088","0","11.20376968"
"2013-05-10 12:00:00","11.51713467","8.41606952","0.27896624","0.17703733","0.79567741","2.87239955","334.26611328","2.14351392","23.51831055","58.84479141","1005.72302246","916.33081055","24.24257088","0","11.20376968"
"2013-05-10 13:00:00","7.9193281","5.26312416","0.2451393","0.33827963","0.99955743","2.3573399","331.72570801","1.952317","23.82715988","52.6421814","1005.45001221","874.38842773","24.24257088","0","11.20376968"
"2013-05-10 14:00:00","6.8726687","4.52255111","0.23329358","0.09553901","0.41852499","2.48843425","333.94500732","1.97712696","24.16883087","47.31819153","1004.97900391","346.62490845","24.24257088","0","11.20376968"
"2013-05-10 15:00:00","7.4368521","5.10489278","0.23390404","0.08829899","0.42098918","2.412324","49.97097015","2.16577911","23.63112068","47.42842102","1004.7210083","68.64163971","24.24257088","0","11.20376968"
"2013-05-10 16:00:00","10.66242861","7.4952159","0.25759548","0.13875643","0.50529035","2.29146474","75.57341003","2.03572392","22.99028969","49.88108063","1004.54400635","106.94329834","24.24257088","0","11.20376968"
"2013-05-10 17:00:00","13.15910482","10.19292362","0.25739161","0.26105882","1.02017914","2.64380439","69.49105072","1.81545103","22.5098896","50.83346176","1004.50701904","60.99917984","24.24257088","0","11.20376968"
"2013-05-10 18:00:00","28.3116532","24.68011512","0.36099156","0.39630558","1.55361293","2.68986533","92.3223114","1.186288","22.12528992","53.09434128","1004.56500244","11.43467045","24.24257088","0","11.20376968"
"2013-05-10 19:00:00","45.11394592","40.9156528","0.42909513","1.0410551","4.03298774","2.4509039","198.11230469","1.05605805","21.06837082","61.93154144","1004.85101318","0","24.24257088","0.2","11.20376968"
"2013-05-10 20:00:00","36.91834912","33.44378624","0.40825328","1.08449117","4.63892143","2.15695733","198.206604","0.73976099","19.90793991","69.81963348","1005.5380249","0","24.24257088","0","11.20376968"
"2013-05-10 21:00:00","26.13143784","23.74371312","0.32838554","0.78877096","3.05599754","2.00945979","194.27850342","0.65773898","19.53412056","66.41194153","1005.92401123","0","24.24257088","0","11.20376968"
"2013-05-10 22:00:00","25.49462712","23.1185656","0.34251117","0.54712668","2.20909079","2.2695494","177.06950378","0.730492","19.35646057","68.219841","1005.9630127","0","24.24257088","0","11.20376968"
"2013-05-10 23:00:00","21.86828968","19.6374828","0.31381256","0.69367129","2.4919551","2.05775","144.07510376","0.97931802","18.90069008","73.47212219","1005.89501953","0","24.24257088","0","11.20376968"
"2013-05-11 00:00:00","27.55681472","25.10423496","0.37153481","0.86489545","2.73954172","2.03098053","190.83680725","0.65826899","18.52799988","77.19821167","1005.64599609","0","24.24257088","0","11.20376968"
"2013-05-11 01:00:00","22.36632744","20.01101112","0.32643184","1.04006759","3.40889654","2.09528035","187.5","0.55159998","18.31418991","80.13755035","1005.08001709","0","25.57834053","0","11.92117023"
"2013-05-11 02:00:00","20.76196824","18.21341564","0.36237558","0.80840516","2.80996592","1.80619098","303.91390991","0.28174901","18.00798988","83.36479187","1004.54302979","0","25.57834053","0","11.92117023"
"2013-05-11 03:00:00","17.47284259","15.48328422","0.35390836","0.85436441","3.35066414","1.75619425","236.73300171","0.36203301","17.90225029","84.67114258","1004.18499756","0","25.57834053","0","11.92117023"
"2013-05-11 04:00:00","13.90486513","11.92438494","0.33909073","0.75816842","2.7169755","2.08688298","238.7816925","0.37088799","17.63735962","86.39994049","1003.96002197","1.78164399","25.57834053","0","11.92117023"
"2013-05-11 05:00:00","18.66476236","16.34447579","0.33616075","0.69081861","2.30363823","1.98308288","287.7250061","0.387721","18.02116013","88.36691284","1004.06500244","22.88764954","25.57834053","0","11.92117023"
"2013-05-11 06:00:00","30.65268688","25.59319072","0.35154807","0.65999639","2.55057701","2.07822221","330.9703064","0.42740199","18.66286087","78.64774323","1004.11199951","104.47789764","25.57834053","0","11.92117023"
"2013-05-11 07:00:00","27.44008712","21.78397048","0.36050343","1.01286488","3.38204977","2.18805821","329.99349976","0.752819","19.73666954","70.61849976","1004.28302002","133.59770203","25.57834053","0","11.92117023"
"2013-05-11 08:00:00","15.83476336","12.88544409","0.29630843","0.98434616","3.1131926","2.26364369","331.53890991","0.66475999","20.30455971","66.56707001","1004.2880249","174.17480469","25.57834053","0","11.92117023"
"2013-05-11 09:00:00","12.78298192","9.9166683","0.32516898","0.48811424","1.96863639","2.4915839","329.13650513","0.88558102","21.13788986","65.7385025","1004.31402588","288.34240723","25.57834053","0","11.92117023"
"2013-05-11 10:00:00","16.10712967","12.8244857","0.36029955","0.86972111","1.51444521","2.77476755","338.896698","0.87086397","22.33469009","59.68600082","1004.14001465","514.25012207","25.57834053","0","11.92117023"
"2013-05-11 11:00:00","20.51294936","15.77639956","0.34922739","0.81465768","1.89989838","3.28313635","97.06648254","1.33870399","25.0417099","45.32844162","1003.53100586","815.40991211","25.57834053","0","11.92117023"
"2013-05-11 12:00:00","19.81646512","15.09289398","0.33070506","0.7185705","2.40791225","2.95625221","77.79264069","2.65389895","24.69697952","47.53763962","1002.85900879","660.49951172","25.57834053","0","11.92117023"
"2013-05-11 13:00:00","9.4756961","6.97901988","0.295331","0.44160683","1.73090654","2.47465593","73.43582153","2.55998898","24.17980957","51.26631165","1002.35400391","590.10882568","25.57834053","0","11.92117023"
"2013-05-11 14:00:00","8.59894276","6.3473945","0.264109","0.30789573","0.65897939","2.64026319","71.21485901","2.37614298","25.22072983","48.46405029","1001.51000977","384.65600586","25.57834053","0","11.92117023"
"2013-05-11 15:00:00","8.76754866","6.39149096","0.26948198","0.19063868","0.53499082","2.19960523","65.45333099","2.32335401","21.89015961","57.47943115","1001.49200439","53.55514145","25.57834053","13.19999981","11.92117023"
"2013-05-11 16:00:00","13.83093765","11.34074694","0.28723075","0.14544727","0.72460436","1.79635049","337.86221313","1.22207797","17.43650055","98.26081085","1001.82202148","44.14223099","25.57834053","3.5999999","11.92117023"
"2013-05-11 17:00:00","14.76864937","12.19934392","0.28633487","0.30208256","1.6375256","1.87876004","333.50790405","1.28310204","18.00630951","99.20024109","1001.86401367","52.5712204","25.57834053","0","11.92117023"
"2013-05-11 18:00:00","42.04531976","36.81072264","0.3743844","0.5266148","1.7812277","2.20314947","242.01890564","0.47693601","18.83048058","97.59848022","1002.23699951","14.83720016","25.57834053","0","11.92117023"
"2013-05-11 19:00:00","51.82837368","46.72738712","0.51580142","1.29553291","3.63300978","2.27755319","155.66760254","0.66502899","18.7328701","85.32214355","1002.0880127","0","25.57834053","0","11.92117023"
"2013-05-11 20:00:00","67.72541088","61.08230072","0.55565374","1.78682832","5.9410567","2.14239084","163.45550537","0.58015698","18.5073204","79.88597107","1002.24200439","0","25.57834053","0","11.92117023"
"2013-05-11 21:00:00","61.44932824","57.92933624","0.5596427","1.87787016","6.40277063","2.06930007","175.2467041","0.329824","17.64780998","88.33705139","1002.57501221","0","25.57834053","0","11.92117023"
"2013-05-11 22:00:00","56.59736056","52.36663992","0.45885156","1.65783407","6.84308383","1.98925098","188.58990479","0.45602801","17.33407974","84.70674133","1002.64801025","0","25.57834053","0","11.92117023"
"2013-05-11 23:00:00","26.45437464","23.7203676","0.32830399","1.1130109","4.7701724","1.84411593","338.47390747","0.88995099","16.70445061","86.77683258","1002.81500244","0","25.57834053","0","11.92117023"
"2013-05-12 00:00:00","15.56888446","13.27064517","0.29602301","0.73173252","2.9763644","1.88492611","321.80999756","0.46428999","16.73402023","87.86968994","1002.36700439","0","25.57834053","0","11.92117023"
"2013-05-12 01:00:00","14.3575101","12.04111254","0.27904779","0.55535319","2.22634013","2.09016281","328.89050293","0.51053101","16.80529976","85.25302124","1001.77801514","0","17.08531952","0","2.3387599"
"2013-05-12 02:00:00","","","0.33522409","0.44303266","2.06733421","2.33437604","231.72210693","0.495801","16.04137993","90.63246918","1001.35400391","0","17.08531952","0","2.3387599"
"2013-05-12 03:00:00","19.2665548","16.94886664","0.30119328","0.59100209","2.61957436","","216.58000183","0.61475098","15.21442032","90.21775055","1001.56500244","0","17.08531952","0","2.3387599"
"2013-05-12 04:00:00","15.2913309","12.79465468","","0.37360004","1.49006264","2.61446699","209.98770142","0.54778099","14.43887997","86.9560318","1001.36700439","0.48229501","17.08531952","0","2.3387599"
"2013-05-12 05:00:00","16.12009877","12.71943086","0.21190651","0.19875536","1.15895286","2.57650746","216.38270569","0.71015501","14.18817043","80.4557724","1001.16900635","33.41880035","17.08531952","0","2.3387599"
"2013-05-12 06:00:00","15.61687184","11.49638374","0.20661392","0.22584926","1.35051193","2.73422586","251.33230591","1.23710406","16.09930038","67.90679169","1001.67102051","240.97880554","17.08531952","0","2.3387599"
"2013-05-12 07:00:00","15.51052066","12.12152552","0.25533888","0.35418449","1.67863884","2.67794609","273.56161499","1.53491604","17.06686974","61.82511139","1001.92102051","194.62640381","17.08531952","0","2.3387599"
"2013-05-12 08:00:00","10.33559133","7.23452426","0.19630367","0.69301329","1.66553988","2.65111255","337.66299438","3.06308699","18.44993973","64.11837006","1001.79101563","578.39642334","17.08531952","0","2.3387599"
"2013-05-12 09:00:00","9.93482657","6.97123804","0.1992616","0.15707463","0.68193511","2.52807894","334.27090454","1.72210801","19.40184021","64.25736237","1001.42401123","692.28320313","17.08531952","0","2.3387599"
"2013-05-12 10:00:00","11.5275111","8.61839736","0.22253248","0.22387424","0.87595837","2.581744","321.80200195","1.77441394","21.57839966","52.44654083","1000.94500732","725.644104","17.08531952","0","2.3387599"
"2013-05-12 11:00:00","9.91148105","6.97642721","0.17986785","0.491869","1.87006875","2.90437911","337.10980225","2.71800303","20.80314064","60.23313141","1000.90600586","537.76660156","17.08531952","0","2.3387599"
"2013-05-12 12:00:00","9.04510031","6.30459438","0.17884265","0.27498968","1.02004897","2.94953493","334.78829956","4.08072805","21.52279091","53.4297905","1000.94799805","982.10211182","17.08531952","0","2.3387599"
"2013-05-12 13:00:00","6.03093174","3.67432864","0.1834642","0.0487021","0.27871394","2.79050867","335.603302","4.43246984","21.14921951","53.01715088","1000.80401611","919.25097656","17.08531952","0","2.3387599"
"2013-05-12 14:00:00","5.75597275","3.61077758","0.15536091","","","2.69561444","335.17199707","3.73916888","19.73509979","63.09177017","1000.94799805","301.76330566","17.08531952","0","2.3387599"
"2013-05-12 15:00:00","6.75075385","4.60036951","0.16059642","0.04661725","0.06134544","2.72571865","333.89309692","2.42813897","19.4634304","67.49787903","1001.15100098","180.20640564","17.08531952","0","2.3387599"
"2013-05-12 16:00:00","9.5794546","6.87785596","0.15970752","0.05063643","0.37949558","2.54967697","336.25250244","3.1362741","19.8004303","58.96086121","1001.19000244","107.79910278","17.08531952","0","2.3387599"
"2013-05-12 17:00:00","10.64945951","7.77147314","0.15918327","0.1272389","0.34239441","2.80490431","334.21279907","2.88276792","19.6709404","58.55358124","1001.33502197","106.98699951","17.08531952","0","2.3387599"
"2013-05-12 18:00:00","11.90493034","9.39009777","0.17821238","0.28650721","0.47156968","3.60658812","335.396698","2.32761693","18.7600708","61.56274033","1001.64001465","21.92918015","17.08531952","0","2.3387599"
"2013-05-12 19:00:00","16.54031813","13.68437902","0.23093562","0.25009047","0.70605835","3.03722982","334.13189697","1.67030203","17.70919037","67.5618515","1002.02301025","0","17.08531952","0","2.3387599"
"2013-05-12 20:00:00","22.35594528","19.71790152","0.25166214","0.82441986","1.325091","2.48946752","309.61959839","1.046278","17.12759018","73.62725067","1002.73602295","0","17.08531952","0","2.3387599"
"2013-05-12 21:00:00","23.47653024","21.01356832","0.2282701","0.92357838","2.49351111","2.57454465","307.06570435","0.61612999","16.67168045","78.95523071","1002.98901367","0","17.08531952","0","2.3387599"
"2013-05-12 22:00:00","28.07429752","25.6269184","0.24451137","0.5992286","2.36368699","2.57585455","223.64660645","0.436248","16.6746006","80.07630157","1002.90802002","0","17.08531952","0","2.3387599"
"2013-05-12 23:00:00","25.5192728","22.94346464","0.22160397","0.71429198","2.29987736","2.54247763","197.08850098","0.298659","15.62366009","83.26210022","1002.72802734","0","17.08531952","0","2.3387599"
"2013-05-13 00:00:00","19.37680072","17.02019762","0.21994734","0.67337909","1.64193531","2.35792569","215.17900085","0.70983899","15.43297958","83.60053253","1002.61901855","0","17.08531952","0","2.3387599"
"2013-05-13 01:00:00","12.9282423","10.70522873","0.21449281","0.57202589","1.40602081","2.03790833","217.74850464","0.76742202","15.14128971","78.84967041","1002.14202881","0","21.72961044","0","3.21462488"
"2013-05-13 02:00:00","9.58983102","7.43815035","0.18015094","0.29659788","1.10668516","2.48750471","217.62390137","0.61482602","14.46844959","79.97666168","1001.98199463","0","21.72961044","0","3.21462488"
"2013-05-13 03:00:00","9.24743006","6.99069264","0.17950437","0.1795605","0.89982228","2.40242961","216.00270081","0.63472301","13.94165993","80.43656158","1001.78100586","0","21.72961044","0","3.21462488"
"2013-05-13 04:00:00","13.65973717","10.96592037","0.25065208","0.06888446","0.59750377","2.15243372","206.06260681","0.773323","13.70160007","82.21102142","1001.98699951","0.12616999","21.72961044","0","3.21462488"
"2013-05-13 05:00:00","28.53214504","22.7087284","0.35250454","0.25568397","0.79360171","2.63410017","204.68640137","0.800053","13.87368965","83.04586029","1002.13702393","23.20614052","21.72961044","0","3.21462488"
"2013-05-13 06:00:00","31.49958816","22.69186456","0.36026227","0.64398169","1.55646663","2.8062142","285.71490479","1.82303405","16.47422028","71.05155182","1002.17401123","276.66360474","21.72961044","0","3.21462488"
"2013-05-13 07:00:00","25.62043672","17.42355888","0.29186163","0.85206192","2.41647234","2.56800026","325.04360962","2.82467198","19.27988052","60.8479805","1002.20202637","468.99560547","21.72961044","0","3.21462488"
"2013-05-13 08:00:00","15.59741724","10.66372494","0.23029021","0.67886276","3.59877044","2.82650335","332.92449951","3.30336308","19.40069008","58.70077133","1002.39202881","326.05599976","21.72961044","0","3.21462488"
"2013-05-13 09:00:00","13.08388101","8.8596344","0.21158381","0.38621389","2.03218669","2.9037262","328.17550659","4.08353519","18.9894104","62.88658142","1002.78100586","480.72650146","21.72961044","0","3.21462488"
"2013-05-13 10:00:00","10.48604087","6.69887364","0.20055359","0.25360014","1.36296204","2.65307841","333.70080566","3.96449995","20.39974022","52.15193176","1002.71899414","898.25701904","21.72961044","0","3.21462488"
"2013-05-13 11:00:00","12.18507658","8.14111054","0.21117955","0.1955752","0.9361363","3.29180526","336.66329956","4.73306704","20.24987984","49.19807053","1002.85900879","731.50067139","21.72961044","0","3.21462488"
"2013-05-13 12:00:00","13.34197806","8.78051775","0.2077696","0.16848131","0.66118424","2.98291185","331.04910278","5.45692587","20.35577965","48.46303177","1002.75","866.3939209","21.72961044","0","3.21462488"
"2013-05-13 13:00:00","9.05936766","5.69501628","0.18128216","0.16387531","0.97413752","2.94561032","335.05349731","5.71467876","20.27606964","48.42795181","1002.59399414","849.87072754","21.72961044","0","3.21462488"
"2013-05-13 14:00:00","8.33046737","5.0893291","0.17110122","0.13316191","0.35601204","2.61642878","336.86340332","5.36416101","20.27742958","47.12385178","1002.57800293","347.03390503","21.72961044","0","3.21462488"
"2013-05-13 15:00:00","7.21117874","4.37469615","0.19946315","0.08643483","0.31217527","2.98749445","330.60040283","5.74488592","20.01411057","45.45998001","1002.78100586","82.21510315","21.72961044","0","3.21462488"
"2013-05-13 16:00:00","7.77147314","4.79361918","0.208069","0.03773273","0.26730116","2.73160912","328.07800293","6.17221117","19.4573307","49.14786148","1003.20300293","90.09056091","21.72961044","0","3.21462488"
"2013-05-13 17:00:00","8.37456574","5.63535423","0.20730127","0.16168063","0.81383493","2.53069873","330.97680664","5.51667213","18.60688972","55.6841011","1003.57202148","41.96276093","21.72961044","0","3.21462488"
"2013-05-13 18:00:00","9.61447288","6.46152752","0.22200706","0.33575645","1.38578861","2.2584519","335.87161255","3.97014809","17.49917984","64.64508057","1003.70300293","11.56389046","21.72961044","0","3.21462488"
"2013-05-13 19:00:00","7.74942395","5.42783914","0.19699917","0.23264994","1.19072801","2.01500346","335.9335022","3.78618598","17.00447083","64.26399994","1004.02600098","0","21.72961044","0","3.21462488"
"2013-05-13 20:00:00","6.99847448","4.59518034","0.18342343","0.16716531","0.76325342","2.07913751","335.13580322","4.06918621","16.73423004","63.77499008","1004.48400879","0","21.72961044","0","3.21462488"
"2013-05-13 21:00:00","5.31500246","3.32803676","0.19154464","0.08775083","0.40270251","2.20086224","331.35110474","2.90222597","16.59638977","65.76740265","1004.80102539","0","21.72961044","0","3.21462488"
"2013-05-13 22:00:00","5.37077167","3.16202354","0.18031288","0.0542956","0.44796613","1.93908949","304.29519653","2.62948704","16.31501961","67.03894043","1004.75201416","0","21.72961044","0","3.21462488"
"2013-05-13 23:00:00","5.46804467","3.11663074","0.17809122","0.02106004","0.39375291","1.91880136","307.50830078","1.96756601","16.21026993","70.74716949","1004.56799316","0","21.72961044","0","3.21462488"
"2013-05-14 00:00:00","6.0231499","3.79754174","0.15198357","0.05451527","0.44770679","2.11578714","323.38140869","1.88606405","16.36528015","70.56152344","1004.41400146","0","21.72961044","0","3.21462488"
"2013-05-14 01:00:00","5.90772054","3.94410037","0.17926205","0.12186406","0.48402081","1.95086839","325.42581177","1.15517902","16.11367989","67.35536957","1004.60101318","0","20.53166962","0","4.33170605"
"2013-05-14 02:00:00","","","0.17506106","0.38742005","0.46677147","1.95545099","289.97320557","1.46285701","15.07318974","72.66712952","1004.68902588","0","20.53166962","0","4.33170605"
"2013-05-14 03:00:00","10.49771363","8.10479401","0.18693823","0.07228531","0.45276433","","304.92129517","1.58308196","14.51187038","77.74047089","1004.57202148","0","20.53166962","0","4.33170605"
"2013-05-14 04:00:00","9.63263114","7.46927771","","0.09663534","0.54653377","1.88871036","296.79071045","1.33480704","14.04265976","80.61579132","1004.62902832","0.91269797","20.53166962","0","4.33170605"
"2013-05-14 05:00:00","20.06418384","16.3548503","0.26203646","0.10848237","0.74029769","1.92943816","296.94900513","1.11849201","14.89072037","72.56497955","1004.97302246","35.27268982","20.53166962","0","4.33170605"
"2013-05-14 06:00:00","25.17037104","19.70233784","0.28913902","0.4650802","1.68875596","2.01639065","326.56869507","2.73142695","16.71068954","62.8466301","1005.36401367","251.040802","20.53166962","0","4.33170605"
"2013-05-14 07:00:00","12.05408163","8.17612882","0.25426358","0.38347104","1.40109242","2.62559602","331.48269653","4.79328299","18.36046028","48.93291092","1005.77001953","512.18151855","20.53166962","0","4.33170605"
"2013-05-14 08:00:00","14.52092874","9.16572074","0.26061167","0.28628753","0.62279453","2.72259646","336.9750061","5.15512085","19.01626968","43.54021072","1005.95800781","705.57891846","20.53166962","0","4.33170605"
"2013-05-14 09:00:00","10.25128742","6.93232884","0.26329816","0.22409392","0.55237033","2.86380996","337.56610107","5.31580782","19.39735985","45.81576157","1006.24700928","854.59802246","20.53166962","0","4.33170605"
"2013-05-14 10:00:00","8.13462503","5.18400751","0.261426","0.23670777","0.3889547","2.61769088","337.3868103","5.62958717","19.81108093","40.84072113","1006.4420166","1004.23699951","20.53166962","0","4.33170605"
"2013-05-14 11:00:00","8.28766916","5.55105224","0.23684567","0.1619003","0.36729565","2.50072673","334.39370728","5.51513004","20.04619026","45.32966995","1006.33502197","976.31341553","20.53166962","0","4.33170605"
"2013-05-14 12:00:00","9.66635309","6.0620591","0.25589109","0.14434993","0.41035442","2.09879002","333.59539795","5.58188391","20.08308983","35.51601028","1006.15802002","989.11260986","20.53166962","0","4.33170605"
"2013-05-14 13:00:00","6.53804958","4.26185947","0.21450446","0.0529796","0.47844358","2.14782467","337.99740601","4.94068098","20.30830002","40.87525177","1005.94799805","962.28112793","20.53166962","0","4.33170605"
"2013-05-14 14:00:00","8.65730656","5.8286039","0.24356073","0.05407694","0.35536319","2.72581222","337.8934021","4.15814304","20.35231972","44.68416977","1005.56799316","359.90740967","20.53166962","0","4.33170605"
"2013-05-14 15:00:00","10.81287815","7.87133881","0.24514746","0.17544064","0.3195475","3.31130318","337.17260742","4.12994194","19.86919975","45.97774124","1005.46002197","53.70370102","20.53166962","0","4.33170605"
"2013-05-14 16:00:00","10.65464677","7.57433255","0.23867705","0.28409387","0.50684738","2.60335626","336.89700317","3.97228098","19.39830971","47.29216003","1005.40100098","78.97740173","20.53166962","0","4.33170605"
"2013-05-14 17:00:00","11.49249282","8.58208083","0.24034649","0.13403958","0.66079473","3.18804177","339.68319702","3.23149705","18.84317017","44.48093033","1005.17700195","31.15892982","20.53166962","0","4.33170605"
"2013-05-14 18:00:00","10.54959193","7.88690249","0.22402717","0.20040087","0.61047357","2.3144947","339.40310669","2.61990094","17.77045059","50.98839951","1005.08001709","10.57997036","20.53166962","0","4.33170605"
"2013-05-14 19:00:00","14.47294136","12.24603496","0.35677543","0.25153664","0.64859684","2.34946425","335.92440796","1.42380202","16.77106094","60.26210022","1005.29101563","0","20.53166962","0","4.33170605"
"2013-05-14 20:00:00","19.58819144","17.37427326","0.30977234","1.21710492","1.47800102","2.85965654","331.46850586","0.94355899","16.13043976","63.55548096","1005.54101563","0","20.53166962","0","4.33170605"
"2013-05-14 21:00:00","13.59618611","11.40818891","0.28226203","0.50483066","1.71370195","2.2386621","318.6434021","0.62065601","15.44295025","70.1207428","1005.39202881","0","20.53166962","0","4.33170605"
"2013-05-14 22:00:00","16.57403816","14.60782531","0.27339055","0.45419322","1.62590638","1.8912549","312.85470581","0.36520901","15.07616997","74.25688171","1005.45501709","0","20.53166962","0","4.33170605"
"2013-05-14 23:00:00","34.07281512","31.56316216","0.33455538","0.4640927","2.16149315","1.99937725","253.60150146","0.45325899","14.3502903","76.94125366","1005.33001709","0","20.53166962","0","4.33170605"
"2013-05-15 00:00:00","16.95924115","14.64543818","0.29569098","0.66306773","2.63695388","1.56367411","202.5131073","0.441663","13.34729958","78.12229156","1005.14599609","0","20.53166962","0","4.33170605"
"2013-05-15 01:00:00","13.19542135","11.10858807","0.26903578","0.49088048","1.51265529","2.06087321","214.67660522","0.44777101","13.00677967","76.04192352","1004.71099854","0","20.52515984","0","9.19142628"
"2013-05-15 02:00:00","14.47553403","12.25511314","0.3012259","0.50818778","1.17646153","1.95449196","275.56170654","0.312796","13.0156002","71.73136902","1004.55401611","0","20.52515984","0","9.19142628"
"2013-05-15 03:00:00","12.17470015","9.99189212","0.2891798","0.43316064","1.35997918","1.68532867","295.81600952","0.28774199","12.98330975","74.31941986","1004.32800293","0","20.52515984","0","9.19142628"
"2013-05-15 04:00:00","18.79316272","15.91906535","0.29109273","0.3398153","2.14255763","1.85588364","290.39990234","0.266527","13.08065033","71.55325317","1004.2130127","5.39071989","20.52515984","0","9.19142628"
"2013-05-15 05:00:00","43.05047728","35.65641","0.3372011","0.54186167","2.87662925","2.01491803","273.36349487","0.34187999","14.07474995","61.48350143","1004.27001953","48.99979019","20.52515984","0","9.19142628"
"2013-05-15 06:00:00","215.2145288","90.12544688","0.8110963","1.01791022","4.71829523","3.9071106","197.02560425","0.58420199","15.83740044","56.40184021","1004.37402344","189.0171051","20.52515984","0","9.19142628"
"2013-05-15 07:00:00","106.31557456","67.49973752","0.65490825","2.42606265","11.92620645","3.43844852","124.09049988","0.49614301","19.50996971","42.36764145","1004.25500488","505.86480713","20.52515984","0","9.19142628"
"2013-05-15 08:00:00","41.52133616","31.22982408","0.38111111","2.3732234","7.63616789","2.818526","190.18460083","0.86823303","21.55805969","33.41629028","1004.1550293","701.93121338","20.52515984","0","9.19142628"
"2013-05-15 09:00:00","25.86167376","18.69459338","0.31400478","0.99706985","3.10294734","2.79909825","185.9118042","1.47283304","23.03750992","29.13607025","1004.09100342","851.81201172","20.52515984","0","9.19142628"
"2013-05-15 10:00:00","20.69323184","15.00988832","0.30899878","0.5206918","2.17121974","2.80901299","151.51220703","1.839463","24.19697952","25.60330963","1004.16802979","995.47210693","20.52515984","0","9.19142628"
"2013-05-15 11:00:00","19.03310342","13.70124095","0.28869166","0.4121006","1.57086329","3.62200177","96.90190125","1.82018995","25.22554016","25.40320015","1003.79901123","964.38140869","20.52515984","0","9.19142628"
"2013-05-15 12:00:00","22.89289224","16.63629479","0.33235819","0.37557403","1.58110854","2.69003924","110.13809967","2.66009593","25.24086952","28.90834999","1003.34301758","965.37042236","20.52515984","0","9.19142628"
"2013-05-15 13:00:00","15.4080585","5.92328231","0.32080023","0.60350712","2.4627733","3.66058675","181.16560364","2.15901399","26.26461983","25.94042969","1003.36199951","808.18981934","20.52515984","0","9.19142628"
"2013-05-15 14:00:00","","","","0.39608591","1.61560722","","188.76010132","2.87983298","24.17453003","29.04454994","1003.13201904","356.34310913","20.52515984","0","9.19142628"
"2013-05-15 15:00:00","32.62925512","28.62422696","0.33740963","0.48284923","1.47333197","2.0607054","155.53930664","3.16627693","23.19371986","36.35422134","1002.77600098","225.33970642","20.52515984","0","9.19142628"
"2013-05-15 16:00:00","26.1353192","22.70482792","0.31662487","0.59944828","2.02998183","1.48996805","160.30050659","3.46824408","22.26420975","32.07563019","1002.89300537","162.46940613","20.52515984","0","9.19142628"
"2013-05-15 17:00:00","28.7513176","24.84483392","0.30390773","0.718241","2.50155253","1.57698664","138.91540527","3.18684602","21.16300011","42.9048996","1002.99700928","90.45378876","20.52515984","0","9.19142628"
"2013-05-15 18:00:00","29.88228472","25.34935336","0.3121734","0.74116621","2.55589491","1.79661695","139.3132019","2.98070693","19.89748955","61.30768967","1003.309021","20.45277977","20.52515984","0","9.19142628"
"2013-05-15 19:00:00","22.41429952","20.21593928","0.29842291","0.69125795","2.52943664","1.70727655","151.68760681","3.28316307","19.37504959","54.48365021","1003.76501465","0","20.52515984","0","9.19142628"
"2013-05-15 20:00:00","17.77374168","16.24331187","0.2508513","0.57696241","2.24812935","1.85143223","152.19119263","3.34853411","18.68943977","61.33034134","1003.92602539","0","20.52515984","0","9.19142628"
"2013-05-15 21:00:00","11.0450351","9.89851004","0.24465233","0.32391043","1.43598061","1.93922577","157.4947052","2.96176291","18.06822968","69.84133148","1003.85101318","0","20.52515984","0","9.19142628"
"2013-05-15 22:00:00","9.10476236","8.00492642","0.22732412","0.25546532","1.05623383","1.87863494","144.54730225","2.93721509","17.63838005","75.20330048","1003.54901123","0","20.52515984","0","9.19142628"
"2013-05-15 23:00:00","7.68587098","6.50173306","0.20856646","0.19711087","0.90734401","1.96654544","159.00740051","3.13442802","17.60844994","77.25356293","1003.39801025","0","20.52515984","0","9.19142628"
"2013-05-16 00:00:00","5.33704973","4.40841618","0.22629077","0.11879272","0.71695246","2.00880484","158.36300659","3.30401111","17.36384964","80.9303894","1003.00500488","0","20.52515984","0","9.19142628"
"2013-05-16 01:00:00","3.97522773","3.06215786","0.20920255","0.08161222","0.5480735","1.70947835","155.38040161","3.05006099","17.26136017","83.60974121","1002.58001709","0","18.25111961","0","6.96472692"
"2013-05-16 02:00:00","","","0.18857622","0.07009062","0.39764395","1.90226494","157.65330505","2.81378388","17.42556953","83.6318512","1002.05700684","0","18.25111961","0","6.96472692"
"2013-05-16 03:00:00","6.14117574","5.12953463","0.20268437","0.08325365","0.30413385","","160.26280212","3.12720299","17.61211967","78.44553375","1001.94000244","0","18.25111961","0","6.96472692"
"2013-05-16 04:00:00","5.67815435","4.76508449","","0.04530125","0.27871394","1.93548219","145.74850464","2.30181098","17.38515091","78.21096039","1001.74102783","0.237078","18.25111961","0","6.96472692"
"2013-05-16 05:00:00","13.43146922","11.89974308","0.19671724","0.09718452","0.45302367","2.32659395","140.98170471","2.18359399","17.42000961","73.360672","1001.78900146","20.43650055","18.25111961","0","6.96472692"
"2013-05-16 06:00:00","18.15894276","14.87370612","0.19942121","0.33466012","1.16128688","2.83704354","143.56350708","3.626405","18.27486038","76.28353119","1001.9050293","152.85710144","18.25111961","0","6.96472692"
"2013-05-16 07:00:00","27.76822456","21.92534376","0.25051927","0.37305086","1.23248908","2.34589661","145.85040283","3.79173994","19.09469032","67.90971375","1002.07000732","193.24980164","18.25111961","0","6.96472692"
"2013-05-16 08:00:00","21.71135272","17.53898823","0.23636219","0.63432934","2.42023423","2.40395816","154.01260376","4.10094023","19.24839973","65.75756073","1002.33300781","153.22540283","18.25111961","0","6.96472692"
"2013-05-16 09:00:00","20.37545744","16.56625823","0.24149169","0.49305075","1.94684819","2.4358228","161.69430542","4.49942112","19.53627968","60.91500092","1002.20800781","178.2855072","18.25111961","0","6.96472692"
"2013-05-16 10:00:00","25.0160344","21.07064152","0.24805297","0.46968721","1.65257008","2.48974618","155.51890564","3.2465651","19.41534042","66.66149902","1002.40802002","133.09410095","18.25111961","0","6.96472692"
"2013-05-16 11:00:00","29.80188512","24.40516952","0.25310324","0.61348898","2.33268985","2.60954573","146.02740479","3.50950599","19.14516068","71.46920013","1002.00201416","132.58140564","18.25111961","0","6.96472692"
"2013-05-16 12:00:00","30.46114272","23.46022088","0.25679746","0.66937109","2.83378202","2.59272658","136.02340698","4.28040791","18.7850399","78.70845032","1000.58502197","144.81770325","18.25111961","0","6.96472692"
"2013-05-16 13:00:00","17.38314494","13.97814444","0.2456787","0.78975847","4.07085879","2.90038739","118.01049805","4.52638388","19.1565609","63.9444313","998.94372559","81.67684174","18.25111961","0","6.96472692"
"2013-05-16 14:00:00","12.97493525","9.75584234","0.25787508","0.34815164","2.1138945","3.5703941","138.38290405","7.72089911","19.37722015","59.80754089","996.37121582","217.76750183","18.25111961","0","6.96472692"
"2013-05-16 15:00:00","15.68171923","11.92568127","0.25004162","0.16091279","0.75819587","3.39069326","145.02900696","6.17090082","21.56851006","37.90000153","998.06860352","220.20950317","18.25111961","0","6.96472692"
"2013-05-16 16:00:00","22.46489104","18.56619302","0.28988579","0.25228414","1.04196735","3.54603492","138.5552063","4.69088316","21.1176796","45.65649033","997.78320313","111.38880157","18.25111961","0","6.96472692"
"2013-05-16 17:00:00","18.9838178","15.43659127","0.28833517","0.49403724","1.62728034","3.09885595","139.36450195","5.76069689","21.27655029","43.84994125","996.35821533","99.02114868","18.25111961","0","6.96472692"
"2013-05-16 18:00:00","18.98122513","15.5961209","0.27576948","0.45915618","1.55088941","3.19123413","155.14120483","5.55343199","20.84086037","47.86791992","996.75762939","15.75802994","18.25111961","0","6.96472692"
"2013-05-16 19:00:00","16.56495998","13.69216086","0.27302591","0.33147895","1.41419138","2.84102713","141.55140686","5.93500996","20.0216198","57.52434158","996.31652832","0","18.25111961","0.2","6.96472692"
"2013-05-16 20:00:00","13.08258276","11.07227154","0.25902843","0.31557408","1.20966353","3.11907798","153.99220276","3.94012094","19.77816963","63.35245132","996.65240479","0","18.25111961","0","6.96472692"
"2013-05-16 21:00:00","9.17220434","7.39405198","0.2431623","0.22190025","0.97322934","3.00371967","145.43930054","4.68219423","19.66076088","65.04782104","996.95690918","0","18.25111961","0","6.96472692"
"2013-05-16 22:00:00","7.97639365","6.26568518","0.23246527","0.11714721","0.50697653","3.10896595","154.99740601","4.10727692","19.64093971","65.47135925","996.85632324","0","18.25111961","0","6.96472692"
"2013-05-16 23:00:00","7.15411128","5.62238514","0.20272165","0.08215631","0.34680412","2.92451774","145.43800354","4.07694817","19.42564964","71.68328094","996.70690918","0","18.25111961","0","6.96472692"
"2013-05-17 00:00:00","5.73911274","3.99338408","0.24097559","0.04453341","0.32294021","2.95561557","152.88000488","3.80085492","19.29384995","77.98065186","996.57342529","0","18.25111961","0","6.96472692"
"2013-05-17 01:00:00","4.88959393","3.11144158","0.19520624","0.06043828","0.34576576","3.14956357","158.21650696","3.28606009","19.22290039","80.94728088","996.47851563","0","109.61940002","0","30.25720978"
"2013-05-17 02:00:00","4.65613873","3.1153325","0.21767326","0.01184602","0.19570945","2.62180159","158.14970398","2.58998704","18.94342041","84.52738953","996.49212646","0","109.61940002","0","30.25720978"
"2013-05-17 03:00:00","5.61200871","4.14123904","0.21405477","0.04195939","0.31235019","2.95684309","157.5355072","2.46113896","18.60744095","88.38082123","996.44970703","0","109.61940002","0","30.25720978"
"2013-05-17 04:00:00","10.72727791","9.2876356","0.22292159","0.08084031","0.56417261","2.95623086","162.5789032","2.06684089","18.33786964","92.75485229","997.18121338","1.50386703","109.61940002","0","30.25720978"
"2013-05-17 05:00:00","16.62980738","13.62731156","0.2529448","0.14105993","0.51748214","2.79537298","162.22950745","1.84913194","18.23463058","96.66149902","997.86541748","54.99592972","109.61940002","0","30.25720978"
"2013-05-17 06:00:00","30.23376768","22.36632744","0.30595114","0.38873706","1.17321832","2.75830028","161.51870728","1.73893702","19.11314011","91.55101013","998.26361084","203.88670349","109.61940002","0","30.25720978"
"2013-05-17 07:00:00","49.44844992","33.08710264","0.45701785","0.79721715","2.84900448","3.05121052","164.63920593","1.50685894","21.57455063","70.67153931","998.76611328","396.9118042","109.61940002","0","30.25720978"
"2013-05-17 08:00:00","29.412774","21.28853304","0.3459153","1.22588061","4.74682818","3.28146644","171.53230286","1.746032","23.33720016","57.47502136","999.097229","595.55950928","109.61940002","0","30.25720978"
"2013-05-17 09:00:00","22.38967296","16.17457165","0.2974012","0.67228175","2.88324382","2.83260027","161.06950378","2.14315104","24.51239967","53.53310013","999.659729","632.28717041","109.61940002","0","30.25720978"
"2013-05-17 10:00:00","25.14962584","18.83985376","0.34010894","0.66153206","2.29443031","3.21421223","171.50500488","2.09316301","25.45306015","48.89030075","1000.17102051","701.46520996","109.61940002","0","30.25720978"
"2013-05-17 11:00:00","22.92141928","16.78803876","0.30805862","0.66471323","2.60427055","3.02884567","187.31590271","1.43085206","27.17066956","40.69419098","1000.60400391","859.2979126","109.61940002","0","30.25720978"
"2013-05-17 12:00:00","26.17812888","18.80613182","0.34269407","0.56094771","2.46684842","3.03482055","255.64280701","1.77872097","27.60153961","37.9015007","1000.98101807","861.87121582","109.61940002","0","30.25720978"
"2013-05-17 13:00:00","17.82172906","13.28231793","0.27549105","0.54164301","2.43203549","2.53279375","235.02960205","1.482494","27.31142044","39.33095169","1001.35400391","835.61853027","109.61940002","0","30.25720978"
"2013-05-17 14:00:00","16.05914038","12.44706646","0.27314474","0.29352654","1.44752356","2.27910209","289.99710083","1.54750097","27.33724976","37.17311096","1001.38800049","362.42471313","109.61940002","0","30.25720978"
"2013-05-17 15:00:00","22.65425552","17.63755948","0.31680661","0.49337924","1.32171964","2.22701541","191.11810303","1.63843906","26.98295975","36.81195068","1001.27301025","115.79669952","109.61940002","0","30.25720978"
"2013-05-17 16:00:00","26.92648568","21.3014964","0.30388326","0.49502475","1.98601591","2.1962237","189.27470398","1.66928303","26.45190048","37.50786972","1001.55102539","107.6984024","109.61940002","0","30.25720978"
"2013-05-17 17:00:00","37.08176776","31.16498816","0.35931513","0.68171442","2.64036184","2.23513412","187.56700134","1.07659602","25.75702095","39.79507065","1001.89501953","48.93264008","109.61940002","0","30.25720978"
"2013-05-17 18:00:00","47.95689872","41.53948104","0.41645721","1.00858738","3.8130259","2.0941942","196.77180481","1.39276695","24.56143951","42.66577148","1002.66601563","17.05533981","109.61940002","0","30.25720978"
"2013-05-17 19:00:00","60.02397048","54.76084632","0.54314863","1.40544112","4.99182144","2.00610471","188.44940186","0.654414","23.12969017","48.28741074","1003.41802979","0","109.61940002","0","30.25720978"
"2013-05-17 20:00:00","42.9389312","37.6706064","0.47749739","1.74525641","6.08722299","2.03215008","154.34570313","2.07515502","21.44281006","65.37551117","1004.34100342","0","109.61940002","0","30.25720978"
"2013-05-17 21:00:00","25.60357288","22.86046472","0.33553631","1.74481707","4.0983544","1.84111273","152.82870483","1.54534197","19.97562981","78.11225128","1005.27001953","0","109.61940002","0","30.25720978"
"2013-05-17 22:00:00","22.04337152","19.3469544","0.29529372","0.81158634","2.42905263","1.76038022","164.30230713","1.931777","19.36318016","84.39945984","1005.68701172","0","109.61940002","0","30.25720978"
"2013-05-17 23:00:00","20.47274","17.83469815","0.26865133","0.5150983","1.80197857","1.59217045","201.7684021","1.65679395","18.89825058","89.71041107","1006.20501709","0","109.61940002","0","30.25720978"
"2013-05-18 00:00:00","13.80629579","11.77263906","0.25652368","0.39542791","1.32703652","1.65298807","202.28700256","1.92632997","18.7032299","88.02468109","1006.26702881","0","109.61940002","0","30.25720978"
"2013-05-18 01:00:00","10.34726409","8.56781349","0.24610509","0.38829772","1.44752356","1.75991952","195.14320374","1.30297196","18.06987","90.69866943","1006.36401367","0","76.91873169","0","21.73911095"
"2013-05-18 02:00:00","","","0.22518868","0.35330682","1.16790144","1.53380075","357.0038147","0.58363903","17.21191025","97.91954041","1006.82202148","0","76.91873169","0","21.73911095"
"2013-05-18 03:00:00","9.34470306","7.52634326","0.24940553","0.46957738","1.51678024","","30.93330956","0.795075","16.92992973","99.19915009","1007.00402832","0","76.91873169","0","21.73911095"
"2013-05-18 04:00:00","8.39142575","6.52378224","","0.54460452","1.97615914","2.05086186","342.6730957","0.45092401","16.6709404","99.2010498","1007.39300537","2.51526308","76.91873169","0","21.73911095"
"2013-05-18 05:00:00","8.67287024","6.77150478","0.18081383","0.49612209","2.18756192","2.18606387","344.43560791","0.59342998","17.23489952","99.10784149","1008.30200195","72.86833954","76.91873169","0","21.73911095"
"2013-05-18 06:00:00","14.70509831","10.91663666","0.19920918","0.3993759","1.62429748","2.2066927","354.55099487","1.09057605","18.6923008","87.05413055","1008.90100098","271.45700073","76.91873169","0","21.73911095"
"2013-05-18 07:00:00","17.48710994","11.78949907","0.20191081","0.62796801","1.57462415","2.74621019","49.05141068","2.50258207","20.54178047","62.54700089","1009.24102783","479.86871338","76.91873169","0","21.73911095"
"2013-05-18 08:00:00","11.92697952","8.46664957","0.17354306","0.44094883","1.38073005","2.73092162","47.50263977","2.59556389","21.61823082","52.68661118","1009.41101074","657.76550293","76.91873169","0","21.73911095"
"2013-05-18 09:00:00","8.04513387","5.72873822","0.16059059","0.3071279","1.13534829","2.74510471","45.25526047","2.41636205","22.80476952","41.19963074","1009.68902588","778.16131592","76.91873169","0","21.73911095"
"2013-05-18 10:00:00","9.39917594","6.34220534","0.18546218","0.20259454","0.81214874","3.13026295","47.96833038","2.77853489","23.47455978","45.61294174","1009.80200195","834.83410645","76.91873169","0","21.73911095"
"2013-05-18 11:00:00","9.20592628","6.6197589","0.21065181","0.16892065","0.74522607","3.65817443","61.34725952","2.48319101","23.84642029","50.09917068","1009.73602295","839.74761963","76.91873169","0","21.73911095"
"2013-05-18 12:00:00","12.10855451","8.59634818","0.20890314","0.32391043","0.96094601","4.02233568","62.63684082","2.05631208","24.62907982","50.78673172","1009.68103027","788.13171387","76.91873169","0","21.73911095"
"2013-05-18 13:00:00","8.96728191","6.71832824","0.17453681","0.22935893","0.9871063","4.26400336","66.98670197","1.80026197","25.59625053","50.34580994","1009.22399902","848.3973999","76.91873169","0","21.73911095"
"2013-05-18 14:00:00","8.37716032","6.15544118","0.20278456","0.09564885","0.34213507","4.31539542","58.67292023","1.92551601","26.03376961","48.36338043","1008.63800049","366.9118042","76.91873169","0","21.73911095"
"2013-05-18 15:00:00","11.16695187","8.75847048","0.24319026","0.21531924","0.84612875","3.51910578","74.37532043","2.66697407","25.04936981","52.52807999","1008.20202637","161.34190369","76.91873169","0","21.73911095"
"2013-05-18 16:00:00","16.81397886","14.00084179","0.35260939","0.66921041","0.79567741","3.65191174","83.59342957","2.66714811","24.86635971","55.87810135","1007.74401855","132.53340149","76.91873169","0","21.73911095"
"2013-05-18 17:00:00","20.06288368","16.93330105","0.29952849","1.21688627","1.55594796","2.78268082","106.41300201","2.06083798","24.03446007","61.44512177","1007.77099609","67.59870148","76.91873169","0","21.73911095"
"2013-05-18 18:00:00","32.9392668","27.97703408","0.29297304","0.88365198","2.59791531","2.95545895","122.32520294","1.43736804","23.40176964","66.40460968","1008.06500244","23.74847031","76.91873169","0","21.73911095"
"2013-05-18 19:00:00","28.35316272","26.34542888","0.36444812","1.2146926","4.38459007","2.54193455","67.03333282","0.55321503","21.98039055","75.76351929","1008","0.021368","76.91873169","0","21.73911095"
"2013-05-18 20:00:00","45.13339096","39.77690384","0.49599642","1.46258838","4.97223707","2.6071395","65.76412201","0.929259","21.16658974","79.70445251","1008.059021","0","76.91873169","0","21.73911095"
"2013-05-18 21:00:00","22.99793752","20.287276","0.28037822","1.83245908","9.86121032","2.45315045","85.82447052","1.03544796","19.89479065","88.08409882","1007.80200195","0","76.91873169","0","21.73911095"
"2013-05-18 22:00:00","20.6880312","18.25880843","0.24493892","0.90350585","2.52541643","2.45480918","110.14749908","1.18607903","19.19676971","90.98114014","1007.11401367","0","76.91873169","0","21.73911095"
"2013-05-18 23:00:00","25.66970896","22.56215448","0.21919359","0.62006999","1.99989287","2.6695833","132","1.65026295","18.89369965","95.41873169","1007","0","76.91873169","0","21.73911095"
"2013-05-19 00:00:00","22.9538468","20.16924824","0.22948403","0.46255703","1.72727483","2.38610371","160.01350403","1.46924901","18.87977982","92.67507172","1006.85400391","0","76.91873169","0","21.73911095"
"2013-05-19 01:00:00","19.95653824","17.50656454","0.22268975","0.5579862","2.06188716","2.75192064","162.11520386","1.586362","19.03351021","87.8015213","1006.38201904","0","82.74725342","0","23.14081955"
"2013-05-19 02:00:00","15.40027666","13.22525046","0.21375071","0.47220937","1.77552131","2.5854052","143.35690308","1.65054595","18.7150898","89.33943176","1005.5960083","0","82.74725342","0","23.14081955"
"2013-05-19 03:00:00","11.5080565","9.39917594","0.17839063","0.36515385","1.32210814","2.3413435","139.11810303","2.14574194","18.22229004","94.61131287","1005.03100586","0","82.74725342","0","23.14081955"
"2013-05-19 04:00:00","7.78055131","5.8350894","0.16845784","0.28727504","1.14818792","2.35755347","130.72540283","2.4309299","18.2412796","98.10500336","1004.53399658","1.64021206","82.74725342","0","23.14081955"
"2013-05-19 05:00:00","7.8415097","5.72484539","0.16134551","0.20785955","0.83679065","1.99818126","156.68960571","2.61985993","18.55994987","96.23857117","1004.67901611","65.85977173","82.74725342","0","23.14081955"
"2013-05-19 06:00:00","8.87130716","5.99720979","0.15995567","0.21663524","0.71617445","2.07720216","150.42030334","3.34648299","20.08180046","81.26834106","1005.01202393","240.33360291","82.74725342","0","23.14081955"
"2013-05-19 07:00:00","9.74416958","6.87007412","0.18601788","0.27970653","0.64315589","2.57380224","161.54440308","3.87731194","22.29932976","67.03289032","1005.35900879","432.90890503","82.74725342","0","23.14081955"
"2013-05-19 08:00:00","12.37184074","8.73253038","0.20048019","0.32281411","0.8746617","2.95896048","159.0328064","3.45466399","23.71272087","62.00168991","1005.59301758","601.14160156","82.74725342","0","23.14081955"
"2013-05-19 09:00:00","14.5715107","10.75710702","0.22908677","0.44028981","1.0874903","2.8198898","181.94050598","2.48285699","25.22636032","54.51160049","1005.57202148","734.84631348","82.74725342","0","23.14081955"
"2013-05-19 10:00:00","18.05777884","12.95937157","0.2497061","0.43513464","1.459455","2.72207983","194.51960754","2.19496703","25.99864006","46.48080063","1005.5880127","826.83660889","82.74725342","0","23.14081955"
"2013-05-19 11:00:00","17.95791126","13.31863254","0.25026297","0.41440411","1.53065721","2.81049577","190.71000671","2.01786208","27.07921982","42.46831131","1005.55999756","798.26812744","82.74725342","0","23.14081955"
"2013-05-19 12:00:00","15.30819091","11.55215295","0.20632034","0.45367251","1.76384921","2.89393655","187.71850586","1.761778","27.32689095","41.49409103","1005.51300049","750.840271","82.74725342","0","23.14081955"
"2013-05-19 13:00:00","10.93998026","8.46535323","0.22090148","0.2541483","0.89424505","2.55519623","191.84440613","1.457672","28.03260994","40.6068306","1005.32800293","677.83880615","82.74725342","0","23.14081955"
"2013-05-19 14:00:00","11.25903762","8.67027566","0.20675838","0.19184586","0.56572862","2.63845293","237.41270447","1.44328403","27.48756981","41.94369125","1005.27801514","392.10299683","82.74725342","0","23.14081955"
"2013-05-19 15:00:00","12.10336726","9.47699434","0.21740531","0.19974287","0.83393695","2.28995246","200.04670715","1.70193398","26.48349953","44.46221161","1005.32202148","238.35960388","82.74725342","0","23.14081955"
"2013-05-19 16:00:00","16.2575773","13.32771263","0.22082226","0.23177227","0.85027912","2.54303901","205.94790649","1.71340501","25.16592026","49.60906982","1005.42102051","174.22360229","82.74725342","0","23.14081955"
"2013-05-19 17:00:00","18.2834522","15.47679872","0.23031817","0.34102247","1.18683697","2.34521014","198.59609985","1.42099094","23.9719696","54.46512985","1005.46502686","88.50427246","82.74725342","0","23.14081955"
"2013-05-19 18:00:00","21.72171576","18.25102659","0.24549463","0.47550038","1.62935502","1.9106857","179.03250122","1.06797802","22.79426003","59.12128067","1005.89599609","28.64672089","82.74725342","0","23.14081955"
"2013-05-19 19:00:00","21.1640236","18.74258076","0.25046102","0.49568275","2.00054172","2.11201712","274.5710144","1.35017204","21.85144043","60.32302094","1006.72302246","0.02442","82.74725342","0","23.14081955"
"2013-05-19 20:00:00","39.6575568","36.28933936","0.2983367","0.6485887","2.4226974","1.91639717","246.45500183","0.57328099","21.19392967","61.30958176","1007.60699463","0","82.74725342","0","23.14081955"
"2013-05-19 21:00:00","22.3131356","20.39232128","0.19688384","0.80972116","3.27336603","2.21074545","217.23500061","0.54945099","20.21331978","64.44898987","1008.10699463","0","82.74725342","0","23.14081955"
"2013-05-19 22:00:00","22.25996288","20.3741764","0.21708727","0.42186279","1.96331952","1.81380018","197.41430664","0.462681","19.49403","67.65322113","1008.559021","0","82.74725342","0","23.14081955"
"2013-05-19 23:00:00","17.5221263","15.5312716","0.19591106","0.48065556","1.83219771","2.00684","279.80169678","1.21303499","19.19894981","60.01227951","1009.00799561","0","82.74725342","0","23.14081955"
"2013-05-20 00:00:00","10.41081514","8.33176562","0.18129031","0.3035084","1.08411895","1.84105883","268.47671509","1.43228495","18.83340073","34.49137115","1009.27600098","0","82.74725342","0","23.14081955"
"2013-05-20 01:00:00","8.07107206","6.18397586","0.17223244","0.12032839","0.7406872","1.96465789","218.44830322","0.79830998","17.87091064","36.31264114","1009.8380127","0","25.04393959","0","5.52380896"
"2013-05-20 02:00:00","","","0.1693712","0.14544727","0.26924668","1.79464397","216.6257019","0.571688","16.35605049","40.85599136","1010.23199463","0","25.04393959","0","5.52380896"
"2013-05-20 03:00:00","13.02810988","11.04762969","0.1743772","0.07118797","0.52824709","","214.70550537","0.56123298","15.18904972","45.73089981","1010.25","0","25.04393959","0","5.52380896"
"2013-05-20 04:00:00","15.69598658","13.67789543","","0.14994445","0.55963273","2.59342729","213.50770569","0.515576","14.45230961","48.86547089","1010.51800537","2.62922311","25.04393959","0","5.52380896"
"2013-05-20 05:00:00","31.18573336","26.68524864","0.25718424","0.40661592","0.73134911","2.75732294","219.27360535","0.78410101","15.06735992","49.4786911","1010.86700439","95.80686951","25.04393959","0","5.52380896"
"2013-05-20 06:00:00","41.7534912","33.53196768","0.32509558","0.40475075","1.39577453","3.19483431","270.23739624","1.47727704","17.53302956","42.10955048","1011.1550293","297.75640869","25.04393959","0","5.52380896"
"2013-05-20 07:00:00","40.18672192","29.15597328","0.30868423","1.07319332","2.9072379","3.10723196","303.89401245","1.46652901","19.6711998","36.94525146","1011.48699951","450.4670105","25.04393959","0","5.52380896"
"2013-05-20 08:00:00","15.28873822","11.38095247","0.24828247","0.85611975","2.90568087","3.28799558","338.08480835","3.03341889","20.69502068","36.01654053","1011.42401123","629.83612061","25.04393959","0","5.52380896"
"2013-05-20 09:00:00","12.53915221","9.19814444","0.20989572","0.31217425","0.95598","3.78691137","337.14050293","3.26624203","21.25741959","39.55033112","1011.38500977","753.57452393","25.04393959","0","5.52380896"
"2013-05-20 10:00:00","8.79867602","6.05557359","0.21780374","0.31480625","0.64808427","3.20737494","334.70700073","3.23238492","21.28510094","44.82918167","1011.51800537","882.14282227","25.04393959","0","5.52380896"
"2013-05-20 11:00:00","9.26299374","6.58214604","0.24768599","0.21641557","0.58998102","3.31369415","336.20370483","2.509305","22.16978073","40.5900116","1011.35101318","911.03271484","25.04393959","0","5.52380896"
"2013-05-20 12:00:00","11.42375259","8.09831042","0.25456066","0.35835317","0.77583371","3.31029635","0.58090198","2.21781802","22.3111496","39.07292175","1011.13800049","880.50061035","25.04393959","0","5.52380896"
"2013-05-20 13:00:00","7.39924115","5.22810588","0.23163229","0.18734869","0.71954682","3.38850772","49.6049614","2.70171809","22.26684952","41.3610611","1010.95800781","900.93902588","25.04393959","0","5.52380896"
"2013-05-20 14:00:00","6.71477192","4.26310036","0.21800179","0.11802488","0.40062681","3.25679605","9.24127197","2.0148809","22.40727043","40.94477081","1010.78302002","435.1394043","25.04393959","0","5.52380896"
"2013-05-20 15:00:00","6.62105524","4.21646477","0.23576455","0.12603274","0.50905223","3.1619069","349.54730225","2.04739404","22.60819054","37.9490509","1010.58001709","190.50860596","25.04393959","0","5.52380896"
"2013-05-20 16:00:00","6.62364982","4.65613873","0.23278448","0.18350951","0.47001367","2.75398718","332.25390625","2.14922309","22.03606987","37.30001068","1010.39001465","171.06530762","25.04393959","0","5.52380896"
"2013-05-20 17:00:00","9.51201262","6.60289698","0.24836169","0.23966927","0.74730075","2.97348426","356.04730225","1.93862903","21.02584076","45.14162064","1010.36700439","36.71549988","25.04393959","0","5.52380896"
"2013-05-20 18:00:00","9.68580769","7.18264597","0.22443958","0.3408028","1.50873882","2.56068701","50.44166183","1.43630505","19.58452034","58.20858002","1010.70202637","13.99876976","25.04393959","0","5.52380896"
"2013-05-20 19:00:00","11.62867502","9.46791426","0.22897027","0.30186289","0.99722342","2.67935972","54.11238098","0.98510498","18.34465981","71.15567017","1011.23602295","0.007123","25.04393959","0","5.52380896"
"2013-05-20 20:00:00","16.46249973","14.41327931","0.26199219","0.4117711","1.12510202","2.69393944","87.17192078","0.96189702","18.17975998","76.59339142","1011.76702881","0","25.04393959","0","5.52380896"
"2013-05-20 21:00:00","22.41041816","20.25742968","0.26763429","0.51257512","1.81870924","3.05076914","129.27600098","1.02873695","17.94654083","78.60127258","1011.77801514","0","25.04393959","0","5.52380896"
"2013-05-20 22:00:00","15.219998","13.14224481","0.24311686","0.43897381","1.72584798","3.01864313","150.76820374","0.77615499","17.69100952","79.14211273","1011.69702148","0","25.04393959","0","5.52380896"
"2013-05-20 23:00:00","17.81913638","15.6869084","0.29211327","0.33904746","1.41626708","2.81008084","184.10890198","0.32241699","17.30191994","80.15248108","1011.60101318","0","25.04393959","0","5.52380896"
"2013-05-21 00:00:00","14.49109771","12.4937575","0.23989797","0.51926596","1.94269781","2.89595225","73.11363983","0.28804499","16.98349953","81.96131897","1011.1920166","0","25.04393959","0","5.52380896"
"2013-05-21 01:00:00","21.06285968","19.314546","0.26600562","0.46869971","2.16538318","3.08357044","291.07449341","0.27827901","16.39743042","85.25987244","1010.96801758","0","19.63274956","0","6.5687151"
"2013-05-21 02:00:00","44.95310848","42.50052872","0.25917056","0.9327924","2.20636726","3.03241839","287.3500061","0.36263701","15.88088036","88.04795074","1010.63000488","0","19.63274956","0","6.5687151"
"2013-05-21 03:00:00","27.63721432","25.65544544","0.25428339","0.65670639","3.10774555","3.10408333","298.33990479","0.330091","15.73721027","89.37220001","1010.00500488","0","19.63274956","0","6.5687151"
"2013-05-21 04:00:00","21.44416984","19.34567336","0.26596601","0.83944706","1.66255702","2.88168069","297.7572937","0.440496","15.60011959","86.1425705","1009.71600342","2.83679295","19.63274956","0","6.5687151"
"2013-05-21 05:00:00","46.19692184","36.56300392","0.34051436","0.61381747","2.89776963","3.12106927","306.83630371","0.50716001","17.02556992","73.46472168","1009.89801025","99.70391083","19.63274956","0","6.5687151"
"2013-05-21 06:00:00","68.17935792","50.88809032","0.35354838","1.18957371","4.8402081","3.86586311","333.36090088","0.75366199","18.93066978","55.44816971","1010.03399658","299.6875","19.63274956","0","6.5687151"
"2013-05-21 07:00:00","17.81783814","13.27453609","0.28321267","0.91568036","3.75881369","4.33778162","47.7867012","1.71616602","21.06599998","46.2195015","1009.79901123","500.67449951","19.63274956","0","6.5687151"
"2013-05-21 08:00:00","14.93855351","11.03595693","0.26354164","0.58749242","1.40031442","5.20656303","60.59788132","1.28547502","22.47603989","49.28205109","1009.79699707","665.29797363","19.63274956","0","6.5687151"
"2013-05-21 09:00:00","9.73120048","6.66126269","0.22614864","0.34310631","0.94975494","4.18902198","65.47592163","1.63855803","23.48167992","46.80646133","1009.38500977","777.4755249","19.63274956","0","6.5687151"
"2013-05-21 10:00:00","8.28637091","5.368179","0.22893066","0.21696373","1.23210059","3.30875153","55.81052017","2.08874798","24.27334976","40.50107956","1008.99200439","873.34552002","19.63274956","0","6.5687151"
"2013-05-21 11:00:00","8.23967987","5.16066199","0.22110186","0.17506333","0.69256988","3.40463124","62.34434128","1.89271998","25.70248032","32.18355179","1008.38500977","895.59613037","19.63274956","0","6.5687151"
"2013-05-21 12:00:00","15.69858116","10.54829559","0.32871174","0.22672693","0.79930912","5.01245739","76.84931183","1.63232803","26.89673996","28.84939957","1007.59100342","873.23352051","19.63274956","0","6.5687151"
"2013-05-21 13:00:00","10.26555477","7.38886473","0.2980338","0.72065434","1.48876596","4.86493137","69.84101105","2.72884393","27.25667953","29.68091011","1006.62402344","838.1583252","19.63274956","0","6.5687151"
"2013-05-21 14:00:00","7.82983502","5.57050684","0.22793691","0.58902809","0.6576817","3.62381711","54.95201111","2.59524393","26.68342018","31.79430962","1005.86401367","438.95300293","19.63274956","0","6.5687151"
"2013-05-21 15:00:00","8.49518426","5.93495698","0.23075854","0.19096819","0.49478576","3.83806342","73.91825104","2.13039804","25.49253082","36.38325119","1005.26501465","282.08380127","19.63274956","0","6.5687151"
"2013-05-21 16:00:00","9.70007312","6.92714158","0.22149912","0.2368176","0.67921159","3.30918376","53.83557129","1.98197103","24.70133018","37.47225189","1005.09301758","255.82710266","19.63274956","0","6.5687151"
"2013-05-21 17:00:00","25.25727144","20.78271344","0.32096333","0.27356385","1.08009773","3.32944748","174.4723053","1.59768999","23.52318954","44.02888107","1004.84301758","87.23036194","19.63274956","0","6.5687151"
"2013-05-21 18:00:00","34.09486048","29.22212848","0.32910901","0.83824089","1.05117629","3.25821782","188.31880188","1.45116198","22.85836029","41.91616058","1004.67901611","21.01749992","19.63274956","0","6.5687151"
"2013-05-21 19:00:00","32.4178644","29.41407416","0.33888452","0.87739946","3.30514118","3.84788561","186.27420044","1.247383","22.42267036","38.87314987","1004.72601318","0","19.63274956","0","6.5687151"
"2013-05-21 20:00:00","29.4880112","26.75268488","0.35847633","0.9671253","1.52456131","3.74521132","160.90100098","1.56650603","21.9478302","41.22113037","1004.63000488","0","19.63274956","0","6.5687151"
"2013-05-21 21:00:00","21.9603716","19.35863672","0.28992773","1.04971994","1.46179004","3.92523151","173.01620483","1.78578103","21.75139046","39.92863083","1004.4710083","0","19.63274956","0","6.5687151"
"2013-05-21 22:00:00","16.41840136","14.25634618","0.30836618","0.73337802","2.1131165","3.62832751","159.34390259","1.73219001","21.25218964","42.5998497","1004.02099609","0","19.63274956","0","6.5687151"
"2013-05-21 23:00:00","12.92564962","10.81676907","0.25265355","0.63729085","1.59368883","3.46566751","181.24719238","1.47027802","20.92000961","44.32199097","1003.82501221","0","19.63274956","0","6.5687151"
"2013-05-22 00:00:00","11.39392348","9.43419422","0.25968782","0.33619579","1.08813915","3.37849943","153.55270386","1.81468999","20.47680092","45.16910172","1002.95300293","0","19.63274956","0","6.5687151"
"2013-05-22 01:00:00","7.37330105","5.47063926","0.22157834","0.62094766","0.58596082","3.21892704","148.96980286","2.42507601","19.93732071","50.09672165","1002.24200439","0","67.0617218","0","11.10365009"
"2013-05-22 02:00:00","","","0.22217482","0.24636113","0.79061885","3.57396174","161.86680603","2.10370493","19.65423965","54.41527176","1001.8170166","0","67.0617218","0","11.10365009"
"2013-05-22 03:00:00","12.38092082","10.37190594","0.20627956","0.29078471","0.62992777","","195.206604","1.29146504","19.18395996","63.61191177","1001.69500732","0","67.0617218","0","11.10365009"
"2013-05-22 04:00:00","9.73768598","7.71700026","","0.16146197","0.44537176","2.48021994","147.49450684","1.79414201","18.96615028","61.88013077","1001.58099365","0.005088","67.0617218","0","11.10365009"
"2013-05-22 05:00:00","21.27296936","18.16153734","0.1602108","0.51400095","0.21373679","2.68330772","128.97590637","1.48975098","18.94367981","64.81330872","1001.88500977","45.74887085","67.0617218","0","11.10365009"
"2013-05-22 06:00:00","32.6422376","24.71124248","0.21994618","0.79842331","0.04772781","2.9201243","139.11070251","2.15199089","19.77552986","67.02359009","1001.71502686","269.05050659","67.0617218","0","11.10365009"
"2013-05-22 07:00:00","41.44351776","29.07297336","0.28818023","0.91195102","2.45175004","2.95910083","147.21650696","2.59701109","21.88331985","56.65201187","1001.10900879","477.87640381","67.0617218","0","11.10365009"
"2013-05-22 08:00:00","27.53606952","20.40270344","0.21204515","1.31132794","4.44840071","3.06572413","151.38510132","2.86368203","24.29500008","45.01390076","1000.90899658","658.44732666","67.0617218","0","11.10365009"
"2013-05-22 09:00:00","21.27815088","15.79974508","0.20601977","0.81125683","2.7299453","3.36097753","147.33410645","3.79159498","25.4219799","33.89736176","1000.40002441","743.67822266","67.0617218","0","11.10365009"
"2013-05-22 10:00:00","20.90722288","15.12013042","0.20482215","0.5942931","1.97875249","3.47548868","144.27160645","4.28389788","26.19766045","31.14937019","999.13757324","848.5244751","67.0617218","0","11.10365009"
"2013-05-22 11:00:00","27.5905424","22.29109024","0.23383181","0.49337924","1.9722681","3.09472897","159.79550171","4.24216413","23.8066597","38.10554123","999.64691162","112.86509705","67.0617218","0.40000001","11.10365009"
"2013-05-22 12:00:00","37.08050584","28.85508184","0.24979348","0.71440182","2.26459967","2.70988498","141.8874054","2.80785489","20.87104988","60.90082169","999.5557251","224.51660156","67.0617218","0.40000001","11.10365009"
"2013-05-22 13:00:00","22.94606496","17.08634518","0.17864576","","","2.81874974","125.90550232","3.49674201","22.88982964","49.84914017","997.99121094","534.27642822","67.0617218","0","11.10365009"
"2013-05-22 14:00:00","18.83207192","14.79588772","0.16767263","0.48635991","0.43862803","3.54239508","132.83630371","3.876019","23.69766045","40.56573105","995.86199951","221.7684021","67.0617218","0","11.10365009"
"2013-05-22 15:00:00","20.37287624","15.77510322","0.17868654","0.31897493","1.45854682","3.22455308","135.61650085","4.32158518","23.8610096","40.75444031","994.84631348","151.18940735","67.0617218","0","11.10365009"
"2013-05-22 16:00:00","25.43755392","20.96687728","0.19899715","0.41780394","1.40705815","3.22608977","140.10960388","3.85643291","23.50901985","40.1545105","993.63220215","39.28673172","67.0617218","0","11.10365009"
"2013-05-22 17:00:00","30.38680416","25.36491704","0.21779093","","","3.34778196","136.23280334","3.51073003","23.55764961","40.35009003","992.44702148","48.18273163","67.0617218","0","11.10365009"
"2013-05-22 18:00:00","23.29364744","18.83596284","0.19101573","0.66273924","1.24143868","3.96560336","137.60450745","4.61613178","23.33251953","45.43671036","991.21240234","26.93630028","67.0617218","0","11.10365009"
"2013-05-22 19:00:00","20.44031248","16.87753183","0.16041002","0.51060112","1.14170251","3.53831284","143.6190033","4.62053585","21.78034973","58.52645111","990.0144043","0.21571","67.0617218","0","11.10365009"
"2013-05-22 20:00:00","14.50406681","12.15524746","0.15246938","0.36093839","0.77635238","3.10893849","154.46940613","4.38345623","20.8066597","67.84113312","989.44641113","0","67.0617218","0","11.10365009"
"2013-05-22 21:00:00","9.49774528","7.20599149","0.12641299","0.22475192","0.46054642","3.3625132","157.38200378","4.82637787","20.4099102","70.56607056","988.61297607","0","67.0617218","0","11.10365009"
"2013-05-22 22:00:00","8.92967096","6.46671669","0.14053745","0.17868283","0.65379167","3.21295217","159.19309998","4.10676289","19.43115044","73.59761047","987.5847168","0","67.0617218","0","11.10365009"
"2013-05-22 23:00:00","8.23189803","6.1787867","0.153667","0.33147895","0.1950606","3.41293911","172.85079956","3.49921393","19.42077065","72.06912231","987.40661621","0","67.0617218","0","11.10365009"
"2013-05-23 00:00:00","6.46671669","4.51995653","0.13846375","0.25054812","0.28338705","3.1941397","159.76370239","4.32958698","19.1735096","73.28259277","986.98120117","0","67.0617218","0","11.10365009"
"2013-05-23 01:00:00","5.38374268","3.42920068","0.14349189","0.12910307","0.36275576","3.60620471","197.13850403","2.55624509","17.02692986","91.63240051","986.64282227","0","28.62920952","2.20000005","3.91873598"
"2013-05-23 02:00:00","6.80652306","4.83382471","0.14181545","0.12899425","0.33837319","3.08039435","189.90550232","1.26516795","16.25539017","99.21008301","987.18481445","0","28.62920952","0","3.91873598"
"2013-05-23 03:00:00","6.92973617","4.88829759","0.13427441","0.31579376","0.33435299","3.13281663","193.51600647","1.55296898","16.81162071","98.16178131","987.91333008","0","28.62920952","0","3.91873598"
"2013-05-23 04:00:00","8.10738859","6.11653198","0.1296447","0.28157069","0.19882248","3.1979148","196.49330139","1.68257201","17.35733986","84.41853333","988.79772949","0.53724098","28.62920952","0.40000001","3.91873598"
"2013-05-23 05:00:00","17.84118174","14.85295327","0.18319509","0.21038272","0.52863558","3.44857378","192.5789032","1.61327899","17.2687397","88.00852966","989.39440918","61.95462036","28.62920952","0.2","3.91873598"
"2013-05-23 06:00:00","28.29997088","22.08358088","0.19432783","0.38402022","1.28644195","3.38522485","192.83580017","2.05209589","18.70627975","79.7611618","990.26062012","213.98350525","28.62920952","0","3.91873598"
"2013-05-23 07:00:00","39.93254064","28.55549056","0.27848393","0.57630441","1.69926055","3.28691959","200","2.56142402","20.52453995","67.83718872","990.98492432","514.89111328","28.62920952","0","3.91873598"
"2013-05-23 08:00:00","32.15588216","23.91361344","0.21100713","0.94759992","3.18854518","2.90674364","194.61610413","2.30373192","21.73233032","60.42097092","991.69732666","628.23260498","28.62920952","0","3.91873598"
"2013-05-23 09:00:00","26.38433808","19.46498216","0.22054382","0.67480493","2.18548622","3.1988657","186.94580078","2.47403312","22.84303093","50.96493149","992.41381836","829.40270996","28.62920952","0","3.91873598"
"2013-05-23 10:00:00","24.8214884","18.78148996","0.21172594","0.5730134","1.95903896","3.26058438","186.68200684","2.08446598","22.53899956","50.53004074","993.25061035","602.5447998","28.62920952","0","3.91873598"
"2013-05-23 11:00:00","24.73718832","17.26013833","0.22122302","0.68544478","3.00334135","3.01250553","187.88420105","3.27806902","23.75139046","47.19345093","993.64532471","995.20861816","28.62920952","0","3.91873598"
"2013-05-23 12:00:00","30.62546","20.77883208","0.24911545","0.67118441","2.43657538","3.16436702","189.29240417","3.6134491","23.45351982","46.48460007","993.80072021","839.54101563","28.62920952","0","3.91873598"
"2013-05-23 13:00:00","22.6905644","16.63110562","0.20462293","0.56160571","2.75873657","3.37914929","189.17340088","3.16296506","23.41826057","44.89255142","994.03741455","784.21350098","28.62920952","0","3.91873598"
"2013-05-23 14:00:00","18.61158773","13.93210157","0.18419233","0.38785939","1.4566013","3.24217058","198.29640198","2.21590304","24.00588989","42.52732086","994.13531494","420.396698","28.62920952","0","3.91873598"
"2013-05-23 15:00:00","19.98636544","15.91258176","0.22138262","0.41528076","1.69083064","2.75975968","199.67390442","2.11757398","22.34025002","45.34032059","994.24841309","223.54580688","28.62920952","0","3.91873598"
"2013-05-23 16:00:00","22.43116336","18.26529585","0.21360159","0.41681643","1.75243541","2.29174441","202.45150757","1.61929798","21.35902977","47.81378174","994.20220947","117.39099884","28.62920952","0","3.91873598"
"2013-05-23 17:00:00","21.0356328","16.83991897","0.1904577","0.54164301","0.9769902","2.93062076","239.37550354","2.01551008","20.41559982","48.85049057","994.4118042","73.3730011","28.62920952","0","3.91873598"
"2013-05-23 18:00:00","20.04603896","16.17068073","0.19767953","","","2.77025715","226.74650574","1.64562702","19.53737068","51.72241974","994.64831543","38.8431015","28.62920952","0","3.91873598"
"2013-05-23 19:00:00","18.21601022","15.24463986","0.19197336","","","2.7023663","234.76010132","1.35873795","18.73102951","58.20301056","995.69873047","0.58506298","28.62920952","0","3.91873598"
"2013-05-23 20:00:00","18.6790297","16.21348085","0.16683499","","","2.29695959","247.55430603","1.50402105","17.63261032","52.44078064","996.97772217","0","28.62920952","0","3.91873598"
"2013-05-23 21:00:00","17.80746171","15.5701808","0.19173454","0.30833508","0.01141277","2.48289058","210.02110291","0.61898702","16.4357605","55.83197021","997.43212891","0","28.62920952","0","3.91873598"
"2013-05-23 22:00:00","23.55044816","21.11085088","0.24572297","0.35769517","0.93924933","2.57232658","194.02000427","0.98294699","16.20388985","63.62982178","997.76580811","0","28.62920952","0","3.91873598"
"2013-05-23 23:00:00","15.09289398","13.05404998","0.18706522","0.43820598","1.39045766","2.73637173","184.59590149","0.64114702","16.02333069","73.12522125","998.30200195","0","28.62920952","0","3.91873598"
"2013-05-24 00:00:00","12.26419322","10.32132398","0.19520624","0.28157069","1.07931973","2.45793747","180.67750549","0.53306299","15.92327976","71.87055969","998.40887451","0","28.62920952","0","3.91873598"
"2013-05-24 01:00:00","8.59245726","6.56269144","0.17158353","0.28793304","0.89346704","2.4070834","165.60850525","0.47223601","15.73328018","72.24465942","998.69000244","0","24.46640968","0","6.10771894"
"2013-05-24 02:00:00","","","0.17952417","0.26193649","0.70696653","2.40244791","217.91340637","0.509516","15.79026031","71.40319061","998.99700928","0","24.46640968","0","6.10771894"
"2013-05-24 03:00:00","14.30952081","12.2278767","0.19181376","0.20445971","0.74055703","","180.25","0.371977","15.21990967","72.71334076","999.30352783","0","24.46640968","0","6.10771894"
"2013-05-24 04:00:00","18.40796164","16.18494807","","0.29264887","0.96531809","2.35461332","196.57550049","0.68564498","15.16950989","70.87416077","999.74237061","5.67969084","24.46640968","0","6.10771894"
"2013-05-24 05:00:00","35.97028392","31.79141672","0.28764433","0.41824328","1.26543174","2.24322029","194.48880005","0.64561898","15.98894024","71.05406189","1000.29699707","57.62311172","24.46640968","0","6.10771894"
"2013-05-24 06:00:00","53.08386936","42.25801064","0.30514729","0.69575513","2.30506508","2.11218696","196.18200684","1.02520299","17.21062088","69.55609131","1000.73101807","217.56500244","24.46640968","0","6.10771894"
"2013-05-24 07:00:00","46.99587016","34.21288824","0.31254038","0.96822163","3.28841051","2.02288724","195.77110291","1.89820194","19.92082977","56.5120697","1001.05200195","521.66552734","24.46640968","0","6.10771894"
"2013-05-24 08:00:00","40.96104368","28.96920912","0.24588374","0.8854063","3.68190409","1.76388887","185.90100098","2.52445412","21.40550995","46.86751175","1001.47601318","705.20452881","24.46640968","0","6.10771894"
"2013-05-24 09:00:00","26.90053984","19.91374768","0.21859012","0.71615716","3.59747275","2.03148191","192.39770508","2.2050879","22.16176987","44.2364006","1002.01300049","719.49530029","24.46640968","0","6.10771894"
"2013-05-24 10:00:00","26.76046672","19.52205536","0.19892958","0.55019802","2.3503287","2.29722909","192.04580688","2.75332499","22.44606972","42.86840057","1002.61401367","892.51507568","24.46640968","0","6.10771894"
"2013-05-24 11:00:00","23.18470168","16.21218451","0.18074626","0.47966805","2.41893653","1.94494233","225.92349243","2.49405599","23.32925987","40.49206161","1002.64801025","968.08911133","24.46640968","0","6.10771894"
"2013-05-24 12:00:00","30.64490504","20.62317616","0.20544309","0.52343465","3.36946948","2.22572993","191.38960266","2.54500604","23.78408051","37.70845032","1002.97802734","945.87591553","24.46640968","0","6.10771894"
"2013-05-24 13:00:00","20.26651168","14.09162929","0.17007719","0.51619462","3.11410078","2.12323361","184.07850647","2.45265698","24.20084953","34.93521118","1002.934021","927.06542969","24.46640968","0","6.10771894"
"2013-05-24 14:00:00","19.66861016","13.95285442","0.15509995","0.20467939","1.49058131","2.24874464","186.8934021","2.30322194","24.48385048","32.82633972","1002.93902588","368.05450439","24.46640968","0","6.10771894"
"2013-05-24 15:00:00","19.3923644","14.12146031","0.13303368","0.21279606","1.4044648","1.76173995","185.60920715","2.42225289","23.48900986","35.34880066","1003.26202393","194.49420166","24.46640968","0","6.10771894"
"2013-05-24 16:00:00","18.5169074","13.64676807","0.14065045","0.29451405","1.51781758","1.58559656","245.55430603","2.24186397","22.32044029","39.4845314","1003.57000732","153.01679993","24.46640968","0","6.10771894"
"2013-05-24 17:00:00","23.03814688","18.26529585","0.16362192","0.34782315","1.91079248","1.51409841","202.47650146","1.60216904","21.57394028","44.78144073","1004.05401611","39.68254089","24.46640968","0","6.10771894"
"2013-05-24 18:00:00","23.08353776","18.67902779","0.18945813","0.51257512","2.56198979","2.06278212","240.55940247","1.638188","20.21109009","50.64780045","1004.67199707","15.74378967","24.46640968","0","6.10771894"
"2013-05-24 19:00:00","23.51153896","19.47406416","0.17395314","0.58156942","3.02915077","1.82403527","250.311203","1.27118695","18.95948982","55.46044159","1005.1550293","0.078348","24.46640968","0","6.10771894"
"2013-05-24 20:00:00","21.97333496","18.58435129","0.18182505","0.49348908","2.38379003","1.57424379","169.60830688","0.90574199","18.38677979","58.22431183","1005.7130127","0","24.46640968","0","6.10771894"
"2013-05-24 21:00:00","24.55560568","21.5051244","0.17986785","0.40014374","1.69511018","2.02779935","189.75050354","1.09129095","17.96986961","62.2353096","1006.15301514","0","24.46640968","0","6.10771894"
"2013-05-24 22:00:00","19.09276356","16.37949407","0.14673874","0.47626822","2.72190389","1.94402398","186.76930237","0.89732099","17.72866058","62.27376175","1006.27001953","0","24.46640968","0","6.10771894"
"2013-05-24 23:00:00","16.34188121","13.63379706","0.14665952","0.30559223","1.54116282","2.12323361","196.97860718","1.56659305","17.58506012","59.29623032","1006.14300537","0","24.46640968","0","6.10771894"
"2013-05-25 00:00:00","13.21746862","11.11377533","0.12611941","0.19151636","1.14209202","2.02656878","194.88630676","1.28469098","17.29738045","60.00019073","1005.94799805","0","24.46640968","0","6.10771894"
"2013-05-25 01:00:00","10.93090209","8.96728191","0.10359763","0.17199199","0.94352887","1.92039398","199.76420593","1.20948696","16.75946045","61.76406097","1005.45202637","0","26.81888008","0","6.4977622"
"2013-05-25 02:00:00","9.48347985","7.69495107","0.11572178","0.1949172","0.99514772","1.9216215","200.64280701","1.11430895","16.60478973","64.4250412","1005.25","0","26.81888008","0","6.4977622"
"2013-05-25 03:00:00","10.44972434","8.45757139","0.10516455","0.19173603","1.21679575","1.63439019","200.77740479","1.40244997","16.2863903","70.44403076","1005.01800537","0","26.81888008","0","6.4977622"
"2013-05-25 04:00:00","12.1435747","10.00356488","0.10267728","0.17988899","1.056364","1.91180135","199.76029968","1.443488","16.05039978","76.99565125","1004.87402344","2.830688","26.81888008","0","6.4977622"
"2013-05-25 05:00:00","17.32498763","14.23559524","0.15177387","0.25645181","1.03574229","1.92346125","190.90890503","1.25847995","16.95434952","73.03173065","1004.75201416","87.4063797","26.81888008","0","6.4977622"
"2013-05-25 06:00:00","25.23652624","19.95653824","0.14845712","0.39498856","1.53402958","1.86331486","192.07470703","1.63888395","17.60214996","71.49593353","1005.10302734","119.08209991","26.81888008","0","6.4977622"
"2013-05-25 07:00:00","35.23747168","25.37269888","0.24708252","0.50906545","1.94269781","2.56175181","194.17250061","2.37947202","19.65818024","59.57204056","1005.04901123","458.77380371","26.81888008","0","6.4977622"
"2013-05-25 08:00:00","22.02780784","15.79844874","0.20376433","0.68621261","3.4086372","2.25886989","195.63270569","2.74052906","20.69848061","51.47116089","1005.04901123","451.74890137","26.81888008","0","6.4977622"
"2013-05-25 09:00:00","21.07582304","15.50662974","0.14869711","0.50423877","2.15371107","2.01184059","191.40040588","2.6144731","21.68700981","42.18193054","1005.11901855","578.3973999","26.81888008","0","6.4977622"
"2013-05-25 10:00:00","18.1343009","12.71164902","0.13754806","0.34628748","1.73855845","1.9053556","180.36740112","2.95475602","22.75064087","38.81990051","1005.17401123","816.42242432","26.81888008","0","6.4977622"
"2013-05-25 11:00:00","23.4207572","16.83602805","0.1835842","0.26955077","2.01631132","2.02933299","192.46060181","2.71810102","22.67148018","40.98188019","1005.24700928","704.08422852","26.81888008","0","6.4977622"
"2013-05-25 12:00:00","26.55295736","18.03832424","0.19457364","0.38654238","2.11545153","2.38468703","192.06660461","2.30755711","23.76543045","37.92002106","1004.87200928","864.01300049","26.81888008","0","6.4977622"
"2013-05-25 13:00:00","13.76868293","9.59761286","0.12247645","0.48383673","2.36628034","1.80163482","183.42610168","2.40908003","23.46105957","38.11001968","1004.54699707","744.51141357","26.81888008","0","6.4977622"
"2013-05-25 14:00:00","9.55221816","6.44207292","0.11178758","0.11199204","0.87245684","1.95752465","184.70840454","2.19440889","23.74921989","30.33827972","1004.30200195","385.61340332","26.81888008","0","6.4977622"
"2013-05-25 15:00:00","12.2343622","8.70399569","0.13223333","0.04124342","0.72927341","1.69116218","186.70710754","2.67473507","22.90442085","28.30952072","1004.31201172","218.65280151","26.81888008","0","6.4977622"
"2013-05-25 16:00:00","14.70639465","11.08653889","0.13003497","0.23067492","1.35064109","2.12968038","189.03010559","2.06248593","21.80537987","30.83576965","1004.26800537","180.49850464","26.81888008","0","6.4977622"
"2013-05-25 17:00:00","14.54686693","11.13063726","0.13299291","0.18668967","1.10642583","1.80685102","226.95620728","1.63594198","20.56842995","35.20186996","1004.44799805","39.62046051","26.81888008","0","6.4977622"
"2013-05-25 18:00:00","22.14713576","18.31198498","0.15892697","0.2155379","1.18035156","1.77739056","179.45530701","1.38928103","19.40732956","40.05303955","1004.71002197","14.73952007","26.81888008","0","6.4977622"
"2013-05-25 19:00:00","36.60451344","32.30633744","0.23577387","0.40475075","2.2406066","1.89154779","170.9526062","1.372136","18.36399078","45.22119141","1005.07702637","0.066138","26.81888008","0","6.4977622"
"2013-05-25 20:00:00","37.78215248","33.49305848","0.24956048","0.88814915","3.29904528","1.89860679","163.87010193","1.22606099","17.63939095","49.1842308","1005.39202881","0","26.81888008","0","6.4977622"
"2013-05-25 21:00:00","28.9458636","26.300038","0.211917","0.74928289","2.93265781","1.94739635","183.63420105","1.09928703","17.21035004","48.68022156","1005.73101807","0","26.81888008","0","6.4977622"
"2013-05-25 22:00:00","23.68924024","21.34818744","0.17617713","0.63323302","2.34008242","1.78721275","176.14390564","0.943232","16.66843033","48.75708008","1005.74499512","0","26.81888008","0","6.4977622"
"2013-05-25 23:00:00","25.15610752","22.53752792","0.16432209","0.42745629","2.10961497","1.67428202","165.45140076","0.637712","16.18741989","50.37911987","1005.8170166","0","26.81888008","0","6.4977622"
"2013-05-26 00:00:00","16.39894867","14.20706055","0.14541996","0.38325238","1.80963048","1.95107891","185.58720398","0.87149799","15.75078011","51.05907059","1005.57000732","0","26.81888008","0","6.4977622"
"2013-05-26 01:00:00","17.52731547","15.07862854","0.15093274","0.24822529","1.2033083","1.59296371","190.86300659","1.39276004","15.36657047","55.1615715","1005.35400391","0","28.03973961","0","6.57400703"
"2013-05-26 02:00:00","","","0.11769529","0.26610415","1.41496939","2.09530985","198.9375","1.00931704","15.0278101","59.54748154","1004.96801758","0","28.03973961","0","6.57400703"
"2013-05-26 03:00:00","13.25637782","11.30443041","0.11848516","0.19162619","1.05091695","","160.04870605","1.26595902","14.97714043","60.42301178","1004.63500977","0","28.03973961","0","6.57400703"
"2013-05-26 04:00:00","9.42770872","7.47965222","","0.14895694","0.95481248","1.20190586","201.01420593","1.265154","15.09774017","62.05934143","1004.71600342","2.95482302","28.03973961","0","6.57400703"
"2013-05-26 05:00:00","11.19548465","8.90373086","0.14379595","0.12280275","0.7954852","1.35717735","201.01679993","1.28670394","15.90618038","59.78964996","1004.98101807","142.51930237","28.03973961","0","6.57400703"
"2013-05-26 06:00:00","12.24603496","9.24613182","0.15409455","0.26237481","1.05402897","1.63661539","192.74180603","1.16061497","17.98982048","53.8608017","1005.12200928","335.6217041","28.03973961","0","6.57400703"
"2013-05-26 07:00:00","11.40429799","8.31231102","0.15980422","0.25557413","0.87362436","1.20240927","193.50410461","1.84892595","19.69000053","47.73028183","1005.11401367","539.2399292","28.03973961","0","6.57400703"
"2013-05-26 08:00:00","15.33931827","10.89329114","0.18950473","0.27422185","1.04832258","1.23727406","194.31300354","2.02821493","20.60391998","40.81243134","1005.33300781","723.74230957","28.03973961","0","6.57400703"
"2013-05-26 09:00:00","15.6933939","11.82970652","0.20212051","0.28946871","1.44622587","1.23238331","189.1053009","1.81427598","20.14089012","40.3432312","1005.74200439","398.12359619","28.03973961","0","6.57400703"
"2013-05-26 10:00:00","15.40546582","11.79338999","0.16742914","0.42405646","1.84879922","1.23664861","224.58120728","1.63385403","19.86901093","40.21577072","1006.31402588","428.56210327","28.03973961","0","6.57400703"
"2013-05-26 11:00:00","12.61307778","9.19425352","0.14910486","0.21301574","1.39253234","1.2154523","258.22460938","2.24550509","20.6354599","36.44512177","1006.47302246","531.92510986","28.03973961","0","6.57400703"
"2013-05-26 12:00:00","13.46519117","9.88294636","0.13525184","0.15498978","0.91341143","1.16089533","246.40620422","1.90317202","20.12047005","37.24887085","1006.62200928","518.62322998","28.03973961","0","6.57400703"
"2013-05-26 13:00:00","8.54446797","5.38244443","0.13090057","0.15202828","0.7859498","1.33121537","194.4683075","1.89305401","22.06105042","30.17765045","1006.29901123","913.13171387","28.03973961","0","6.57400703"
"2013-05-26 14:00:00","6.28773246","3.91816026","0.1402427","0.02007253","0.43603367","1.13781655","232.38870239","2.24026608","21.82015991","28.13763046","1006.20001221","377.4125061","28.03973961","0","6.57400703"
"2013-05-26 15:00:00","8.7169667","6.07113918","0.12555089","0.01787886","0.28506917","1.13417976","186.63420105","1.68166697","21.73755074","27.90883064","1006.00500488","204.3874054","28.03973961","0","6.57400703"
"2013-05-26 16:00:00","10.27722753","7.26694987","0.15018248","0.03422307","0.40814956","1.30136642","222.87770081","1.64841902","20.6794796","30.86153984","1005.98602295","173.85220337","28.03973961","0","6.57400703"
"2013-05-26 17:00:00","12.7077581","9.79215886","0.14934485","0.09729334","0.78880351","1.36144366","223.11289978","1.44911802","20.03701973","32.14149094","1006.3170166","37.40536118","28.03973961","0.60000002","6.57400703"
"2013-05-26 18:00:00","13.13057205","10.60665939","0.15920541","0.17769533","0.97919506","1.4023291","298.06091309","1.42623794","18.54644966","41.99246979","1006.86401367","25.72546959","28.03973961","0","6.57400703"
"2013-05-26 19:00:00","12.18637291","9.75714058","0.15469336","0.23034643","1.32418383","1.46867513","45.29949951","1.62109101","16.87125015","53.62765121","1007.32202148","0.55352098","28.03973961","0","6.57400703"
"2013-05-26 20:00:00","13.55079141","10.54959193","0.20196091","0.29912106","1.81183533","1.35002885","43.49729156","1.05388904","16.03642082","55.88386154","1007.95800781","0","28.03973961","0","6.57400703"
"2013-05-26 21:00:00","10.72338699","8.76754866","0.1449528","0.38643356","2.11467251","1.0638176","48.99261093","0.44758001","15.94227028","55.57210159","1008.48699951","0","28.03973961","0","6.57400703"
"2013-05-26 22:00:00","12.07613082","10.14104533","0.16822717","0.30866357","1.1939702","1.13819182","74.40625","0.27447101","15.51309013","57.93880081","1008.73901367","0","28.03973961","0","6.57400703"
"2013-05-26 23:00:00","42.90262232","40.42021536","0.23705071","0.61250147","2.55213302","1.30562867","277.06680298","0.77119797","14.75417042","61.09183121","1008.85101318","0","28.03973961","0","6.57400703"
"2013-05-27 00:00:00","41.35661736","38.86902888","0.23349862","0.71155015","2.95003631","1.30976888","178.7631073","0.233918","13.98731041","65.6502533","1008.79699707","0","28.03973961","0","6.57400703"
"2013-05-27 01:00:00","15.74008494","13.81018671","0.17281843","0.64376303","2.67508426","1.07034063","245.06530762","0.381762","13.05202007","68.9358902","1008.79101563","0","25.55311012","0","6.00773287"
"2013-05-27 02:00:00","12.34330796","10.33429308","0.19210035","0.46793187","1.45608263","1.0322133","204.38920593","0.38335699","12.84587955","68.59394073","1008.47900391","0","25.55311012","0","6.00773287"
"2013-05-27 03:00:00","14.01510914","11.9166031","0.16467392","0.46497037","1.325091","1.085139","207.1053009","0.36238","12.13640976","70.26074982","1008.25201416","0","25.55311012","0","6.00773287"
"2013-05-27 04:00:00","14.09552021","12.04889438","0.16694916","0.47374504","1.27982738","1.02769782","244.25590515","0.58399701","11.96607971","65.5923233","1008.33001709","3.05657291","25.55311012","0","6.00773287"
"2013-05-27 05:00:00","26.11069264","21.74506128","0.19876648","0.4507883","1.29134897","1.22034407","221.40460205","0.394209","13.4723196","57.73035049","1008.56201172","134.42410278","25.55311012","0","6.00773287"
"2013-05-27 06:00:00","45.32923712","33.4917392","0.31206273","0.83824089","2.2037729","1.87704537","234.728302","0.495516","15.80016041","48.09761047","1008.92199707","348.42370605","25.55311012","0","6.00773287"
"2013-05-27 07:00:00","45.00241896","31.51517096","0.31066589","1.15677648","2.86884818","1.98892148","260.62390137","0.84092498","18.0454998","40.60385132","1008.85101318","547.21411133","25.55311012","0","6.00773287"
"2013-05-27 08:00:00","18.89692122","13.59877878","0.19629202","1.05612297","3.49740707","1.16967306","224.1835022","1.30623698","19.07102013","34.95759964","1008.72900391","726.956604","25.55311012","0","6.00773287"
"2013-05-27 09:00:00","18.06556068","12.77130916","0.22204085","0.48723656","1.65270026","1.16566099","232.38980103","1.39221394","20.83889008","30.19753075","1008.86199951","884.18292236","25.55311012","0","6.00773287"
"2013-05-27 10:00:00","19.06033986","13.45222016","0.20655101","0.48482424","2.2127225","1.21319456","177.89280701","1.62500501","21.67575073","27.39517975","1009.09002686","1001.23400879","25.55311012","0","6.00773287"
"2013-05-27 11:00:00","22.64647368","15.90350358","0.20359773","0.42800547","1.89795286","1.06231345","177.53990173","1.63990903","22.38882065","27.68803024","1009.0670166","991.96160889","25.55311012","0","6.00773287"
"2013-05-27 12:00:00","22.36632744","15.37174388","0.20216012","0.54548117","1.92843133","1.16779059","225.60639954","1.47744405","22.83102036","25.94329071","1008.8460083","974.14532471","25.55311012","0","6.00773287"
"2013-05-27 13:00:00","14.45997035","10.13845074","0.1707424","0.52628631","2.11091164","1.35404092","183.71420288","1.85263503","22.77145958","25.18403053","1008.45001221","958.78912354","25.55311012","0","6.00773287"
"2013-05-27 14:00:00","13.25637782","9.37712676","0.15018248","0.28146085","1.50004958","0.99922793","188.43800354","2.1899991","22.54990959","25.11918068","1007.92102051","384.28149414","25.55311012","0","6.00773287"
"2013-05-27 15:00:00","18.77759904","13.98397986","0.1814406","0.28168052","0.99047867","1.05641892","184.97000122","1.73873198","22.45441055","25.48982048","1007.71002197","199.45050049","25.55311012","0","6.00773287"
"2013-05-27 16:00:00","23.50505728","18.80743006","0.21585353","0.37063751","1.47955804","1.09517374","182.35580444","1.54483199","21.7672596","27.19981956","1007.46899414","190.11990356","25.55311012","0","6.00773287"
"2013-05-27 17:00:00","29.22082832","23.61400304","0.23681188","0.65111188","2.37587879","1.1819635","193.37950134","2.19383907","20.63043976","38.52753067","1007.37902832","54.56858063","25.55311012","0","6.00773287"
"2013-05-27 18:00:00","27.65279712","22.00576248","0.24323919","0.72964868","2.76159028","1.12703025","193.67390442","1.83621299","19.0974102","47.44728088","1007.89001465","20.19433975","25.55311012","0","6.00773287"
"2013-05-27 19:00:00","21.98759848","18.88524846","0.20060368","0.807857","2.81515465","1.0743527","158.60090637","2.44754004","17.90122986","57.29676056","1007.84301758","0.07326","25.55311012","0","6.00773287"
"2013-05-27 20:00:00","24.65936992","21.63611552","0.219486","0.54910169","2.22322709","1.14233203","183.93730164","1.70401204","17.31542015","62.30009079","1008.28302002","0","25.55311012","0","6.00773287"
"2013-05-27 21:00:00","15.0838158","12.85820765","0.16690955","0.58398276","2.26278432","1.02155311","161.01870728","2.03377295","16.66402054","66.84493256","1008.48699951","0","25.55311012","0","6.00773287"
"2013-05-27 22:00:00","14.77254029","12.44317363","0.16826678","0.3820452","1.27956804","1.01829159","141.30610657","1.619398","16.07168961","70.14225006","1008.19000244","0","25.55311012","0","6.00773287"
"2013-05-27 23:00:00","12.87117674","10.55348285","0.17166042","0.43743814","1.53753111","1.01264724","141.1815033","1.78570604","15.70431042","72.62358093","1007.92901611","0","25.55311012","0","6.00773287"
"2013-05-28 00:00:00","9.365454","7.42128842","0.1630767","0.41966912","1.39473719","1.20792548","143.98370361","1.81863201","15.45956993","76.05589294","1007.18200684","0","25.55311012","0","6.00773287"
"2013-05-28 01:00:00","6.6132734","4.73006621","0.13788707","0.30372807","1.3210708","1.07585989","144.76150513","1.79601097","15.17920971","79.2990799","1006.56799316","0","13.93216038","0","1.55718398"
"2013-05-28 02:00:00","","","0.14822645","0.3038379","1.10876086","1.29898359","158.17860413","1.89444995","15.13057995","81.21761322","1006.38800049","0","13.93216038","0","1.55718398"
"2013-05-28 03:00:00","6.0426045","4.1204881","0.12626969","0.26303383","0.89735809","","162.21780396","1.92554998","15.01790047","81.2282486","1005.96801758","0","13.93216038","0","1.55718398"
"2013-05-28 04:00:00","8.09182491","6.1204229","","0.21012644","0.81042086","2.10898748","146.1835022","1.60288894","14.94919014","81.14250183","1005.78302002","5.5219779","13.93216038","0","1.55718398"
"2013-05-28 05:00:00","17.15637982","13.99824721","0.18789936","0.29352654","0.98697714","2.99457176","141.77900696","1.51236796","15.54090023","77.6435318","1005.54400635","115.69290161","13.93216038","0","1.55718398"
"2013-05-28 06:00:00","37.24780584","28.476372","0.26344262","0.53144149","1.8545056","2.93876185","141.50250244","1.47296","16.39248085","74.74243164","1005.52801514","119.07810211","13.93216038","0","1.55718398"
"2013-05-28 07:00:00","43.42786784","32.32318216","0.32244404","1.13077993","3.51174473","2.94277696","141.25469971","1.69702399","17.71455002","69.12006378","1005.14599609","231.71940613","13.93216038","0","1.55718398"
"2013-05-28 08:00:00","19.38198224","14.29006621","0.23460304","1.36979222","4.52141826","2.82466055","87.22911072","1.72177601","19.84690094","56.65662003","1004.65100098","586.40820313","13.93216038","0","1.55718398"
"2013-05-28 09:00:00","17.69592328","12.67663074","0.21922155","0.65385371","2.53553253","3.99932402","112.77380371","1.71153104","21.10560989","44.45529175","1004.13000488","578.43902588","13.93216038","0","1.55718398"
"2013-05-28 10:00:00","17.51304813","12.16043472","0.18553557","0.4121006","1.94788553","3.44429221","92.47849274","2.09618402","21.89200974","44.895401","1003.74401855","636.08972168","13.93216038","0","1.55718398"
"2013-05-28 11:00:00","19.23152696","14.75568027","0.1936265","0.34606781","1.559061","3.22153361","81.32289886","2.65879393","20.84995079","44.47713089","1003.07000732","279.51260376","13.93216038","0","1.55718398"
"2013-05-28 12:00:00","17.91900206","12.68570892","0.21253328","0.48317873","1.98899877","2.71648328","87.99468994","2.44245601","21.12203026","39.78863144","1002.5880127","459.78619385","13.93216038","0.2","1.55718398"
"2013-05-28 13:00:00","12.40685902","9.06325858","0.17504125","0.41155142","2.09664517","2.76713191","96.00270081","1.82859004","21.59617996","38.77614975","1001.94500732","480.00799561","13.93216038","0","1.55718398"
"2013-05-28 14:00:00","8.42644403","5.79099103","0.14928543","0.15575762","1.23235992","3.3521693","50.43013","2.45170403","21.13105011","40.19182968","1000.86901855","286.82220459","13.93216038","0","1.55718398"
"2013-05-28 15:00:00","7.66771463","5.40319728","0.15773751","0.11736689","0.74444807","3.37214419","45.53824997","2.18788004","19.25613976","51.43827057","1000.43701172","150.13020325","13.93216038","0","1.55718398"
"2013-05-28 16:00:00","10.48993179","8.09182491","0.1686722","0.14248577","0.83367761","3.61305827","8.65582275","1.86637795","18.9597702","50.5736618","999.71990967","96.38075256","13.93216038","0","1.55718398"
"2013-05-28 17:00:00","12.37184074","10.05933601","0.18213028","0.24778697","1.07996857","3.08239377","51.25619125","1.47314","18.5272007","52.44213104","999.27740479","21.52828026","13.93216038","0","1.55718398"
"2013-05-28 18:00:00","13.70902279","11.13322993","0.20047553","0.43063746","1.23702897","3.41237468","45.6114006","1.52890599","18.27872086","59.97985077","998.32751465","18.45948982","13.93216038","0","1.55718398"
"2013-05-28 19:00:00","15.46512596","13.35105624","0.20696458","0.40332491","1.56139502","3.80351491","38.56906128","1.32131195","18.03635979","63.24108124","997.09820557","0.249634","13.93216038","0","1.55718398"
"2013-05-28 20:00:00","12.80373477","10.85956919","0.17127597","0.46562837","1.46723709","3.44343284","346.07440186","1.11825502","17.44742966","68.5923233","996.56872559","0","13.93216038","0","1.55718398"
"2013-05-28 21:00:00","8.23967987","6.14117574","0.15285499","0.36943135","1.35394837","3.3932622","338.05990601","1.98514199","17.40903091","74.40447998","996.32330322","0","13.93216038","0","1.55718398"
"2013-05-28 22:00:00","13.50280403","11.3524197","0.2162974","0.21180856","0.69620159","3.56088109","295.40890503","1.24960005","17.20639992","70.07189178","997.15942383","0","13.93216038","0","1.55718398"
"2013-05-28 23:00:00","10.72987058","8.7753305","0.19643065","0.71703483","1.69809304","4.32643902","331.60150146","1.39584601","17.00004959","59.05786133","996.34881592","0","13.93216038","0","1.55718398"
"2013-05-29 00:00:00","9.462727","7.54450153","0.18605633","0.28014485","0.58933319","4.36542877","330.85940552","1.39362597","17.39743042","53.02136993","995.75292969","0","13.93216038","0","1.55718398"
"2013-05-29 01:00:00","10.51846457","8.48740242","0.17476049","0.31458658","0.58206978","4.2149148","319.94250488","0.816387","16.77486038","60.23720169","995.828125","0","32.21068954","0","10.51253986"
"2013-05-29 02:00:00","11.7609663","9.7934552","0.19482878","0.30482439","1.20512364","4.2608832","316.019104","0.81360102","16.36894035","62.84412003","995.88031006","0","32.21068954","0","10.51253986"
"2013-05-29 03:00:00","9.74546782","7.80908409","0.16586804","0.3581335","0.97530503","3.83552906","298.14770508","0.63013399","15.93616962","58.2304306","995.93200684","0","32.21068954","0","10.51253986"
"2013-05-29 04:00:00","14.06179826","12.00479792","0.1935065","0.32983344","1.28229157","3.60866178","199.59100342","0.44142801","15.1591301","53.75098038","996.36212158","2.49838305","32.21068954","0","10.51253986"
"2013-05-29 05:00:00","43.01284912","37.07012368","0.27345696","0.64628519","1.47761252","4.05876462","198.79170227","0.371052","15.5417099","45.7493515","996.39031982","50.36528015","32.21068954","0","10.51253986"
"2013-05-29 06:00:00","79.31907144","63.4505804","0.4876725","1.6023313","2.92785859","4.46175596","297.69900513","0.45461601","17.5926609","40.40238953","996.38500977","157.80000305","32.21068954","0","10.51253986"
"2013-05-29 07:00:00","60.3404256","47.73124448","0.45935251","3.15672935","6.71585306","5.21957453","321.23730469","0.866229","20.79932976","34.93188095","996.59912109","316.28799438","32.21068954","0","10.51253986"
"2013-05-29 08:00:00","28.98737312","23.3611028","0.35316626","1.68942413","6.24519157","5.2310412","320.54690552","1.43488896","22.54660034","30.73538017","996.53961182","480.82510376","32.21068954","0","10.51253986"
"2013-05-29 09:00:00","25.3960444","20.05900232","0.27349657","1.19341289","4.20859517","4.73803113","296.00531006","1.63594604","24.80307961","28.31562996","996.60821533","618.96612549","32.21068954","0","10.51253986"
"2013-05-29 10:00:00","16.26535914","12.80114018","0.21838042","0.74950256","3.01125259","4.623641","322.54470825","1.54547703","25.88562965","30.58613968","996.56860352","701.19537354","32.21068954","0","10.51253986"
"2013-05-29 11:00:00","16.88142275","13.38088726","0.19382688","0.67206208","1.82571332","4.23928517","347.53240967","2.1655941","25.92271996","34.81901169","996.59332275","741.45587158","32.21068954","0","10.51253986"
"2013-05-29 12:00:00","14.01510914","10.16698543","0.169045","0.67644941","2.24190328","4.2150104","344.19680786","2.51737809","25.79528046","29.80245972","996.78320313","773.5368042","32.21068954","0","10.51253986"
"2013-05-29 13:00:00","7.32920459","5.17752201","0.14095452","0.26051065","1.61573739","4.26155137","344.63299561","2.22116089","25.86079979","27.41662979","996.70391846","751.91802979","32.21068954","0","10.51253986"
"2013-05-29 14:00:00","6.48876396","4.41360535","0.1685522","0.24339963","0.82171973","4.12241153","346.36080933","2.52340293","25.25559044","28.71698952","996.66650391","376.99310303","32.21068954","0","10.51253986"
"2013-05-29 15:00:00","7.18912956","4.84160655","0.1556941","0.11835439","0.83017608","4.36619355","346.92590332","2.06693792","24.92625999","29.71385956","996.74731445","225.63490295","32.21068954","0","10.51253986"
"2013-05-29 16:00:00","7.67419822","5.5432704","0.16534729","0.12614156","0.66027606","3.87872511","335.31390381","1.94014704","24.14834976","31.35774994","996.91992188","171.99420166","32.21068954","0","10.51253986"
"2013-05-29 17:00:00","23.60103968","19.40792808","0.19386066","0.16595915","0.9166821","3.74656088","238.85510254","1.04604805","24.07637978","37.85760117","997.44732666","51.69108963","32.21068954","0","10.51253986"
"2013-05-29 18:00:00","16.00726209","13.31992888","0.19554875","0.48087523","2.47068455","3.97380851","46.05337143","1.27978802","22.56937981","39.29608154","997.94311523","19.21854973","32.21068954","0","10.51253986"
"2013-05-29 19:00:00","20.8229228","18.19396104","0.20948797","0.40475075","1.72844235","3.65873886","888","0.51879001","21.36581993","45.87429047","998.52770996","0.21978","32.21068954","0","10.51253986"
"2013-05-29 20:00:00","19.31582704","16.90606461","0.1818099","0.56544488","2.86625381","3.2825048","888","0.55094302","20.20078087","54.01288986","999.02050781","0","32.21068954","0","10.51253986"
"2013-05-29 21:00:00","14.30822447","12.2992115","0.15604709","0.30625023","1.71650989","3.42537296","234.55880737","0.70020801","19.26955986","62.26176071","999.27661133","0","32.21068954","0","10.51253986"
"2013-05-29 22:00:00","20.5025672","18.52209466","0.18641631","0.24844496","1.41743358","3.02066086","192.28460693","0.65530998","18.7828598","66.72588348","999.45343018","0","32.21068954","0","10.51253986"
"2013-05-29 23:00:00","14.38863746","12.42112636","0.17432012","0.34453214","2.01623504","3.13514658","238.6829071","0.43439999","18.29039001","65.62928009","999.64227295","0","32.21068954","0","10.51253986"
"2013-05-30 00:00:00","12.54693214","10.52235549","0.17544201","0.38687189","1.59576453","2.95672919","231.79110718","0.38703001","17.63146019","57.88365173","999.53942871","0","32.21068954","0","10.51253986"
"2013-05-30 01:00:00","15.37693114","13.40293645","0.17736426","0.36252084","1.32690736","3.29521323","194.5177002","0.389532","17.02882957","58.28129959","999.38641357","0","13.74942017","0","3.11857295"
"2013-05-30 02:00:00","","","0.16402618","0.3813689","1.7533141","2.96609576","231.89360046","0.58622098","16.47155952","59.91506958","999.52972412","0","13.74942017","0","3.11857295"
"2013-05-30 03:00:00","8.04902479","6.08540462","0.12137786","0.4176941","1.04585839","","290.65890503","0.54387099","16.56340981","61.75463104","999.54302979","0","13.74942017","0","3.11857295"
"2013-05-30 04:00:00","9.86997726","7.96082997","","0.10859221","0.68323179","1.39756242","184.76890564","0.64009798","17.24440002","67.56858063","999.44500732","0.05291","13.74942017","0","3.11857295"
"2013-05-30 05:00:00","27.80843392","23.89156808","0.17771842","0.17078481","0.91279208","1.58838721","197.41600037","1.01958501","17.16942978","76.48406219","999.43103027","21.32682037","13.74942017","0","3.11857295"
"2013-05-30 06:00:00","33.23367656","27.15085888","0.18996607","0.52935765","2.17991001","1.4386899","181.36320496","0.81217903","17.6651001","74.9196701","999.96160889","81.17417908","13.74942017","0","3.11857295"
"2013-05-30 07:00:00","40.03888608","29.40499216","0.27159762","0.54921153","2.30804794","1.32502489","225.41090393","1.27447295","19.31818962","62.54917145","1000.03601074","280.44360352","13.74942017","0","3.11857295"
"2013-05-30 08:00:00","28.90047272","21.26388736","0.22269092","0.82266452","3.21033441","1.57269694","194.75","2.49433088","20.05433083","57.81243134","999.65240479","323.19390869","13.74942017","0","3.11857295"
"2013-05-30 09:00:00","20.59206792","14.81663866","0.19474373","0.50555477","2.35681309","1.54820453","250.54710388","2.02570891","21.91905975","45.13336182","999.76812744","714.42102051","13.74942017","0","3.11857295"
"2013-05-30 10:00:00","22.60626432","16.24849913","0.17149499","0.40837127","1.90612344","1.48314907","182.01100159","1.65560997","22.45195961","43.36412048","1000.14300537","705.06811523","13.74942017","0","3.11857295"
"2013-05-30 11:00:00","23.80724888","16.79711885","0.21502172","0.40047324","2.58637236","1.43450799","172.60490417","2.20090508","23.07875061","42.46900177","1000.23699951","892.53662109","13.74942017","0","3.11857295"
"2013-05-30 12:00:00","28.55807176","19.18353576","0.20614792","0.38588438","2.18302203","1.60992727","183.1204071","2.699651","23.76909065","37.56132126","1000.00500488","962.16607666","13.74942017","0","3.11857295"
"2013-05-30 13:00:00","16.21218451","11.33426143","0.14828703","0.37447669","2.19028442","1.69054486","226.23060608","2.16358709","24.15851974","32.32078171","999.74041748","911.1630249","13.74942017","0","3.11857295"
"2013-05-30 14:00:00","15.69079932","10.98018771","0.14523473","0.09729334","1.02290267","1.7704414","184.36250305","2.32513499","23.87965965","30.67745018","999.34771729","382.36959839","13.74942017","0","3.11857295"
"2013-05-30 15:00:00","16.16289889","11.65202054","0.17149499","0.1599263","1.1470204","1.49695179","228.83450317","2.14993906","23.37944984","29.89410973","999.04101563","207.17030334","13.74942017","0","3.11857295"
"2013-05-30 16:00:00","20.02269344","15.11105224","0.19225413","0.14235458","1.11394858","1.43897262","224.5933075","1.85876799","21.84934044","32.74345016","998.90771484","170.14750671","13.74942017","0","3.11857295"
"2013-05-30 17:00:00","21.59850648","17.15508349","0.18538878","0.360437","1.92895","1.46994332","242.72090149","1.50493503","20.95508957","33.82939148","998.94311523","36.37464142","13.74942017","0","3.11857295"
"2013-05-30 18:00:00","23.97586816","19.1978184","0.19683141","0.30142456","1.87097693","1.55006055","218.76330566","1.25264204","19.66551018","39.51729965","999.2769165","16.38380051","13.74942017","0","3.11857295"
"2013-05-30 19:00:00","25.98746424","23.21842936","0.22923589","0.36778585","2.02738848","1.58810449","234.85240173","0.74569303","18.44424057","47.2707901","999.88891602","0.539276","13.74942017","0","3.11857295"
"2013-05-30 20:00:00","19.27043616","16.8438118","0.19494528","0.55667529","2.72802724","1.40202806","229.93960571","0.80640399","17.97768021","51.67459106","1000.22302246","0","13.74942017","0","3.11857295"
"2013-05-30 21:00:00","12.60270326","10.43286433","0.16302311","0.32270427","1.48059538","1.53795418","217.15299988","0.974733","17.21677971","45.96907043","1000.23699951","0","13.74942017","0","3.11857295"
"2013-05-30 22:00:00","10.12677798","7.8804189","0.15637912","0.13722076","0.86117323","1.67925616","220.40040588","1.29864597","16.40266037","45.56389999","1000.32702637","0","13.74942017","0","3.11857295"
"2013-05-30 23:00:00","11.69092974","9.66894576","0.18755685","0.17934083","1.01135972","1.37036479","226.82739258","0.88294297","15.44668007","44.66537094","1000.34002686","0","13.74942017","0","3.11857295"
"2013-05-31 00:00:00","10.02561406","8.04643212","0.17546997","0.20029103","0.94638257","1.57766498","234.78140259","0.51041597","14.61557961","48.35700989","1000.40301514","0","13.74942017","0","3.11857295"
"2013-05-31 01:00:00","7.7831459","5.8415749","0.1365613","0.2178414","0.77648255","1.31439724","281.54031372","0.52078903","13.91812038","52.4953804","1000.57202148","0","14.78306007","0","2.51160002"
"2013-05-31 02:00:00","11.20067382","9.24613182","0.14431088","0.08698299","0.68517731","1.11646565","177.71330261","0.249139","13.83625031","54.00529099","1000.36199951","0","14.78306007","0","2.51160002"
"2013-05-31 03:00:00","8.97117474","6.9440016","0.16563271","0.10255937","0.82187533","1.3394246","194.53050232","0.476657","13.96498966","54.56200027","1000.12701416","0","14.78306007","0","2.51160002"
"2013-05-31 04:00:00","12.98660801","10.75840527","0.15422969","0.06625145","0.78646949","1.49468795","196.29350281","0.73091","14.26014042","54.78083038","1000.26800537","9.056777","14.78306007","0","2.51160002"
"2013-05-31 05:00:00","28.01982464","23.50635744","0.20787445","0.20434988","1.18696613","1.41425952","197.728302","1.03911805","15.30212975","51.92097092","1000.44702148","45.66136169","14.78306007","0","2.51160002"
"2013-05-31 06:00:00","36.5189132","27.91737968","0.2278309","0.52617648","2.05462476","1.80241791","167.02670288","0.62854397","16.96241951","51.53092957","1000.09100342","225.75390625","14.78306007","0","2.51160002"
"2013-05-31 07:00:00","30.0444032","21.25352432","0.24272775","0.56919761","2.24190328","1.74396482","284.79370117","1.47445202","18.18577957","48.25939178","1000.76300049","458.89700317","14.78306007","0","2.51160002"
"2013-05-31 08:00:00","31.50218848","22.19770816","0.23461586","0.95549794","3.37867842","1.15494995","187.56500244","1.89204502","19.74160957","41.87314987","1000.72302246","670.37030029","14.78306007","0","2.51160002"
"2013-05-31 09:00:00","24.26379624","16.60776202","0.21598518","0.67392725","2.64732931","1.29968125","191.26220703","1.66896904","21.11211967","35.22486115","1000.62200928","879.72717285","14.78306007","0","2.51160002"
"2013-05-31 10:00:00","25.20279856","16.64407663","0.22803128","0.54592052","2.5963593","1.32530762","225.43930054","2.04423904","21.67757988","28.8661499","1000.84802246","992.01861572","14.78306007","0","2.51160002"
"2013-05-31 11:00:00","23.77484048","15.71544309","0.20662906","0.41933961","2.31647785","1.42321828","178.9539032","2.00739193","22.05759048","28.65574074","1001.07000732","989.80560303","14.78306007","0","2.51160002"
"2013-05-31 12:00:00","27.37393192","17.52342455","0.2228913","0.39334306","2.35901795","1.30364247","179.07400513","2.34371901","22.30240059","30.41959953","1001.45501709","961.66241455","14.78306007","0","2.51160002"
"2013-05-31 13:00:00","20.35341208","13.31992888","0.1562766","0.45849818","2.32179575","1.46777305","178.84550476","2.2589519","22.42341042","30.19812965","1001.47302246","906.16601563","14.78306007","0","2.51160002"
"2013-05-31 14:00:00","15.10067582","10.40173697","0.17277999","0.20555604","1.44155682","1.69642414","182.55270386","2.18582392","22.47680092","30.0060997","1001.15301514","382.30050659","14.78306007","0","2.51160002"
"2013-05-31 15:00:00","20.38713976","13.99305995","0.18466532","0.13392975","1.24364252","1.52695024","185","3.09024906","21.43568993","36.25077057","1001.02600098","209.4078064","14.78306007","0","2.51160002"
"2013-05-31 16:00:00","24.75145184","17.77374168","0.19386066","0.3427768","2.06798306","1.39278353","183.90100098","2.77569795","20.63986969","40.34167099","1001.17401123","180.82910156","14.78306007","0","2.51160002"
"2013-05-31 17:00:00","24.8487344","18.9643632","0.24076007","0.35736566","2.52347091","1.483085","190.49450684","2.51586008","19.98874092","44.82498169","1001.58599854","56.78775024","14.78306007","0","2.51160002"
"2013-05-31 18:00:00","17.77374168","13.77516843","0.18187631","0.55842453","2.53734788","1.49953091","248.07369995","1.53579295","18.82471085","49.40740967","1001.875","23.97435951","14.78306007","0","2.51160002"
"2013-05-31 19:00:00","21.09138672","17.64793399","0.20052563","0.26599533","1.57021444","1.52078621","231.41340637","1.03444004","18.22472954","54.31697083","1002.28900146","0.40496501","14.78306007","0","2.51160002"
"2013-05-31 20:00:00","18.02275865","15.11494316","0.17422575","0.37689003","1.98471923","1.27191614","888","0.89278901","17.64570045","58.03025055","1002.72601318","0","14.78306007","0","2.51160002"
"2013-05-31 21:00:00","18.14337908","15.50662974","0.16278196","0.30767708","1.66839359","0.97984696","190.1999054","1.09767997","17.50148964","56.0357399","1002.89001465","0","14.78306007","0","2.51160002"
"2013-05-31 22:00:00","15.38730756","13.07869375","0.16250119","0.28957753","1.57799652","1.34477096","181.03930664","0.95828003","17.19149017","59.62434006","1002.79400635","0","14.78306007","0","2.51160002"
"2013-05-31 23:00:00","10.70133781","8.55354806","0.15073586","0.22332608","1.17710936","1.18202249","223.15350342","0.86152202","16.81318092","56.6543808","1002.69500732","0","14.78306007","0","2.51160002"
"2013-06-01 00:00:00","13.89319237","11.51843101","0.18795761","0.08840883","0.78439379","1.49330687","195.22000122","1.29324102","16.84329987","52.46303177","1002.43701172","0","14.78306007","0","2.51160002"
"2013-06-01 01:00:00","8.64952472","6.70406281","0.14391012","0.15817096","0.98619914","1.31370467","193.51029968","1.64651704","16.45523071","61.0839119","1002.05999756","0","13.32437992","0","2.60561705"
"2013-06-01 02:00:00","","","0.14623896","0.07897615","0.74781942","1.56823231","192.79670715","1.430987","16.06044006","64.19312286","1001.76202393","0","13.32437992","0","2.60561705"
"2013-06-01 03:00:00","9.27855742","7.37978655","0.13069902","0.10135219","0.72525321","","160.12860107","1.86716199","16.01498985","65.61585999","1001.32000732","0","13.32437992","0","2.60561705"
"2013-06-01 04:00:00","11.27200671","9.08400951","","0.08292415","0.63381779","2.08828339","165.38850403","1.64689195","15.91662979","66.58702087","1001.1920166","5.02238512","13.32437992","0","2.60561705"
"2013-06-01 05:00:00","17.34184765","14.10978755","0.20210537","0.14489911","0.85209447","1.88756726","166.63690186","1.53578401","16.36528015","62.3314209","1001.38201904","85.42327118","13.32437992","0","2.60561705"
"2013-06-01 06:00:00","23.68663992","17.37686784","0.23846968","0.3021924","1.48228157","2.12141827","166.2019043","2.00781298","18.12154961","55.74766159","1001.3380127","332.26589966","13.32437992","0","2.60561705"
"2013-06-01 07:00:00","31.73048128","22.1639996","0.26673491","0.5243113","1.84789103","1.78511468","191.4683075","2.29117703","19.59490013","45.27017975","1001.44299316","451.77740479","13.32437992","0","2.60561705"
"2013-06-01 08:00:00","21.81509784","15.08640847","0.24572646","0.59802244","2.7582179","2.13017769","164.43510437","2.71169806","21.22269058","33.97095108","1001.2130127","696.47332764","13.32437992","0","2.60561705"
"2013-06-01 09:00:00","21.20681416","15.13180318","0.22243229","0.44566466","1.6363591","1.99535095","179.55490112","2.653337","22.16307068","33.48995972","1001.08599854","813.340271","13.32437992","0","2.60561705"
"2013-06-01 10:00:00","19.07979255","13.46259658","0.2364251","0.32588545","1.862546","2.05209955","188.86289978","2.96860909","22.74921989","32.11130142","1001.10900879","962.11627197","13.32437992","0","2.60561705"
"2013-06-01 11:00:00","19.87353832","13.72069364","0.22158999","0.36142451","1.83492123","1.97592828","193.4342041","3.35948801","22.98073006","33.43521118","1001.14300537","907.18560791","13.32437992","0","2.60561705"
"2013-06-01 12:00:00","22.67888208","15.30170732","0.24035348","0.32983344","1.85320791","2.14731617","193.86180115","3.31026196","22.78442001","35.00101089","1001.16101074","809.86462402","13.32437992","0","2.60561705"
"2013-06-01 13:00:00","12.1046655","8.32009286","0.17969426","0.29166238","1.83375372","2.06962144","192.71350098","3.18704891","23.3743","33.01662064","1000.93499756","896.02050781","13.32437992","0","2.60561705"
"2013-06-01 14:00:00","10.58590654","7.24100977","0.16738604","0.07864664","0.71033789","2.02620164","187.80580139","3.1288569","23.37335014","32.61022186","1000.61999512","475.88821411","13.32437992","0","2.60561705"
"2013-06-01 15:00:00","13.05664457","9.25132098","0.20487224","0.06394896","0.73290512","2.20559027","191.51029968","3.11791801","22.66551018","36.95264053","1000.3170166","296.25140381","13.32437992","0","2.60561705"
"2013-06-01 16:00:00","15.65837562","11.49897832","0.21176788","0.18383801","1.34558355","1.71275004","193.7868042","3.0767231","21.94219971","42.21834183","1000.13201904","210.38850403","13.32437992","0","2.60561705"
"2013-06-01 17:00:00","19.36381824","15.34710202","0.23257594","0.30263072","1.49174882","2.04943501","197.57470703","2.63566303","21.02638054","43.37213135","999.95220947","43.395401","13.32437992","0","2.60561705"
"2013-06-01 18:00:00","19.694556","15.88404898","0.19813621","0.33180845","2.02920383","2.53884592","195.64720154","2.27566099","19.95956993","53.92082977","1000.15100098","19.82600021","13.32437992","0","2.60561705"
"2013-06-01 19:00:00","23.6425492","20.12385736","0.23646471","0.49206325","2.03153886","1.79349374","189.51350403","1.81575596","19.08065033","58.72655106","1000.63702393","0.31237301","13.32437992","0","2.60561705"
"2013-06-01 20:00:00","24.97064352","21.01356832","0.26837872","0.57290356","2.56134196","2.05095746","157.08920288","2.65897894","18.69046974","63.14773178","1000.93701172","0","13.32437992","0","2.60561705"
"2013-06-01 21:00:00","19.33917256","16.69595493","0.22022694","0.51356263","2.5049249","1.87537851","185.76660156","1.579229","17.76353073","72.89079285","1000.90600586","0","13.32437992","2.79999995","2.60561705"
"2013-06-01 22:00:00","20.43253064","17.54158282","0.22644222","0.34606781","1.38604794","1.93669853","157.73210144","1.90353096","15.60079956","81.27796936","1000.41900635","0","13.32437992","0","2.60561705"
"2013-06-01 23:00:00","24.86687928","22.14843592","0.25081751","0.39027273","1.71625055","1.95041074","172.12010193","1.244784","16.05297089","79.01979065","999.92590332","0","13.32437992","0","2.60561705"
"2013-06-02 00:00:00","19.92541088","17.31980038","0.24676797","0.49151508","2.17718546","1.6278163","192.70710754","1.11480105","15.55222988","84.08350372","999.53460693","0","13.32437992","0","2.60561705"
"2013-06-02 01:00:00","14.36269735","12.34979346","0.21573703","0.4271278","1.59511568","1.84795714","215.353302","0.491155","14.87985992","93.3835907","999.23291016","0","10.78400993","0.2","3.750916"
"2013-06-02 02:00:00","11.88288115","9.94649933","0.20655567","0.34935882","1.22509651","2.23377338","253.16540527","0.41760001","14.8628397","93.97422028","998.77441406","0","10.78400993","0","3.750916"
"2013-06-02 03:00:00","9.75973517","7.80519317","0.20896139","0.3820452","1.09345603","1.8913749","285.11990356","0.69699198","14.4542799","95.1098938","998.61230469","0","10.78400993","0","3.750916"
"2013-06-02 04:00:00","8.52112436","6.57566054","0.19813621","0.266873","1.08074658","2.03001133","286.84240723","1.06193399","14.27167034","97.82221222","999.04370117","0.399878","10.78400993","0","3.750916"
"2013-06-02 05:00:00","5.85324575","3.94799129","0.18177845","0.40705425","1.12613936","1.79273201","321.91650391","1.82703805","13.74676991","91.5594101","999.5847168","24.7232399","10.78400993","0","3.750916"
"2013-06-02 06:00:00","6.80392848","4.67818791","0.19188249","0.1619003","0.60787921","1.45376285","311.69891357","1.76271701","14.27886009","88.30184174","1000.36901855","100.57279968","10.78400993","0","3.750916"
"2013-06-02 07:00:00","9.0476949","6.99717814","0.21509512","0.16025479","0.70087064","1.87195224","291.6361084","1.67504299","13.64258003","95.21672058","1000.88500977","45.44158173","10.78400993","0.60000002","3.750916"
"2013-06-02 08:00:00","12.03462703","9.55092182","0.24167692","0.32434978","1.19371087","1.72608088","328.08340454","1.32328904","14.3545599","97.8031311","1001.35400391","116.42539978","10.78400993","0","3.750916"
"2013-06-02 09:00:00","8.20595984","5.38244443","0.21172827","0.48625007","1.42923587","1.87309433","335.2684021","2.1267271","17.01416969","79.98664093","1001.41802979","722.14782715","10.78400993","0","3.750916"
"2013-06-02 10:00:00","7.06591837","4.64835689","0.19771099","0.29966922","1.12613936","1.93098502","332.92510986","3.42814112","19.01721954","58.65980148","1001.65600586","849.75982666","10.78400993","0","3.750916"
"2013-06-02 11:00:00","6.43040016","4.18144649","0.18266035","0.14138843","0.63070577","2.02505955","328.62030029","3.52818608","19.99436951","52.44369125","1002.20001221","828.2611084","10.78400993","0","3.750916"
"2013-06-02 12:00:00","6.80003756","4.53033295","0.19517012","0.09861035","0.44394491","2.11532339","335.95199585","3.64832592","20.47442055","50.69047165","1002.63800049","879.24291992","10.78400993","0","3.750916"
"2013-06-02 13:00:00","6.54972234","4.0556388","0.17556434","0.18548351","0.35873556","2.35945932","335.89401245","3.8382349","20.41086006","52.44477081","1002.91601563","935.80792236","10.78400993","0","3.750916"
"2013-06-02 14:00:00","6.28643612","3.91426934","0.19232286","0.20292404","0.21931402","2.33051245","331.23431396","4.18587208","20.09646034","51.73205185","1003.26000977","390.72650146","10.78400993","0","3.750916"
"2013-06-02 15:00:00","7.1644877","4.76119357","0.18779218","0.08106304","0.11688788","2.38650034","330.46420288","3.01075101","20.17588997","50.97787094","1003.63800049","208.94070435","10.78400993","0","3.750916"
"2013-06-02 16:00:00","8.27858907","5.92847148","0.18442533","0.08259566","0.24304775","2.49809371","335.19400024","2.46556711","19.41329956","51.3586998","1003.98699951","165.33360291","10.78400993","0","3.750916"
"2013-06-02 17:00:00","5.17363109","3.24373286","0.20222536","0.04793426","0.21723832","1.89861188","344.51260376","1.39948201","18.47142982","56.81386185","1004.61199951","62.61803055","10.78400993","0","3.750916"
"2013-06-02 18:00:00","7.50299774","5.54456674","0.19027829","0.08829899","0.69892511","1.98316526","49.24324036","0.83496702","18.30537987","58.4477005","1005.06402588","30.68172073","10.78400993","0","3.750916"
"2013-06-02 19:00:00","12.60529594","10.58850113","0.23073175","0.2665435","0.97452601","1.77026037","55.34339142","0.97391599","17.84276009","63.94681168","1005.38000488","0.56674802","10.78400993","0","3.750916"
"2013-06-02 20:00:00","22.98497416","20.62059496","0.25226095","0.34815164","1.46490206","1.87081015","120.8655014","1.18581498","17.52894974","68.12738037","1005.87701416","0","10.78400993","0","3.750916"
"2013-06-02 21:00:00","25.21706208","22.84490104","0.26853833","0.5419715","2.2358084","1.5063204","156.39360046","1.91789699","17.1093998","70.93488312","1006.17102051","0","10.78400993","0","3.750916"
"2013-06-02 22:00:00","17.7646635","15.62595002","0.2194662","0.53089332","2.21440766","1.60382222","159.08500671","1.94260001","16.54726982","75.01621246","1006.06201172","0","10.78400993","0","3.750916"
"2013-06-02 23:00:00","18.33143958","16.26276456","0.24564608","0.44489682","1.89185696","1.79768378","148.65440369","1.89868605","16.21549988","78.16442108","1006.0880127","0","10.78400993","0","3.750916"
"2013-06-03 00:00:00","16.03320219","13.96711985","0.2087214","0.37831586","1.90353009","1.97745073","158.25190735","1.608055","15.95516014","80.06375122","1006.01202393","0","10.78400993","0","3.750916"
"2013-06-03 01:00:00","11.81803376","9.90110462","0.21192865","0.42471446","1.77059293","1.57487738","154.77270508","1.50441396","15.82295036","81.34091949","1005.88000488","0","16.68741989","0","7.18586302"
"2013-06-03 02:00:00","","","0.19460859","0.27838951","1.29694756","1.82320133","155.61410522","1.67277205","15.72784996","81.42658997","1005.86199951","0","16.68741989","0","7.18586302"
"2013-06-03 03:00:00","12.3446043","10.32002765","0.23430014","0.34529998","1.37087329","","140.70610046","1.03373694","15.29411983","86.04685974","1005.86199951","0","16.68741989","0","7.18586302"
"2013-06-03 04:00:00","13.68308269","11.53399469","","0.59023426","1.58525892","1.55741651","142.39680481","1.01633799","15.48202038","88.64774323","1005.94000244","3.02096105","16.68741989","0","7.18586302"
"2013-06-03 05:00:00","20.80865928","17.21474554","0.19468199","0.56215387","1.61236502","1.81488125","155.82240295","1.32448101","16.37619972","85.96804047","1005.99200439","116.75720215","16.68741989","0","7.18586302"
"2013-06-03 06:00:00","35.76923712","26.65282112","0.23669305","0.64782086","2.1058541","1.88072488","156.82839966","1.76937199","18.32551956","76.17356873","1006.03100586","316.35519409","16.68741989","0","7.18586302"
"2013-06-03 07:00:00","40.31645112","29.35830112","0.30293612","0.82211636","2.39247928","2.06128509","184.60440063","1.19692099","20.50358963","64.85002136","1005.98101807","513.38220215","16.68741989","0","7.18586302"
"2013-06-03 08:00:00","26.29615664","19.02402334","0.22820253","1.14328496","4.09044316","1.92155743","150.07150269","1.42995095","21.89863968","57.29859161","1005.99200439","680.10772705","16.68741989","0","7.18586302"
"2013-06-03 09:00:00","23.55953016","17.33795673","0.25667863","0.6855536","2.48144949","2.12889729","175.78390503","1.48705101","23.4799099","47.76631165","1005.82000732","735.84130859","16.68741989","0","7.18586302"
"2013-06-03 10:00:00","25.59319072","19.472764","0.26813291","0.73272002","2.41478616","2.3290378","181.83650208","1.45362401","24.76773071","40.22629166","1005.74700928","912.88861084","16.68741989","0","7.18586302"
"2013-06-03 11:00:00","26.80715776","19.90206536","0.2348908","0.66943008","2.62800428","2.40353","187.16560364","1.58662701","25.70750046","36.50841141","1005.47900391","988.86132813","16.68741989","0","7.18586302"
"2013-06-03 12:00:00","32.59296536","24.2287684","0.25559751","0.85085474","3.51252274","2.43085984","178.93260193","1.58504403","26.28862953","34.48392105","1004.94500732","876.1182251","16.68741989","0","7.18586302"
"2013-06-03 13:00:00","17.74909791","13.09036651","0.18615069","0.63762035","2.3883289","2.16902404","160.48320007","2.0521009","25.95869064","33.17351151","1004.72302246","895.54431152","16.68741989","0","7.18586302"
"2013-06-03 14:00:00","16.38208674","12.28364591","0.19816534","0.3827032","1.31186288","2.49605971","184.94540405","1.97130203","26.3780899","31.56645966","1004.82299805","459.94189453","16.68741989","0","7.18586302"
"2013-06-03 15:00:00","16.68947134","13.01643712","0.19339932","0.32763977","1.25790899","1.57860469","185.01100159","1.54814899","25.33189964","34.86629105","1004.21801758","225.165802","16.68741989","0","7.18586302"
"2013-06-03 16:00:00","15.38082206","12.2732714","0.23256895","0.30339856","1.44194633","1.83671115","279.76190186","1.686692","24.72731018","31.87783051","1004.30401611","173.45440674","16.68741989","0","7.18586302"
"2013-06-03 17:00:00","20.15498472","16.3678194","0.18282695","0.74303139","2.1430763","1.77253947","233.72340393","1.33259702","23.69820976","35.34127045","1004.66400146","65.87403107","16.68741989","0","7.18586302"
"2013-06-03 18:00:00","24.31178744","21.3378244","0.25747898","0.51882764","2.03076086","1.7706092","246.915802","0.72665501","22.28808975","42.65147018","1004.95202637","19.83209991","16.68741989","0","7.18586302"
"2013-06-03 19:00:00","30.63064152","27.49195968","0.26364649","0.67118441","2.97921811","1.82060289","176.70840454","0.845761","20.7768898","55.12963104","1005.05200195","0.42124501","16.68741989","0","7.18586302"
"2013-06-03 20:00:00","19.77885608","17.68814144","0.20012836","0.9161197","3.50046112","1.96107093","304.43051147","0.77225798","19.24827003","70.51322174","1005.61602783","0","16.68741989","0","7.18586302"
"2013-06-03 21:00:00","16.8956901","14.88148796","0.20313173","0.61820481","2.61270046","1.54391584","313.58410645","0.666085","18.65390968","73.81793976","1006.16802979","0","16.68741989","0","7.18586302"
"2013-06-03 22:00:00","9.3070902","7.37330105","0.16460402","0.53220932","1.8856319","1.8154589","290.15380859","0.78561503","18.20248032","82.93949127","1005.95800781","0","16.68741989","0","7.18586302"
"2013-06-03 23:00:00","8.89335443","7.0023654","0.17553754","0.43930332","1.39123566","1.79800108","295.52450562","0.44769999","17.89797974","86.44763184","1005.69799805","0","16.68741989","0","7.18586302"
"2013-06-04 00:00:00","11.12285542","9.22797546","0.21799014","0.37469636","1.39642338","1.43061492","171.43710327","0.37790999","17.82369995","89.06233978","1005.50201416","0","16.68741989","0","7.18586302"
"2013-06-04 01:00:00","11.49897832","9.62355106","0.20373287","0.4121006","1.64660436","1.46758897","195.10800171","0.51001602","17.8801899","88.42082977","1005.34802246","0","13.02101994","0","2.82729602"
"2013-06-04 02:00:00","9.12681154","7.24490069","0.16148065","0.73173252","1.92791266","1.95541336","304.64599609","0.54047102","17.74521065","88.52915955","1004.97601318","0","13.02101994","0","2.82729602"
"2013-06-04 03:00:00","7.92581169","6.01147714","0.13460643","0.35374616","1.29993042","1.87304144","244.13110352","0.75340599","17.57509041","92.14875031","1004.79602051","0","13.02101994","0","2.82729602"
"2013-06-04 04:00:00","5.95051875","4.08546982","0.14293735","0.33433061","0.91460742","1.81517109","332.28640747","1.00204802","17.12812996","93.19515991","1004.87402344","0.308303","13.02101994","0","2.82729602"
"2013-06-04 05:00:00","6.61716432","4.71450253","0.14622148","0.33082095","0.65418017","1.92287546","326.80200195","1.89861","17.28890038","89.25939178","1005.19799805","15.96356964","13.02101994","0","2.82729602"
"2013-06-04 06:00:00","11.64034778","9.07882226","0.15963762","0.23604977","0.44433442","2.19451718","335.8125","1.53846204","17.32151985","86.2787323","1005.55102539","171.06730652","13.02101994","0","2.82729602"
"2013-06-04 07:00:00","19.5869104","15.16811779","0.20986077","0.29418454","0.77155417","2.1419515","81.44020081","1.68484902","17.99382019","74.4382019","1006.00201416","289.07910156","13.02101994","0","2.82729602"
"2013-06-04 08:00:00","12.73239996","9.1125442","0.15040267","0.46891938","1.68784778","1.73791367","62.45383072","1.40828395","19.91403961","55.47002029","1005.92901611","500.37530518","13.02101994","0","2.82729602"
"2013-06-04 09:00:00","7.4368521","4.69764251","0.13133861","0.12120606","0.70579902","1.53864066","315.3132019","1.61810899","21.49776077","48.2253418","1005.88500977","763.05651855","13.02101994","0","2.82729602"
"2013-06-04 10:00:00","8.33695287","5.6340579","0.14694262","0.10508153","0.61125158","2.01312404","336.59381104","2.89801002","20.99143982","54.13803101","1006","811.90270996","13.02101994","0","2.82729602"
"2013-06-04 11:00:00","12.10985276","8.69232484","0.13789057","0.22572417","1.24186582","3.36017817","336.3348999","2.75578403","20.90942955","59.2259407","1006.09899902","621.77142334","13.02101994","0","2.82729602"
"2013-06-04 12:00:00","7.83761878","5.3292698","0.12651667","0.23473377","1.78460007","1.83655148","332.03320313","2.95882511","18.3305397","73.96018219","1006.38800049","122.08480072","13.02101994","0","2.82729602"
"2013-06-04 13:00:00","5.9323624","3.8221836","0.14477921","0.11835439","0.79943828","1.65412711","333.21350098","1.92244995","17.55657005","86.66944122","1006.34301758","227.41740417","13.02101994","0","2.82729602"
"2013-06-04 14:00:00","4.96611599","2.94932118","0.13044156","0.06932279","2.12816098","1.92637903","334.6184082","1.97770095","19.27363968","74.06797028","1006.20800781","351.64520264","13.02101994","0.2","2.82729602"
"2013-06-04 15:00:00","6.14376842","3.92983302","0.14746337","0.0369649","1.23495327","1.93782536","334.32470703","2.26312995","18.91629028","68.43656158","1006.3380127","180.08630371","13.02101994","0","2.82729602"
"2013-06-04 16:00:00","9.1903626","6.90379606","0.14906525","0.07360131","1.76307018","2.24232533","334.72940063","1.75493801","18.07752991","73.71395111","1006.16101074","145.33050537","13.02101994","0","2.82729602"
"2013-06-04 17:00:00","8.67157199","6.55361326","0.15943724","0.15707463","1.38189757","2.09986499","340.74020386","1.44455898","17.70071983","76.06417084","1006.76000977","97.45828247","13.02101994","0","2.82729602"
"2013-06-04 18:00:00","15.9916965","13.56505875","0.15499277","0.19853671","1.12315649","2.46477781","331.66751099","1.085181","17.48188972","76.57263947","1006.94702148","30.52807999","13.02101994","0","2.82729602"
"2013-06-04 19:00:00","10.34077858","8.32268744","0.18102469","0.23977911","1.22120546","2.01871754","62.92287064","0.80241901","17.04800987","79.38996124","1007.28900146","0","13.02101994","0","2.82729602"
"2013-06-04 20:00:00","10.13455982","8.20725618","0.16100766","0.26391048","1.03133258","2.04980723","337.43899536","0.82310998","16.72717094","81.60668945","1007.8170166","0","13.02101994","0","2.82729602"
"2013-06-04 21:00:00","7.4173975","5.50306295","0.15919725","0.23243027","1.26789593","1.89779726","328.55740356","1.10747302","15.9405098","85.72248077","1008.14801025","0","13.02101994","1.20000005","2.82729602"
"2013-06-04 22:00:00","16.30297201","14.41457565","0.26829251","0.16738498","1.05727117","1.86725573","187.21870422","0.303114","15.58825016","98.24324036","1007.92102051","0","13.02101994","0","2.82729602"
"2013-06-04 23:00:00","12.62864337","10.66242861","0.18342809","0.45827952","2.03698591","1.64030303","309.63150024","0.35744601","15.44939041","99.19841003","1007.91101074","0","13.02101994","0","2.82729602"
"2013-06-05 00:00:00","16.84640447","14.79718406","0.19247897","0.27548191","1.37927371","1.79382325","313.20581055","0.377433","15.03547001","99.20010376","1007.74700928","0","13.02101994","0","2.82729602"
"2013-06-05 01:00:00","13.76608834","11.7804209","0.25387447","0.43710965","1.53727178","1.58091836","197.05540466","0.50739402","14.76257992","99.20484161","1007.684021","0","14.93270969","0","6.56464481"
"2013-06-05 02:00:00","","","0.19624309","0.43535431","2.23969842","1.64612129","196.54840088","0.47974899","14.58084965","99.20558929","1007.64300537","0","14.93270969","0.2","6.56464481"
"2013-06-05 03:00:00","12.31607152","10.31224581","0.20561551","0.40124108","1.87045725","","270.88870239","0.219102","14.22859955","99.20722961","1007.65600586","0","14.93270969","0","6.56464481"
"2013-06-05 04:00:00","18.94620494","16.5753345","","0.87070862","2.15876963","2.60410681","183.58430481","0.208363","13.92496967","99.20906067","1007.81799316","3.40761089","14.93270969","0","6.56464481"
"2013-06-05 05:00:00","29.69682072","25.47646312","0.26609882","0.77045276","2.59467312","2.20980574","198.40840149","0.28083","15.21420956","97.46730042","1007.94000244","148.46960449","14.93270969","0","6.56464481"
"2013-06-05 06:00:00","35.30234584","26.52183","0.22955044","0.63443918","2.95302019","2.7053695","274.74911499","0.66664201","17.54652977","78.89533234","1008.24102783","341.12319946","14.93270969","0","6.56464481"
"2013-06-05 07:00:00","34.12985008","24.81112536","0.29262936","0.84339607","3.25183614","3.37663018","252.39390564","0.916879","19.65710068","70.18231964","1008.60601807","527.73400879","14.93270969","0","6.56464481"
"2013-06-05 08:00:00","15.82438885","11.44580178","0.19071749","1.09622837","4.10911833","3.59514178","325.93099976","1.12708795","20.84222031","52.90761185","1008.60900879","704.47900391","14.93270969","0","6.56464481"
"2013-06-05 09:00:00","9.97892302","7.14114218","0.18923445","0.41758427","1.76034666","3.74789823","351.19830322","1.38555002","21.61149979","47.30456161","1008.59899902","680.34692383","14.93270969","0","6.56464481"
"2013-06-05 10:00:00","11.2551467","8.24097621","0.20582638","0.44522633","1.62792817","3.35655257","4.8225708","1.62728","22.00358963","49.12385178","1008.64501953","774.26531982","14.93270969","0","6.56464481"
"2013-06-05 11:00:00","10.89588381","7.58341073","0.1531276","0.39773141","1.80638828","3.79195162","45.91643143","2.49959707","22.70125961","44.86447144","1008.61199951","979.56652832","14.93270969","0","6.56464481"
"2013-06-05 12:00:00","11.56123113","8.05550838","0.17340559","0.23297843","1.2474044","3.04570957","43.32804108","1.91994405","23.22290039","41.72100067","1008.36401367","960.42730713","14.93270969","0","6.56464481"
"2013-06-05 13:00:00","9.80901888","6.91546882","0.11770112","0.15433178","0.74781942","4.38566097","335.95721436","1.93917203","22.50217056","42.83557129","1008.53399658","652.94970703","14.93270969","0","6.56464481"
"2013-06-05 14:00:00","10.13585616","7.58730165","0.15657367","0.10321736","0.32929545","3.30239426","70.3526001","1.32877195","22.14196968","46.30498123","1008.70300293","243.18060303","14.93270969","0","6.56464481"
"2013-06-05 15:00:00","17.08893785","13.654548","0.17789317","0.28299652","1.27269414","3.19031273","125.44589996","1.58320999","21.63245964","52.52936172","1008.40600586","242.04820251","14.93270969","0","6.56464481"
"2013-06-05 16:00:00","13.98527811","11.12285542","0.17893585","0.34990699","1.38980881","3.28813389","61.22343063","1.55369902","21.62751961","49.9847908","1008.20001221","132.90280151","14.93270969","0","6.56464481"
"2013-06-05 17:00:00","8.8726035","6.69628097","0.14739697","0.4264698","1.73998428","2.98161212","64.246521","1.62951195","21.38549042","45.73857117","1008.57501221","47.20796967","14.93270969","0","6.56464481"
"2013-06-05 18:00:00","11.95680863","9.19814444","0.1936032","0.28924904","1.32003346","3.26266414","49.97819138","1.51131296","20.37132072","52.68132019","1008.92102051","18.64672089","14.93270969","0","6.56464481"
"2013-06-05 19:00:00","15.64410828","13.49631853","0.20714865","0.49447659","2.07109508","3.17663611","56.23497009","1.02430701","18.97908974","66.2064209","1009.40002441","0.114978","14.93270969","0","6.56464481"
"2013-06-05 20:00:00","23.84097656","21.69318872","0.22057411","0.61743697","2.05112221","2.6452048","888","0.21588001","18.36684036","70.64073944","1010.15301514","0","14.93270969","0","6.56464481"
"2013-06-05 21:00:00","19.27951816","17.25495107","0.22626397","0.70058181","2.65160885","2.97982627","30.50349045","0.40199101","17.95223999","73.70397186","1010.31201172","0","14.93270969","0","6.56464481"
"2013-06-05 22:00:00","20.96687728","18.97992879","0.20931206","0.7505999","3.35312833","2.93473351","220.85710144","0.191872","17.88861084","75.53439331","1010.45202637","0","14.93270969","0","6.56464481"
"2013-06-05 23:00:00","20.83328584","18.51431282","0.20430372","0.47199072","1.73583492","2.93047635","280.01220703","0.52578402","17.9417305","72.40135956","1010.61401367","0","14.93270969","0","6.56464481"
"2013-06-06 00:00:00","15.90998718","13.9917617","0.20895207","0.71286615","2.94938848","2.51268665","283.37030029","0.410166","17.65689087","74.58676147","1010.64300537","0","14.93270969","0","6.56464481"
"2013-06-06 01:00:00","15.73619402","13.87114318","0.17288484","0.632574","2.05786696","2.76082753","271.29110718","0.47572699","17.46018028","78.74324036","1010.45501709","0","12.00094986","0","3.35504007"
"2013-06-06 02:00:00","14.10200571","12.2149076","0.17605014","0.49359892","1.91611038","2.65079118","195.82130432","0.41920999","16.86499977","80.96749115","1010.15301514","0","12.00094986","0","3.35504007"
"2013-06-06 03:00:00","13.98527811","12.03722162","0.19773079","0.53187981","2.1030004","2.56518622","325.48519897","0.318032","16.44062996","84.79202271","1009.82202148","0","12.00094986","0","3.35504007"
"2013-06-06 04:00:00","12.67144158","10.75062343","0.21067511","0.74456706","3.04704794","2.50791081","333.46029663","0.495556","16.05759048","85.16069031","1010.01000977","4.59910488","12.00094986","0","3.35504007"
"2013-06-06 05:00:00","18.03572966","15.22518526","0.22141524","1.55801756","2.65225769","2.96783991","330.18450928","0.52273297","17.12771988","74.02259064","1010.25799561","144.42700195","12.00094986","0","3.35504007"
"2013-06-06 06:00:00","16.22515361","12.2538168","0.20838472","0.88716164","2.69194408","3.25515868","64.2925415","1.12734795","18.90509987","70.99143982","1010.46502686","320.68460083","12.00094986","0","3.35504007"
"2013-06-06 07:00:00","21.60498816","14.9865428","0.19624775","0.60833279","1.93374923","3.91699686","63.95051956","1.09012496","20.96199989","60.70573044","1010.82299805","520.22381592","12.00094986","0","3.35504007"
"2013-06-06 08:00:00","12.69219442","8.70010668","0.16999913","0.47857172","1.72260579","4.43627807","54.33044052","0.99336398","22.18003082","53.57413101","1011.25701904","670.52801514","12.00094986","0","3.35504007"
"2013-06-06 09:00:00","12.19934392","8.62099003","0.13902062","0.23243027","0.95987104","3.76144467","357.37139893","1.15968394","23.18437004","49.44654083","1011.2800293","819.5848999","12.00094986","0","3.35504007"
"2013-06-06 10:00:00","8.8726035","6.03871358","0.13633529","0.42153328","0.99190553","3.4134049","64.11988068","1.95925796","23.64258003","45.71298981","1011.13800049","920.83642578","12.00094986","0","3.35504007"
"2013-06-06 11:00:00","8.40828768","5.27738959","0.14715581","0.1795605","0.80034646","3.41928621","54.41004181","2.22131801","24.21582985","43.43466187","1010.98602295","939.48400879","12.00094986","0","3.35504007"
"2013-06-06 12:00:00","9.3459994","6.09837562","0.15861708","0.23802478","1.26802611","3.66284449","56.88499069","2.55531096","24.25687981","41.35205078","1010.70501709","940.81292725","12.00094986","0","3.35504007"
"2013-06-06 13:00:00","6.39019462","4.19571383","0.11716172","0.15619696","0.75261865","3.65950059","58.83504105","2.43350601","24.31373024","39.65716171","1010.45300293","910.24212646","12.00094986","0","3.35504007"
"2013-06-06 14:00:00","6.8143049","4.61333861","0.12956315","0.0879705","0.47390471","3.07101965","81.91419983","2.44913912","24.4536705","40.20254135","1010.24102783","388.95700073","12.00094986","0","3.35504007"
"2013-06-06 15:00:00","8.33176562","5.72354906","0.14284997","0.11747672","0.61968149","3.09080538","71.75804901","2.44791102","24.38385963","39.75762177","1009.90600586","192.50390625","12.00094986","0","3.35504007"
"2013-06-06 16:00:00","8.73512496","6.50173306","0.14391012","0.22650726","0.92186982","2.947924","75.88600159","2.21880603","23.26889038","42.98283005","1009.54101563","137.11940002","12.00094986","0","3.35504007"
"2013-06-06 17:00:00","9.34989032","6.84154134","0.14346859","0.21137023","1.12899306","2.68668924","70.50398254","2.24437499","22.52482033","44.50759125","1009.30603027","101.59829712","12.00094986","0","3.35504007"
"2013-06-06 18:00:00","15.00469915","12.17988932","0.19276207","0.26073032","1.39746072","2.96208878","69.55068207","1.64269805","21.4799099","49.40435028","1009.45599365","37.95584106","12.00094986","0","3.35504007"
"2013-06-06 19:00:00","16.4650924","14.51703782","0.19352281","0.45915618","2.20597775","2.23745288","42.76882172","1.21174097","20.23394966","62.47740173","1009.74200439","1.11314595","12.00094986","0","3.35504007"
"2013-06-06 20:00:00","21.74636144","19.6556468","0.20883208","0.70627904","2.56243625","2.91507998","44.33884048","1.01911604","19.95203972","66.41954041","1010.03900146","0","12.00094986","0","3.35504007"
"2013-06-06 21:00:00","15.24593619","13.31863254","0.18114003","0.59890011","2.36316832","3.00474481","41.61930084","1.04200804","18.9860096","74.85964966","1010.10101318","0","12.00094986","0","3.35504007"
"2013-06-06 22:00:00","12.4289082","10.48474262","0.13858025","0.51005194","1.7541216","3.4948188","53.01190186","0.88994998","18.42449951","77.44422913","1009.94500732","0","12.00094986","0","3.35504007"
"2013-06-06 23:00:00","12.11893094","10.16698543","0.14255173","0.23473377","1.19474821","3.42279588","59.66448975","0.50112802","18.31377983","76.37110138","1009.73199463","0","12.00094986","0","3.35504007"
"2013-06-07 00:00:00","10.02302139","8.30193459","0.14278823","0.7378752","1.28644195","3.3310157","314.00601196","0.225959","17.83706093","78.50405884","1009.68103027","0","12.00094986","0","3.35504007"
"2013-06-07 01:00:00","21.51680672","19.5869104","0.17448671","0.87871546","1.8083338","3.03817461","301.97869873","0.24677999","17.33068085","82.26889038","1009.5960083","0","13.22655964","0","4.51716185"
"2013-06-07 02:00:00","","","0.18166078","0.45334301","2.768334","3.14918321","331.89471436","0.204357","16.86425972","86.21517181","1009.559021","0","13.22655964","0","4.51716185"
"2013-06-07 03:00:00","20.43123048","18.5169074","0.16218431","0.5569987","3.58891266","","281.23019409","0.36297601","16.48283958","88.52876282","1009.29901123","0","13.22655964","0","4.51716185"
"2013-06-07 04:00:00","19.19261776","17.22382371","","0.47977789","3.07324688","1.70416859","320.13461304","0.70332801","16.18700981","92.14842224","1009.20501709","4.35795689","13.22655964","0","4.51716185"
"2013-06-07 05:00:00","17.03835589","14.13313307","0.19496974","0.63937468","2.81218603","2.04515852","328.92630005","1.35567701","16.84119987","93.85720062","1009.02600098","139.60820007","13.22655964","0","4.51716185"
"2013-06-07 06:00:00","10.5392155","7.87133881","0.17342656","0.81172669","1.6875976","2.42138445","332.09609985","1.91535401","18.96809959","83.63050079","1008.77600098","291.40921021","13.22655964","0","4.51716185"
"2013-06-07 07:00:00","11.23179926","8.09701217","0.15532712","0.34519014","0.88815017","2.54822571","332.07949829","3.21603608","20.01972961","70.14170074","1008.61901855","500.39370728","13.22655964","0","4.51716185"
"2013-06-07 08:00:00","10.06711785","7.19431873","0.16722061","0.14445977","0.84599857","2.59755428","334.0625","3.30320597","20.66171074","67.20947266","1008.50701904","602.67077637","13.22655964","0","4.51716185"
"2013-06-07 09:00:00","10.59368838","7.39145931","0.17358733","0.19206452","1.03392695","2.53491623","324.01370239","3.0313611","21.07238007","65.0309906","1008.38000488","657.97412109","13.22655964","0","4.51716185"
"2013-06-07 10:00:00","8.5483608","5.64443432","0.17214506","0.13941443","0.81616894","2.19784073","332.96670532","3.1743331","21.6414299","63.64706039","1008.32702637","745.41601563","13.22655964","0","4.51716185"
"2013-06-07 11:00:00","7.53542335","4.89218851","0.16690023","0.11824456","0.86272924","2.37205589","322.17581177","3.59237194","21.64616966","64.65499115","1008.13702393","761.38061523","13.22655964","0","4.51716185"
"2013-06-07 12:00:00","7.49262323","4.82215195","0.15078945","0.07568514","0.76468027","2.50790268","333.20050049","3.8337481","21.89295959","64.0496521","1007.91101074","753.35870361","13.22655964","0","4.51716185"
"2013-06-07 13:00:00","5.46285742","3.48108089","0.14375518","0.07239413","0.67571006","2.56153824","325.91220093","4.01029682","21.87111092","63.70526123","1007.53601074","860.24102783","13.22655964","0","4.51716185"
"2013-06-07 14:00:00","5.13602014","3.2255765","0.14367712","","","2.87512307","335.73519897","4.43891382","22.16637993","59.27479172","1007.25799561","396.53430176","13.22655964","0","4.51716185"
"2013-06-07 15:00:00","4.94795773","3.0180595","0.14203331","0.01327185","0.46054642","2.45465968","329.91540527","4.58471012","21.87335014","56.86209106","1007.01800537","206.94030762","13.22655964","0","4.51716185"
"2013-06-07 16:00:00","5.7507855","3.71842701","0.13250244","","","2.38301711","331.44470215","3.76884508","21.55867004","58.30503082","1006.72601318","208.86650085","13.22655964","0","4.51716185"
"2013-06-07 17:00:00","6.64569901","4.63149687","0.14364217","0.01700221","0.42721424","2.16965458","328.99429321","3.71292591","21.29356956","57.54862976","1006.51300049","34.70594025","13.22655964","0","4.51716185"
"2013-06-07 18:00:00","11.11766625","8.8726035","0.17911293","0.11308938","0.40905774","2.57250048","327.09780884","3.20784903","20.65464973","60.9904213","1006.67901611","17.6831398","13.22655964","0","4.51716185"
"2013-06-07 19:00:00","13.60396795","11.61181309","0.18812304","0.46036336","0.73510997","2.08626566","324.08340454","2.20647407","19.41188049","70.15872955","1006.93701172","0.75498599","13.22655964","0","4.51716185"
"2013-06-07 20:00:00","12.12411819","10.17476536","0.17034397","0.39531807","0.93743399","2.2463852","327.11450195","2.14603209","18.64698982","81.97273254","1007.26800537","0","13.22655964","0","4.51716185"
"2013-06-07 21:00:00","9.37583042","7.45371403","0.1605405","0.25502597","0.98671781","2.71421943","328.53640747","2.28315306","18.08675957","92.42720032","1007.54699707","0","13.22655964","0","4.51716185"
"2013-06-07 22:00:00","7.68457465","5.81044563","0.16277497","0.06153562","0.65210549","2.68642381","328.93859863","1.93559802","17.74257088","97.73123169","1007.51800537","0","13.22655964","0","4.51716185"
"2013-06-07 23:00:00","7.47316863","5.69112536","0.1582105","0.43985148","0.67765558","2.47540953","328.67520142","1.52172005","17.39574051","99.19467163","1007.34802246","0","13.22655964","0","4.51716185"
"2013-06-08 00:00:00","7.33050093","5.51343938","0.16161346","0.16946881","0.76701428","2.03967689","326.28970337","1.12536204","17.12866974","99.11782074","1007.12200928","0","13.22655964","0","4.51716185"
"2013-06-08 01:00:00","7.5924889","5.68593619","0.15684861","0.10749487","0.88361028","2.54392075","272.26721191","1.00136805","16.83089066","97.31990051","1006.93701172","0","14.61443043","0","7.28245783"
"2013-06-08 02:00:00","10.07879061","8.1398142","0.16473683","0.13524575","0.86350724","2.37009918","247.89549255","0.56774497","16.26453972","95.83856201","1006.54602051","0","14.61443043","0","7.28245783"
"2013-06-08 03:00:00","12.74796364","10.87124195","0.17006321","0.25140647","1.19189451","2.08391741","271.70620728","0.66505802","15.83998013","94.81880951","1006.44500732","0","14.61443043","0","7.28245783"
"2013-06-08 04:00:00","18.94620494","16.71022036","0.19256751","0.25524564","1.40641032","2.01579672","200.04200745","0.269236","15.62290955","93.68518066","1006.58300781","4.13105392","14.61443043","0","7.28245783"
"2013-06-08 05:00:00","21.45065152","18.17839545","0.2181148","0.39136906","1.68252989","2.11680109","304","1.01981401","17.26025963","80.20240021","1006.53601074","139.71090698","14.61443043","0","7.28245783"
"2013-06-08 06:00:00","14.34583734","10.54310642","0.20065611","0.55568677","1.75591152","2.71813387","323.87780762","2.28699708","19.69190025","60.90095139","1006.45300293","343.43301392","14.61443043","0","7.28245783"
"2013-06-08 07:00:00","11.09950798","8.0360557","0.1461178","0.32171676","1.01148989","3.50738587","332.63250732","3.553653","21.40950966","54.02238083","1006.57702637","535.96960449","14.61443043","0","7.28245783"
"2013-06-08 08:00:00","8.52501528","6.01407172","0.15352836","0.15498978","0.80397816","2.92954172","328.78030396","4.40898609","21.87388992","57.0664711","1006.77801514","700.81591797","14.61443043","0","7.28245783"
"2013-06-08 09:00:00","9.23834998","6.56658236","0.14920039","0.13612342","0.72862558","2.57171739","324.6289978","4.68876982","22.59733963","55.26874161","1006.74902344","872.35430908","14.61443043","0","7.28245783"
"2013-06-08 10:00:00","12.90489869","9.91537006","0.29892153","0.2155379","0.72706856","3.66358995","329.18069458","4.70726013","22.89336014","56.88861084","1006.74102783","950.30932617","14.61443043","0","7.28245783"
"2013-06-08 11:00:00","6.48876396","4.30595593","0.15628825","1.02855007","1.10551765","2.48323941","326.7828064","4.53803301","23.35346985","55.25992966","1006.69702148","972.47052002","14.61443043","0","7.28245783"
"2013-06-08 12:00:00","6.25271418","4.01802785","0.15652824","0.17978018","0.57156519","2.71343736","333.17449951","4.60138178","23.37796021","55.79032135","1006.45501709","959.56542969","14.61443043","0","7.28245783"
"2013-06-08 13:00:00","7.19950598","4.91553403","0.14147178","0.11934088","0.44757662","2.77216097","334.3092041","3.99858999","24.30360985","50.34078979","1006.35900879","926.82641602","14.61443043","0","7.28245783"
"2013-06-08 14:00:00","8.40439676","6.0685446","0.16565834","0.16606898","0.28221547","3.4384831","329.66110229","3.73304701","24.45697975","52.9310112","1006.32299805","396.38470459","14.61443043","0","7.28245783"
"2013-06-08 15:00:00","9.33692122","6.76112836","0.1580905","0.2737825","0.31658498","2.68603226","327.44030762","3.81074095","24.60614967","49.15079117","1006.00701904","206.53430176","14.61443043","0","7.28245783"
"2013-06-08 16:00:00","6.06724826","4.05304613","0.17186546","0.28540986","0.58544215","2.26204598","334.08480835","3.28400803","23.16102982","51.28517151","1005.61401367","211.92300415","14.61443043","0","7.28245783"
"2013-06-08 17:00:00","5.81174388","3.8675783","0.14375518","0.11517322","0.48000061","2.13324496","328.30151367","2.73598695","22.38414001","55.73205185","1005.67700195","43.18273163","14.61443043","0","7.28245783"
"2013-06-08 18:00:00","7.25397886","5.27868593","0.17562958","0.17528198","0.72097266","2.36931609","333.24661255","1.75351298","21.47130013","58.59672165","1005.99499512","18.74542046","14.61443043","0","7.28245783"
"2013-06-08 19:00:00","8.66119748","6.54323684","0.18323703","0.31974277","1.41328422","2.40494058","335.11050415","1.287642","20.39709091","64.33061981","1006.03100586","0.47110301","14.61443043","0","7.28245783"
"2013-06-08 20:00:00","13.63250073","11.7220571","0.19160639","0.28332603","1.15830401","2.41042221","332.41299438","0.877451","19.65777969","72.27371216","1006.54101563","0","14.61443043","0","7.28245783"
"2013-06-08 21:00:00","17.66479592","15.68950298","0.19256751","0.79787515","1.69861171","2.38967338","323.47470093","0.80724299","19.37170982","71.3618927","1006.71600342","0","14.61443043","0","7.28245783"
"2013-06-08 22:00:00","18.14208274","16.19661892","0.23585425","0.82409036","1.71586206","2.19549146","322.56759644","0.86950999","19.02412987","72.29663086","1006.87200928","0","14.61443043","0","7.28245783"
"2013-06-08 23:00:00","13.75960284","11.89585216","0.18532005","0.69948446","2.28638889","2.61595486","321.10800171","0.81546801","18.44355965","73.02474976","1007.15600586","0","14.61443043","0","7.28245783"
"2013-06-09 00:00:00","14.58447979","12.65458156","0.21499143","0.47736455","1.55063007","2.46523037","309.29870605","0.47726601","18.08090973","76.76808167","1006.95001221","0","14.61443043","0","7.28245783"
"2013-06-09 01:00:00","29.62938448","27.55161408","0.23841725","0.50215494","1.91870373","2.11210458","208.76010132","0.39975399","18.05459976","72.18544006","1006.66900635","0","20.5418396","0","8.01275253"
"2013-06-09 02:00:00","","","0.25827817","0.59528061","2.12673413","2.37401259","206.33920288","0.31237301","17.53899956","70.75241089","1006.56799316","0","20.5418396","0","8.01275253"
"2013-06-09 03:00:00","23.15617464","20.88387736","0.23313165","0.71297599","2.30104386","","341.80551147","0.27404699","17.0331707","71.17365265","1006.68499756","0","20.5418396","0","8.01275253"
"2013-06-09 04:00:00","14.36529002","12.4353937","","0.69465778","2.06059048","1.47037962","10.45454979","0.291224","17.26136017","68.22398376","1006.91400146","4.87179518","20.5418396","0","8.01275253"
"2013-06-09 05:00:00","14.10719297","11.98923424","0.22368233","0.69740063","1.80690695","1.97867317","317.61480713","0.41007599","18.79297066","61.78557968","1006.99200439","140.94219971","20.5418396","0","8.01275253"
"2013-06-09 06:00:00","15.41194942","12.09818","0.17930748","0.81038018","1.82921485","2.70004449","341.78320313","0.84563398","20.79026031","57.0021019","1007.01000977","338.48690796","20.5418396","0","8.01275253"
"2013-06-09 07:00:00","11.25255211","8.49648059","0.16399356","0.56522521","1.29098183","2.66751167","1.00280797","0.96106797","22.79873085","49.21549988","1007.05401611","529.2824707","20.5418396","0","8.01275253"
"2013-06-09 08:00:00","11.77782631","8.64044463","0.13079339","0.37195453","0.8382175","3.41365","54.29235077","1.329023","24.4797802","43.77973175","1007.04699707","691.16601563","20.5418396","0","8.01275253"
"2013-06-09 09:00:00","10.26036751","7.56784705","0.15587467","0.17703733","0.48596633","2.94591644","345.38171387","1.16694295","25.60758018","39.43188095","1007.21002197","851.89361572","20.5418396","0","8.01275253"
"2013-06-09 10:00:00","9.04639856","6.57047328","0.14791539","0.23824344","0.40853805","2.63197566","888","1.09489906","27.30606079","34.07563019","1006.95501709","947.21710205","20.5418396","0","8.01275253"
"2013-06-09 11:00:00","8.15018871","5.87010768","0.14023804","0.23210076","0.4423889","2.74151876","40.7120018","2.72045588","26.58675957","39.21788025","1006.67102051","958.62231445","20.5418396","0","8.01275253"
"2013-06-09 12:00:00","6.6392135","4.67299874","0.14439476","0.25590364","0.92394552","2.19579758","68.79250336","2.86709404","26.63727951","38.66727066","1006.52099609","935.79052734","20.5418396","0","8.01275253"
"2013-06-09 13:00:00","5.81174388","3.71453609","0.1222318","0.03345523","0.26652316","1.89918445","68.91802979","2.33751702","27.11639977","35.30422974","1006.42102051","892.66790771","20.5418396","0","8.01275253"
"2013-06-09 14:00:00","6.51470406","4.55886573","0.15374389","0.0343329","0.23617384","1.54357209","69.84181976","2.22948909","28.12269974","34.26874161","1006.01000977","394.84820557","20.5418396","0","8.01275253"
"2013-06-09 15:00:00","7.41091391","5.34742615","0.1552712","0.06855495","0.3379847","2.18039512","83.20307159","2.79022288","28.04496956","36.53417969","1005.38500977","209.04849243","20.5418396","0","8.01275253"
"2013-06-09 16:00:00","10.12288706","7.93878078","0.15470851","0.06482561","0.4958231","1.56872962","100.19529724","1.85979605","27.44701958","39.9132309","1005.23699951","203.53269958","20.5418396","0","8.01275253"
"2013-06-09 17:00:00","16.66482757","13.99824721","0.16222509","0.25568397","1.04637706","1.85813324","209.77380371","1.139557","26.88088036","39.82085037","1005.36102295","50.5952301","20.5418396","0","8.01275253"
"2013-06-09 18:00:00","23.99791352","20.61799464","0.20426877","0.39729207","2.19988287","1.77711089","190.57200623","2.10037899","25.64719963","41.16687012","1006.01202393","25.33679008","20.5418396","0","8.01275253"
"2013-06-09 19:00:00","29.5178384","26.62817544","0.26998642","0.47341655","2.02427545","1.91990379","162.46270752","1.72145498","23.74872971","51.17866135","1005.91802979","0.46601501","20.5418396","0","8.01275253"
"2013-06-09 20:00:00","30.37772216","27.3985776","0.24325666","0.88869731","3.53975901","1.82478581","180.12620544","2.079772","22.82497978","46.14102173","1006.36199951","0","20.5418396","0","8.01275253"
"2013-06-09 21:00:00","26.90444032","24.70087944","0.23891587","0.67392725","2.85899142","1.62599791","161.82080078","2.10906696","21.84975052","51.05067062","1006.51800537","0","20.5418396","0","8.01275253"
"2013-06-09 22:00:00","25.25469024","22.71779128","0.21833615","0.6806181","2.84018505","1.76549471","152.5124054","2.30204701","20.98744965","58.42876053","1006.30999756","0","20.5418396","0","8.01275253"
"2013-06-09 23:00:00","21.21849648","19.12906288","0.20201799","0.54756602","2.32451927","2.18134296","146.77490234","2.17854404","20.40122986","62.47151184","1006.22900391","0","20.5418396","0","8.01275253"
"2013-06-10 00:00:00","18.36386327","16.32372294","0.19968683","0.4176941","2.15695327","1.83630334","145.41600037","2.07544994","19.92097092","64.09828186","1005.91400146","0","20.5418396","0","8.01275253"
"2013-06-10 01:00:00","10.25128742","8.28766916","0.14847809","0.32281411","5.36235929","1.49328754","138.38870239","2.15871692","19.1869297","71.64611053","1005.69000244","0","25.25572968","0","7.50006819"
"2013-06-10 02:00:00","7.48743406","5.55753583","0.14687039","0.23977911","9.4845776","1.34798163","146.3894043","2.67295003","18.85861969","79.69087982","1005.28900146","0","25.25572968","0","7.50006819"
"2013-06-10 03:00:00","7.0607292","5.18789843","0.12919268","0.15400329","4.71025381","1.85255296","157.75790405","2.59841108","19.15159988","77.73592377","1004.94000244","0","25.25572968","0","7.50006819"
"2013-06-10 04:00:00","9.37064126","7.39924115","0.15013472","0.25732948","1.43805529","1.61287962","158.7848053","2.41334295","19.00658035","77.99620056","1004.78900146","1.771469","25.25572968","0","7.50006819"
"2013-06-10 05:00:00","20.78141328","17.57530285","0.16833435","0.15191844","1.66177902","1.76441873","165.08030701","3.09084105","19.49884033","70.35999298","1004.6550293","55.21773148","25.25572968","0","7.50006819"
"2013-06-10 06:00:00","29.245474","23.6723764","0.20511223","0.21115056","1.33896898","1.70796607","163.40710449","2.08898211","20.53832054","63.49403","1005.059021","147.0572052","25.25572968","0","7.50006819"
"2013-06-10 07:00:00","37.41768704","28.69036304","0.26769487","0.46014368","1.78460007","2.04670843","183.94270325","1.93710005","22.12284088","58.51940155","1005.52301025","264.58569336","25.25572968","0","7.50006819"
"2013-06-10 08:00:00","28.20530776","21.72301592","0.24217205","0.75696124","2.51361415","1.83320454","182.52740479","2.65051198","23.56151962","50.4824295","1005.08599854","441.71640015","25.25572968","0","7.50006819"
"2013-06-10 09:00:00","26.3571112","20.23538432","0.19112524","0.55623086","2.6530357","2.39031002","190.46620178","2.45636296","25.50506973","40.55310059","1004.875","549.63146973","25.25572968","0","7.50006819"
"2013-06-10 10:00:00","28.50749936","21.47789752","0.24048396","0.47868156","2.365243","2.26008113","183.37390137","1.50524795","27.75600052","32.98751068","1005.02301025","776.83337402","25.25572968","0","7.50006819"
"2013-06-10 11:00:00","23.82931336","20.32098456","0.2014553","0.73348786","4.88599039","2.21002643","120.0625","1.55975401","25.97435951","39.34038162","1004.6920166","212.92520142","25.25572968","0","7.50006819"
"2013-06-10 12:00:00","21.19905144","17.21085462","0.19233102","0.39861417","1.8111092","2.3250176","103.32559967","2.37706995","26.00901985","42.80992126","1003.91601563","252.47540283","25.25572968","0","7.50006819"
"2013-06-10 13:00:00","","","0.18991947","0.40968726","2.08328687","2.13569186","144.03120422","4.08082199","25.23911095","48.12725067","1003.92401123","516.98291016","25.25572968","0","7.50006819"
"2013-06-10 14:00:00","","","0.1812775","0.21828074","1.49032197","1.92515659","145.03140259","3.50542402","24.62528992","50.76414108","1003.63800049","405.92181396","25.25572968","0","7.50006819"
"2013-06-10 15:00:00","18.41703982","13.65065899","0.15326973","0.18745751","1.39707222","1.8452448","145.45350647","3.03255296","26.13227081","40.50753021","1002.96502686","280.32650757","25.25572968","0","7.50006819"
"2013-06-10 16:00:00","23.46226672","18.63233675","0.18433213","0.23780511","1.8346619","1.82204296","187.63580322","2.33237791","26.52507973","30.57163048","1002.27801514","223.90209961","25.25572968","0","7.50006819"
"2013-06-10 17:00:00","28.02890664","23.04852904","0.23365007","0.35758534","2.21051764","2.02892314","178.18890381","2.64149404","25.68708038","35.61700058","1001.77301025","50.78652954","25.25572968","0","7.50006819"
"2013-06-10 18:00:00","28.97050928","24.4025692","0.23843356","0.48625007","2.58831788","1.7339728","185.62060547","2.37748694","24.68518066","37.40896988","1001.64599609","26.14772987","25.25572968","0","7.50006819"
"2013-06-10 19:00:00","28.7007452","25.7138188","0.23513778","0.58387292","2.63552702","1.90473015","185.97320557","1.56926298","23.45882034","39.87205124","1001.89599609","1.30036604","25.25572968","0","7.50006819"
"2013-06-10 20:00:00","29.35830112","26.79807576","0.23168122","0.64288536","2.97740276","1.52392772","188.51870728","1.43692899","22.49850082","43.14862061","1002.49200439","0","25.25572968","0","7.50006819"
"2013-06-10 21:00:00","15.60000991","13.57543326","0.17564938","0.66284806","4.20496346","1.68528901","190.89830017","1.67476296","21.76548958","47.47380066","1002.75500488","0","25.25572968","0","7.50006819"
"2013-06-10 22:00:00","16.79193159","14.8438751","0.19434064","0.2521743","1.78965761","1.7275779","192.38380432","1.41821098","21.12026978","53.98046112","1002.74200439","0","25.25572968","0","7.50006819"
"2013-06-10 23:00:00","11.05670978","9.14885882","0.1524985","0.28530003","1.7480257","1.66385065","220.64500427","0.52495199","20.0974102","65.43251038","1002.50701904","0","25.25572968","0","7.50006819"
"2013-06-11 00:00:00","8.41217669","6.45244934","0.14254591","0.18581302","1.44583737","1.59307355","179.59190369","0.37948701","19.52157021","77.74983215","1002.10302734","0","25.25572968","0","7.50006819"
"2013-06-11 01:00:00","8.98414384","7.06462012","0.16238586","0.10771454","0.90838237","1.57046055","284.17660522","0.66731799","19.05879974","81.51599121","1002.22399902","0","27.88861084","0","8.98399162"
"2013-06-11 02:00:00","","","0.13014215","0.24285045","1.82026626","1.94362633","324.73510742","1.29848504","18.49064064","81.51226044","1002.27301025","0","27.88861084","0","8.98399162"
"2013-06-11 03:00:00","9.99059578","8.09571583","0.16648549","0.23769527","1.15246745","","326.44760132","0.99650699","18.24121094","76.52761078","1002.10101318","0","27.88861084","0","8.98399162"
"2013-06-11 04:00:00","10.22534732","8.32398378","","0.27992518","1.51094368","2.91041195","289.39089966","1.30043101","18.01700974","61.80598068","1002.09100342","4.07102203","27.88861084","0","8.98399162"
"2013-06-11 05:00:00","14.24986067","11.89585216","0.20867597","0.16617882","1.48682044","2.46898412","300.50131226","1.45587397","18.64068031","55.28116989","1002.07800293","122.67900085","27.88861084","0","8.98399162"
"2013-06-11 06:00:00","17.9462385","13.00995162","0.20422334","0.3813872","1.53779045","2.78829365","323.84750366","2.05957389","20.20388985","52.55630112","1002.18902588","314.96929932","27.88861084","0","8.98399162"
"2013-06-11 07:00:00","12.73239996","9.67154034","0.19766555","0.270821","1.44350234","3.38977185","317.89370728","2.71127105","21.85523987","55.99151993","1002.12902832","506.97790527","27.88861084","0","8.98399162"
"2013-06-11 08:00:00","10.0333959","7.24490069","0.20017496","0.21663524","1.22730136","3.03443205","319.73220825","3.52495694","22.64706039","57.16075134","1002.184021","615.57080078","27.88861084","0","8.98399162"
"2013-06-11 09:00:00","12.06964531","8.74031222","0.16439082","0.13985276","1.41496939","4.14959289","322.73269653","4.2147851","23.24053001","55.09896088","1002.32702637","828.05651855","27.88861084","0","8.98399162"
"2013-06-11 10:00:00","13.84390674","10.13326349","0.15321731","0.12186406","0.97180249","5.39224892","321.31530762","4.36868286","23.19182968","56.20606995","1002.60900879","744.5401001","27.88861084","0","8.98399162"
"2013-06-11 11:00:00","8.45108589","5.68204527","0.16710294","0.04979842","0.71695246","4.1868995","321.59710693","5.08134508","23.04977989","56.53995132","1002.78900146","728.8572998","27.88861084","0","8.98399162"
"2013-06-11 12:00:00","6.730001","4.45510722","0.17467195","0.06010979","0.52630157","3.74380074","326.49591064","5.17804289","23.39200974","53.06261063","1002.73699951","939.0333252","27.88861084","0","8.98399162"
"2013-06-11 13:00:00","5.76375459","3.66525046","0.17851761","0.16222981","0.45263517","3.74773246","322.13369751","4.69858599","23.53112984","50.35327148","1002.59399414","866.12530518","27.88861084","0","8.98399162"
"2013-06-11 14:00:00","12.75055822","9.74806241","0.31659691","0.18701918","0.42877127","4.83020896","326.40319824","5.11228514","23.42830086","48.79602051","1002.49499512","402.28109741","27.88861084","0","8.98399162"
"2013-06-11 15:00:00","15.5572117","12.0398162","0.20478953","1.01198721","1.22846888","5.66487611","325.06280518","4.91316223","23.08897972","47.37511063","1002.28900146","123.25700378","27.88861084","0","8.98399162"
"2013-06-11 16:00:00","14.15258767","10.90885482","0.17811336","0.08084031","0.55561253","5.3085844","324.25720215","4.15395689","22.96899986","44.11029053","1002.23400879","182.8032074","27.88861084","0","8.98399162"
"2013-06-11 17:00:00","20.36379424","16.57792908","0.1619618","0.04003624","1.28657212","7.85421676","321.04730225","3.840415","22.57081985","45.11334991","1002.33001709","40.98493958","27.88861084","0","8.98399162"
"2013-06-11 18:00:00","12.2732714","9.85700817","0.19410298","0.02076002","0.73236611","4.84748677","333.24850464","3.24047089","21.45915985","49.72520065","1002.73699951","22.9334507","27.88861084","0","8.98399162"
"2013-06-11 19:00:00","13.47297301","11.16695187","0.19790787","0.15817096","0.9660961","3.78602556","334.03610229","2.02414894","20.74386024","52.08641052","1003.19500732","1.30545402","27.88861084","0","8.98399162"
"2013-06-11 20:00:00","10.40951881","8.40828577","0.1978671","0.2325401","2.02297877","3.06079066","338.45721436","1.65736198","19.6889801","62.3266716","1003.71099854","0","27.88861084","0","8.98399162"
"2013-06-11 21:00:00","9.05547674","7.01533641","0.20122696","0.26647434","1.52486438","2.90103725","294.26370239","1.44051003","19.15513039","67.1852417","1003.934021","0","27.88861084","0","8.98399162"
"2013-06-11 22:00:00","9.8193953","7.91543718","0.18523733","0.15652545","1.29292736","2.98725749","304.43719482","0.95416099","18.70852089","66.55039978","1003.86901855","0","27.88861084","0","8.98399162"
"2013-06-11 23:00:00","15.39379306","13.47297301","0.21527453","0.22475192","1.23456478","2.75351021","269.83770752","1.04456103","18.19948959","66.00549316","1003.72399902","0","27.88861084","0","8.98399162"
"2013-06-12 00:00:00","12.27456774","10.34985676","0.19013616","0.38467822","1.77344562","2.82901127","267.57879639","0.95404398","18.15192986","66.84384155","1003.54302979","0","27.88861084","0","8.98399162"
"2013-06-12 01:00:00","11.09432073","9.09179326","0.18863797","0.22727509","1.2886468","2.85028691","210.9315033","0.60897398","17.23674011","68.47531128","1003.18499756","0","33.76855087","0","8.08479214"
"2013-06-12 02:00:00","10.67150678","8.59116092","0.19491266","0.269505","1.24883125","2.72246527","199.40060425","0.46130401","16.76766968","70.97875977","1002.76000977","0","33.76855087","0","8.08479214"
"2013-06-12 03:00:00","8.7169667","6.76501928","0.20750165","0.33455029","1.19267251","2.82628978","211.92730713","0.469219","16.7588501","71.27377319","1002.63201904","0","33.76855087","0","8.08479214"
"2013-06-12 04:00:00","9.88943186","7.96601722","0.22288431","0.26500783","1.00928504","2.75970578","237.35620117","1.151317","17.62535095","73.04891205","1002.52502441","1.77960896","33.76855087","0","8.08479214"
"2013-06-12 05:00:00","9.61966014","7.48354314","0.20592307","0.37129653","1.02731238","2.85386065","325.89471436","2.71995807","19.37265968","71.35002136","1002.47302246","49.58689117","33.76855087","0","8.08479214"
"2013-06-12 06:00:00","12.41204818","9.06844583","0.17560395","0.39071106","0.83562314","4.15060989","335.25509644","4.64425611","20.25464058","70.83184052","1002.96002197","185.15150452","33.76855087","0","8.08479214"
"2013-06-12 07:00:00","13.16169941","10.15920168","0.16532166","0.30537357","0.72058416","4.32760857","332.1401062","4.62492895","20.43737984","72.1947403","1003.66601563","146.07550049","33.76855087","0","8.08479214"
"2013-06-12 08:00:00","10.3252149","7.37330105","0.17175595","0.13425926","0.57843909","3.70383569","336.9151001","4.42008686","20.8859005","73.76421356","1004.10400391","338.54391479","33.76855087","0","8.08479214"
"2013-06-12 09:00:00","8.03086653","5.31759513","0.16147599","0.12482556","0.6613134","3.68541172","334.98919678","4.11376476","21.62182999","66.9960022","1004.30102539","471.28799438","33.76855087","0","8.08479214"
"2013-06-12 10:00:00","8.18520699","5.35650624","0.178478","0.09962634","0.63963503","3.06049471","331.89880371","4.58322477","22.75144958","54.81541061","1004.61700439","871.10687256","33.76855087","0","8.08479214"
"2013-06-12 11:00:00","7.31493725","4.65743698","0.17685865","0.19031019","0.87440236","3.44845377","334.6098938","5.31048107","23.58241081","42.74385071","1004.70300293","970.48431396","33.76855087","0","8.08479214"
"2013-06-12 12:00:00","7.99973917","5.33316072","0.18454998","0.03937824","0.51670414","3.79389206","337.16390991","5.30601692","23.41744041","47.79859161","1004.45001221","792.54370117","33.76855087","0","8.08479214"
"2013-06-12 13:00:00","5.94792608","3.71712876","0.15896658","0.01820837","0.38441481","3.2901089","333.11849976","5.34905481","23.10860062","39.21210098","1004.38000488","679.6295166","33.76855087","0","8.08479214"
"2013-06-12 14:00:00","5.94403516","3.4720008","0.16030167","0.04025591","0.32540441","3.58935607","332.04251099","5.91542578","22.43330956","38.6828804","1004.41802979","372.72070313","33.76855087","0","8.08479214"
"2013-06-12 15:00:00","7.52893785","5.04133981","0.15722491","0.03126156","0.96389124","3.55588558","326.18920898","5.85268688","22.08106041","43.39525986","1004.52600098","212.8092041","33.76855087","0","8.08479214"
"2013-06-12 16:00:00","8.58208083","5.8415749","0.15184144","","","4.15972323","331.20950317","5.238029","21.91480064","42.79901123","1004.50201416","196.83850098","33.76855087","0","8.08479214"
"2013-06-12 17:00:00","7.58211439","5.20865128","0.15706297","0.00658101","0.69295939","3.13192981","333.6434021","5.03464985","21.58382988","43.54693985","1004.57202148","37.65668106","33.76855087","0","8.08479214"
"2013-06-12 18:00:00","9.87386818","7.7675803","0.17192022","0.0186467","0.72032483","3.52369143","330.53030396","4.89196491","20.78380966","54.78211975","1004.84899902","21.79384995","33.76855087","0","8.08479214"
"2013-06-12 19:00:00","11.33426143","9.16701708","0.15698259","0.12504524","0.9317276","3.75560303","334","4.36573696","19.90468979","62.4311409","1005.07202148","1.77045202","33.76855087","0","8.08479214"
"2013-06-12 20:00:00","12.36665348","10.32651315","0.16491624","0.04859226","0.77777923","3.96499112","335.55200195","2.8132","19.60391998","66.48622131","1005.38500977","0","33.76855087","0","8.08479214"
"2013-06-12 21:00:00","7.41480483","5.52900306","0.1579542","0.02599655","0.67985942","2.89874188","336.69781494","2.46749592","19.37775993","69.66979218","1005.50701904","0","33.76855087","0","8.08479214"
"2013-06-12 22:00:00","5.87529494","3.9389112","0.15977509","0.04321742","0.74379922","3.10134252","334.29580688","2.58283305","19.11416054","72.72682953","1005.38500977","0","33.76855087","0","8.08479214"
"2013-06-12 23:00:00","5.67556168","3.72880152","0.16856036","0.02786072","0.62084901","2.83612519","327.05490112","2.02014995","18.98792076","74.82125092","1005.14501953","0","33.76855087","0","8.08479214"
"2013-06-13 00:00:00","4.38117974","2.50964531","0.11528724","0.04584941","0.61911502","2.56956339","334.60931396","2.51589799","18.95656967","75.50746155","1004.88000488","0","33.76855087","0","8.08479214"
"2013-06-13 01:00:00","5.00502519","3.08031422","0.14702417","","","2.87425252","333.52340698","2.67414403","18.78013992","77.77233887","1004.64501953","0","33.73260117","0","9.62393188"
"2013-06-13 02:00:00","","","0.14860274","0.02500905","0.29739012","3.20493821","333.30279541","2.51689911","18.72554016","79.4703598","1004.51501465","0","33.73260117","0","9.62393188"
"2013-06-13 03:00:00","7.25268253","5.37985176","0.15086983","0.02775088","0.29155356","","336.40390015","2.20304394","18.67696953","81.42993164","1004.60601807","0","33.73260117","0","9.62393188"
"2013-06-13 04:00:00","10.29149487","8.3667839","","0.04157191","0.35354785","2.13974461","331.61621094","2.49341702","18.50209999","84.08592987","1004.83300781","2.09808707","33.73260117","0","9.62393188"
"2013-06-13 05:00:00","9.54313998","7.32531367","0.14391595","0.08687316","0.43318098","2.26507155","332.61260986","2.80805612","19.01268005","81.92063141","1004.99700928","94.8738327","33.73260117","0","9.62393188"
"2013-06-13 06:00:00","12.59881234","9.35767216","0.1377764","0.14138843","0.59101938","2.8634774","324.15991211","4.22745323","20.92097092","67.09284973","1005.06201172","342.07870483","33.73260117","0","9.62393188"
"2013-06-13 07:00:00","8.75328131","5.96348976","0.13464604","0.13085841","0.518909","2.46098948","335.66290283","4.86066389","21.72256088","60.66326141","1005.29101563","407.79501343","33.73260117","0","9.62393188"
"2013-06-13 08:00:00","8.36289298","5.6146033","0.16765748","0.17988899","0.51709263","2.50151185","332.66400146","5.31871986","22.73435974","57.40719986","1005.34002686","690.74890137","33.73260117","0","9.62393188"
"2013-06-13 09:00:00","7.7442367","5.01540162","0.1400132","0.16793314","0.93782248","2.29352518","335.8973999","5.44539499","23.21421051","54.92070007","1005.55200195","789.72930908","33.73260117","0","9.62393188"
"2013-06-13 10:00:00","6.85710502","4.52644203","0.14769171","0.20434988","0.52241053","2.03561906","330.71951294","5.7602191","23.73117065","51.88508987","1005.83502197","940.15362549","33.73260117","0","9.62393188"
"2013-06-13 11:00:00","6.2890307","3.92464577","0.15940462","0.24339963","0.55664987","1.94267137","331.50109863","5.49407482","24.19412994","49.82891083","1005.90802002","951.34912109","33.73260117","0","9.62393188"
"2013-06-13 12:00:00","6.12561206","3.9064875","0.15749402","0.26614483","0.65327198","1.64691149","334.91790771","5.23275805","24.74230003","47.82505035","1005.88500977","912.36260986","33.73260117","0","9.62393188"
"2013-06-13 13:00:00","5.4978757","3.4330916","0.15716899","0.25831698","0.48609549","2.22342642","337.09249878","5.3859129","24.73402023","46.8432312","1005.85601807","900.87091064","33.73260117","0","9.62393188"
"2013-06-13 14:00:00","6.99588181","4.8558739","0.18391855","0.19294219","0.14863048","2.84412389","334.82580566","5.34828901","24.34757996","49.75186157","1005.7130127","393.06161499","33.73260117","0","9.62393188"
"2013-06-13 15:00:00","6.74297201","4.5095801","0.16308952","0.29210071","0.27145154","2.09457252","334.83660889","5.5584569","24.20750046","48.88217163","1005.64801025","218.09519958","33.73260117","0","9.62393188"
"2013-06-13 16:00:00","5.80266379","3.77938348","0.13785212","0.14478927","0.23591451","1.9066655","335.79071045","5.02388906","23.91975021","46.99362183","1005.63000488","215.47920227","33.73260117","0","9.62393188"
"2013-06-13 17:00:00","9.31227746","6.92584525","0.15176222","0.48350723","0.39988542","2.77145314","332.05090332","5.32435322","23.57027054","46.35713959","1005.60400391","45.69699097","33.73260117","0","9.62393188"
"2013-06-13 18:00:00","18.32365774","15.51441158","0.17554453","0.07776897","0.52824709","6.01651301","332.77340698","4.39378309","22.45561981","51.54938126","1006.02600098","23.80952072","33.73260117","0","9.62393188"
"2013-06-13 19:00:00","9.32913938","7.25916803","0.1605836","0.20917656","1.6071773","2.59261268","332.35339355","4.37762785","21.56674957","53.59666061","1006.27801514","1.56491697","33.73260117","0","9.62393188"
"2013-06-13 20:00:00","12.59492142","10.56645194","0.16021779","0.12877457","0.82317302","3.52298055","333.96270752","4.02417278","20.98867035","56.82709122","1006.86102295","0","33.73260117","0","9.62393188"
"2013-06-13 21:00:00","15.31467642","13.37310542","0.15745325","0.10716536","0.72590104","6.99478972","330.22781372","4.14943981","20.85300064","57.61191177","1006.84301758","0","33.73260117","0","9.62393188"
"2013-06-13 22:00:00","8.50166976","6.62235158","0.14541996","0.05286976","0.37896776","3.21221993","330.83929443","4.36289501","20.97204971","56.98574066","1006.79901123","0","33.73260117","0","9.62393188"
"2013-06-13 23:00:00","7.63917994","5.64443432","0.16038089","0.03806224","0.1599141","2.94597238","330.15209961","4.03558493","20.85293007","57.62149048","1006.75201416","0","33.73260117","0","9.62393188"
"2013-06-14 00:00:00","8.03735203","6.02055722","0.1449726","0.02127971","0.22566925","2.20324812","330.85809326","3.25086689","20.35036087","61.56748962","1006.62902832","0","33.73260117","0","9.62393188"
"2013-06-14 01:00:00","9.42900697","7.44593219","0.13354861","","","2.32076044","334.16040039","3.00829911","19.92951965","66.69046021","1006.49700928","0","33.72351074","0","12.20606995"
"2013-06-14 02:00:00","9.80512796","7.77147314","0.12826417","0.01755037","0.1841665","2.68068081","331.39370728","3.30507207","19.67155075","68.96858978","1006.4630127","0","33.72351074","0","12.20606995"
"2013-06-14 03:00:00","6.42132198","4.50439285","0.12627202","0.00526501","0.21620098","2.46006503","333.84060669","2.93836093","19.60256004","71.77059174","1006.27001953","0","33.72351074","0","12.20606995"
"2013-06-14 04:00:00","6.1074538","4.21257385","0.14257387","0.05111442","0.19596878","2.08636126","336.40771484","3.36563706","19.60256004","73.17175293","1006.42401123","5.28693485","33.72351074","0","12.20606995"
"2013-06-14 05:00:00","10.80898723","8.56262623","0.13277622","0.90350585","0.35679004","2.06456797","328.97650146","3.1885581","19.66978073","68.82919312","1006.80700684","132.44290161","33.72351074","0","12.20606995"
"2013-06-14 06:00:00","10.5781247","7.77406581","0.16635618","0.27367368","0.60891655","2.5743799","334.22579956","3.51940107","21.3148098","59.33163071","1007.00500488","329.21640015","33.72351074","0","12.20606995"
"2013-06-14 07:00:00","8.84407072","6.1009683","0.15834797","0.22014491","0.85831952","2.43339217","332.47369385","4.02656412","22.59786987","54.56105042","1007.33300781","522.88647461","33.72351074","0","12.20606995"
"2013-06-14 08:00:00","9.97762669","6.8532141","0.23038691","0.16464315","0.96181656","2.20618217","333.5592041","4.04360819","23.54434967","51.87958145","1007.41802979","683.34350586","33.72351074","0","12.20606995"
"2013-06-14 09:00:00","11.00482957","7.56265979","0.15399786","0.85732693","5.02009506","2.13493013","333.93380737","4.33772707","24.29310036","50.06288147","1007.62200928","849.07202148","33.72351074","0","12.20606995"
"2013-06-14 10:00:00","7.46668313","4.96481966","0.127451","0.23100443","1.25051642","2.54012124","338.32620239","4.67512894","24.61450005","48.51016998","1007.85601807","939.70281982","33.72351074","0","12.20606995"
"2013-06-14 11:00:00","6.41483648","4.04656062","0.12416803","0.35736566","0.71059722","2.44341369","332.22601318","4.53835821","25.30335045","46.76264954","1007.68902588","948.82867432","33.72351074","0","12.20606995"
"2013-06-14 12:00:00","5.8610295","3.608183","0.13615006","0.32654345","0.46716098","2.22866906","334.76010132","4.19302893","25.63722038","45.88589096","1007.57202148","935.44152832","33.72351074","0","12.20606995"
"2013-06-14 13:00:00","4.87662483","2.8429681","0.1318815","0.10881086","0.53525015","2.42663217","332.25790405","4.49860191","25.7541008","43.07685089","1007.47900391","905.71942139","33.72351074","0","12.20606995"
"2013-06-14 14:00:00","5.15677107","3.13997626","0.14578577","0.13371008","0.32890594","2.64662148","335.71490479","4.06529903","25.52876091","44.98839951","1007.47900391","413.20001221","33.72351074","0","12.20606995"
"2013-06-14 15:00:00","5.00113427","2.8818773","0.15127409","0.06142578","0.25627688","2.53438332","338.25241089","3.70627189","25.31575966","44.87844086","1007.34899902","215.77630615","33.72351074","0","12.20606995"
"2013-06-14 16:00:00","5.36039716","3.40455882","0.13640403","0.03093206","0.38454499","2.77043106","336.41760254","3.63536906","24.78211975","45.3646698","1007.23101807","218.87660217","33.72351074","0","12.20606995"
"2013-06-14 17:00:00","10.4030333","7.87393339","0.15134049","0.06315875","0.5569092","3.65823036","336.23910522","3.09254694","24.32933044","47.01194","1007.05999756","41.49877167","33.72351074","0.2","12.20606995"
"2013-06-14 18:00:00","22.65943704","19.49740968","0.16978128","0.13941443","0.53486166","5.4947971","339.02380371","2.52456498","23.41147041","50.83401108","1007.28399658","21.14875984","33.72351074","0","12.20606995"
"2013-06-14 19:00:00","14.10070746","11.85694296","0.15184261","0.41001575","0.91421791","2.76874792","336.67120361","1.42359495","22.00922012","57.15105057","1007.78900146","1.17012596","33.72351074","0","12.20606995"
"2013-06-14 20:00:00","14.49628497","12.39129534","0.17721165","0.65023421","1.08398877","2.07218327","335.9559021","0.82375503","20.82512093","64.47537994","1008.38800049","0","33.72351074","0","12.20606995"
"2013-06-14 21:00:00","16.28481374","14.28747354","0.1704628","1.27041403","1.92129809","2.08705282","324.14059448","0.720025","20.37829971","68.76828003","1008.84899902","0","33.72351074","0","12.20606995"
"2013-06-14 22:00:00","26.29873784","24.24175088","0.2703499","0.57937575","2.07109508","1.9497263","302.9526062","0.58644199","20.00230026","71.48451996","1008.86401367","0","33.72351074","0","12.20606995"
"2013-06-14 23:00:00","19.6076556","17.66220134","0.23266332","1.10269954","3.65466883","1.81688372","300.13619995","0.589064","19.76197052","69.811409","1008.88000488","0","33.72351074","0","12.20606995"
"2013-06-15 00:00:00","11.09821165","9.1125442","0.17855256","0.51411079","2.25746744","1.83449104","332.24090576","0.56849301","19.44762993","70.37104034","1008.63201904","0","33.72351074","0","12.20606995"
"2013-06-15 01:00:00","14.57929254","12.5650904","0.17651964","0.35133282","1.81300285","1.71727366","264.72329712","0.485075","18.99979019","72.72866058","1008.375","0","33.76406097","0","11.10459042"
"2013-06-15 02:00:00","","","0.19810709","0.37195453","1.62209263","1.98952354","204.28120422","0.34306699","18.69676971","71.68917084","1008.42199707","0","33.76406097","0","11.10459042"
"2013-06-15 03:00:00","16.61554194","14.62209266","0.20884023","0.71253969","2.74504064","","194.66520691","0.30867299","18.31685066","69.63436127","1008.19799805","0","33.76406097","0","11.10459042"
"2013-06-15 04:00:00","14.77254029","12.67273982","","0.70913681","2.42788613","1.88569903","319.69970703","0.656847","18.60209084","66.24060059","1008.17901611","4.33557177","33.76406097","0","11.10459042"
"2013-06-15 05:00:00","13.32122713","10.94776402","0.17723145","0.51345279","2.05579126","2.46570125","325.52490234","0.91500503","20.31575966","56.73110962","1008.18701172","142.29949951","33.76406097","0","11.10459042"
"2013-06-15 06:00:00","17.53898823","13.96193259","0.1918755","0.4837269","1.72973903","2.94921762","336.35809326","1.38789296","22.78400993","47.71488953","1008.17901611","341.72360229","33.76406097","0","11.10459042"
"2013-06-15 07:00:00","12.27975499","9.21111354","0.14171759","0.51838829","1.53792062","2.85112899","336.19500732","1.93492103","25.13965988","40.42470169","1008.27001953","533.203125","33.76406097","0","11.10459042"
"2013-06-15 08:00:00","8.86093074","6.11912656","0.15763965","0.29604972","0.89995144","2.26630619","334.07180786","2.264503","26.51160049","37.30395126","1008.34802246","693.84411621","33.76406097","0","11.10459042"
"2013-06-15 09:00:00","8.09052858","5.56402134","0.17158703","0.33751179","1.22003897","1.73029634","331.3757019","1.94112206","27.30714989","34.28083038","1008.36401367","861.75421143","33.76406097","0","11.10459042"
"2013-06-15 10:00:00","7.44722853","5.04782531","0.15240414","0.19776887","1.03094307","1.6802813","340.28970337","2.61222792","27.61572075","34.17623138","1008.50500488","948.91131592","33.76406097","0","11.10459042"
"2013-06-15 11:00:00","7.87133881","5.29943878","0.1600011","0.267531","1.42028728","1.86433999","346.24450684","2.54559302","27.85190964","34.49008179","1008.46801758","950.13623047","33.76406097","0","11.10459042"
"2013-06-15 12:00:00","7.20988241","5.02318346","0.15751616","0.29034536","0.85624484","2.27869529","336.77890015","2.60548806","28.01777077","33.73918152","1008.34802246","935.28582764","33.76406097","0","11.10459042"
"2013-06-15 13:00:00","6.20343046","4.04656062","0.16144337","0.08281533","0.56624729","2.1494356","335.21600342","2.36131907","28.49645996","31.20017052","1008.15301514","902.95581055","33.76406097","0","11.10459042"
"2013-06-15 14:00:00","5.21772946","3.2255765","0.13788358","0.07228531","0.32812793","1.70492016","332.90710449","2.24047399","28.65777969","28.23320961","1007.91101074","408.95401001","33.76406097","0","11.10459042"
"2013-06-15 15:00:00","5.854544","3.77808714","0.13796513","0.0340034","0.29349908","2.13192693","335.59500122","2.33133888","28.22039032","26.80809975","1007.64801025","213.06770325","33.76406097","0","11.10459042"
"2013-06-15 16:00:00","5.6146033","3.56408654","0.1380059","0.02032068","0.38169129","1.80759648","343.18231201","1.92329001","26.78564072","31.55820084","1007.42199707","220.50160217","33.76406097","0","11.10459042"
"2013-06-15 17:00:00","6.40186738","4.26834306","0.13493846","0.06888446","0.73420179","1.94626036","334.03720093","1.64135098","25.95541954","35.42605972","1007.59899902","35.39987183","33.76406097","0","11.10459042"
"2013-06-15 18:00:00","9.20203536","7.1061239","0.18040142","0.06778712","0.73874168","1.94016853","334.24081421","1.29822505","24.84357071","39.51044083","1007.78100586","18.03722954","33.76406097","0","11.10459042"
"2013-06-15 19:00:00","13.168183","10.41470606","0.17743649","0.25897498","1.0454699","1.69236631","51.92683029","1.13966703","23.32410049","45.05324173","1008.02001953","0.859788","33.76406097","0","11.10459042"
"2013-06-15 20:00:00","17.76985076","15.78807232","0.23179656","0.3434348","1.88031503","1.90608784","335.60980225","0.64157403","22.31217003","48.64936066","1008.69702148","0","33.76406097","0","11.10459042"
"2013-06-15 21:00:00","16.35355397","14.26801894","0.1930207","0.50796811","2.60414139","1.76531369","337.83151245","0.74833697","21.59482956","51.48867035","1008.88702393","0","33.76406097","0","11.10459042"
"2013-06-15 22:00:00","11.709088","9.7415769","0.17931797","0.34157064","1.60730748","2.13792011","334.56460571","0.47998801","20.78306961","58.45333099","1009.12200928","0","33.76406097","0","11.10459042"
"2013-06-15 23:00:00","24.49465112","22.45970952","0.21019979","0.32215509","1.4113387","2.3914816","310.18170166","0.35342401","20.35725975","62.67018127","1009.14300537","0","33.76406097","0","11.10459042"
"2013-06-16 00:00:00","25.09515296","23.09652024","0.22819671","0.536378","3.18659966","2.50430046","306.13900757","0.38170999","20.2233696","63.83184052","1008.93103027","0","33.76406097","0","11.10459042"
"2013-06-16 01:00:00","27.96277056","25.9589372","0.2396906","0.69970414","4.54748702","2.27076065","313.67379761","0.55997902","20.05026054","64.08567047","1008.78601074","0","33.74615097","0","7.824718"
"2013-06-16 02:00:00","36.95597728","34.49173432","0.25216542","0.64301045","3.94742448","2.6052011","303.19891357","0.54273802","19.69235992","64.38317871","1008.71801758","0","33.74615097","0","7.824718"
"2013-06-16 03:00:00","21.93572592","19.92022936","0.19400163","0.76617526","3.86360639","2.58109718","331.02310181","0.37425101","19.65233994","60.98487091","1008.65600586","0","33.74615097","0","7.824718"
"2013-06-16 04:00:00","20.80865928","18.68162238","0.18798906","0.46891938","2.15604509","2.22851244","317.6105957","0.393179","19.54667091","58.59869003","1008.83001709","5.02340317","33.74615097","0","7.824718"
"2013-06-16 05:00:00","14.13442941","11.86342655","0.18741705","0.50709044","2.60466006","2.5430685","336.40820313","0.62162501","21.15744019","49.60866165","1009.10601807","135.89230347","33.74615097","0","7.824718"
"2013-06-16 06:00:00","12.52099203","9.77010968","0.17105579","0.42416629","1.55205692","2.54916033","336.1000061","1.01943696","23.48792076","40.70539093","1009.28900146","329.54721069","33.74615097","0","7.824718"
"2013-06-16 07:00:00","8.21633435","5.89474954","0.13229973","0.40365442","1.45245194","2.15793976","334.67089844","1.84943104","25.2308197","35.69400024","1009.41101074","520.65222168","33.74615097","0","7.824718"
"2013-06-16 08:00:00","8.100905","5.63665248","0.14471397","0.1981533","0.82236959","2.21669388","338.21990967","1.72308195","26.68559074","30.92971992","1009.44500732","675.74371338","33.74615097","0","7.824718"
"2013-06-16 09:00:00","9.11384054","6.56398778","0.15698492","0.15455146","0.55911406","2.39184874","339.30300903","2.42834592","27.22507095","32.27939987","1009.72900391","839.18591309","33.74615097","0","7.824718"
"2013-06-16 10:00:00","7.63788361","5.43432464","0.14872274","0.08314382","0.4958231","2.46583447","333.86050415","2.85495806","27.38231087","38.24507141","1009.83001709","925.9899292","33.74615097","0","7.824718"
"2013-06-16 11:00:00","6.86229228","4.66002965","0.14085899","0.13327175","0.58297796","2.15224761","334.65200806","2.42547703","28.2005806","36.11463165","1009.70501709","935.52301025","33.74615097","0","7.824718"
"2013-06-16 12:00:00","7.08277838","4.87921942","0.13747466","0.06603279","0.44199939","2.43218906","334.6361084","2.59233999","28.92674065","33.89411163","1009.34399414","929.83807373","33.74615097","0","7.824718"
"2013-06-16 13:00:00","5.20865128","3.20352732","0.13751544","0.03542923","0.31178576","2.07571937","335.10540771","2.93774796","28.87885094","34.33610153","1009.07000732","902.45721436","33.74615097","0","7.824718"
"2013-06-16 14:00:00","5.02447979","3.0375141","0.13522505","","","2.46995129","335.53170776","2.76559997","28.94437027","33.14767075","1008.76202393","410.54220581","33.74615097","0","7.824718"
"2013-06-16 15:00:00","4.96871058","2.98823038","0.13084814","","","1.83561686","338.47610474","2.84635401","28.71211052","34.62088013","1008.5380249","212.20899963","33.74615097","0","7.824718"
"2013-06-16 16:00:00","4.99594702","2.93764842","0.13154365","","","1.9683557","335.48510742","2.37987208","27.79561996","35.8433609","1008.36199951","221.69920349","33.74615097","0","7.824718"
"2013-06-16 17:00:00","4.91553403","2.93764842","0.13911032","","","1.74241288","330.33331299","2.12288904","26.8502903","36.34682083","1008.35302734","37.77574158","33.74615097","0","7.824718"
"2013-06-16 18:00:00","8.08533941","5.89604587","0.15326274","","","1.96266355","333.79690552","1.67518902","25.94668007","36.06010056","1008.59301758","19.36404991","33.74615097","0","7.824718"
"2013-06-16 19:00:00","13.84390674","11.8387847","0.18237493","0.05045642","0.84301571","2.57470432","342.45339966","0.98854399","24.21339989","44.68687057","1008.69702148","1.00122094","33.74615097","0","7.824718"
"2013-06-16 20:00:00","32.2713096","29.56322928","0.20095551","0.44423882","1.92181676","7.20651387","334.8757019","0.75452501","22.72295952","53.21231079","1009.11401367","0","33.74615097","0","7.824718"
"2013-06-16 21:00:00","21.72431608","19.68677416","0.15985781","0.30559223","1.73907712","7.4078819","332.47781372","0.70839697","22.41093063","53.05698013","1009.42102051","0","33.74615097","0","7.824718"
"2013-06-16 22:00:00","16.10842601","14.07995653","0.17457292","0.26632382","0.95014344","4.26620008","339.38549805","0.885616","21.97665977","57.33211136","1009.60400391","0","33.74615097","0","7.824718"
"2013-06-16 23:00:00","13.91135063","11.81414284","0.16553369","0.62215382","1.47851969","3.48847984","326.46270752","0.80046201","21.45697975","57.93040085","1009.46600342","0","33.74615097","0","7.824718"
"2013-06-17 00:00:00","13.97101077","11.94643412","0.18643495","0.45005301","1.08736115","4.07718351","326.9342041","0.652372","21.41846085","56.77133179","1009.30102539","0","33.74615097","0","7.824718"
"2013-06-17 01:00:00","16.57533641","14.47812862","0.21686708","0.48087523","2.01377085","3.74672665","320.37680054","0.50910401","21.0272007","57.61816025","1009.03601074","0","33.74142075","0","13.26807022"
"2013-06-17 02:00:00","","","0.17534998","0.90186035","1.93400856","2.73332073","333.69470215","0.80811501","21.00671005","55.07543182","1009.09301758","0","33.74142075","0","13.26807022"
"2013-06-17 03:00:00","15.122725","13.16429208","0.17944029","0.4294313","1.48396775","","318.08270264","0.52326202","20.30611992","58.80612183","1009.01702881","0","33.74142075","0","13.26807022"
"2013-06-17 04:00:00","18.73998809","16.60905835","","0.4634347","1.5067933","5.05501274","319.20950317","0.46575299","19.92753983","64.03038025","1009.02801514","4.44546223","33.74142075","0","13.26807022"
"2013-06-17 05:00:00","22.2534812","19.2185636","0.1469799","0.54855251","2.10818812","5.56314967","323.80050659","0.54482198","21.52556992","61.34690094","1009.06799316","135.08030701","33.74142075","0","13.26807022"
"2013-06-17 06:00:00","16.97480483","13.79073211","0.14677253","0.71516966","2.25253805","6.18277828","337.83560181","1.444996","23.56166077","57.10480118","1009.12200928","326.42550659","33.74142075","0","13.26807022"
"2013-06-17 07:00:00","16.44304322","13.03718997","0.10537309","0.55974155","1.7419298","7.51055415","342.6177063","1.68263197","25.69968987","47.54360962","1009.24902344","511.30740356","33.74142075","0","13.26807022"
"2013-06-17 08:00:00","13.82574848","10.34985676","0.07390527","0.20358204","1.1267882","7.10985514","334.48040771","2.198627","26.59089088","43.60662079","1009.36102295","669.90332031","33.74142075","0","13.26807022"
"2013-06-17 09:00:00","14.72325658","11.6312696","0.21329752","0.12285157","1.14637155","7.64907566","338.60940552","2.65308404","27.38902092","41.6673317","1009.21099854","810.20941162","33.74142075","0","13.26807022"
"2013-06-17 10:00:00","14.82960775","11.90752492","0.22096206","0.95451044","1.16310222","6.92538557","340.11560059","2.31215596","28.5177002","39.27003098","1009.11999512","898.74627686","33.74142075","0","13.26807022"
"2013-06-17 11:00:00","10.64556859","7.81946051","0.14923417","0.85261009","1.43338624","7.14364191","339.93661499","2.55063605","28.69502068","39.71678162","1009.07000732","923.99151611","33.74142075","0","13.26807022"
"2013-06-17 12:00:00","9.21759904","6.6910918","0.10844636","0.34551965","1.15973087","5.86789372","336.0223999","2.97146702","28.85897064","39.43215179","1008.98602295","912.59771729","33.74142075","0","13.26807022"
"2013-06-17 13:00:00","7.15930045","4.75730265","0.05747178","0.07171579","0.61828617","5.51719958","334.54690552","2.72559905","29.70811081","35.51396179","1008.63000488","882.72381592","33.74142075","0","13.26807022"
"2013-06-17 14:00:00","6.30459438","4.21905744","0.11219067","0.01853788","0.53434197","","336.41030884","2.60006905","29.74962044","37.29901123","1008.51702881","417.6618042","33.74142075","0","13.26807022"
"2013-06-17 15:00:00","5.11526729","3.18925998","0.09119387","0.00723901","0.44939196","1.52411993","344.77920532","2.47092605","29.46886063","36.78218079","1008.16400146","218.82670593","33.74142075","0","13.26807022"
"2013-06-17 16:00:00","5.47582651","3.46681354","0.09298098","0.02862855","0.52046501","1.14848285","335.88821411","2.34651804","28.62479973","40.70634079","1007.93499756","226.40100098","33.74142075","0","13.26807022"
"2013-06-17 17:00:00","8.36159473","6.13728482","0.10921409","0.09729334","0.86817629","2.14935831","335.42340088","2.09998894","27.12379074","47.82777023","1008.01501465","46.95766068","33.74142075","0","13.26807022"
"2013-06-17 18:00:00","9.49385436","7.11260941","0.14163837","0.11956055","1.07387267","1.99183925","337.56820679","1.59991205","25.74060059","55.31317139","1008.12402344","23.07183075","33.74142075","0","13.26807022"
"2013-06-17 19:00:00","20.06160264","17.86063826","0.14832198","0.32347211","2.17848316","2.5466575","338.73770142","1.46401298","23.95326042","67.15505981","1008.45800781","1.16198599","33.74142075","0","13.26807022"
"2013-06-17 20:00:00","14.4612686","12.48597566","0.1195791","0.37985153","1.46529157","2.14888235","26.99435043","1.08676004","22.76305962","81.21198273","1008.92199707","0","33.74142075","0","13.26807022"
"2013-06-17 21:00:00","10.72468333","8.74031222","0.11167923","0.20840873","1.20940318","1.28163764","329.21679688","0.86703998","22.26543045","90.94165039","1009.02801514","0","33.74142075","0","13.26807022"
"2013-06-17 22:00:00","12.19026383","10.21756548","0.12902725","0.11868288","0.91616343","1.81627657","318.36520386","0.75669497","22.29533958","89.80104065","1009.12902832","0","33.74142075","0","13.26807022"
"2013-06-17 23:00:00","12.3251497","10.25517834","0.13388879","0.32259443","1.7852479","1.57023376","326.6257019","0.89677298","21.99143982","90.38774109","1008.98699951","0","33.74142075","0","13.26807022"
"2013-06-18 00:00:00","12.90100586","10.90107106","0.12304381","0.29374621","1.43442358","1.51040772","329.2276001","0.71142399","21.7649498","88.28076172","1008.80401611","0","33.74142075","0","13.26807022"
"2013-06-18 01:00:00","10.38617329","8.47962058","0.10861062","0.38094888","1.76773923","1.65442509","327.79760742","0.89569402","21.65764046","82.65737152","1008.6550293","0","33.77967072","0","10.12454033"
"2013-06-18 02:00:00","8.96858016","6.98420905","0.13231488","0.32818793","1.29331585","1.81677999","328.15820313","0.96410799","21.29520988","79.92218018","1008.48101807","0","33.77967072","0","10.12454033"
"2013-06-18 03:00:00","9.58075094","7.63917994","0.13240458","0.42833396","1.31627157","1.65116154","329.98910522","0.94096297","20.96335983","80.21488953","1008.4710083","0","33.77967072","0","10.12454033"
"2013-06-18 04:00:00","8.33954746","6.45244934","0.12310905","0.3741482","1.24986859","1.65290976","329.58880615","0.81345803","20.66007996","81.40408325","1008.63800049","4.86569023","33.77967072","0","10.12454033"
"2013-06-18 05:00:00","10.65335043","8.59375359","0.14822645","0.77824094","1.52248663","1.47349164","334.18591309","0.94919002","21.62379074","77.18695068","1008.96502686","113.52449799","33.77967072","0","10.12454033"
"2013-06-18 06:00:00","15.53645886","12.33811879","0.11163496","0.80730884","1.39849806","2.12695075","337.01651001","1.71324694","23.91959953","66.14488983","1009.01300049","284.35690308","33.77967072","0","10.12454033"
"2013-06-18 07:00:00","9.38750318","6.6781227","0.10243496","0.31447776","1.46866292","2.53285782","339.46279907","1.98887503","25.8409996","52.48188019","1009.14001465","489.64181519","33.77967072","0","10.12454033"
"2013-06-18 08:00:00","9.60798738","6.58214604","0.09379765","0.14807927","0.96389124","2.27025724","332.0585022","1.89844501","27.04714012","48.26733017","1009.2130127","597.34741211","33.77967072","0","10.12454033"
"2013-06-18 09:00:00","8.6521193","5.81822747","0.1015449","0.15246762","1.29409385","2.1348742","343.41189575","1.74708903","28.8586998","42.37734985","1009.20300293","810.15661621","33.77967072","0","10.12454033"
"2013-06-18 10:00:00","6.6716372","4.00765142","0.09137445","0.22288775","1.88251887","2.50487202","337.5486145","2.01293612","29.80422974","39.54727173","1009.08502197","894.36199951","33.77967072","0","10.12454033"
"2013-06-18 11:00:00","6.28513978","3.80143266","0.07667564","0.08654467","1.08554478","1.63504717","348.26300049","1.89427698","30.7649498","38.0536499","1009.07000732","906.34301758","33.77967072","0","10.12454033"
"2013-06-18 12:00:00","6.54583142","3.85590554","0.08522558","0.20445971","1.17062497","1.7483186","53.2480011","1.69592202","31.6863308","35.51824951","1008.78302002","888.76470947","33.77967072","0","10.12454033"
"2013-06-18 13:00:00","4.89997035","2.67695487","0.10358248","0.08358316","0.63174311","1.70356755","21.51646996","1.85008502","31.49640083","35.96424103","1008.53900146","858.71490479","33.77967072","0","10.12454033"
"2013-06-18 14:00:00","4.49661101","2.38902679","0.11330208","0.0216082","0.44212956","1.73635868","55.16392136","1.814821","31.74839973","34.68980026","1008.23400879","418.27020264","33.77967072","0","10.12454033"
"2013-06-18 15:00:00","4.89607943","2.89744098","0.08475026","0.00515517","0.29855764","1.35232422","42.12919998","2.06566906","31.52692986","33.80545044","1007.90802002","218.17550659","33.77967072","0","10.12454033"
"2013-06-18 16:00:00","6.6716372","4.42527811","0.07224165","0.03619706","0.52915425","1.4399286","42.41128159","1.99627101","30.86935043","34.05820084","1007.57501221","229.99490356","33.77967072","0","10.12454033"
"2013-06-18 17:00:00","7.53542335","5.09840727","0.08025802","0.12939291","1.20069563","1.80223994","47.26052094","2.287642","28.56430054","42.59069061","1007.69799805","46.49369049","33.77967072","0","10.12454033"
"2013-06-18 18:00:00","10.75451435","8.33565654","0.13100309","0.10749487","1.11848745","2.57532266","44.67535019","1.84313297","27.01049995","48.96696091","1008.14599609","23.85630989","33.77967072","0","10.12454033"
"2013-06-18 19:00:00","9.65597666","7.67938739","0.12748712","0.27093083","1.9751218","2.18935997","51.74285126","1.16670597","25.20491982","58.53981018","1008.46899414","1.45095599","33.77967072","0","10.12454033"
"2013-06-18 20:00:00","12.1370892","9.90888646","0.13065592","0.25261263","1.39188451","1.48135406","54.08823013","0.79472798","24.35754967","66.80023193","1008.93701172","0","33.77967072","0","10.12454033"
"2013-06-18 21:00:00","8.19687975","6.20213222","0.10413236","0.28179036","1.58785329","1.36864809","335.79980469","0.41688499","23.93960953","71.97360992","1009.07501221","0","33.77967072","0","10.12454033"
"2013-06-18 22:00:00","7.4173975","5.4784211","0.10160781","0.14467944","1.61716424","1.42209246","334.6835022","0.44466501","23.57821083","75.39633942","1008.78100586","0","33.77967072","0","10.12454033"
"2013-06-18 23:00:00","10.47696078","8.10738859","0.15456288","0.20314372","1.33546643","1.27421964","315.38720703","0.53350103","23.42951965","73.71990967","1008.49401855","0","33.77967072","0","10.12454033"
"2013-06-19 00:00:00","21.75934392","19.77625576","0.16247323","0.36822519","2.34812384","1.50272123","284.37741089","0.39838201","23.17189026","72.33692169","1008.30401611","0","33.77967072","0","10.12454033"
"2013-06-19 01:00:00","22.0978444","20.03047528","0.2177653","0.51718213","3.32576289","1.51853864","272.18011475","0.44747999","22.82625961","72.26760101","1008.08502197","0","","0","10.61795998"
"2013-06-19 02:00:00","","","0.1529913","0.77144027","4.42531481","1.66570057","242.57800293","0.431568","22.43535042","71.2010498","1008.10699463","0","","0","10.61795998"
"2013-06-19 03:00:00","10.7493271","8.78311234","0.2114941","0.57191707","3.17453804","","324.9078064","0.68780601","22.23138046","69.0415802","1008.28399658","0","","0","10.61795998"
"2013-06-19 04:00:00","13.99694896","12.01647068","","0.92346854","2.8104856","1.80527975","330.93460083","0.834553","22.17345047","59.15214157","1008.4710083","4.86467314","","0","10.61795998"
"2013-06-19 05:00:00","16.22385536","13.49891311","0.24844674","1.60847398","2.21920689","2.1101611","340.34469604","1.18174803","22.72656059","63.44234085","1008.64300537","126.46620178","","0","10.61795998"
"2013-06-19 06:00:00","14.81274774","11.49378915","0.24704058","1.19791006","1.83907161","2.14278239","333.46429443","1.55580902","25.17160988","59.32268143","1008.55401611","319.50750732","","0","10.61795998"
"2013-06-19 07:00:00","11.41207983","8.04513387","0.1640588","0.81739951","1.65902498","2.15316291","334.00790405","2.20845294","26.91580963","50.04341125","1008.74401855","513.53381348","","0","10.61795998"
"2013-06-19 08:00:00","9.44197606","6.27995062","0.15756509","0.21575757","1.50510813","3.00258266","345.83850098","2.04644895","28.7505703","40.3885498","1008.69799805","668.30981445","","0","10.61795998"
"2013-06-19 09:00:00","","","","","","","","","","","","","","","10.61795998"
"2013-06-19 10:00:00","5.26847585","2.69384357","0.00249543","","","","342.12789917","2.13250899","31.34255981","32.16437149","1008.63702393","917.51062012","","0","10.61795998"
"2013-06-19 11:00:00","7.73249893","4.97373914","0.12220035","","","","336.29760742","2.16526604","31.80978012","31.75605965","1008.32800293","924.33062744","","0","10.61795998"
"2013-06-19 12:00:00","6.19694496","3.85331096","0.19487771","","","2.71001312","335.27340698","2.43506289","32.08058167","28.27045059","1007.88702393","912.40332031","","0","10.61795998"
"2013-06-19 13:00:00","5.80007112","3.62504493","0.1754758","","","2.61792479","334.18280029","2.72736192","31.84803963","29.46323013","1007.63800049","883.40661621","","0","10.61795998"
"2013-06-19 14:00:00","","","","","","","","","","","","","","","10.61795998"
"2013-06-19 15:00:00","7.77932572","4.67818982","0.00549531","","","","329.07769775","2.471102","31.7052803","26.12215996","1007.10900879","176.10380554","","0","10.61795998"
"2013-06-19 16:00:00","8.80905244","6.57306786","0.03388636","","","2.89617294","333.79980469","2.59425306","29.64027977","35.83625031","1006.90802002","231.56170654","","0","10.61795998"
"2013-06-19 17:00:00","7.72478018","5.55234858","0.07012601","","","2.45647095","337.77441406","2.142658","28.58045006","40.91397095","1006.85101318","40.5952301","","0","10.61795998"
"2013-06-19 18:00:00","7.70013833","5.59385236","0.07554909","","","2.64761204","338.68600464","1.89592898","28.27458954","39.50061035","1006.84100342","20.91168022","","0","10.61795998"
"2013-06-19 19:00:00","12.01647068","10.02561406","0.16500012","","","2.65932686","338.20721436","1.58926296","27.16312981","40.72330093","1007.09802246","1.32885599","","0","10.61795998"
"2013-06-19 20:00:00","12.73758913","10.78564171","0.11359216","","","2.28579089","330.44430542","1.20245004","25.86745071","48.21564102","1007.39801025","0","","0","10.61795998"
"2013-06-19 21:00:00","17.13303622","15.07084479","0.13231721","","","2.86862139","337.32980347","0.643875","25.05820084","52.19026184","1007.51800537","0","","0","10.61795998"
"2013-06-19 22:00:00","13.68178635","11.74021536","0.0989551","","","2.76312696","334.28359985","0.76023901","24.49361992","55.01377106","1007.30102539","0","","0","10.61795998"
"2013-06-19 23:00:00","14.8698152","12.84523664","0.18780732","","","2.35803756","325.99710083","0.71866602","24.2053299","53.01377106","1007.22802734","0","","0","10.61795998"
"2013-06-20 00:00:00","16.10583334","14.14221125","0.30987602","","","2.88422115","319.04760742","0.54788297","24.05241966","48.74834061","1006.82800293","0","","0","10.61795998"
"2013-06-20 01:00:00","16.45990514","14.22651515","0.35368235","","","3.16552234","316.32510376","0.63024998","24.23809052","40.1294899","1006.73901367","0","30.78495979","0","8.96988201"
"2013-06-20 02:00:00","13.97749627","11.96069955","0.32125108","","","2.76772584","297.77661133","0.46723601","23.72826004","39.87471008","1006.74401855","0","30.78495979","0","8.96988201"
"2013-06-20 03:00:00","16.51826894","14.44570492","0.17896497","","","2.77632559","327.09060669","0.917629","23.41905975","44.99742126","1006.86999512","0","30.78495979","0","8.96988201"
"2013-06-20 04:00:00","21.0083868","18.86319928","0.11692872","","","2.65437509","334.55810547","1.24643099","23.05113983","56.25151062","1007.02600098","4.69068003","30.78495979","0","8.96988201"
"2013-06-20 05:00:00","22.58680016","19.49740968","0.11434359","","","2.9911048","326.50250244","1.61028194","23.94804001","57.85245132","1007.20001221","126.70619965","30.78495979","0","8.96988201"
"2013-06-20 06:00:00","15.30429999","12.04370712","0.06227741","","","3.99406207","332.68121338","2.68381691","26.64360046","49.7589798","1007.45800781","316.98001099","30.78495979","0","8.96988201"
"2013-06-20 07:00:00","9.5859401","6.88434146","0.05540041","","","3.60427444","332.49569702","3.71089697","28.54667091","39.83203125","1007.79602051","505.73040771","30.78495979","0","8.96988201"
"2013-06-20 08:00:00","9.74806241","6.83635409","0.08033374","","","4.28167984","335.00509644","3.99103093","29.63960075","37.14725113","1007.97302246","661.56890869","30.78495979","0","8.96988201"
"2013-06-20 09:00:00","8.90891811","6.43040016","0.08556925","","","4.26791983","331.78570557","3.44426894","30.44037056","39.24372101","1008.06500244","822.59771729","30.78495979","0","8.96988201"
"2013-06-20 10:00:00","7.50040507","5.11656554","0.09341553","","","3.22376796","329.86920166","3.36554599","31.46850967","36.54578018","1008.14501953","906.30340576","30.78495979","0","8.96988201"
"2013-06-20 11:00:00","7.92062443","5.30592237","0.08166068","","","2.67851561","332.86151123","2.95081496","32.24549103","34.28815079","1008.09002686","913.50531006","30.78495979","0","8.96988201"
"2013-06-20 12:00:00","7.85188421","5.29035869","0.08419106","","","2.35848199","333.10440063","2.98313189","32.63790131","33.14123154","1007.91802979","896.70330811","30.78495979","0","8.96988201"
"2013-06-20 13:00:00","6.19564862","4.17625923","0.07111277","","","2.17534775","331.93600464","2.91060495","32.45664978","33.1783905","1007.60601807","869.22570801","30.78495979","0","8.96988201"
"2013-06-20 14:00:00","6.00239896","4.00116592","0.05703374","","","2.65633179","331.92581177","2.71118498","32.50054169","32.79045105","1007.38702393","445.54431152","30.78495979","0","8.96988201"
"2013-06-20 15:00:00","6.36295818","4.22683928","0.05970509","","","2.61887568","335.54290771","2.40510988","32.21910095","32.9902916","1007.20501709","165.46690369","30.78495979","0","8.96988201"
"2013-06-20 16:00:00","8.33176562","6.12301748","0.07907205","","","3.79734376","334.69430542","2.25371289","31.04388046","35.88386154","1006.90100098","229.99690247","30.78495979","0","8.96988201"
"2013-06-20 17:00:00","10.99445314","8.53020254","0.06792649","","","4.96365359","336.15170288","2.01005292","29.78347015","40.05805969","1006.8380127","43.50325012","30.78495979","0","8.96988201"
"2013-06-20 18:00:00","10.19292362","8.08663766","0.07610013","","","3.42644792","337.7828064","1.35222495","28.57204056","46.06356049","1006.96801758","22.15405083","30.78495979","0","8.96988201"
"2013-06-20 19:00:00","11.99312516","9.83366074","0.09632803","","","2.79082801","336.76300049","1.30980098","26.79066086","55.22838974","1007.20202637","1.51912904","30.78495979","0","8.96988201"
"2013-06-20 20:00:00","16.90087735","14.84517143","0.11640098","","","2.42835497","51.90745163","1.03774202","25.38405991","70.25057983","1007.86700439","0","30.78495979","0","8.96988201"
"2013-06-20 21:00:00","15.7517577","13.77646477","0.16719265","","","3.20719086","323.5848999","0.50938898","25.02643967","73.31060028","1008","0","30.78495979","0","8.96988201"
"2013-06-20 22:00:00","21.27945104","19.10832915","0.13845326","","","3.21318099","244.18170166","0.562401","24.87170982","72.59394073","1007.73199463","0","30.78495979","0","8.96988201"
"2013-06-20 23:00:00","33.59034104","31.21427952","0.17820656","","","2.62708898","225.1782074","0.42767999","24.57271004","70.38433075","1007.58599854","0","30.78495979","0","8.96988201"
"2013-06-21 00:00:00","24.770916","22.79302848","0.16629327","","","3.33017972","290.1875","0.19230799","24.4750309","63.44226074","1007.36700439","0","30.78495979","0","8.96988201"
"2013-06-21 01:00:00","27.42452344","25.27153496","0.15338623","","","2.95664376","273.20690918","0.24672601","24.24357986","57.31718063","1007.12701416","0","33.65744019","0","10.68986034"
"2013-06-21 02:00:00","","","0.13882606","","","3.21030288","261.79980469","0.201465","24.0236702","51.9786911","1006.95300293","0","33.65744019","0","10.68986034"
"2013-06-21 03:00:00","21.14845992","19.15630888","0.13361385","","","","257.1394043","0.46984899","23.44219971","57.36874008","1006.99102783","0","33.65744019","0","10.68986034"
"2013-06-21 04:00:00","30.26229472","27.89013368","","","","2.46271432","200.33320618","0.25755","22.89458084","60.21828079","1007","4.3406601","33.65744019","0","10.68986034"
"2013-06-21 05:00:00","42.67694896","36.51501272","0.35608458","","","3.51710941","298.10760498","0.462744","24.66773987","51.93338013","1007.02301025","139.52160645","33.65744019","0","10.68986034"
"2013-06-21 06:00:00","56.31591416","43.45251352","0.34110851","","","5.86263888","325.38690186","1.30458105","28.01601028","38.90625","1007.10101318","331.14450073","33.65744019","0","10.68986034"
"2013-06-21 07:00:00","17.13822347","14.09292754","0.19091088","","","4.17880825","336.79870605","1.695611","30.49287033","31.86553955","1007.36401367","517.50701904","33.65744019","0","10.68986034"
"2013-06-21 08:00:00","16.21607543","13.09425552","0.17074706","","","3.74309494","332.69711304","3.06602001","30.49720955","32.81439972","1007.69702148","678.3637085","33.65744019","0","10.68986034"
"2013-06-21 09:00:00","12.48338108","9.3719395","0.14009591","","","3.59606318","334.70410156","3.33885288","31.38669968","27.86153984","1007.89801025","851.24017334","33.65744019","0","10.68986034"
"2013-06-21 10:00:00","11.30961958","8.66119748","0.13429188","","","3.80148091","333.35180664","3.55588102","31.89702988","25.67473984","1007.88000488","940.22271729","33.65744019","0","10.68986034"
"2013-06-21 11:00:00","9.98540853","7.35384645","0.12264188","","","3.84680759","326.03900146","3.45002794","32.56721115","25.10473061","1007.57299805","949.71820068","33.65744019","0","10.68986034"
"2013-06-21 12:00:00","8.77662683","6.33701808","0.25441853","","","3.53075958","332.18490601","3.43490911","33.33279037","22.71562958","1007.1920166","939.10461426","33.65744019","0","10.68986034"
"2013-06-21 13:00:00","6.93232884","4.88570301","0.31293415","","","2.85724218","348.79049683","2.80648708","34.13518143","18.55521011","1006.73400879","911.15991211","33.65744019","0","10.68986034"
"2013-06-21 14:00:00","7.51856142","5.13602014","0.34598403","","","3.09593004","334.4854126","2.39812398","33.42477036","21.2353096","1006.67602539","457.70440674","33.65744019","0","10.68986034"
"2013-06-21 15:00:00","7.40053749","5.0504199","0.34497747","","","2.58114498","329.2762146","2.32287002","32.8966217","21.76509094","1006.45599365","156.92900085","33.65744019","0","10.68986034"
"2013-06-21 16:00:00","7.49910682","5.41746271","0.35519452","0.00789802","1.41354356","3.27918734","329.82400513","2.42214108","32.04470062","21.33679008","1006.29699707","240.48120117","33.65744019","0","10.68986034"
"2013-06-21 17:00:00","8.45108589","6.31367256","0.30840579","0.04277807","1.47138746","3.07690096","333.83990479","1.80861998","30.81257057","26.55874062","1006.22601318","39.17581177","33.65744019","0","10.68986034"
"2013-06-21 18:00:00","13.29788161","11.07356979","0.13692245","0.08577683","1.2081065","3.0607693","334.69140625","1.48975599","29.1533699","36.55569077","1006.44299316","20.93811989","33.65744019","0","10.68986034"
"2013-06-21 19:00:00","15.3432111","13.22265779","0.15426115","0.14533744","1.7071718","2.84902787","336.28329468","1.13408899","27.32899094","46.90842056","1006.74200439","1.02360594","33.65744019","0","10.68986034"
"2013-06-21 20:00:00","16.9190337","14.95282086","0.15309964","0.20292404","1.5128892","3.49506593","332.77520752","0.97338903","26.0938797","55.18878174","1007.25500488","0","33.65744019","0","10.68986034"
"2013-06-21 21:00:00","15.07473571","13.12149196","0.13529728","0.23572128","1.58876045","2.65661147","328.75909424","0.73893201","25.42016029","59.63640976","1007.52600098","0","33.65744019","0","10.68986034"
"2013-06-21 22:00:00","24.99788952","22.73725544","0.17179207","0.51334295","1.95021954","3.40973251","319.32809448","0.61767799","25.1236496","57.6781311","1007.4710083","0","33.65744019","0","10.68986034"
"2013-06-21 23:00:00","39.6044032","37.42418784","0.25174835","0.6449692","3.47517036","3.10326058","262.40090942","0.54302102","24.5748806","59.81806183","1007.47302246","0","33.65744019","0","10.68986034"
"2013-06-22 00:00:00","30.3530956","28.0989432","0.20685507","0.92653988","4.0922585","3.00297116","322.91430664","0.60884398","24.08592987","60.52523041","1007.38702393","0","33.65744019","0","10.68986034"
"2013-06-22 01:00:00","18.66087144","16.69336034","0.21366683","0.81465768","3.4288694","2.78408123","326.63510132","0.54662597","23.74547958","62.74528122","1006.96099854","0","34.24473953","0","11.57616997"
"2013-06-22 02:00:00","19.32880952","17.17842901","0.19845659","0.78745496","2.24592449","2.79826431","324.10839844","0.47514901","23.5879097","64.27526093","1006.69500732","0","34.24473953","0","11.57616997"
"2013-06-22 03:00:00","20.11995688","17.92029839","0.20414645","0.76814925","3.68462761","2.80742342","324.76730347","0.64365202","23.29107094","62.95495987","1006.62902832","0","34.24473953","0","11.57616997"
"2013-06-22 04:00:00","15.59741724","13.50150578","0.19354262","0.82803937","2.92111486","2.92685583","321.78491211","0.57858002","23.25877953","57.06850052","1006.58001709","6.09890079","34.24473953","0","11.57616997"
"2013-06-22 05:00:00","37.37231528","33.6992868","0.27895459","0.87169613","2.81826667","2.89092522","304.08050537","0.26812899","24.43399048","52.40896988","1006.51702881","117.73400116","34.24473953","0","11.57616997"
"2013-06-22 06:00:00","39.23993776","32.8393648","0.26792437","1.25790899","5.36171045","4.42967266","345.0697937","0.92468601","26.40279007","48.5736618","1006.73400879","299.11669922","34.24473953","0","11.57616997"
"2013-06-22 07:00:00","15.62076276","12.40556268","0.16776699","0.91162253","3.9052383","5.38732868","335.45941162","1.90594995","28.06389999","47.23564148","1006.88201904","489.23580933","34.24473953","0","11.57616997"
"2013-06-22 08:00:00","16.56236731","12.99438794","0.31599111","0.3734902","1.79825126","8.47469049","330.45120239","2.9868331","29.12495041","39.40930176","1006.95001221","652.51123047","34.24473953","0","11.57616997"
"2013-06-22 09:00:00","17.23290189","13.62990614","0.35527258","0.38007121","1.79471617","9.9003272","329.63720703","3.276191","30.30443001","32.34439087","1007.01501465","822.5223999","34.24473953","0","11.57616997"
"2013-06-22 10:00:00","17.64533941","13.87633235","0.31695922","0.27389234","1.40472413","11.69040483","334.27029419","3.4091959","30.88610077","31.00189972","1007.21002197","915.44970703","34.24473953","0","11.57616997"
"2013-06-22 11:00:00","13.42887464","10.33429308","0.31475271","0.25140647","1.03989267","4.43771103","328.50131226","2.82307506","32.01763153","30.06958961","1006.89501953","924.16241455","34.24473953","0","11.57616997"
"2013-06-22 12:00:00","8.69491751","6.47449662","0.30852229","0.18263184","0.98438278","2.91822862","335.36349487","2.78267193","32.14149094","29.93120956","1006.63299561","903.76171875","34.24473953","0","11.57616997"
"2013-06-22 13:00:00","9.2422409","6.95567436","0.38712368","0.12658091","0.75975188","4.72858116","334.02130127","2.92206812","31.18083954","35.54801178","1006.53100586","854.99591064","34.24473953","0","11.57616997"
"2013-06-22 14:00:00","11.65720779","9.1125442","0.36668958","0.18350951","0.51657396","6.9094085","330.23291016","2.90368199","30.41057968","40.06166077","1006.20300293","450.63580322","34.24473953","0","11.57616997"
"2013-06-22 15:00:00","6.96086353","4.66132598","0.38530395","0.1429241","0.48855968","3.5778599","331.75650024","2.54930902","30.32648087","40.01559067","1005.88500977","166.30430603","34.24473953","0","11.57616997"
"2013-06-22 16:00:00","7.11390574","4.84420114","0.39261898","0.04244958","0.45989757","3.76785584","334.77520752","2.31709194","30.06797028","37.76271057","1005.59002686","235.93200684","34.24473953","0","11.57616997"
"2013-06-22 17:00:00","7.82853869","5.81044563","0.38956086","0.06493545","0.72590104","3.22617927","333.61169434","2.17673898","28.73773956","44.43399048","1005.69000244","47.07773972","34.24473953","0","11.57616997"
"2013-06-22 18:00:00","10.30835489","8.32138919","0.29377689","0.06932279","0.76727463","3.19621641","333.55160522","1.85167503","27.15744019","55.32844162","1006.00402832","24.81685066","34.24473953","0","11.57616997"
"2013-06-22 19:00:00","13.27842701","11.12544809","0.15360292","0.177915","1.07698571","3.00515974","337.73291016","1.847036","25.24860954","80.89465332","1006.38299561","1.53642702","34.24473953","0","11.57616997"
"2013-06-22 20:00:00","9.20852086","7.25657345","0.15240297","0.14314377","1.00487533","2.02150209","337.69390869","1.40128398","24.44926071","91.10324097","1006.60900879","0","34.24473953","0","11.57616997"
"2013-06-22 21:00:00","8.00492642","6.0685446","0.14845595","0.270163","0.97167333","2.84341199","327.22781372","1.29085696","24.0508709","94.13748169","1006.625","0","34.24473953","0","11.57616997"
"2013-06-22 22:00:00","10.74673251","8.74031222","0.14265076","0.92829523","1.34999224","2.50615039","331.72140503","1.34276104","23.92115974","90.84526062","1006.88500977","0","34.24473953","0","11.57616997"
"2013-06-22 23:00:00","10.61962849","8.66768107","0.1495394","0.28036453","1.3955152","2.65075863","334.32400513","1.24361002","23.87457085","84.00399017","1006.61199951","0","34.24473953","0","11.57616997"
"2013-06-23 00:00:00","9.7804861","7.75850213","0.35767131","0.18361833","1.35764517","2.23998216","331.21859741","1.10252595","23.9978199","71.27696228","1006.52600098","0","34.24473953","0","11.57616997"
"2013-06-23 01:00:00","9.54443632","7.67419822","0.36258645","0.19063868","1.41886043","2.65844309","332.71661377","1.15672398","23.75390053","65.77465057","1006.35302734","0","24.57439995","0","6.11409616"
"2013-06-23 02:00:00","","","0.33514837","0.29319805","1.31199204","2.77350341","328.57220459","1.02944601","23.62088013","66.88651276","1006.21801758","0","24.57439995","0","6.11409616"
"2013-06-23 03:00:00","11.05930245","9.13718606","0.33975361","0.21981641","1.54051397","","329.65420532","1.44741797","23.51119041","65.96269226","1006.11401367","0","24.57439995","0","6.11409616"
"2013-06-23 04:00:00","13.20190494","11.21104833","","0.1962332","1.3684091","2.11215848","333.23471069","0.86609697","22.99097061","66.38819885","1006.28900146","5.144485","24.57439995","0","6.11409616"
"2013-06-23 05:00:00","15.56758622","13.20839045","0.22180319","0.24944976","1.55551472","1.89089285","15.9493103","0.80022001","23.19135094","69.86405182","1006.2130127","101.99720001","24.57439995","0","6.11409616"
"2013-06-23 06:00:00","13.86855051","10.96592037","0.24582432","0.40738376","1.64115731","2.05211887","330.00250244","2.12639189","25.1530304","67.53804016","1006.61199951","291.58309937","24.57439995","0","6.11409616"
"2013-06-23 07:00:00","10.33429308","7.62880543","0.14262746","0.36405651","1.08217343","3.62570467","337.28640747","2.92537904","27.44659996","49.31230164","1006.75","482.63220215","24.57439995","0","6.11409616"
"2013-06-23 08:00:00","7.6703073","5.45248099","0.14527434","0.07952432","0.65392083","3.31141505","334.34649658","3.3603909","28.76671982","38.9679718","1006.49102783","636.0479126","24.57439995","0","6.11409616"
"2013-06-23 09:00:00","7.76368938","5.65869975","0.16609522","0.14500793","0.75741787","2.65764372","328.50650024","3.21640992","29.01967049","35.28178024","1006.05200195","496.32070923","24.57439995","0","6.11409616"
"2013-06-23 10:00:00","9.47958702","7.05813653","0.14491901","0.15707463","0.75261865","2.23294249","319.68710327","3.24088597","28.40055084","36.70037079","1006.52801514","415.75790405","24.57439995","0","6.11409616"
"2013-06-23 11:00:00","14.09811479","11.20456282","0.1609599","0.19612337","0.70618751","3.77593387","317.19070435","3.32301211","29.14542961","36.45021057","1006.70001221","457.38690186","24.57439995","0","6.11409616"
"2013-06-23 12:00:00","15.00988832","11.60143858","0.13713565","0.14873828","0.78465313","5.62505853","323.39331055","4.55747986","30.90768051","34.99274063","1006.64501953","840.06610107","24.57439995","0","6.11409616"
"2013-06-23 13:00:00","8.34862563","5.97516252","0.13413344","0.0392684","0.46638196","2.71697245","330.02749634","3.96191311","30.44816971","33.64440155","1006.52801514","511.45800781","24.57439995","0","6.11409616"
"2013-06-23 14:00:00","10.24480192","8.17483057","0.14962095","0.00768852","0.37170231","2.76388666","304.28869629","2.79712391","29.47442055","33.31562042","1006.39801025","104.10449982","24.57439995","0","6.11409616"
"2013-06-23 15:00:00","13.54949316","11.05022427","0.1303402","0.04113358","0.62033034","1.85045489","171.06460571","1.29965901","30.56030083","26.94713974","1004.8460083","198.59890747","24.57439995","0","6.11409616"
"2013-06-23 16:00:00","11.6636933","8.92318546","0.13318513","0.13689125","1.1069445","2.61019864","42.45584106","1.84645998","31.56707954","27.95820999","1004.26300049","221.15370178","24.57439995","0","6.11409616"
"2013-06-23 17:00:00","9.88294636","7.62750718","0.13527864","0.04266925","1.06790695","2.40543077","42.83287048","2.159266","28.36318016","42.84804153","1004.30700684","65.04579163","24.57439995","0","6.11409616"
"2013-06-23 18:00:00","12.9347278","10.0723051","0.18047714","0.06252211","1.00876535","2.24110086","46.18281174","1.56328702","26.89925957","52.45109177","1004.35101318","49.09339142","24.57439995","0","6.11409616"
"2013-06-23 19:00:00","15.3367256","13.2719415","0.19390959","0.08248582","1.81429952","2.69338314","51.11967087","1.09169197","25.56740952","62.44728088","1004.46502686","2.59055805","24.57439995","0","6.11409616"
"2013-06-23 20:00:00","17.00074494","14.85425152","0.1827687","0.2171834","2.40376289","2.31400044","343.01611328","0.44310501","24.7611599","69.08920288","1004.5670166","0","24.57439995","0","6.11409616"
"2013-06-23 21:00:00","16.92422287","14.66489278","0.16443626","0.19217435","2.33100366","2.10213697","327.69689941","0.61770201","24.26630974","74.43344116","1004.46600342","0","24.57439995","0","6.11409616"
"2013-06-23 22:00:00","22.84490104","20.77105024","0.18794363","0.11418571","1.39629422","2.04466833","306.47601318","0.714688","23.65133095","79.36637115","1004.32800293","0","24.57439995","0","6.11409616"
"2013-06-23 23:00:00","37.97927968","35.7433104","0.2506847","0.37634187","2.42425443","2.00671186","191.34550476","0.26682499","23.2887001","82.21076202","1004.14001465","0","24.57439995","0","6.11409616"
"2013-06-24 00:00:00","28.71760904","26.64373912","0.24163731","0.48164306","2.72413112","2.05602212","291.62161255","0.31382999","23.10309982","79.91548157","1003.95300293","0","24.57439995","0","6.11409616"
"2013-06-24 01:00:00","27.67614264","25.34157152","0.23954264","0.571614","3.80079545","2.13503692","233.40859985","0.40707099","22.31880951","76.95793152","1003.7130127","0","27.49123955","0","4.98860407"
"2013-06-24 02:00:00","23.62826656","21.54793408","0.23187811","0.77900878","3.75920219","1.72062365","222.00630188","0.430287","21.68444061","84.27783966","1003.55999756","0","27.49123955","0","4.98860407"
"2013-06-24 03:00:00","16.65574748","14.49498863","0.18091169","0.73337802","3.13109078","2.10790031","200.12950134","0.351192","21.0069809","84.001091","1003.5300293","0","27.49123955","0","4.98860407"
"2013-06-24 04:00:00","20.95909544","18.56748936","0.18976103","0.55787637","2.01013915","1.80602318","225.4980011","0.468261","20.62284088","80.96778107","1003.65100098","4.32437897","27.49123955","0","4.98860407"
"2013-06-24 05:00:00","29.02498216","24.94081632","0.25854612","0.74138588","2.62100121","2.05637603","308.14419556","0.77877498","22.26292038","80.69161987","1003.52502441","127.49169922","27.49123955","0","4.98860407"
"2013-06-24 06:00:00","21.53367056","17.05651415","0.22287033","0.86862479","3.39255538","2.15472604","331.980896","1.82932401","24.05249977","64.46186066","1003.5960083","322.03091431","27.49123955","0","4.98860407"
"2013-06-24 07:00:00","19.3832824","14.90094256","0.16293457","0.62149582","2.24281146","3.46146527","333.70150757","1.91890299","25.86650085","54.38319016","1003.61102295","514.88800049","27.49123955","0","4.98860407"
"2013-06-24 08:00:00","14.27839345","10.72857425","0.14622265","0.40880959","1.38189757","3.82612791","340.50540161","1.70088804","27.35367966","42.20769119","1003.74200439","669.93792725","27.49123955","0","4.98860407"
"2013-06-24 09:00:00","10.40173697","7.37719197","0.15325575","0.30394774","1.41030034","3.08757742","341.76000977","2.09680104","28.01214027","35.6058197","1003.63702393","838.14611816","27.49123955","0","4.98860407"
"2013-06-24 10:00:00","10.56515561","7.45111945","0.15353186","0.1255934","1.37320832","2.52213864","345.17990112","1.94054604","28.76272011","33.10480118","1003.37701416","929.03631592","27.49123955","0","4.98860407"
"2013-06-24 11:00:00","10.44972434","7.17875505","0.1318815","0.05605094","1.11419876","2.24810799","49.89007187","1.85657704","29.3039608","34.81270981","1003.15802002","929.29180908","27.49123955","0","4.98860407"
"2013-06-24 12:00:00","13.01384445","9.96465568","0.15847029","0.06701928","0.85572617","2.28189578","48.57659149","1.43710804","30.4978199","33.98365021","1002.89202881","917.7401123","27.49123955","0","4.98860407"
"2013-06-24 13:00:00","19.45461912","14.4936923","0.14326005","0.07952533","0.9614657","1.81968149","191.82040405","2.06349206","31.47001076","24.86026001","1002.73101807","921.35211182","27.49123955","0","4.98860407"
"2013-06-24 14:00:00","16.17197706","12.04759804","0.14389148","0.12060603","1.4120028","1.8463757","193.43870544","2.03093195","31.56071091","20.44227028","1002.49499512","467.74810791","27.49123955","0","4.98860407"
"2013-06-24 15:00:00","19.65044616","14.99432464","0.17158703","0.02182787","1.12211915","2.06409201","181.71800232","1.57525694","30.93935013","28.15275955","1002.49102783","146.71130371","27.49123955","0","4.98860407"
"2013-06-24 16:00:00","18.13948816","14.03196915","0.17160683","0.19447786","2.15007936","2.50848033","222.10850525","1.98664904","29.18021965","33.95116043","1002.48400879","237.62910461","27.49123955","0","4.98860407"
"2013-06-24 17:00:00","22.36632744","17.47284259","0.2057623","0.21795124","1.78615608","2.28588649","183.07060242","1.87098503","27.70635033","38.73123169","1002.60400391","45.26047134","27.49123955","0","4.98860407"
"2013-06-24 18:00:00","22.68408272","18.76852086","0.20129802","0.38413005","2.768334","1.88894122","221.20100403","1.41690004","26.56130981","42.00440979","1002.87200928","25.71529961","27.49123955","0","4.98860407"
"2013-06-24 19:00:00","24.59451488","20.73084088","0.18652233","0.38829772","3.30034196","1.61979116","178.79330444","1.16146505","25.18674088","47.06362152","1003.02301025","1.92918205","27.49123955","0","4.98860407"
"2013-06-24 20:00:00","21.26518752","18.28085762","0.16585872","0.49798625","3.16805365","1.92601189","185.36560059","0.78110301","24.26663971","48.51369095","1003.55999756","0","27.49123955","0","4.98860407"
"2013-06-24 21:00:00","14.15777493","11.96459047","0.13263176","0.30987075","2.36239032","1.7938741","206.02220154","0.84296799","23.60222054","49.12005997","1003.92102051","0","27.49123955","0","4.98860407"
"2013-06-24 22:00:00","11.53010377","9.3589685","0.14258785","0.18372817","1.47385166","1.89417572","230.15859985","1.13815701","22.77927017","48.91127014","1004.20300293","0","27.49123955","0","4.98860407"
"2013-06-24 23:00:00","9.79086253","7.79611499","0.1573251","0.27301467","0.96013038","1.98800007","226.04870605","1.11796105","22.04043007","47.51118088","1004.50701904","0","27.49123955","0","4.98860407"
"2013-06-25 00:00:00","9.38231402","7.25916803","0.14104655","0.32292293","0.9328941","1.80930605","227.14700317","0.915555","21.30124092","42.41283035","1004.64599609","0","27.49123955","0","4.98860407"
"2013-06-25 01:00:00","7.76628397","5.8091493","0.14646031","0.20632388","0.87336401","1.47603515","201.61140442","0.51791698","20.2553196","42.76942062","1004.79901123","0","25.65500069","0","2.24691391"
"2013-06-25 02:00:00","","","0.10849179","0.15455146","0.81370475","1.63646385","213.33970642","0.79179901","19.27248001","44.92605972","1004.91101074","0","25.65500069","0","2.24691391"
"2013-06-25 03:00:00","12.00609426","9.92445014","0.12014645","0.01020153","0.69464558","","212.83790588","0.83705699","18.76346016","45.31541061","1005.24700928","0","25.65500069","0","2.24691391"
"2013-06-25 04:00:00","12.88025492","10.42378615","","0.05572143","0.73718465","1.78464075","205.04490662","0.615165","18.41621971","46.86907959","1005.81201172","4.45869017","25.65500069","0","2.24691391"
"2013-06-25 05:00:00","27.33374168","23.12504728","0.20523106","0.13173608","0.8985256","2.20161279","211.47380066","0.604325","19.25144958","46.04333115","1006.01202393","130.20030212","25.65500069","0","2.24691391"
"2013-06-25 06:00:00","31.3374888","24.15615064","0.22449084","0.40069292","1.87486696","2.64567668","228.01930237","0.88608801","21.5796299","42.53770065","1006.17700195","325.94219971","25.65500069","0","2.24691391"
"2013-06-25 07:00:00","15.92555277","12.08780358","0.17444594","0.49634075","2.37580556","3.01192788","327.92779541","2.00034499","22.85474968","43.08037186","1006.45001221","521.06530762","25.65500069","0","2.24691391"
"2013-06-25 08:00:00","14.56891611","10.3187294","0.15783071","0.18811652","1.68875596","2.57973949","337.72540283","1.917436","24.12697983","43.19786072","1006.46600342","656.5078125","25.65500069","0","2.24691391"
"2013-06-25 09:00:00","13.90097421","10.52365182","0.1508442","0.15334428","1.44194633","2.84702845","332.37750244","3.40010691","24.0774498","45.88399124","1006.63299561","672.43682861","25.65500069","0","2.24691391"
"2013-06-25 10:00:00","12.23047128","9.02694396","0.14046522","0.22036458","1.01537992","3.05207294","333.06790161","3.73626399","24.59428978","45.38251114","1006.87902832","928.77392578","25.65500069","0","2.24691391"
"2013-06-25 11:00:00","8.53538979","5.93754966","0.16382929","0.12010872","0.84483207","2.36302493","333.2644043","3.85520196","25.01004028","43.73199081","1006.95800781","937.55987549","25.65500069","0","2.24691391"
"2013-06-25 12:00:00","8.22022527","5.43821365","0.1489103","0.00559452","0.53836319","2.39809007","335.61199951","3.54367709","25.12128067","45.39146042","1007.05700684","922.56091309","25.65500069","0","2.24691391"
"2013-06-25 13:00:00","7.00495998","4.76767907","0.15814642","","","2.3789786","334.5710144","3.39318299","25.58654976","41.2990799","1007.16101074","904.0802002","25.65500069","0","2.24691391"
"2013-06-25 14:00:00","7.42907026","4.93887955","0.14145197","","","1.981176","332.6098938","3.34230494","24.91308975","44.34431076","1007.39202881","468.32299805","25.65500069","0","2.24691391"
"2013-06-25 15:00:00","5.5821796","3.57446297","0.15605408","","","1.6436693","335.45330811","3.14823794","24.43678093","46.45177078","1007.45300293","166.09280396","25.65500069","0","2.24691391"
"2013-06-25 16:00:00","5.39671178","3.18796364","0.13991184","","","1.86236193","335.61050415","3.27048397","23.66781998","50.03078079","1007.42700195","241.02149963","25.65500069","0","2.24691391"
"2013-06-25 17:00:00","5.562725","3.42790434","0.14318782","","","1.80759343","334.50671387","3.48427296","23.00852966","53.47185135","1007.30401611","41.40414047","25.65500069","0.2","2.24691391"
"2013-06-25 18:00:00","6.49265488","4.41101077","0.15700123","","","2.02147056","333.06851196","3.12266397","22.24431992","57.78787994","1007.59802246","21.90171051","25.65500069","0","2.24691391"
"2013-06-25 19:00:00","6.42650924","4.4706709","0.13051845","0.01425936","0.6063232","2.18616252","334.19219971","1.916659","21.6389904","60.72052002","1007.60699463","1.62291396","25.65500069","0","2.24691391"
"2013-06-25 20:00:00","10.66891411","8.57559724","0.14883225","0.05714828","0.75209998","2.03907788","328.53070068","1.21860099","21.09720039","66.31690979","1008.01300049","0","25.65500069","0","2.24691391"
"2013-06-25 21:00:00","8.60413002","6.51210948","0.13999106","0.14314377","1.01758478","2.17517384","327.52200317","1.63692403","20.5796299","68.84844971","1008.3460083","0","25.65500069","0","2.24691391"
"2013-06-25 22:00:00","8.01011559","5.96997335","0.11693804","0.05714828","1.06699877","2.21094783","327.85910034","1.31914794","20.19915962","69.07527924","1008.30401611","0","25.65500069","0","2.24691391"
"2013-06-25 23:00:00","8.35900206","6.37074002","0.13430819","0.02446088","1.0494901","1.9565402","331.70831299","1.04280305","20.00637054","69.37734985","1008.47900391","0","25.65500069","0","2.24691391"
"2013-06-26 00:00:00","9.2098172","7.19302048","0.13778106","0.06636128","1.33961681","1.86927651","325.32159424","0.71002102","19.85976982","69.68862915","1008.49401855","0","25.65500069","0","2.24691391"
"2013-06-26 01:00:00","6.82857225","4.84420114","0.15708045","0.17089465","1.45439746","2.00563689","316.51080322","1.12144303","19.6709404","70.26087952","1008.28601074","0","25.75810051","0","6.47754717"
"2013-06-26 02:00:00","7.22674242","5.2903606","0.12234947","0.11758656","1.40277861","1.67143848","305.05230713","0.75425202","19.34519958","70.85929871","1007.98901367","0","25.75810051","0","6.47754717"
"2013-06-26 03:00:00","10.1630926","8.08793399","0.16351358","0.1249354","1.03159192","2.15626781","242.60270691","0.599976","18.67324066","73.04795074","1007.77600098","0","25.75810051","0","6.47754717"
"2013-06-26 04:00:00","15.54164802","13.16299574","0.18289219","0.30568783","1.62214043","1.73004819","204.4302063","0.44022599","18.06451035","74.62731171","1007.934021","4.26129389","25.75810051","0","6.47754717"
"2013-06-26 05:00:00","31.37899832","26.1029108","0.20440158","0.3224846","1.61599673","1.73716821","209.32020569","0.55668902","19.15249062","69.31963348","1007.86999512","125.84750366","25.75810051","0","6.47754717"
"2013-06-26 06:00:00","27.883652","21.05767816","0.20219158","0.56796806","2.59376494","1.97736632","294.58081055","1.40231204","21.37014961","59.83359146","1007.88000488","322.35940552","25.75810051","0","6.47754717"
"2013-06-26 07:00:00","14.6493291","10.30057305","0.15712006","0.7888808","2.57508977","5.33013971","335.45651245","2.9876039","22.90862083","56.12813187","1007.70800781","529.78631592","25.75810051","0","6.47754717"
"2013-06-26 08:00:00","14.4547831","9.97762669","0.16205383","0.0768913","0.9519598","10.34273745","336.51870728","3.15893292","24.55031967","49.82606125","1007.64501953","721.83441162","25.75810051","0","6.47754717"
"2013-06-26 09:00:00","7.38886473","4.38507066","0.16481605","0.0493601","1.25946602","3.36668595","335.35699463","4.11938381","24.76976967","48.99422073","1007.65802002","829.63372803","25.75810051","0","6.47754717"
"2013-06-26 10:00:00","6.19045946","3.68211048","0.16197461","0.12767723","0.68945684","3.9281147","333.89300537","4.3305068","24.91995049","49.10961151","1008.12402344","926.17102051","25.75810051","0","6.47754717"
"2013-06-26 11:00:00","5.67167076","3.52388101","0.16911839","0.14424009","0.6374495","3.4661811","333.07080078","4.05462122","25.15032005","48.29656982","1008.48400879","924.38641357","25.75810051","0","6.47754717"
"2013-06-26 12:00:00","5.52900306","3.09976882","0.1768936","0.01031035","0.53979004","2.77485806","333.77090454","4.38709211","25.04191971","48.2781105","1008.46502686","914.4677124","25.75810051","0","6.47754717"
"2013-06-26 13:00:00","4.79621185","2.71197315","0.16280293","","","2.70747571","335.49349976","4.249331","24.98032951","49.51132965","1008.45800781","892.4887085","25.75810051","0","6.47754717"
"2013-06-26 14:00:00","4.74433355","2.68862763","0.17113151","","","2.57678714","335.56350708","3.83045506","24.95149994","47.17195129","1008.40100098","468.80529785","25.75810051","0","6.47754717"
"2013-06-26 15:00:00","4.61852778","2.59784014","0.17263087","","","2.41720458","332.45230103","3.88466692","24.76984024","46.5023613","1008.35601807","157.1631012","25.75810051","0","6.47754717"
"2013-06-26 16:00:00","5.13212922","3.04010868","0.17089385","0.01568519","0.33279698","2.33954138","333.02520752","4.15617704","24.03606987","46.49179077","1007.98699951","246.478302","25.75810051","0","6.47754717"
"2013-06-26 17:00:00","6.17749036","3.79754174","0.15775149","0.09531934","0.46469679","2.53776281","334.82110596","3.42259908","23.31562996","50.22893143","1007.79901123","44.25212097","25.75810051","0","6.47754717"
"2013-06-26 18:00:00","8.24746171","5.83768207","0.20100794","","","2.42249197","334.87710571","2.88418603","22.37247086","61.19895172","1008.01702881","23.47578049","25.75810051","0","6.47754717"
"2013-06-26 19:00:00","8.31101468","6.2501215","0.16473683","0.41637811","0.7067072","2.13818962","336.57299805","2.39482999","21.80821991","68.78761292","1008.25799561","1.58730197","25.75810051","0","6.47754717"
"2013-06-26 20:00:00","7.26824621","5.19568027","0.14918757","0.03093206","1.15558049","1.8888324","335.0401001","2.39776397","21.39159966","71.89289093","1008.55401611","0","25.75810051","0","6.47754717"
"2013-06-26 21:00:00","4.39544709","2.37865228","0.15605408","","","1.86227345","329.10699463","2.69137311","21.1151104","68.54476166","1008.89300537","0","25.75810051","0","6.47754717"
"2013-06-26 22:00:00","4.55367847","2.56541644","0.14153003","","","2.27257193","335.10180664","2.0129621","20.90909958","64.31522369","1009.11401367","0","25.75810051","0","6.47754717"
"2013-06-26 23:00:00","6.53804958","4.49272009","0.15266044","0.084351","0.62033034","2.49179645","336.35809326","1.76751399","20.48969078","67.0428009","1009.06799316","0","25.75810051","0","6.47754717"
"2013-06-27 00:00:00","7.32661001","5.32018971","0.13438625","0.40497042","0.80553417","1.93633444","333.69110107","2.12667704","20.36881065","69.39431","1009.01300049","0","25.75810051","0","6.47754717"
"2013-06-27 01:00:00","6.16711394","4.23981029","0.15463395","","","2.65211429","337.23629761","1.79400897","20.19441032","69.50048065","1008.7130127","0","26.55311012","0","8.79636478"
"2013-06-27 02:00:00","","","0.15569876","","","2.56402277","337.00259399","1.55838096","20.01552963","71.77220154","1008.3460083","0","26.55311012","0","8.79636478"
"2013-06-27 03:00:00","6.9310325","4.82604287","0.14808199","","","","335.38461304","2.08147192","20.04043007","71.13288116","1008.36199951","0","26.55311012","0","8.79636478"
"2013-06-27 04:00:00","8.23708529","6.19305404","","0.04376558","0.32021669","2.1027431","331.83630371","2.28926611","20.6036396","70.03147125","1008.44702148","5.40089607","26.55311012","0","8.79636478"
"2013-06-27 05:00:00","9.94390474","7.56265979","0.18729472","0.17264999","0.31749316","3.13833284","335.82250977","1.94731402","21.31278038","66.92233276","1008.60400391","116.44480133","26.55311012","0","8.79636478"
"2013-06-27 06:00:00","10.50160455","7.45241578","0.1814837","0.05217413","0.54989088","2.83840734","338.665802","2.83408308","22.12656975","61.63267136","1008.73199463","229.54400635","26.55311012","0","8.79636478"
"2013-06-27 07:00:00","7.58081614","5.16455291","0.17084958","0.00811668","0.53356397","3.90661024","338.01629639","2.8363359","23.26523018","54.70301056","1008.8380127","491.78671265","26.55311012","0","8.79636478"
"2013-06-27 08:00:00","8.12424861","5.3876336","0.19492314","0.04782443","0.64821444","3.86626991","337.27850342","2.82477403","23.8222599","48.52978134","1008.90100098","640.01312256","26.55311012","0","8.79636478"
"2013-06-27 09:00:00","7.23193159","4.29947042","0.18077189","0.0340034","0.81850397","3.53951188","337.02099609","3.32086492","24.41098976","43.53635025","1009.10601807","795.26342773","26.55311012","0","8.79636478"
"2013-06-27 10:00:00","7.73386027","4.92591046","0.19057536","0.08775083","0.95766619","3.43586331","338.55569458","3.5271399","24.72369957","45.51647186","1009.29602051","907.03601074","26.55311012","0","8.79636478"
"2013-06-27 11:00:00","7.08148205","4.4512163","0.20848258","0.03668726","0.52612461","3.21541839","335.35470581","3.73035598","24.69445992","45.85618973","1009.4420166","900.84442139","26.55311012","0","8.79636478"
"2013-06-27 12:00:00","6.90898332","4.32281594","0.18836186","","","3.35644273","333.39990234","4.03219604","24.56044006","48.4834404","1009.29302979","901.4619751","26.55311012","0","8.79636478"
"2013-06-27 13:00:00","7.50688866","5.06209266","0.22346448","0.00515517","0.50049214","3.79373849","334.66571045","3.78789091","24.62807083","46.83272171","1009.33099365","865.73260498","26.55311012","0","8.79636478"
"2013-06-27 14:00:00","5.37077167","3.32025492","0.16721245","0.22617775","0.569101","3.97581912","335.47799683","3.81969404","24.5747509","45.11219025","1009.14202881","467.05130005","26.55311012","0","8.79636478"
"2013-06-27 15:00:00","5.38503902","3.23076376","0.18096877","","","4.49022891","335.19259644","3.8446281","24.31521988","39.41093063","1008.92199707","161.16290283","26.55311012","0","8.79636478"
"2013-06-27 16:00:00","5.96738068","3.61077758","0.16602648","","","3.66466289","332.86950684","4.00481892","23.39628029","43.80395126","1008.90802002","242.87440491","26.55311012","0","8.79636478"
"2013-06-27 17:00:00","5.6405434","3.50312816","0.1638922","","","3.44960908","331.13461304","3.5296979","22.70099068","47.8538208","1009.10101318","51.114151","26.55311012","0","8.79636478"
"2013-06-27 18:00:00","6.79744489","4.66910974","0.18223396","","","3.42307454","332.62350464","2.87410808","21.95915985","52.15330124","1009.41802979","28.37708092","26.55311012","0","8.79636478"
"2013-06-27 19:00:00","8.77922142","6.72351741","0.18515928","0.04628876","0.71163558","3.31116182","330.94580078","2.14336109","21.30986023","54.53812027","1009.63000488","1.72669899","26.55311012","0","8.79636478"
"2013-06-27 20:00:00","11.58068764","9.38361226","0.18974472","0.266035","1.04471528","3.23188871","333.44030762","1.43629003","20.83576965","55.0558815","1010","0","26.55311012","0","8.79636478"
"2013-06-27 21:00:00","9.69877678","7.6664183","0.19468665","0.16431364","1.70885798","3.06789644","330.01300049","1.23491895","20.25797081","56.71990967","1010.25500488","0","26.55311012","0","8.79636478"
"2013-06-27 22:00:00","10.04895958","8.07366856","0.18895485","0.16617882","1.3821569","3.26312484","328.01119995","0.899288","19.87191963","59.57550049","1010.11401367","0","26.55311012","0","8.79636478"
"2013-06-27 23:00:00","12.12152552","9.93871749","0.19626755","0.16157181","1.39564537","3.39651151","328.05490112","0.96935397","19.55126953","62.61240005","1010.11901855","0","26.55311012","0","8.79636478"
"2013-06-28 00:00:00","8.90762178","6.91546882","0.17436788","0.16036463","1.40537196","2.97149501","333.42190552","1.44298899","18.95310974","66.36141968","1010.25701904","0","26.55311012","0","8.79636478"
"2013-06-28 01:00:00","7.86744789","5.63276156","0.16776583","0.16672698","0.83614181","2.56756091","333.45700073","1.06915295","18.4464798","69.23674011","1009.86199951","0","20.32571983","0","6.4006238"
"2013-06-28 02:00:00","7.60156899","5.53159764","0.19077341","0.29550155","0.93380228","2.48867934","323.56509399","0.78384697","18.37220001","70.86121368","1009.51000977","0","20.32571983","0","6.4006238"
"2013-06-28 03:00:00","8.14240687","6.14247208","0.19010121","0.24186396","1.16089736","2.41332981","295.3164978","0.65982902","18.1805706","72.16976929","1009.61901855","0","20.32571983","0","6.4006238"
"2013-06-28 04:00:00","10.01912856","7.86874614","0.19678132","0.23637928","1.35777433","2.19369443","332.4927063","0.578224","17.85246086","73.14894867","1009.43701172","5.89641905","20.32571983","0","6.4006238"
"2013-06-28 05:00:00","18.18877378","15.17201062","0.23441431","0.39619574","1.53532625","2.91606139","303.85220337","0.61303502","19.05018997","68.05982971","1009.50701904","110.5687027","20.32571983","0","6.4006238"
"2013-06-28 06:00:00","17.39891511","13.35235449","0.21022192","0.73502353","2.28262802","3.37788414","337.62390137","1.53027701","20.95190048","58.59605026","1009.37200928","297.10510254","20.32571983","0","6.4006238"
"2013-06-28 07:00:00","6.79095938","4.03488786","0.19267003","0.35232033","1.38462109","2.94684801","332.21420288","2.64239407","22.19305038","52.22045135","1009.41900635","485.77520752","20.32571983","0","6.4006238"
"2013-06-28 08:00:00","8.69621576","5.4978757","0.20694012","0.04244958","0.67454254","3.42277655","335.23739624","2.21547604","23.27281952","49.17324066","1009.52301025","642.16101074","20.32571983","0","6.4006238"
"2013-06-28 09:00:00","12.19804758","8.25394722","0.19452821","0.26581532","1.04627435","7.06294194","339.53320313","2.14596701","24.10404968","44.83909988","1009.48101807","795.80480957","20.32571983","0","6.4006238"
"2013-06-28 10:00:00","15.10456674","10.67150678","0.22006501","0.13392975","0.83277045","16.19727084","338.75720215","2.18666697","24.66307068","44.80484009","1009.51501465","874.14111328","20.32571983","0","6.4006238"
"2013-06-28 11:00:00","12.65976882","9.20462994","0.20101143","0.12318006","0.84184819","12.80234178","330.19781494","2.21500897","25.48398972","42.02698135","1009.22802734","900.52301025","20.32571983","0","6.4006238"
"2013-06-28 12:00:00","10.28111845","6.98680172","0.21955124","0.08347333","1.11900612","8.26330298","353.60940552","2.35431004","25.8562603","38.81304169","1008.92602539","893.08612061","20.32571983","0","6.4006238"
"2013-06-28 13:00:00","6.47190394","3.8805474","0.18950822","0.03038389","0.79476923","2.90285564","14.55249023","2.59857392","26.03335953","34.01831055","1008.71002197","874.08111572","20.32571983","0","6.4006238"
"2013-06-28 14:00:00","5.52511214","3.15553994","0.18796576","","","2.85937178","40.72927094","2.57132101","25.82390022","34.66353989","1008.50500488","468.4197998","20.32571983","0","6.4006238"
"2013-06-28 15:00:00","5.57050684","3.23335834","0.20113026","","","2.51539187","43.67581177","2.51412201","25.57386971","35.54497147","1008.33001709","156.75720215","20.32571983","0","6.4006238"
"2013-06-28 16:00:00","6.37592728","3.8221836","0.19986507","","","2.06662638","51.41534042","2.21007705","24.71706009","35.6531601","1008.00402832","244.456604","20.32571983","0","6.4006238"
"2013-06-28 17:00:00","7.87652798","5.45766825","0.1929473","","","2.64096391","47.14088058","1.80107796","23.84629059","41.23110962","1007.75500488","44.56451035","20.32571983","0","6.4006238"
"2013-06-28 18:00:00","9.02045846","6.3992728","0.22832602","","","2.49895104","49.89266968","1.42563105","23.10811996","43.81005096","1007.84301758","23.14916039","20.32571983","0","6.4006238"
"2013-06-28 19:00:00","14.45737577","12.15135463","0.21832566","0.02972589","1.74776637","2.02481954","63.41160965","0.99941701","22.39472008","47.93162155","1008.0880127","1.45604396","20.32571983","0","6.4006238"
"2013-06-28 20:00:00","22.80859216","20.42604896","0.28528986","0.24143072","2.04929975","1.7180059","76.4984436","0.50741899","21.87763023","50.2125206","1008.47601318","0","20.32571983","0","6.4006238"
"2013-06-28 21:00:00","21.95258976","19.60505528","0.28825479","0.56829655","3.739748","2.3670614","195.10740662","0.71663702","21.55261993","59.67263031","1008.69702148","0","20.32571983","0","6.4006238"
"2013-06-28 22:00:00","24.01607752","21.50772472","0.2901118","0.50303261","2.35123586","2.34834351","190.76170349","0.76154602","21.12569046","66.9668808","1008.42901611","0","20.32571983","0","6.4006238"
"2013-06-28 23:00:00","20.49218504","18.42352532","0.2790443","0.51762046","2.85769474","2.27176748","205.1190033","0.58661002","20.55874062","70.91764069","1008.02001953","0","20.32571983","0","6.4006238"
"2013-06-29 00:00:00","17.27440567","15.0967849","0.23635171","0.36197267","2.69090674","1.90413113","155.29310608","0.366887","20.16794968","76.3420105","1007.66601563","0","20.32571983","0","6.4006238"
"2013-06-29 01:00:00","18.01497872","16.05784405","0.24915855","0.32369076","2.4425411","1.75978324","155.84890747","0.47545999","20.32538986","75.64122009","1007.58599854","0","12.88996983","0","4.50373077"
"2013-06-29 02:00:00","","","0.24884284","0.44127732","2.89361925","2.35349564","70.70452881","0.47119501","19.51144981","78.40061951","1007.16900635","0","12.88996983","0","4.50373077"
"2013-06-29 03:00:00","15.27317263","13.34846357","0.24741921","0.52387297","3.25754253","","89.94396973","0.68889099","19.40345955","79.30226135","1006.75500488","0","12.88996983","0","4.50373077"
"2013-06-29 04:00:00","15.1875743","13.19152852","","0.99290117","2.6959653","1.02735713","108.59159851","0.73354697","19.11429977","82.06227112","1006.33099365","5.38054609","12.88996983","0","4.50373077"
"2013-06-29 05:00:00","21.1731056","18.40925798","0.18946745","0.31184474","2.18846908","1.09215223","143.58399963","0.762995","19.86886978","80.09754181","1006.39501953","78.18170929","12.88996983","0","4.50373077"
"2013-06-29 06:00:00","19.55706408","15.38600931","0.17115714","0.41901112","2.61542399","1.24749085","117.08049774","0.885423","21.43481064","73.0497818","1006.38201904","261.93209839","12.88996983","0","4.50373077"
"2013-06-29 07:00:00","12.14098012","9.35378124","0.17491427","0.26994333","2.11947173","1.5679445","332.38040161","0.69359702","22.39410973","63.64678955","1006.21002197","264.29980469","12.88996983","0","4.50373077"
"2013-06-29 08:00:00","10.99315681","8.28118366","0.16012343","0.21839058","1.87616465","1.6512968","316.62600708","1.39664602","22.70701981","60.75098038","1006.10302734","224.61830139","12.88996983","0","4.50373077"
"2013-06-29 09:00:00","11.36409246","9.13070246","0.13999456","0.16266813","1.38552927","1.78714359","332.14309692","2.26175594","21.58275032","67.85488892","1005.72601318","73.18476105","12.88996983","2","4.50373077"
"2013-06-29 10:00:00","11.19289198","8.82850704","0.14596635","0.2158674","1.52287614","1.22983268","71.07202148","2.75141311","18.23735046","84.42658997","1006.43103027","71.8966217","12.88996983","0.80000001","4.50373077"
"2013-06-29 11:00:00","14.02029639","11.21234658","0.15885824","0.2665435","1.68758844","1.05482121","347.04980469","1.21789002","17.11651993","81.5001297","1006.67602539","136.96470642","12.88996983","4","4.50373077"
"2013-06-29 12:00:00","9.16961166","6.58344238","0.11863894","0.17067599","1.69757437","1.16058616","336.43630981","2.16215491","17.48636055","92.55135345","1006.95001221","230.97360229","12.88996983","1.20000005","4.50373077"
"2013-06-29 13:00:00","6.70535914","4.24888846","0.11786422","0.00713019","0.66222158","1.06838901","330.19549561","2.98083591","18.06245995","91.68891144","1006.93200684","518.97741699","12.88996983","0","4.50373077"
"2013-06-29 14:00:00","6.00110262","3.8286691","0.12627202","","","1.19439734","335.97259521","3.78084493","18.92518044","75.884552","1006.71801758","405.5809021","12.88996983","0.2","4.50373077"
"2013-06-29 15:00:00","6.43558742","3.93372394","0.12215957","","","1.17559708","335.5736084","3.26392889","19.71788025","64.58167267","1006.35699463","231.11300659","12.88996983","0","4.50373077"
"2013-06-29 16:00:00","9.78697161","6.87655962","0.10946457","","","1.55522081","333.54620361","2.69243407","19.97060966","62.50928116","1006.14501953","244.38830566","12.88996983","0","4.50373077"
"2013-06-29 17:00:00","10.24220925","7.42258667","0.11682038","0.03049373","0.67130034","1.74818842","334.44760132","2.22359705","20.13709068","61.30442047","1006.03100586","63.86547089","12.88996983","0","4.50373077"
"2013-06-29 18:00:00","9.67802394","7.20210057","0.1935799","0.09685501","1.44557804","1.15571372","336.15939331","2.63366103","19.41683006","62.36460114","1006.45501709","25.17501068","12.88996983","0","4.50373077"
"2013-06-29 19:00:00","12.91656954","10.67280503","0.18112255","0.27169867","2.18691307","1.41831939","331.2355957","1.42053103","18.73945045","66.52754211","1006.48602295","1.92612898","12.88996983","0","4.50373077"
"2013-06-29 20:00:00","20.69841336","17.81524355","0.25309742","0.3601075","2.91216628","1.38709647","299.98910522","1.07566595","18.23176956","70.18016052","1006.77502441","0","12.88996983","0","4.50373077"
"2013-06-29 21:00:00","20.68414984","18.58045846","0.22098536","0.87564412","4.40988082","1.18026003","285.96780396","0.94838703","17.75675011","74.41880035","1006.87701416","0","12.88996983","0","4.50373077"
"2013-06-29 22:00:00","25.95633688","23.52062096","0.1892694","0.77692495","1.92661497","1.24406152","240.71740723","0.71965402","17.3882103","77.36840057","1007.00799561","0","12.88996983","0","4.50373077"
"2013-06-29 23:00:00","27.34928624","24.69049728","0.20540465","0.37699987","2.03841276","1.15941254","226.9683075","0.691598","17.31670952","77.71047974","1006.84399414","0","12.88996983","0","4.50373077"
"2013-06-30 00:00:00","19.8320288","17.43782431","0.1683891","0.32983344","2.04022811","1.12000685","254.5","1.016312","16.83827972","79.37171173","1006.59002686","0","12.88996983","0","4.50373077"
"2013-06-30 01:00:00","15.00210648","12.75444914","0.17206701","0.21093089","1.45439746","1.28996585","241.08900452","0.92374402","16.87586021","81.88658142","1006.33599854","0","16.84478951","0","7.73219395"
"2013-06-30 02:00:00","13.56505875","11.46655271","0.15996499","0.15773263","1.20162211","1.08475254","250.83050537","0.86677301","16.87010002","80.22968292","1005.87701416","0","16.84478951","0","7.73219395"
"2013-06-30 03:00:00","11.89066299","9.77140793","0.1517797","0.13107808","1.13132707","1.01406087","230.87910461","0.77419502","16.5418396","83.12956238","1005.82702637","0","16.84478951","0","7.73219395"
"2013-06-30 04:00:00","12.06186347","10.046365","0.15668318","0.07612347","0.92913323","1.16816688","252.93080139","0.83574498","16.4502697","84.64102173","1005.97302246","4.09645891","16.84478951","0","7.73219395"
"2013-06-30 05:00:00","9.44457065","7.36551921","0.16629327","0.11484371","0.9260202","0.98497264","296.82281494","1.40438402","17.74670982","80.94329071","1005.9050293","115.10569763","16.84478951","0","7.73219395"
"2013-06-30 06:00:00","8.58467542","5.9258769","0.14560986","0.16815281","0.97712038","1.14374057","311.87649536","1.81668699","19.68795967","69.5175705","1005.9710083","305.64910889","16.84478951","0","7.73219395"
"2013-06-30 07:00:00","10.34207683","7.35514278","0.16423704","0.1262514","0.94067618","1.4043631","336.19549561","2.16488791","20.2210598","68.64575958","1006.17700195","204.91140747","16.84478951","0","7.73219395"
"2013-06-30 08:00:00","7.26954254","4.93628497","0.15391514","0.085667","0.77453703","1.57775041","337.4005127","3.72441006","21.47509956","63.21001053","1006.40802002","429.66110229","16.84478951","0","7.73219395"
"2013-06-30 09:00:00","6.05038634","3.5887284","0.15957005","0.1053012","0.49569292","1.85461646","335.22210693","4.48481417","22.5574398","55.30754089","1006.6920166","724.35083008","16.84478951","0","7.73219395"
"2013-06-30 10:00:00","5.99850804","3.30469124","0.15743461","0.06372929","0.47792491","2.20566248","335.50680542","4.55637503","23.29018974","49.96696091","1006.95202637","954.65002441","16.84478951","0","7.73219395"
"2013-06-30 11:00:00","5.88826594","3.49534632","0.16174511","0.02062171","0.35406652","2.36138959","332.45950317","4.48619509","23.90245056","46.18566132","1007.09100342","973.80731201","16.84478951","0","7.73219395"
"2013-06-30 12:00:00","5.22162038","3.18796364","0.1425261","0.05824461","0.31347194","2.83727237","336.10339355","4.70350599","24.02889061","44.19210052","1007.14300537","947.99353027","16.84478951","0","7.73219395"
"2013-06-30 13:00:00","5.43302639","3.34489678","0.15850175","","","3.52576814","337.00799561","4.13499212","24.0687809","45.15486145","1007.23101807","883.66802979","16.84478951","0","7.73219395"
"2013-06-30 14:00:00","5.65221616","3.3033949","0.15660396","","","2.93804384","335.37020874","4.45625782","24.06056976","42.1783905","1007.36199951","488.33120728","16.84478951","0","7.73219395"
"2013-06-30 15:00:00","7.04646377","4.57053849","0.17009","0.10497169","0.16276678","2.40696339","338.05020142","4.72174501","23.85408974","46.00392151","1007.42700195","166.94630432","16.84478951","0","7.73219395"
"2013-06-30 16:00:00","6.75983202","4.35653789","0.15672279","0.23429544","0.16523097","2.02114309","335.79620361","4.56536579","23.49456978","43.10744095","1007.51000977","246.11610413","16.84478951","0","7.73219395"
"2013-06-30 17:00:00","11.20845566","8.60802094","0.14992036","0.13129775","0.20128667","3.2236927","335.25650024","3.8885951","22.8658905","48.93603134","1007.72900391","59.82192993","16.84478951","0","7.73219395"
"2013-06-30 18:00:00","14.04753283","11.35501428","0.16115212","0.21126039","0.34265374","3.12950935","332.4236145","3.43082094","22.17209053","52.86981964","1008.10601807","30.10886955","16.84478951","0","7.73219395"
"2013-06-30 19:00:00","11.31480683","9.18517534","0.16554184","0.07535563","0.44705795","2.75479163","334.01870728","3.05112505","21.29953957","59.29494095","1008.55200195","2.19475007","16.84478951","0","7.73219395"
"2013-06-30 20:00:00","8.6780575","6.46671669","0.18982277","0.37743819","0.83069475","1.36303222","333.28170776","2.04168606","20.49471092","61.59529114","1008.87402344","0","16.84478951","0","7.73219395"
"2013-06-30 21:00:00","8.10220134","6.16322302","0.15470618","1.76741277","1.08308059","1.28996585","331.43301392","2.14825702","19.90306091","63.09360123","1008.91802979","0","16.84478951","0","7.73219395"
"2013-06-30 22:00:00","9.61058196","7.65993279","0.15486345","0.2171834","0.52941359","1.36582795","326.91769409","1.20253098","19.59840965","66.74906921","1009.04400635","0","16.84478951","0","7.73219395"
"2013-06-30 23:00:00","12.09039816","10.0333959","0.16142823","0.09378367","0.91136523","1.11552594","292.75280762","0.97659498","19.24365044","71.02075958","1009.15301514","0","16.84478951","0","7.73219395"
"2013-07-01 00:00:00","9.97114118","7.90116983","0.16336679","0.19184586","1.07789288","1.0835179","275.77920532","1.32277405","19.00852966","76.27925873","1009.21099854","0","16.84478951","0","7.73219395"
"2013-07-01 01:00:00","8.0749649","6.09189012","0.16862676","0.24208261","0.78128076","1.11260817","264.29620361","1.10432804","18.82295036","77.6733017","1008.93200684","0","13.82565975","0","5.07936478"
"2013-07-01 02:00:00","","","0.15146282","0.10837254","0.71837931","1.28045995","289.72329712","1.12734604","18.66958046","79.34262085","1008.57501221","0","13.82565975","0","5.07936478"
"2013-07-01 03:00:00","11.27719397","9.2033317","0.15557643","0.15444162","0.72265884","","268.73010254","1.06642997","18.50278091","78.14781189","1008.77301025","0","13.82565975","0","5.07936478"
"2013-07-01 04:00:00","11.16176462","9.19944078","","0.20566588","0.80786819","1.73273206","325.22891235","1.45864701","18.49205971","77.43047333","1009.18701172","3.47476602","13.82565975","0","5.07936478"
"2013-07-01 05:00:00","13.78165202","11.38354706","0.1541528","0.30120489","0.86791695","1.87811017","336.6000061","1.69046795","19.30035973","74.30307007","1009.52600098","114.91439819","13.82565975","0","5.07936478"
"2013-07-01 06:00:00","15.83346702","12.20972034","0.17890323","0.16442348","0.91369924","2.17204555","337.228302","2.28235292","21.13998985","68.15390015","1009.81799316","311.02661133","13.82565975","0","5.07936478"
"2013-07-01 07:00:00","11.64034778","8.48610608","0.18333139","0.17769533","1.09203019","2.87296703","334.6401062","3.29381609","22.82551956","61.34852982","1010.16101074","507.57009888","13.82565975","0","5.07936478"
"2013-07-01 08:00:00","9.2422409","6.39797646","0.17633324","0.13147979","0.75041888","3.15518657","336.07299805","4.16670704","23.42307091","58.53594971","1010.39599609","674.23382568","13.82565975","0","5.07936478"
"2013-07-01 09:00:00","9.1514534","6.45504202","0.14988308","0.29374621","0.75586084","3.32235797","333.99740601","3.74531102","23.82566071","59.51708984","1010.82202148","739.45861816","13.82565975","0","5.07936478"
"2013-07-01 10:00:00","9.11643512","6.2955143","0.16237654","0.15839063","0.7784718","4.03708117","344.20001221","2.47797298","24.9596405","50.86135101","1010.97601318","931.23822021","13.82565975","0","5.07936478"
"2013-07-01 11:00:00","8.56651715","5.90253138","0.16759574","0.09685501","0.93354295","2.65549073","341.16220093","2.6748879","25.24596024","47.04727173","1010.89501953","951.12640381","13.82565975","0","5.07936478"
"2013-07-01 12:00:00","8.03994662","5.45507558","0.18024764","0.18274168","0.76662579","2.86097965","338.11520386","2.76704407","25.68457031","43.26041031","1010.64501953","938.35772705","13.82565975","0","5.07936478"
"2013-07-01 13:00:00","6.36295818","4.2761249","0.17151014","0.12976208","0.58440481","2.07951584","336.49459839","3.23066711","25.88488007","39.68980026","1010.62200928","906.17211914","13.82565975","0","5.07936478"
"2013-07-01 14:00:00","5.49268844","3.22298192","0.14980386","0.04365574","0.33260985","2.30943411","337.68280029","4.08396816","25.46018028","38.18931961","1010.47900391","490.46789551","13.82565975","0","5.07936478"
"2013-07-01 15:00:00","4.80788461","2.71067682","0.10746077","","","2.10357907","337.41931152","4.15002489","25.3944397","28.39986992","1010.35101318","155.47610474","13.82565975","0","5.07936478"
"2013-07-01 16:00:00","6.10356288","3.75474162","0.11244231","","","2.85635027","335.8302002","4.02748299","24.73332977","28.69841003","1010.31500244","247.74110413","13.82565975","0","5.07936478"
"2013-07-01 17:00:00","5.5043612","3.4525462","0.12102137","","","2.49067877","334.99459839","3.46854806","23.77289009","35.42443085","1010.28900146","46.97293091","13.82565975","0","5.07936478"
"2013-07-01 18:00:00","6.924547","4.75989723","0.15340138","","","2.54806909","339.9342041","2.420259","22.61964989","44.88000107","1010.45599365","23.98147964","13.82565975","0","5.07936478"
"2013-07-01 19:00:00","10.67928862","8.59375359","0.17297221","0.04723151","0.97146586","2.85199141","330.95761108","1.63530195","21.63478088","49.78490067","1010.58502197","1.58424902","13.82565975","0","5.07936478"
"2013-07-01 20:00:00","12.07742906","9.68450944","0.17534532","0.13612342","1.21303489","1.69868188","327.97540283","0.97533703","20.67383957","57.08187103","1010.87701416","0","13.82565975","0","5.07936478"
"2013-07-01 21:00:00","13.15391566","11.14879361","0.1862171","0.1576228","1.66592939","2.24595907","327.4151001","0.887568","19.89328957","59.7253418","1010.89501953","0","13.82565975","0","5.07936478"
"2013-07-01 22:00:00","22.72557312","20.68154952","0.22033762","0.28036453","1.70756131","2.4287516","262.2052002","0.38506499","19.23171997","61.88949966","1010.92700195","0","13.82565975","0","5.07936478"
"2013-07-01 23:00:00","29.7305484","27.55291424","0.27181431","0.76606542","3.61238807","1.81536534","262.89770508","0.43131199","18.86976051","63.17921066","1010.97601318","0","13.82565975","0","5.07936478"
"2013-07-02 00:00:00","30.05996688","27.85900632","0.26505265","0.73239153","3.57477636","1.73464097","205.14720154","0.352218","18.14903069","65.71482086","1010.85601807","0","13.82565975","0","5.07936478"
"2013-07-02 01:00:00","16.53383454","14.29914438","0.26442005","0.45652418","3.84843275","1.41491651","260.36489868","0.40641901","17.82139015","66.39015961","1010.50402832","0","16.31027031","0","7.5052228"
"2013-07-02 02:00:00","12.24214404","10.29668213","0.22231462","0.59911979","2.62904263","1.72301666","269.79980469","0.637474","17.81649971","66.372612","1010.32202148","0","16.31027031","0","7.5052228"
"2013-07-02 03:00:00","10.46658436","8.40828768","0.18072179","0.2092864","1.56174893","1.82017677","266.99349976","0.57508802","17.73389053","67.83428192","1010.41101074","0","16.31027031","0","7.5052228"
"2013-07-02 04:00:00","11.35112145","9.10087144","0.18451736","0.09334535","1.31212221","1.61704932","291.14151001","0.63484699","17.80212975","67.1973114","1010.47399902","3.79222608","16.31027031","0","7.5052228"
"2013-07-02 05:00:00","14.64414184","11.86991206","0.17281494","0.29835322","1.78083819","2.05690589","333.84829712","0.70439899","18.50888062","56.86867142","1010.53100586","94.40270996","16.31027031","0","7.5052228"
"2013-07-02 06:00:00","23.33515696","18.15764451","0.20729078","0.3414608","1.73778044","2.77544182","338.09820557","1.11414599","21.03857994","43.98791122","1010.63800049","317.41949463","16.31027031","0","7.5052228"
"2013-07-02 07:00:00","13.46908209","9.87646277","0.16929547","0.48932141","2.1228441","2.31115894","334.82971191","2.18806005","23.37191963","38.02238083","1010.65100098","528.50732422","16.31027031","0","7.5052228"
"2013-07-02 08:00:00","8.96468924","6.12561206","0.14494115","0.19996254","1.23573128","2.87914124","336.13790894","2.29056001","24.68144989","40.28218079","1010.59002686","690.92492676","16.31027031","0","7.5052228"
"2013-07-02 09:00:00","12.02943978","8.53928071","0.16447237","0.18372817","0.99501856","3.55545437","334.72619629","2.72186899","25.20858002","42.56925964","1010.65301514","856.0592041","16.31027031","0","7.5052228"
"2013-07-02 10:00:00","13.90616338","10.29797846","0.17530571","0.09433184","0.81992981","3.68748335","335.79611206","2.52952409","25.81800079","46.2600708","1010.63000488","953.8828125","16.31027031","0","7.5052228"
"2013-07-02 11:00:00","11.8387847","8.65730656","0.17317026","0.1619003","0.76001122","2.9800256","338.12631226","2.91416788","26.41744041","41.62514114","1010.40002441","970.02032471","16.31027031","0","7.5052228"
"2013-07-02 12:00:00","7.26694796","4.68467342","0.17913972","0.09301584","0.68647398","1.71938495","334.97610474","2.99084091","26.6590004","42.74345016","1010.08099365","959.27960205","16.31027031","0","7.5052228"
"2013-07-02 13:00:00","6.41743106","3.87276556","0.14988308","0.02588672","0.5467931","2.24305452","335.83630371","2.92208791","26.67547989","43.93169022","1009.87902832","924.51971436","16.31027031","0","7.5052228"
"2013-07-02 14:00:00","5.31370612","3.01287224","0.15596088","0.0179887","0.48453948","4.02827293","331.97021484","2.89509296","26.87722015","39.60649109","1009.70001221","488.52450562","16.31027031","0","7.5052228"
"2013-07-02 15:00:00","5.70149987","3.13997626","0.15953044","","","3.58133397","344.06021118","2.80462289","26.75469971","38.7721405","1009.36401367","141.26260376","16.31027031","0","7.5052228"
"2013-07-02 16:00:00","5.82471298","3.30209666","0.1641951","","","2.61253876","335.13720703","2.49802089","25.82192993","41.05792999","1009.21502686","247.87330627","16.31027031","0","7.5052228"
"2013-07-02 17:00:00","7.35255011","4.69634618","0.15743461","0.05451527","1.4558233","2.57776142","337.71569824","2.07249403","25.20071983","41.75273132","1009.2880249","38.56735992","16.31027031","0","7.5052228"
"2013-07-02 18:00:00","6.17489578","4.05304613","0.1652238","0.04617892","1.21679575","2.40305303","334.81161499","1.45671594","24.24880981","42.27153015","1009.42401123","20.42835999","16.31027031","0","7.5052228"
"2013-07-02 19:00:00","8.18131607","5.87010768","0.1829749","0.04672708","1.65918465","1.73509353","352.44110107","0.54219598","22.89920044","53.16273117","1009.5","1.26882398","16.31027031","0","7.5052228"
"2013-07-02 20:00:00","11.26292854","9.21241178","0.22595175","0.15685496","1.56373005","1.81727222","349.12850952","0.457802","22.09725952","58.25273132","1009.76000977","0","16.31027031","0","7.5052228"
"2013-07-02 21:00:00","9.83625532","7.8064895","0.19958081","0.39279489","1.88757743","1.88864629","51.93730164","0.75525999","21.77165985","60.73382187","1009.85699463","0","16.31027031","0","7.5052228"
"2013-07-02 22:00:00","17.24716923","15.17979055","0.24995075","0.2819002","1.76735074","1.37668849","324.6953125","0.50716001","20.77355957","70.43827057","1009.90600586","0","16.31027031","0","7.5052228"
"2013-07-02 23:00:00","27.83047928","25.7643912","0.26837406","0.71484116","3.03835869","1.68369944","258.1111145","0.24962699","20.21813965","71.21794128","1009.90899658","0","16.31027031","0","7.5052228"
"2013-07-03 00:00:00","21.21331496","19.23542744","0.23010265","0.73688871","3.77035664","1.72783113","281.17041016","0.30608299","20.03486061","63.73083115","1009.68499756","0","16.31027031","0","7.5052228"
"2013-07-03 01:00:00","14.81404407","12.81929654","0.27418625","0.58606659","2.94886981","1.54422399","322.69290161","0.340067","19.58687973","62.98072052","1009.31500244","0","13.90476036","0","2.61497808"
"2013-07-03 02:00:00","","","0.21072986","1.01701932","6.3693093","1.76242744","309.75320435","0.51755399","19.38500977","69.4131012","1008.91601563","0","13.90476036","0","2.61497808"
"2013-07-03 03:00:00","10.7921253","8.76754866","0.17566103","0.54087518","4.31170168","","343.64910889","0.57663298","19.01506042","77.7088623","1008.66802979","0","13.90476036","0","2.61497808"
"2013-07-03 04:00:00","10.36671869","8.35251655","","0.49052758","1.99807753","2.20259318","325.71380615","0.57752901","18.51016998","80.0765686","1008.58001709","3.43406606","13.90476036","0","2.61497808"
"2013-07-03 05:00:00","25.38698152","21.65039816","0.22504655","1.20997575","2.51763435","2.12870813","315.78250122","0.35355899","19.64780998","75.85633087","1008.71502686","125.94409943","13.90476036","0","2.61497808"
"2013-07-03 06:00:00","38.71987376","29.77333896","0.2466573","0.9364119","4.43205956","2.51701296","337.17770386","0.69080698","22.13335991","67.36051941","1008.67700195","321.14260864","13.90476036","0","2.61497808"
"2013-07-03 07:00:00","12.86209666","9.48347985","0.17929467","0.79798498","3.95919219","3.54436501","323.89151001","1.30104494","23.82748985","54.73686981","1008.60101318","513.84411621","13.90476036","0","2.61497808"
"2013-07-03 08:00:00","10.80509631","7.74293845","0.16210742","0.53868049","1.78291389","3.40005983","345.68280029","1.72475505","25.24880981","46.42002106","1008.49499512","687.66992188","13.90476036","0","2.61497808"
"2013-07-03 09:00:00","9.38101768","6.18008494","0.14950445","0.29747555","1.47616126","3.03835869","332.33850098","2.13157511","26.17024994","40.7256012","1008.63500977","860.05792236","13.90476036","0","2.61497808"
"2013-07-03 10:00:00","9.22408454","6.04649542","0.15831418","0.10409504","1.59459701","3.08973956","355.59280396","2.10911894","27.16082954","36.28944016","1008.53100586","964.50531006","13.90476036","0","2.61497808"
"2013-07-03 11:00:00","8.30712185","5.10489278","0.12943267","0.01952437","0.89476372","2.22139039","338.03530884","2.26548791","27.68638992","32.81243134","1008.2210083","980.61352539","13.90476036","0","2.61497808"
"2013-07-03 12:00:00","7.0801838","4.70023518","0.14286628","0.00734884","0.81487227","2.29530391","345.61419678","2.50409508","27.88075066","32.32648087","1007.87200928","976.14160156","13.90476036","0","2.61497808"
"2013-07-03 13:00:00","5.96219151","3.53814644","0.12943267","","","1.59385054","343.83560181","2.5213511","28.18231964","28.98080063","1007.54602051","943.91333008","13.90476036","0","2.61497808"
"2013-07-03 14:00:00","4.86884299","2.62507658","0.11504492","","","1.90317312","345.83129883","2.34472704","28.40035057","26.32213974","1007.10302734","496.32681274","13.90476036","0","2.61497808"
"2013-07-03 15:00:00","4.85068473","2.75347694","0.1295515","","","1.67812119","1.05523705","1.98301399","28.31521988","25.72661972","1006.75","132.90390015","13.90476036","0","2.61497808"
"2013-07-03 16:00:00","6.67682637","4.0232151","0.15167718","","","2.34932594","342.14401245","1.969926","27.25185966","29.46640968","1006.52801514","248.32710266","13.90476036","0","2.61497808"
"2013-07-03 17:00:00","6.50821856","4.29817409","0.13393772","","","1.77338358","348.77209473","1.79052997","26.43087959","34.09584045","1006.44500732","39.33658981","13.90476036","0","2.61497808"
"2013-07-03 18:00:00","9.3524849","7.25916803","0.19454452","0.03093206","1.0624599","1.77875639","344.84420776","1.52925396","25.26819992","39.45597076","1006.49200439","20.70716095","13.90476036","0","2.61497808"
"2013-07-03 19:00:00","11.49378915","9.43419422","0.17767415","0.24800562","1.26024403","2.03238399","57.55487061","0.82365501","23.77173996","45.97964096","1006.56201172","1.19556403","13.90476036","0","2.61497808"
"2013-07-03 20:00:00","11.15268453","9.16312616","0.17380286","0.38972355","1.93102468","1.70912647","54.33845139","0.57161599","22.66666031","51.04537964","1006.9630127","0","13.90476036","0","2.61497808"
"2013-07-03 21:00:00","21.91498072","19.54540088","0.23539757","0.3094314","1.65114425","2.13441655","40.11796951","0.49827799","22.34819031","56.5879097","1007.13500977","0","13.90476036","0","2.61497808"
"2013-07-03 22:00:00","25.04198024","22.94736512","0.26957285","0.60961828","3.56026682","1.84274196","41.5","0.34187999","21.74006081","62.60765076","1007.15899658","0","13.90476036","0","2.61497808"
"2013-07-03 23:00:00","19.92931136","17.96309851","0.23998068","0.83413425","5.58839771","2.06141629","267.80950928","0.35292801","21.31298065","55.82654953","1007.09100342","0","13.90476036","0","2.61497808"
"2013-07-04 00:00:00","29.00941848","26.93426752","0.23456809","0.65462154","5.064062","1.90417385","246.33320618","0.37444001","20.84350967","58.51166153","1006.88000488","0","13.90476036","0","2.61497808"
"2013-07-04 01:00:00","20.59983064","18.55192568","0.26265857","0.69718096","3.7866978","2.12922476","263.75","0.33603001","20.39266968","66.62969971","1006.56201172","0","13.42584991","0","6.37620401"
"2013-07-04 02:00:00","20.91112336","18.83336826","0.23034031","0.86478561","3.45338215","2.0719219","216.75360107","0.34187999","19.61544991","61.03310013","1006.14001465","0","13.42584991","0","6.37620401"
"2013-07-04 03:00:00","17.25754374","15.2913309","0.21019047","0.67469509","3.68838848","2.13526879","187.63330078","0.30932","19.49123955","59.44234085","1006.02001953","0","13.42584991","0","6.37620401"
"2013-07-04 04:00:00","16.57403816","14.42884299","0.19703412","0.52628631","3.12901509","2.02828344","207","0.24420001","19.38418961","59.6424408","1006.0960083","4.98270321","13.42584991","0","6.37620401"
"2013-07-04 05:00:00","29.97048528","26.64633944","0.25562663","0.42964996","2.72527626","2.16378344","202","0.15466","21.07040977","56.15031052","1006.11700439","111.68589783","13.42584991","0","6.37620401"
"2013-07-04 06:00:00","28.25458","23.7203676","0.26443753","0.85436441","4.16994611","3.36671748","49.76092148","1.19890404","23.07493973","49.35042953","1006.25500488","324.6835022","13.42584991","0","6.37620401"
"2013-07-04 07:00:00","13.85428317","10.39006421","0.20173606","0.79513331","2.89245275","3.01843769","50.28022003","1.59669399","24.56097984","52.91743088","1006.27600098","515.28381348","13.42584991","0","6.37620401"
"2013-07-04 08:00:00","13.20968678","9.23834998","0.16586105","0.37634187","1.51133319","4.65495545","62.28031158","1.58973706","25.87552071","50.76176071","1006.36199951","687.94873047","13.42584991","0","6.37620401"
"2013-07-04 09:00:00","9.28504293","6.33701808","0.16507118","0.10069419","0.95260763","4.69339907","58.26829147","1.32073295","27.46763992","40.66604996","1006.43701172","753.8348999","13.42584991","0","6.37620401"
"2013-07-04 10:00:00","10.0528505","7.07499654","0.16060574","0.07118797","0.71773046","4.61875533","31.53494072","1.62163401","27.94985962","38.13600159","1006.49499512","879.51672363","13.42584991","0","6.37620401"
"2013-07-04 11:00:00","7.49391957","5.04912165","0.17459273","0.02873839","0.66403693","2.84157834","9.70809937","1.89387202","28.62866974","31.91127014","1006.44799805","876.83251953","13.42584991","0","6.37620401"
"2013-07-04 12:00:00","6.14895567","4.11140993","0.15918327","0.36899303","0.95546133","2.28837916","60.83914185","2.08663607","29.20870972","29.31019974","1006.26300049","914.52770996","13.42584991","0","6.37620401"
"2013-07-04 13:00:00","5.09840727","2.8818773","0.15309964","0.00844619","0.54640359","2.29132643","10.50662041","1.91532004","28.79935074","30.63607025","1006.15802002","601.25762939","13.42584991","0","6.37620401"
"2013-07-04 14:00:00","6.15673942","4.05304613","0.13895538","","","3.03553346","349.91821289","2.10245109","27.93033028","33.93169022","1006.18902588","432.65859985","13.42584991","0","6.37620401"
"2013-07-04 15:00:00","6.58344238","4.33578695","0.15479821","","","2.18913928","341.99450684","2.713691","26.98833084","35.98683167","1006.27600098","247.90390015","13.42584991","0","6.37620401"
"2013-07-04 16:00:00","8.53279521","6.45244934","0.16487313","","","2.9877365","339.80950928","3.10166597","25.56694984","40.60187149","1006.69000244","151.12210083","13.42584991","0","6.37620401"
"2013-07-04 17:00:00","15.4534532","12.8569094","0.19908802","0.20171788","0.65755254","4.27998145","333.96490479","3.41131997","24.57895088","62.72113037","1007.06402588","111.98699951","13.42584991","0","6.37620401"
"2013-07-04 18:00:00","11.72983894","9.67802394","0.17727922","0.53220932","0.75534217","3.41749121","336.3269043","3.96700001","23.44931984","74.03446198","1007.48901367","25.58708954","13.42584991","0","6.37620401"
"2013-07-04 19:00:00","11.12804267","9.18776802","0.16586105","0.9573621","0.75871454","2.11917375","333.91751099","3.13294101","22.90678978","77.30722046","1007.85302734","1.60561705","13.42584991","0","6.37620401"
"2013-07-04 20:00:00","10.52365182","8.5029661","0.15934171","0.6400337","0.72175168","2.40122345","332.6723938","2.71240711","22.63091087","73.05480957","1008.29101563","0","13.42584991","0","6.37620401"
"2013-07-04 21:00:00","7.05165102","5.04782531","0.14796316","0.10135219","0.73874168","2.20271216","333.83200073","2.84780407","22.46194077","72.61334991","1008.45300293","0","13.42584991","0","6.37620401"
"2013-07-04 22:00:00","6.79355397","4.78064817","0.14215563","0.02270554","0.56404244","2.65157122","335.42410278","3.00904489","22.50140953","66.73400879","1008.30200195","0","13.42584991","0","6.37620401"
"2013-07-04 23:00:00","7.07888746","4.93887955","0.15230861","0.00625252","0.36249643","2.34468028","335.30310059","2.92942905","22.34560966","65.05162048","1008.20599365","0","13.42584991","0","6.37620401"
"2013-07-05 00:00:00","5.25015315","3.2450311","0.11224659","0.05627061","0.36846317","2.39275184","332.27310181","3.12677002","22.17798996","66.12854004","1007.94799805","0","13.42584991","0","6.37620401"
"2013-07-05 01:00:00","5.96867702","3.9648513","0.13310708","","","2.09688314","334.15060425","2.47371507","21.75274086","71.33271027","1007.58502197","0","21.06674004","0","11.7232399"
"2013-07-05 02:00:00","","","0.1535738","0.13919476","0.45821138","2.36523995","337.89651489","2.46499801","21.5156002","71.74404907","1007.22900391","0","21.06674004","0","11.7232399"
"2013-07-05 03:00:00","8.71956128","6.76112836","0.14428875","0.71473133","0.82511753","","333.4223938","3.3184309","21.53112984","72.96452332","1007.22399902","0","21.06674004","0","11.7232399"
"2013-07-05 04:00:00","7.46538679","5.52251755","","0.07042013","0.48430455","2.25323367","335.66479492","3.39630508","21.35680008","79.67162323","1007.27301025","2.027879","21.06674004","0","11.7232399"
"2013-07-05 05:00:00","7.09445114","5.05431082","0.19667996","0.05758661","0.38713834","1.82563196","338.9414978","3.407727","21.61367989","85.02664185","1007.42602539","72.61904144","21.06674004","0","11.7232399"
"2013-07-05 06:00:00","9.03342946","6.60549156","0.1986593","0.10508153","0.59789328","2.22009371","337.77770996","3.09745789","22.50263977","80.70845032","1007.60601807","237.87640381","21.06674004","0","11.7232399"
"2013-07-05 07:00:00","8.97506566","6.19305404","0.17482223","0.19798753","0.96622628","3.37957439","334.44729614","3.21159506","23.91518974","67.97666168","1007.80700684","478.00061035","21.06674004","0","11.7232399"
"2013-07-05 08:00:00","9.3849086","6.67423178","0.17133772","0.23868278","1.0365203","3.84755305","337.15991211","3.36097598","25.12013054","59.33652115","1007.79699707","645.46191406","21.06674004","0","11.7232399"
"2013-07-05 09:00:00","9.0087857","6.27735794","0.18262307","0.2351721","1.90819913","4.47156187","335.35360718","3.7080121","26.36153984","47.55480957","1007.7880249","815.48742676","21.06674004","0","11.7232399"
"2013-07-05 10:00:00","8.73901588","6.02704082","0.19430336","0.37601236","1.28735013","3.92088587","335.95910645","3.61933994","27.31142044","41.80971146","1007.82202148","915.12200928","21.06674004","0","11.7232399"
"2013-07-05 11:00:00","7.3330936","5.15288015","0.17533716","0.33016295","1.16880861","3.65497393","338.22821045","3.75683498","27.59374046","40.5664711","1007.87701416","931.0479126","21.06674004","0","11.7232399"
"2013-07-05 12:00:00","7.12298392","4.8947831","0.1872155","0.08160815","0.79502856","4.07977686","338.44320679","4.06019211","27.6972599","41.73233032","1007.76000977","918.11962891","21.06674004","0","11.7232399"
"2013-07-05 13:00:00","6.5549096","4.46029639","0.17414886","0.05254127","0.59153805","4.24742423","336.55551147","3.67544508","27.97027969","42.06695175","1007.61199951","880.94219971","21.06674004","0","11.7232399"
"2013-07-05 14:00:00","5.41487004","3.35267862","0.14722222","0.02248587","0.38830586","3.9554242","337.69610596","4.27090788","28.18790054","37.82464981","1007.28100586","490.86080933","21.06674004","0","11.7232399"
"2013-07-05 15:00:00","6.2630906","3.98690049","0.17537677","0.13381991","0.29985431","6.14803247","337.33331299","4.81812191","27.96920013","35.93399048","1007.07501221","152.84890747","21.06674004","0","11.7232399"
"2013-07-05 16:00:00","8.21373977","6.0426045","0.17110006","0.1939297","0.30361518","6.3413418","333.15240479","4.72278023","27.87701988","35.39519119","1006.85101318","244.24890137","21.06674004","0","11.7232399"
"2013-07-05 17:00:00","12.86469124","10.25517834","0.17434691","0.33082095","0.52279902","8.5306021","335.20959473","4.21479702","27.40130043","36.18817139","1006.96600342","52.53153992","21.06674004","0","11.7232399"
"2013-07-05 18:00:00","17.24327831","14.4742377","0.18191009","0.05374743","0.52620699","8.00291233","332.75671387","3.69758797","26.31427002","41.79730988","1007.30102539","26.46417999","21.06674004","0","11.7232399"
"2013-07-05 19:00:00","11.73762078","9.67154034","0.18171204","0.0906025","0.73536931","3.42311522","333.07510376","3.55166888","25.14075089","49.46709061","1007.58001709","1.84167695","21.06674004","0","11.7232399"
"2013-07-05 20:00:00","12.77130916","10.80509631","0.17739572","0.12603274","0.83743848","3.41678846","336","3.13547897","24.55187988","55.34981155","1008.17102051","0","21.06674004","0","11.7232399"
"2013-07-05 21:00:00","12.42631362","10.3835787","0.17252485","0.09345518","0.63654233","2.7331875","335.73519897","3.23294997","23.97299957","62.76536179","1008.5300293","0","21.06674004","0","11.7232399"
"2013-07-05 22:00:00","11.86342655","9.81809897","0.16464596","0.08402149","0.47494205","3.03400491","334.66220093","2.83056211","23.36901093","70.63008881","1008.43499756","0","21.06674004","0","11.7232399"
"2013-07-05 23:00:00","10.79342355","8.80645786","0.15783537","0.13403958","0.7248637","2.88478254","335.665802","2.51437712","22.94124985","73.52306366","1008.1630249","0","21.06674004","0","11.7232399"
"2013-07-06 00:00:00","9.10994962","7.11001482","0.16729866","0.04716643","0.48907937","2.55319681","336.70831299","2.39456201","22.73110962","74.10282135","1007.77801514","0","21.06674004","0","11.7232399"
"2013-07-06 01:00:00","7.45890129","5.50306295","0.16040885","0.05638045","0.52682024","2.21875432","335.58010864","2.52234602","22.7911396","71.57276917","1007.39501953","0","20.04664993","0","10.12656975"
"2013-07-06 02:00:00","7.96342455","6.03741724","0.15347943","0.04843971","0.46222548","2.35824808","337.67001343","2.17106199","22.76786995","69.76387024","1007.07000732","0","20.04664993","0","10.12656975"
"2013-07-06 03:00:00","7.57173797","5.58736686","0.16805125","","","2.24405016","338.42660522","1.61908698","22.61198997","70.10337067","1006.77001953","0","20.04664993","0","10.12656975"
"2013-07-06 04:00:00","10.51846457","8.43811679","0.17696001","0.06636128","0.60541502","2.46867597","339.5480957","1.61582506","22.70783997","65.29650116","1006.94000244","4.50244188","20.04664993","0","10.12656975"
"2013-07-06 05:00:00","11.69871158","9.3524849","0.19081885","0.4176941","0.82096817","2.43164293","336.50360107","2.30438495","23.25037003","62.00637054","1007.30401611","115.90029907","20.04664993","0","10.12656975"
"2013-07-06 06:00:00","12.57416858","9.65857125","0.19066041","0.25809731","0.92679922","3.10338465","337.47961426","3.31470394","24.50065994","60.67501068","1007.54400635","284.93591309","20.04664993","0","10.12656975"
"2013-07-06 07:00:00","9.0866041","6.34609626","0.1849589","0.36679834","0.95572067","3.80212772","337.36639404","4.14184284","25.80550957","54.86508179","1007.59002686","475.37341309","20.04664993","0","10.12656975"
"2013-07-06 08:00:00","7.50818691","4.91164311","0.18567188","0.23604977","0.79023036","3.55518792","337.50891113","4.65548086","26.24580956","50.82363129","1007.80401611","649.76477051","20.04664993","0","10.12656975"
"2013-07-06 09:00:00","7.82983502","5.07506175","0.17941583","0.18668967","0.73147827","3.13178336","334.2875061","4.01565599","26.95116043","47.53900146","1007.77600098","817.84381104","20.04664993","0","10.12656975"
"2013-07-06 10:00:00","7.55487795","4.95573957","0.1887999","0.08577683","0.58829585","3.06458915","349.29330444","3.38111401","27.78096008","44.33631134","1007.9420166","927.28717041","20.04664993","0","10.12656975"
"2013-07-06 11:00:00","7.29937357","4.60166585","0.19739294","0.16749482","0.75832503","2.45724286","333.97549438","3.94155097","27.94742966","42.33610153","1008.14801025","934.30487061","20.04664993","0","10.12656975"
"2013-07-06 12:00:00","6.21380498","3.89222016","0.20028331","0.14544727","0.7519698","2.34675394","335.72149658","4.11899805","28.42510986","39.50521088","1007.92199707","922.01672363","20.04664993","0","10.12656975"
"2013-07-06 13:00:00","4.83771563","2.76385336","0.16872462","0.09729334","0.4824648","2.40452259","337.24020386","4.58675718","28.47578049","36.98628998","1007.68200684","891.21990967","20.04664993","0","10.12656975"
"2013-07-06 14:00:00","4.7780555","2.6873313","0.16476479","0.02259571","0.19039155","1.9657949","339.09609985","4.5823102","28.33514977","38.85123062","1007.41400146","490.15960693","20.04664993","0","10.12656975"
"2013-07-06 15:00:00","5.07635809","3.02065408","0.16318039","0.08983466","0.21710916","2.0457555","333.6361084","4.91206884","28.55541992","34.90591049","1007.05700684","135.90040588","20.04664993","0","10.12656975"
"2013-07-06 16:00:00","6.46930936","4.19311925","0.18899795","0.1069467","0.26639298","3.1137845","335.73809814","4.4992938","28.32810974","35.47109985","1006.94702148","243.11050415","20.04664993","0","10.12656975"
"2013-07-06 17:00:00","11.83100286","9.30838654","0.20404509","0.04464325","0.4051667","5.46266905","335.22860718","3.63390803","26.9183197","47.2610817","1007.10302734","49.04354095","20.04664993","0","10.12656975"
"2013-07-06 18:00:00","9.63911474","7.64436911","0.20768805","0.0706398","0.5597629","3.07918514","334.26550293","3.85637903","25.58959961","50.7256012","1007.71600342","25.0976696","20.04664993","0","10.12656975"
"2013-07-06 19:00:00","9.06325858","6.92325066","0.17224875","0.38983339","0.58596082","2.24800426","331.92230225","3.70799088","24.4929409","58.00691986","1008.19702148","1.816239","20.04664993","0","10.12656975"
"2013-07-06 20:00:00","9.89202645","7.58859798","0.19976838","0.94792943","0.71591512","1.61505499","336.26559448","3.21882701","24.12651062","60.50460052","1008.55401611","0","20.04664993","0","10.12656975"
"2013-07-06 21:00:00","9.79086253","7.75720579","0.18856224","0.55425686","0.77765007","2.12845489","332.69430542","3.01472712","23.53907013","67.52114868","1008.81799316","0","20.04664993","0","10.12656975"
"2013-07-06 22:00:00","7.83242961","5.85194942","0.18099906","0.09959684","0.39881147","2.07184257","336.12210083","3.28907204","22.91880035","75.57968903","1008.71099854","0","20.04664993","0","10.12656975"
"2013-07-06 23:00:00","9.3135757","7.31493725","0.18480046","0.08456965","0.43266129","2.1291851","335.10461426","3.31587601","22.66015053","77.20050049","1008.45001221","0","20.04664993","0","10.12656975"
"2013-07-07 00:00:00","8.33176562","6.36555086","0.19010703","0.05089577","0.40711222","1.85500292","336.02319336","2.77603793","22.51519012","78.03337097","1008.34301758","0","20.04664993","0","10.12656975"
"2013-07-07 01:00:00","8.91021636","6.93751801","0.17985037","0.05802494","0.37870843","2.06679723","334.61340332","3.30862594","22.40476036","79.5388031","1008.309021","0","20.62635994","0","11.99606037"
"2013-07-07 02:00:00","","","0.17941583","0.05824461","0.25381269","2.52546932","332.24380493","3.23164892","22.21632004","81.29885864","1007.86901855","0","20.62635994","0","11.99606037"
"2013-07-07 03:00:00","8.91280903","6.94140893","0.18297956","0.04563076","0.25095899","","328.60720825","3.73537993","22.25131989","81.01071167","1007.42102051","0","20.62635994","0","11.99606037"
"2013-07-07 04:00:00","9.6637585","7.63917994","","0.03093206","0.19856315","1.72246544","329.82940674","3.649333","22.23714066","80.83157349","1007.31500244","2.82966995","20.62635994","0","11.99606037"
"2013-07-07 05:00:00","9.8129098","7.61713267","0.14312608","0.07436914","0.24564211","1.66907192","333.65179443","3.84305096","22.84478951","78.85041046","1007.48199463","101.87709808","20.62635994","0","11.99606037"
"2013-07-07 06:00:00","7.27862263","4.97908509","0.14411516","0.40771225","0.34628545","1.70739045","339.63369751","4.21552277","23.80340958","74.77336121","1007.77001953","293.79321289","20.62635994","0","11.99606037"
"2013-07-07 07:00:00","7.21247508","4.94795773","0.14213699","0.38248455","0.31541747","2.14486419","337.1947937","4.7045331","24.50399971","70.96913147","1008.13299561","478.2651062","20.62635994","0","11.99606037"
"2013-07-07 08:00:00","7.62361626","5.16584925","0.13999922","0.09301584","0.2654848","2.35566591","336.39630127","4.26086283","25.42280006","65.44171906","1008.31201172","651.21881104","20.62635994","0","11.99606037"
"2013-07-07 09:00:00","7.46149587","5.15417649","0.15986946","0.09509967","0.32838727","2.71888746","337.57971191","3.94120598","26.53697014","56.795681","1008.35101318","817.07562256","20.62635994","0","11.99606037"
"2013-07-07 10:00:00","7.56265979","5.16195833","0.13988039","0.09301584","0.45717404","1.99241487","337.99731445","4.20778322","26.9562397","54.20587158","1008.55401611","917.52130127","20.62635994","0","11.99606037"
"2013-07-07 11:00:00","7.11390574","4.9920561","0.13912896","0.09531934","0.39595776","2.42539143","338.52880859","3.8526721","27.49876976","51.38108063","1008.68701172","929.59100342","20.62635994","0","11.99606037"
"2013-07-07 12:00:00","6.71443732","4.43695087","0.14257154","0.07612347","0.45341318","1.70124269","338.08059692","3.54719901","27.86717987","48.66849136","1008.61901855","915.84442139","20.62635994","0","11.99606037"
"2013-07-07 13:00:00","6.11653198","3.91037842","0.15325925","0.01570757","0.27845257","2.03804156","352.46969604","2.66120601","28.87014961","39.83576965","1008.3380127","884.16662598","20.62635994","0","11.99606037"
"2013-07-07 14:00:00","6.29810888","4.19182291","0.13358706","0.00899435","0.24616078","2.05391286","344.34460449","2.59559202","28.81088066","39.94158173","1007.97302246","489.29180908","20.62635994","0","11.99606037"
"2013-07-07 15:00:00","6.03093174","3.78457265","0.13216226","0.00943369","0.29440726","1.95048498","346.96090698","2.58591509","28.37117958","42.43181992","1007.85302734","135.19230652","20.62635994","0","11.99606037"
"2013-07-07 16:00:00","6.7364865","4.59907126","0.13873286","0.00734884","0.28714385","2.40025424","337.01361084","3.00506401","27.44573021","46.2360611","1007.92700195","238.21730042","20.62635994","0","11.99606037"
"2013-07-07 17:00:00","6.63791717","4.55108389","0.12974722","0.01524686","0.27378555","1.9141557","337.23300171","3.06832004","27.4302597","41.55236053","1008.01501465","70.29914093","20.62635994","0","11.99606037"
"2013-07-07 18:00:00","9.13329514","7.0283055","0.14779656","0.02270554","0.39180739","2.02247434","338.02481079","2.932832","27.18600082","39.66204071","1008.34399414","60.73463058","20.62635994","0","11.99606037"
"2013-07-07 19:00:00","16.97221025","14.74789843","0.18749627","0.26537598","0.4505371","2.83620045","329.83230591","3.04827595","26.19643974","46.1838913","1008.69299316","3.85124111","20.62635994","0","11.99606037"
"2013-07-07 20:00:00","14.77383854","12.36924806","0.1709521","0.33147895","0.78426464","2.31003821","332.14379883","2.73196697","24.79384995","56.36508179","1009.23400879","0","20.62635994","0","11.99606037"
"2013-07-07 21:00:00","10.21756548","8.15797055","0.15286315","0.11978023","0.72577188","2.01330202","335.28060913","2.26287794","24.0120697","62.90679169","1009.39501953","0","20.62635994","0","11.99606037"
"2013-07-07 22:00:00","9.98411219","7.89987158","0.14918175","0.0906025","0.45159682","2.02400492","333.48410034","2.58975005","23.60235977","67.7277832","1009.42401123","0","20.62635994","0","11.99606037"
"2013-07-07 23:00:00","9.40306686","7.36551921","0.15844466","0.07206564","0.48713385","2.14348819","337.32870483","1.96485806","23.24975967","73.83467865","1009.35601807","0","20.62635994","0","11.99606037"
"2013-07-08 00:00:00","9.67802394","7.70792017","0.13390394","0.18043817","0.93704448","1.67827577","338.61810303","1.55803394","23.03614998","76.87084961","1009.11901855","0","20.62635994","0","11.99606037"
"2013-07-08 01:00:00","9.24353723","7.2617607","0.14882526","0.12570323","0.65586635","1.92014888","333.48989868","1.85999203","22.75259972","79.66863251","1008.82702637","0","20.02021027","0","9.91032505"
"2013-07-08 02:00:00","9.33951581","7.3395791","0.13611977","0.05934195","0.4383687","1.66041624","334.29220581","2.00201201","22.57291985","81.98751068","1008.55700684","0","20.02021027","0","9.91032505"
"2013-07-08 03:00:00","9.36026674","7.26824621","0.13386433","0.05670894","0.42980861","1.85742541","331.80200195","1.94290602","22.80360985","77.46057129","1008.41101074","0","20.02021027","0","9.91032505"
"2013-07-08 04:00:00","10.15790534","8.02957019","0.17340559","0.12285157","0.36042175","1.61133277","335.25930786","2.1148591","22.87714958","74.94911957","1008.73400879","1.00630903","20.02021027","0","9.91032505"
"2013-07-08 05:00:00","13.12149196","10.73765242","0.26685723","0.3440928","0.68297245","1.76069447","330.84500122","2.66505098","23.08885956","76.4253006","1008.78601074","54.70594025","20.02021027","0","9.91032505"
"2013-07-08 06:00:00","14.45348485","11.61051675","0.23155074","0.44369066","0.78763599","1.6818546","333.72250366","2.75008011","23.69664955","74.56430054","1008.91400146","151.30230713","20.02021027","0","9.91032505"
"2013-07-08 07:00:00","10.93349667","8.31231102","0.17202041","0.46299535","0.79074903","1.83901466","340.19439697","3.2610631","24.38772964","70.60684204","1009.49700928","280.8821106","20.02021027","0","9.91032505"
"2013-07-08 08:00:00","9.27725918","6.53934592","0.15191367","0.71122166","1.04910059","2.53930865","339.85971069","2.74176598","25.98460007","62.65459061","1009.70001221","650.84741211","20.02021027","0","9.91032505"
"2013-07-08 09:00:00","9.2552119","6.45634026","0.16794407","0.48844374","0.84132952","2.95265508","338.17010498","2.10098004","28.11362076","51.6724205","1009.87200928","839.2623291","20.02021027","0","9.91032505"
"2013-07-08 10:00:00","8.55743898","5.87270035","0.15187406","0.1981533","0.78925099","2.81898162","341.83129883","1.69395399","29.01119041","47.12508011","1009.95501709","881.6920166","20.02021027","0","9.91032505"
"2013-07-08 11:00:00","9.06196224","6.24752692","0.16640045","0.11901239","0.67908141","2.28107507","66.74790955","2.511271","30.71883011","37.28604126","1009.99499512","930.70410156","20.02021027","0","9.91032505"
"2013-07-08 12:00:00","10.14752892","7.09445114","0.15405028","0.11747672","1.05843868","1.77399581","76.55384064","2.46930289","30.69684982","35.89464951","1009.65100098","919.27331543","20.02021027","0","9.91032505"
"2013-07-08 13:00:00","7.67290189","5.43043372","0.14352218","0.07700114","0.83588247","2.11055264","58.04557037","1.949085","30.39730072","38.35103989","1008.97900391","862.66790771","20.02021027","0","9.91032505"
"2013-07-08 14:00:00","8.11127951","5.5043612","0.13410199","0.09981652","0.43292063","2.35321901","41.83879089","2.434129","29.7588501","39.62902069","1008.60601807","494.144104","20.02021027","0","9.91032505"
"2013-07-08 15:00:00","7.29937357","5.00891611","0.13683275","0.08358316","0.51813099","2.12177524","61.86088181","2.40893006","28.34729958","41.77669144","1009.3460083","163.83180237","20.02021027","0","9.91032505"
"2013-07-08 16:00:00","10.45231893","8.01530285","0.14213699","0.04957977","0.58349663","2.38734953","70.51515198","2.08135295","27.58065033","41.30490112","1009.5670166","176.17300415","20.02021027","0.2","9.91032505"
"2013-07-08 17:00:00","16.53383262","14.12275665","0.1617288","0.05012793","1.01576943","1.86718047","40.19252014","1.47235894","25.77140045","51.45428085","1009.27502441","54.41289139","20.02021027","0","9.91032505"
"2013-07-08 18:00:00","18.00849322","15.40676216","0.14629255","0.23352761","1.66826341","1.8800862","336.7868042","1.20583498","24.99151993","56.99728012","1009.99102783","17.82761955","20.02021027","0","9.91032505"
"2013-07-08 19:00:00","15.08900306","12.92435329","0.1607001","0.12899425","1.25700183","1.81589621","336.56311035","1.84981704","24.48216057","63.27106094","1010.34899902","2.57122493","20.02021027","0","9.91032505"
"2013-07-08 20:00:00","14.05142375","12.00220334","0.15033044","0.30043706","1.22328116","1.96375784","335.84970093","1.75779903","23.9540596","66.44612885","1010.71002197","0","20.02021027","0","9.91032505"
"2013-07-08 21:00:00","11.30832133","9.25391366","0.1409883","0.20215621","1.62637216","1.78072429","337.17880249","1.57579899","23.54393959","71.81752014","1010.65899658","0","20.02021027","0","9.91032505"
"2013-07-08 22:00:00","11.85953563","9.86997726","0.15127991","0.36537251","0.83017608","1.68864409","337.63360596","1.75633895","23.24086952","75.98303986","1010.33300781","0","20.02021027","0","9.91032505"
"2013-07-08 23:00:00","6.22029048","4.16977373","0.13410199","1.17926235","0.87375352","1.78124601","335.42990112","2.01105404","23.13783073","79.80001068","1010.3460083","0","20.02021027","0","9.91032505"
"2013-07-09 00:00:00","6.13728482","4.15550638","0.11644874","0.21005423","0.43810936","1.56955746","338.58880615","2.04601908","23.05261993","81.86595154","1010.11199951","0","20.02021027","0","9.91032505"
"2013-07-09 01:00:00","6.146363","4.15550638","0.13608016","","","1.59582657","337.63000488","1.78926504","22.82802963","83.21646118","1009.73101807","0","19.3661499","0","10.40089035"
"2013-07-09 02:00:00","","","0.129668","0.03652657","0.27702775","1.43099019","330.80050659","1.36498594","22.38034058","81.88271332","1009.40002441","0","19.3661499","0","10.40089035"
"2013-07-09 03:00:00","10.75062343","8.73382862","0.14423399","0.40858992","0.52124301","","332.58880615","1.02286005","21.6912899","83.2414093","1009.2210083","0","19.3661499","0","10.40089035"
"2013-07-09 04:00:00","11.88028848","9.85052266","","0.10201019","0.93522913","1.61295692","336.88760376","1.25704396","21.31936073","86.2599411","1009.12701416","2.24359012","19.3661499","0","10.40089035"
"2013-07-09 05:00:00","13.23951781","10.81417449","0.12779118","0.05835444","0.73627749","2.20299184","330.56350708","1.585536","21.89599991","83.83184052","1009.11199951","97.48880005","19.3661499","0","10.40089035"
"2013-07-09 06:00:00","13.98138719","11.15268453","0.14069356","0.16222981","0.89865476","2.5941036","331.83050537","2.20549011","23.58628082","74.09246063","1009.11901855","286.51589966","19.3661499","0","10.40089035"
"2013-07-09 07:00:00","16.24849913","12.7401818","0.15725986","0.26303383","1.06142154","4.6338171","335.23760986","2.52934599","25.36948967","63.34832001","1009.09100342","478.01269531","19.3661499","0","10.40089035"
"2013-07-09 08:00:00","22.60756448","17.73483057","0.15578613","0.21641557","0.99164619","7.47682331","333.91149902","2.37698793","27.02169991","57.12189102","1008.90301514","642.97821045","19.3661499","0.2","10.40089035"
"2013-07-09 09:00:00","28.1949256","22.10432608","0.17434342","0.21882891","1.49797388","16.69520421","333.32879639","2.80708194","28.08382988","51.76345062","1008.86401367","801.91192627","19.3661499","0","10.40089035"
"2013-07-09 10:00:00","17.79579086","13.93469615","0.17382616","0.27740302","1.85294858","9.22684234","339.10220337","3.67630696","27.89348984","53.40896988","1008.77301025","915.5748291","19.3661499","0","10.40089035"
"2013-07-09 11:00:00","12.07613082","9.16831342","0.15240064","0.45509835","1.23274841","5.64693521","335.18139648","4.05809593","27.77065086","50.42361069","1008.65301514","931.74700928","19.3661499","0","10.40089035"
"2013-07-09 12:00:00","7.79222407","5.48231202","0.14897671","0.27652535","0.75741787","2.86346113","337.43359375","3.81849599","27.69466972","50.51993179","1008.20001221","922.36352539","19.3661499","0","10.40089035"
"2013-07-09 13:00:00","10.15920168","4.12956819","0.13889363","0.07809848","0.49128422","2.88661212","335.95880127","3.36138511","27.60391998","52.34770966","1007.66400146","888.90411377","19.3661499","0","10.40089035"
"2013-07-09 14:00:00","5.23199489","3.03492142","0.14160925","0.03016422","0.33305631","2.95998562","336.16119385","2.76934695","27.81583023","49.17975998","1007.04602051","519.38031006","19.3661499","0","10.40089035"
"2013-07-09 15:00:00","4.81177553","2.82740442","0.14144964","0.06372929","0.42436156","2.35463468","337.92919922","3.11952496","27.69502068","46.58940125","1006.9710083","192.85910034","19.3661499","0","10.40089035"
"2013-07-09 16:00:00","5.42913547","3.2385456","0.12998138","0.01656286","0.44887329","3.27490679","337.05450439","2.83832693","26.84601974","47.73707962","1006.95501709","237.14590454","19.3661499","0","10.40089035"
"2013-07-09 17:00:00","5.6989072","3.54074102","0.15060887","0.0340034","0.61864415","2.57879368","335.14819336","2.18847704","26.22661972","49.13891983","1006.83599854","51.44485092","19.3661499","0","10.40089035"
"2013-07-09 18:00:00","6.70925006","4.55756939","0.14762181","0.07283347","0.79464007","2.47822865","337.1473999","2.20586109","25.44659996","52.51974106","1006.92901611","24.54211998","19.3661499","0","10.40089035"
"2013-07-09 19:00:00","8.18909791","6.14506666","0.14367945","0.13842692","0.80657151","2.2556643","339.36349487","1.81524205","24.35280037","61.22811127","1006.88000488","1.12433898","19.3661499","0","10.40089035"
"2013-07-09 20:00:00","8.57040807","6.51859498","0.14630769","0.19798753","1.29811507","2.34777704","336.2019043","1.70636499","23.65295982","66.61936951","1007.10900879","0","19.3661499","0","10.40089035"
"2013-07-09 21:00:00","8.90891811","6.90639065","0.13667431","0.15444162","1.12121097","2.42384153","333.94580078","1.46361804","23.22871971","69.17391968","1006.96899414","0","19.3661499","0","10.40089035"
"2013-07-09 22:00:00","11.16954646","9.20852086","0.15626378","0.35313901","0.82808411","2.62117614","333.52841187","1.72230697","22.5380497","82.53269958","1006.76300049","0","19.3661499","0","10.40089035"
"2013-07-09 23:00:00","10.11510522","8.1398142","0.15817555","0.2358301","0.92018465","1.86185546","334.53869629","1.42219496","22.08395958","93.19434357","1006.54699707","0","19.3661499","0","10.40089035"
"2013-07-10 00:00:00","9.03861672","7.10871849","0.14252494","0.19447786","1.10110895","2.13145809","334.68099976","1.31247699","21.71257973","98.77484894","1006.17401123","0","19.3661499","0","10.40089035"
"2013-07-10 01:00:00","7.20469515","5.25015315","0.13862219","0.10475303","0.87530953","2.28408132","329.7276001","1.11741996","21.50819969","96.88053131","1005.94500732","0","18.45705986","0","10.4959898"
"2013-07-10 02:00:00","7.88171523","5.90772054","0.14231757","0.30976091","0.4330508","2.40105869","336.79730225","0.95501602","21.29607964","95.97557068","1005.46600342","0","18.45705986","0","10.4959898"
"2013-07-10 03:00:00","8.36548756","6.32664166","0.12878609","0.1125402","0.99579657","2.22724526","304.53250122","0.63333201","20.98085976","98.5672226","1005.28900146","0","18.45705986","0","10.4959898"
"2013-07-10 04:00:00","10.05544509","8.07626123","0.13085746","0.27466017","1.34830707","2.182781","327.6993103","0.93477798","21.11042976","94.92362213","1005.30102539","2.0227921","18.45705986","0","10.4959898"
"2013-07-10 05:00:00","10.0269104","7.90635709","0.15602496","0.20336237","1.80094123","2.33626155","334.18170166","1.91820896","21.60880089","91.91161346","1005.35101318","99.05168152","18.45705986","0","10.4959898"
"2013-07-10 06:00:00","14.45997035","10.82584725","0.16020614","0.36021733","1.29694756","2.71206339","329.78829956","2.89189911","22.88990021","77.26522064","1005.34802246","289.36489868","18.45705986","0","10.4959898"
"2013-07-10 07:00:00","10.37450053","7.44982311","0.15753829","0.39926708","1.02199449","3.06373182","337.67630005","3.45216894","24.69487953","60.97848129","1005.26000977","489.33551025","18.45705986","0","10.4959898"
"2013-07-10 08:00:00","7.47835589","4.74433355","0.12687433","0.34299647","1.14974393","3.47860985","334.83920288","3.39936709","25.60127068","57.56151962","1005.1920166","657.03082275","18.45705986","0","10.4959898"
"2013-07-10 09:00:00","6.71184465","4.17755557","0.15367515","0.3427768","1.17166231","3.45913329","335.96340942","2.76501012","26.46348953","55.22900009","1005.19299316","821.22192383","18.45705986","0","10.4959898"
"2013-07-10 10:00:00","6.54453318","4.35524155","0.14135411","0.18712902","1.02809039","3.60122344","335.67370605","2.38040209","27.36750984","49.68444061","1005.09899902","931.90270996","18.45705986","0","10.4959898"
"2013-07-10 11:00:00","9.83495898","6.09578104","0.13874218","","","4.21698135","334.40249634","2.85994291","27.82382965","47.43732071","1004.69000244","943.88580322","18.45705986","0","10.4959898"
"2013-07-10 12:00:00","7.03738368","4.55108389","0.14379945","","","3.68892647","336.70910645","2.90432405","27.92741966","47.60235977","1004.24401855","930.64300537","18.45705986","0","10.4959898"
"2013-07-10 13:00:00","5.57309951","3.3941824","0.13416257","0.04683692","0.60334034","3.3406833","338.9559021","2.63588691","28.39171982","46.2836113","1003.61401367","895.0559082","18.45705986","0","10.4959898"
"2013-07-10 14:00:00","5.17492934","3.10625432","0.13010021","0.02522872","0.39362375","3.3274562","338.69549561","2.65932798","28.46409988","44.29764175","1003.20599365","498.95080566","18.45705986","0","10.4959898"
"2013-07-10 15:00:00","5.06338899","2.9791503","0.13981748","0.02281538","0.56624729","3.62449647","338.06381226","2.51623702","27.97578049","45.05725098","1002.99499512","119.06890106","18.45705986","0","10.4959898"
"2013-07-10 16:00:00","6.2890307","3.92075485","0.15558692","0.02380289","0.6164393","4.35490689","342.91870117","2.08541894","27.3610096","46.25022125","1002.88000488","225.44050598","18.45705986","0","10.4959898"
"2013-07-10 17:00:00","6.18138128","3.75992888","0.14622847","0.07184597","0.69503407","3.48265141","335.74850464","1.985744","26.6186409","48.47164154","1002.76000977","46.87931061","18.45705986","0","10.4959898"
"2013-07-10 18:00:00","8.54576622","6.42910382","0.17474185","0.08511883","0.74769026","3.39580571","348.89599609","1.32869005","25.42551994","55.45523071","1003.14599609","20.36833","18.45705986","0","10.4959898"
"2013-07-10 19:00:00","9.89591737","7.77406581","0.18768383","0.17374631","1.09241869","3.20557688","343.42730713","1.141271","24.40320015","61.45998001","1003.375","0.29304001","18.45705986","0","10.4959898"
"2013-07-10 20:00:00","9.67024401","7.64955637","0.18417951","0.35659783","1.57047377","3.08284125","340.69470215","0.92990202","23.48426056","71.68003082","1003.70800781","0","18.45705986","0","10.4959898"
"2013-07-10 21:00:00","8.92448179","6.78706846","0.20225915","0.24998063","1.64063864","3.15854165","333.91299438","0.987019","22.96404076","80.79148102","1003.91900635","0","18.45705986","0","10.4959898"
"2013-07-10 22:00:00","12.65717614","10.67280503","0.18848069","0.46332486","1.46568006","2.83724897","333.7460022","1.05143201","22.54368019","81.25157928","1003.95599365","0","18.45705986","0","10.4959898"
"2013-07-10 23:00:00","10.1241834","8.11906135","0.1841399","0.27773151","1.33754213","2.93377041","333.52960205","0.81034899","22.17811966","81.26190186","1003.9050293","0","18.45705986","0","10.4959898"
"2013-07-11 00:00:00","9.90888646","7.93878078","0.1772897","0.20588555","1.39694205","2.80650201","335.8052063","0.86580098","21.88249969","85.72704315","1003.53601074","0","18.45705986","0","10.4959898"
"2013-07-11 01:00:00","7.90376442","5.95051875","0.17275086","0.32029093","1.30589614","2.78813093","335.65060425","0.75874102","21.62920952","90.83943176","1003.28100586","0","21.06254005","0","11.40089035"
"2013-07-11 02:00:00","","","0.17155557","0.63608468","1.15934135","3.01253198","317.92770386","0.48943001","21.34362984","94.50379181","1003.17102051","0","21.06254005","0","11.40089035"
"2013-07-11 03:00:00","10.29149487","8.30193459","0.15156417","0.40891943","1.59057681","2.82083459","314.43609619","0.69931799","21.25774956","98.63017273","1003.125","0","21.06254005","0","11.40089035"
"2013-07-11 04:00:00","13.51058587","11.4302381","","0.40244724","1.6905713","3.02588519","235.63630676","0.32481399","20.53479958","99.13925171","1003.48699951","2.90394807","21.06254005","0","11.40089035"
"2013-07-11 05:00:00","25.57502672","22.04855304","0.2872226","0.48273939","1.91234951","2.77196164","269.95480347","0.67895502","21.0857296","85.82958984","1003.74700928","80.01628113","21.06254005","0","11.40089035"
"2013-07-11 06:00:00","40.11412328","32.82252008","0.30337416","0.78547995","2.50972311","3.32365973","246.88600159","0.63917899","23.38787079","68.59544373","1003.67901611","267.78170776","21.06254005","0","11.40089035"
"2013-07-11 07:00:00","14.76216578","11.68703882","0.19701199","0.71451166","3.3240767","3.91198","332.59350586","1.52370405","25.03873062","64.05020142","1003.66601563","471.19140625","21.06254005","0","11.40089035"
"2013-07-11 08:00:00","12.19804758","9.19814444","0.20032175","0.31732943","1.39940624","5.23193921","338.7250061","1.39556205","26.9860096","51.27750015","1003.79400635","635.33880615","21.06254005","0","11.40089035"
"2013-07-11 09:00:00","14.05531467","10.98407863","0.20805852","0.25864547","1.30784166","5.91739518","337.67590332","1.81709301","27.7687397","45.36013031","1003.84002686","696.784729","21.06254005","0","11.40089035"
"2013-07-11 10:00:00","12.91786778","9.9101828","0.20247584","0.36800552","1.0737425","5.64338385","344.57330322","2.27875996","28.51844978","44.65398026","1003.73901367","910.67462158","21.06254005","0","11.40089035"
"2013-07-11 11:00:00","10.18514178","7.52115601","0.18756034","0.19403953","0.871808","4.47666009","351.37460327","2.11674595","28.85219002","43.92164993","1003.70001221","924.43011475","21.06254005","0","11.40089035"
"2013-07-11 12:00:00","9.61577113","6.83246317","0.17248524","0.19425819","0.85961722","4.59241503","355.69900513","2.11296105","29.28759956","42.70397186","1003.51000977","914.70690918","21.06254005","0","11.40089035"
"2013-07-11 13:00:00","6.91287424","4.73395713","0.17535697","0.0906025","0.68530748","4.13099298","343.53930664","2.39900994","29.49604988","38.98643112","1003.32501221","867.64141846","21.06254005","0","11.40089035"
"2013-07-11 14:00:00","8.13462503","5.71576722","0.16036109","0.00954251","0.43136462","4.52186168","339.15591431","2.41239595","28.40373993","40.4597702","1003.41400146","264.66720581","21.06254005","0","11.40089035"
"2013-07-11 15:00:00","11.48211639","8.71307578","0.15936385","","","4.76537216","346.54400635","1.79998398","28.54286957","41.56600189","1003.42102051","138.7006073","21.06254005","0","11.40089035"
"2013-07-11 16:00:00","11.95680863","9.17350258","0.18608429","0.12785521","0.46858987","5.44152155","333.20199585","1.68886495","27.89343071","44.6557312","1003.12701416","217.35040283","21.06254005","0","11.40089035"
"2013-07-11 17:00:00","12.8958186","10.0658196","0.18293413","0.15115061","0.79775209","5.21503464","59.80913162","1.52185297","27.6686306","45.21136093","1002.98901367","53.53276062","21.06254005","0","11.40089035"
"2013-07-11 18:00:00","10.74024701","8.38753483","0.19270498","0.13864659","1.1077225","4.89876391","62.81689072","1.11155796","26.18349075","51.50529099","1003.85699463","25.23809052","21.06254005","0","11.40089035"
"2013-07-11 19:00:00","11.66758422","9.59242561","0.18744035","0.18592184","1.21290573","3.91712398","346.11920166","0.961514","25.27486038","55.56253052","1004.63500977","0.75803798","21.06254005","0","11.40089035"
"2013-07-11 20:00:00","9.95687575","7.76887855","0.20837773","0.16113246","1.32379432","2.90706806","48.61125183","1.08053899","23.83109093","72.35861969","1005.20300293","0","21.06254005","0","11.40089035"
"2013-07-11 21:00:00","8.51074794","6.57566054","0.20933536","0.17113262","1.17627949","2.90829253","52.46825027","1.03029299","23.23571968","81.84635162","1005.46002197","0","21.06254005","0","11.40089035"
"2013-07-11 22:00:00","9.61317654","7.3006699","0.18221649","0.17001698","0.81928198","2.81593571","47.36362076","0.770217","22.92206001","89.29718018","1005.59002686","0","21.06254005","0","11.40089035"
"2013-07-11 23:00:00","7.54709611","5.5432704","0.18540626","0.02877805","0.56443703","2.91453894","56.14041138","0.35019401","22.73760986","88.35034943","1005.75201416","0","21.06254005","0","11.40089035"
"2013-07-12 00:00:00","8.34343838","6.32015806","0.20857694","0.04080407","0.65275331","2.77710563","35.10488129","0.23378301","22.65961075","75.70098114","1005.60101318","0","21.06254005","0","11.40089035"
"2013-07-12 01:00:00","11.17862463","9.15923524","0.21814858","0.52858982","1.62468598","2.74035735","328.85650635","0.38571599","22.47056007","81.46954346","1005.38702393","0","25.97665977","0","16.59733963"
"2013-07-12 02:00:00","24.68271544","22.48823656","0.32487074","0.37930337","2.27121423","2.86382827","263.63220215","0.43946001","22.03296089","88.44213104","1005.39501953","0","25.97665977","0","16.59733963"
"2013-07-12 03:00:00","13.8361249","11.70519517","0.34237836","1.67944329","3.33406263","3.37534978","330.69140625","0.52059102","21.83189964","87.93582153","1005.55603027","0","25.97665977","0","16.59733963"
"2013-07-12 04:00:00","9.66116392","7.63658727","0.20087979","1.55231422","3.13407365","3.07279838","331.99710083","0.78714299","21.49220085","80.34165955","1005.79901123","2.66483498","25.97665977","0","16.59733963"
"2013-07-12 05:00:00","14.75827486","12.41593719","0.22436968","0.50643244","1.80729646","3.19737173","334.16870117","0.70051301","21.9453907","72.68315125","1006.17700195","86.15689087","25.97665977","0","16.59733963"
"2013-07-12 06:00:00","16.58182191","13.22265779","0.22791944","0.66602923","2.22582146","3.15817451","337.19711304","1.05996704","23.60778046","73.52590179","1006.55603027","233.15510559","25.97665977","0","16.59733963"
"2013-07-12 07:00:00","11.97626323","8.95820374","0.20518796","0.58167925","3.26078574","3.67189986","334.43200684","2.24312592","24.87227058","70.36392975","1006.8460083","417.91610718","25.97665977","0","16.59733963"
"2013-07-12 08:00:00","8.53409346","5.73522182","0.18899562","0.24087645","1.28332993","4.27038809","338.65280151","2.79520702","26.02528954","63.51438141","1007.00799561","588.0880127","25.97665977","0","16.59733963"
"2013-07-12 09:00:00","8.25264897","5.45377924","0.17902555","0.084351","0.83289961","4.68207782","336.60940552","2.53724694","27.00875092","57.94688034","1007.18902588","781.29412842","25.97665977","0","16.59733963"
"2013-07-12 10:00:00","13.81407763","10.36023318","0.2312292","0.09444167","0.81007304","5.46785474","334.48071289","2.587919","27.80611992","54.3776207","1007.31201172","902.15710449","25.97665977","0","16.59733963"
"2013-07-12 11:00:00","34.6032804","29.50615608","0.58836345","0.65813223","0.97374801","9.79507787","334.77520752","2.8002069","28.45984077","50.10229111","1007.18701172","866.16400146","25.97665977","0","16.59733963"
"2013-07-12 12:00:00","15.33802194","12.1046655","0.3132254","2.15461417","1.85632095","5.58091361","335.42010498","2.7319591","27.82777023","54.44763184","1007.15100098","587.35241699","25.97665977","0","16.59733963"
"2013-07-12 13:00:00","6.35128542","4.20738659","0.20068057","1.10533255","1.08762048","4.35600932","332.55380249","2.57615209","27.37545967","54.29751968","1007.01000977","435.72140503","25.97665977","0","16.59733963"
"2013-07-12 14:00:00","11.7804209","9.10865328","0.18795877","0.18482551","0.45068965","6.0880254","336.81811523","2.651824","26.85877037","58.26644135","1007.29302979","298.26721191","25.97665977","0","16.59733963"
"2013-07-12 15:00:00","7.63917994","5.49917203","0.18588507","0.30811541","0.44589043","4.68158864","342.21640015","1.66658294","27.76774025","53.91099167","1007.01702881","197.71960449","25.97665977","0","16.59733963"
"2013-07-12 16:00:00","9.78307878","7.47446497","0.19908569","0.18307017","0.54653377","4.56277355","337.77340698","2.45453","28.18828964","48.0129509","1006.63000488","214.87280273","25.97665977","0","16.59733963"
"2013-07-12 17:00:00","10.95424761","8.51463886","0.19737081","0.20424004","0.90812303","4.68195578","340.92700195","2.26076007","26.58757019","57.17893982","1006.98400879","69.74765015","25.97665977","0","16.59733963"
"2013-07-12 18:00:00","11.13322993","8.85574348","0.19880609","0.21301574","0.73887084","4.06043861","339.14120483","1.59225094","26.21331978","56.80450058","1007.15100098","35.3825798","25.97665977","0","16.59733963"
"2013-07-12 19:00:00","9.78567336","7.66252546","0.20981417","0.27104067","1.07698469","2.67458084","337.27450562","1.72118902","24.52190971","66.90209961","1007.32800293","0.60744798","25.97665977","0","16.59733963"
"2013-07-12 20:00:00","10.95684219","8.9504219","0.22105992","0.23297843","1.2850151","2.62681032","336.11080933","0.93859202","23.64772987","78.84568024","1007.86401367","0","25.97665977","0","16.59733963"
"2013-07-12 21:00:00","10.51197906","8.57689358","0.2039915","0.62478683","1.26958212","2.67384555","328.4894104","0.94094598","23.10704041","84.53392029","1008.20501709","0","25.97665977","0","16.59733963"
"2013-07-12 22:00:00","8.67027566","6.73908109","0.19282381","0.67282991","0.8584497","2.51656853","333.06210327","0.794788","22.58282089","86.82701111","1008.25701904","0","25.97665977","0","16.59733963"
"2013-07-12 23:00:00","9.073635","7.15930045","0.20235584","0.46047319","0.97854723","2.82475411","335.55270386","1.00773299","22.27952957","90.33209991","1008.33001709","0","25.97665977","0","16.59733963"
"2013-07-13 00:00:00","8.67027566","6.74297201","0.20367229","0.46145968","1.15895286","2.52551","334.15890503","1.012182","21.87206078","95.47570038","1008.16900635","0","25.97665977","0","16.59733963"
"2013-07-13 01:00:00","8.26043272","6.20732138","0.18732035","0.2492128","1.08710181","2.30710925","330.73721313","0.88746899","21.67731094","99.19297028","1008.0670166","0","23.98410988","0","15.36128044"
"2013-07-13 02:00:00","","","0.20227662","0.31787759","0.92070332","2.84178073","336.19830322","0.87240201","21.48703957","99.19386292","1008.059021","0","23.98410988","0","15.36128044"
"2013-07-13 03:00:00","8.92318546","6.92195433","0.20941458","0.21016305","1.0271822","2.60537399","332.86801147","1.03729296","21.41012001","99.19412994","1008.06402588","0","23.98410988","0","15.36128044"
"2013-07-13 04:00:00","10.37709511","8.34992388","","0.70616921","1.01783191","2.80172618","327.94650269","0.84346902","21.46335983","99.19412994","1008.09802246","1.78571403","23.98410988","0","15.36128044"
"2013-07-13 05:00:00","15.50403516","13.07220825","0.20665935","0.63454901","1.42093613","2.86382827","318.08889771","0.81187499","21.78469086","99.16748047","1008.17102051","66.1853714","23.98410988","0","15.36128044"
"2013-07-13 06:00:00","13.46130025","10.50290089","0.20379112","0.82189669","2.18820974","2.52685651","332.78030396","2.00725198","23.26148987","90.2508316","1008.08300781","247.17120361","23.98410988","0","15.36128044"
"2013-07-13 07:00:00","7.64047819","5.54586307","0.15571157","0.5913316","1.1247125","2.58222402","335.04980469","3.1938951","24.87071037","75.41574097","1008.20599365","383.63540649","23.98410988","0","15.36128044"
"2013-07-13 08:00:00","8.18391066","5.66648159","0.15140923","0.09071233","0.63641216","4.17006714","331.83670044","2.94099307","26.01024055","67.46546173","1008.30200195","608.64770508","23.98410988","0","15.36128044"
"2013-07-13 09:00:00","9.7934552","6.98550538","0.1644747","0.02994455","0.552889","4.75606355","336.46740723","2.93396711","27.07934952","59.36751175","1008.35601807","800.90661621","23.98410988","0","15.36128044"
"2013-07-13 10:00:00","8.48999509","6.06335543","0.15614961","0.10815287","0.87064048","4.32795639","333.94000244","3.13568401","27.65682983","55.17969131","1008.47302246","913.56530762","23.98410988","0","15.36128044"
"2013-07-13 11:00:00","7.74682937","5.33964431","0.13993747","0.05177344","0.72421587","4.51365347","336.72750854","2.8662591","28.1317997","55.80233002","1008.39501953","925.11791992","23.98410988","0","15.36128044"
"2013-07-13 12:00:00","6.75464286","4.53811479","0.15312178","0.05747677","1.17840604","3.48595768","336.91070557","3.04669499","28.39228058","54.18803024","1008.24499512","912.61901855","23.98410988","0","15.36128044"
"2013-07-13 13:00:00","6.08021736","3.97652406","0.16136765","0.0130532","0.54912712","3.89176916","341.20770264","2.69687009","28.46397972","54.64434052","1008.0960083","871.59942627","23.98410988","0","15.36128044"
"2013-07-13 14:00:00","5.44859007","3.39029148","0.15834098","0.15213812","0.37663375","3.64862581","339.23181152","2.84825706","28.42206001","52.79935074","1007.87200928","497.81219482","23.98410988","0","15.36128044"
"2013-07-13 15:00:00","5.43562098","3.38640056","0.14742609","","","3.0767179","335.07510376","2.66309595","28.49864006","49.62358093","1007.59100342","111.15380096","23.98410988","0","15.36128044"
"2013-07-13 16:00:00","6.12301748","3.97003856","0.15555197","","","3.65242329","339.57479858","2.31963611","27.79100037","51.00460052","1007.30700684","209.81170654","23.98410988","0","15.36128044"
"2013-07-13 17:00:00","6.44855842","4.34616146","0.16547078","0.03038389","0.44550194","3.19112226","337.48950195","2.38844204","26.80821991","56.42918015","1007.125","47.29140091","23.98410988","0","15.36128044"
"2013-07-13 18:00:00","6.72092282","4.66651515","0.1755888","0.06515512","0.61423444","2.66943686","336.58999634","2.03973889","26.31867981","55.42050171","1007.41601563","22.73809052","23.98410988","0","15.36128044"
"2013-07-13 19:00:00","11.82192468","9.71434046","0.19773662","0.06274178","0.81163007","3.00836838","336.80349731","1.13291001","25.4360199","55.78876114","1007.40100098","1.20065105","23.98410988","0","15.36128044"
"2013-07-13 20:00:00","15.77899414","13.55986958","0.21892797","0.3261041","1.60562129","3.0007724","332.76379395","1.17591798","24.70891953","62.03622055","1007.66900635","0","23.98410988","0","15.36128044"
"2013-07-13 21:00:00","12.8180002","10.7493271","0.22872795","0.45641435","1.92570781","2.65351267","329.82290649","0.73836303","24.05858994","59.71271133","1007.92901611","0","23.98410988","0","15.36128044"
"2013-07-13 22:00:00","12.7596364","10.72727791","0.21558209","0.39367256","1.73881778","2.36994764","327.8861084","0.70667797","23.39669037","59.00928116","1008.47900391","0","23.98410988","0","15.36128044"
"2013-07-13 23:00:00","20.56352176","18.52728191","0.29541022","0.36197267","1.794586","2.70642921","336.84820557","0.52960199","22.90266037","62.26074982","1008.50201416","0","23.98410988","0","15.36128044"
"2013-07-14 00:00:00","14.84776602","12.88803676","0.22060091","0.67568158","2.4215309","2.39101582","2.72308302","0.476504","22.52618027","68.12332153","1008.17700195","0","23.98410988","0","15.36128044"
"2013-07-14 01:00:00","13.24470506","11.3005414","0.21872875","0.4984256","1.69018179","2.1489749","330.04400635","0.37374899","22.29817963","76.59564972","1007.77801514","0","20.03228951","0","12.66679955"
"2013-07-14 02:00:00","11.69482066","9.7156368","0.20319348","0.46299535","1.87914751","2.66037335","331.35360718","0.430924","22.1305809","88.15527344","1007.65802002","0","20.03228951","0","12.66679955"
"2013-07-14 03:00:00","21.32614208","19.03958893","0.24549812","0.39981524","1.81261436","2.85611331","327.54180908","0.46626699","21.67621994","92.126091","1007.58599854","0","20.03228951","0","12.66679955"
"2013-07-14 04:00:00","17.83988541","15.78807232","0.23824833","0.56028971","2.78428667","2.43878634","322.37179565","0.658373","21.36446953","95.63925171","1007.49700928","2.40638995","20.03228951","0","12.66679955"
"2013-07-14 05:00:00","20.86053184","17.97217669","0.23450285","0.6659194","2.33243051","2.50566629","317.57040405","0.45471799","22.45000076","95.25478363","1007.7130127","120.90859985","20.03228951","0","12.66679955"
"2013-07-14 06:00:00","12.93861872","10.07619602","0.19219937","0.5753169","2.68999856","3.28960651","336.6026001","1.49649799","24.69445992","73.95610046","1007.83599854","303.48291016","20.03228951","0","12.66679955"
"2013-07-14 07:00:00","8.14500146","5.5432704","0.17112685","0.33202711","1.16595592","4.16357664","338.21020508","1.84512699","26.43637085","57.2850914","1007.90100098","476.35009766","20.03228951","0","12.66679955"
"2013-07-14 08:00:00","8.98673842","6.23974508","0.17347782","0.11626954","0.63874617","4.68709977","337.15859985","1.96502399","27.51708984","52.92327118","1007.49200439","583.70880127","20.03228951","0","12.66679955"
"2013-07-14 09:00:00","8.48091882","5.854544","0.17116763","0.16793314","0.85455866","4.81840871","343.36050415","2.04767895","28.26733017","51.09807968","1007.65100098","795.40380859","20.03228951","0","12.66679955"
"2013-07-14 10:00:00","7.49781049","5.12953463","0.15782255","0.11396604","0.79891961","3.70264377","342.66390991","2.549891","28.6771698","49.71096039","1007.76000977","857.8347168","20.03228951","0","12.66679955"
"2013-07-14 11:00:00","6.61846257","4.47975099","0.16435587","0.07908599","0.70943072","3.23583161","333.94790649","2.72550201","28.90760994","50.09963989","1007.75500488","837.11730957","20.03228951","0","12.66679955"
"2013-07-14 12:00:00","7.30585907","4.88181209","0.15499393","0.03707474","0.59478025","3.88454337","335.31280518","3.81030703","28.12920952","51.11605072","1007.69000244","689.20422363","20.03228951","0","12.66679955"
"2013-07-14 13:00:00","7.32271909","5.22032213","0.15399902","0.08084031","0.33292614","3.47297567","334.58670044","4.20421314","26.87030029","57.13980103","1008.00402832","285.67950439","20.03228951","0","12.66679955"
"2013-07-14 14:00:00","7.61324175","5.32018971","0.17160567","0.10135219","0.27339604","2.82120173","330.87109375","1.87164402","24.69948959","71.00549316","1007.46002197","195.3927002","20.03228951","0","12.66679955"
"2013-07-14 15:00:00","7.21377333","4.9531469","0.15543314","0.1066172","0.47247786","2.97125296","338.55340576","3.11792111","26.61034966","59.86779022","1006.79602051","106.93409729","20.03228951","0","12.66679955"
"2013-07-14 16:00:00","5.4978757","3.48626814","0.15216648","0.04738508","0.26250194","3.23681099","334.25","3.45574808","26.18111038","62.39947128","1007.00701904","209.05360413","20.03228951","0","12.66679955"
"2013-07-14 17:00:00","5.86491851","3.82737277","0.16479391","0.01031035","0.32423689","3.01057222","339.36630249","3.09629297","25.92761993","57.21977997","1007.21002197","51.13959122","20.03228951","0.2","12.66679955"
"2013-07-14 18:00:00","14.76865128","12.34201162","0.19821427","0.03389356","0.29933564","3.25163376","336.9750061","2.2386241","25.14027977","61.37361145","1007.53100586","16.19861031","20.03228951","0","12.66679955"
"2013-07-14 19:00:00","12.72980538","10.53273","0.18558683","0.30142456","1.05908753","3.427529","336.88760376","1.75425899","24.29166985","67.43161011","1007.63000488","0.98290598","20.03228951","0","12.66679955"
"2013-07-14 20:00:00","10.45102068","8.41736586","0.19956916","0.1059592","1.35012242","2.84618942","333.32290649","2.2180891","23.58362961","70.24954987","1007.80401611","0","20.03228951","0","12.66679955"
"2013-07-14 21:00:00","7.0088509","4.94795773","0.17068881","0.08138848","0.97556437","2.84863937","334.40631104","2.19388103","23.0368309","77.24501038","1007.87701416","0","20.03228951","0","12.66679955"
"2013-07-14 22:00:00","6.75983202","4.70542435","0.16363823","0.0313714","0.48428015","2.46757354","334.69000244","2.95051694","22.96154022","80.19190216","1007.82202148","0","20.03228951","0","12.66679955"
"2013-07-14 23:00:00","6.27087244","4.29947042","0.16586921","0.00976218","0.33305631","2.67531512","334.6072998","3.25962591","22.94017029","81.19834137","1007.8380127","0","20.03228951","0","12.66679955"
"2013-07-15 00:00:00","4.51087835","2.43960875","0.16049157","0.39400207","0.4496513","2.81152599","337.79629517","3.843575","23.15180969","77.92179108","1007.86901855","0","20.03228951","0","12.66679955"
"2013-07-15 01:00:00","5.21124395","3.2385456","0.14646963","0.13184591","0.19013222","2.584795","334.58151245","3.52702308","22.92374992","79.6219635","1007.84100342","0","21.21733093","0","11.49423027"
"2013-07-15 02:00:00","","","0.15618922","0.50939394","0.3387627","2.33638359","328.52380371","3.10841703","22.59049034","81.62310028","1007.65301514","0","21.21733093","0","11.49423027"
"2013-07-15 03:00:00","6.85580869","4.75859898","0.15714569","0.19513586","0.2379902","2.39150601","333.48699951","2.22428894","22.14516068","81.74664307","1007.53399658","0","21.21733093","0","11.49423027"
"2013-07-15 04:00:00","8.87649442","6.8467286","","0.01425936","0.37559641","2.49182594","334.24240112","1.53253996","21.44485092","89.61238861","1007.61102295","1.76739895","21.21733093","0","11.49423027"
"2013-07-15 05:00:00","13.28361426","10.71949607","0.21190768","0.0572571","0.76973882","2.48729216","334.09460449","1.731511","21.56579971","91.35108948","1007.70202637","63.05656052","21.21733093","0","11.49423027"
"2013-07-15 06:00:00","12.83097121","10.09694696","0.19801505","0.10837254","1.23858498","3.03360116","334.13720703","3.09450793","22.65674973","85.08235168","1007.83001709","208.26100159","21.21733093","0","11.49423027"
"2013-07-15 07:00:00","9.64689849","6.82986858","0.18388244","0.16694564","0.73731483","2.99869061","333.86581421","3.90157795","24.32361984","73.15702057","1007.90802002","430.94610596","21.21733093","0","11.49423027"
"2013-07-15 08:00:00","9.55481274","6.79355206","0.19078972","0.13436909","0.63213262","3.540835","334.75360107","4.37404013","25.21293068","66.76589966","1007.83001709","583.65081787","21.21733093","0","11.49423027"
"2013-07-15 09:00:00","8.40439676","5.86880943","0.17761474","0.14797045","0.79360171","4.03937043","335.55490112","4.30932999","26.08831978","61.02753067","1007.82299805","763.59381104","21.21733093","0","11.49423027"
"2013-07-15 10:00:00","7.57562889","5.10359644","0.1826056","0.24065678","0.67233768","3.99404885","329.97140503","4.14248419","26.72717094","58.05413055","1007.77801514","917.83062744","21.21733093","0","11.49423027"
"2013-07-15 11:00:00","7.47705955","5.29554786","0.17801433","0.30131473","0.56248643","4.64998639","336.24240112","4.04009581","27.21421051","55.40665054","1007.6920166","932.50897217","21.21733093","0","11.49423027"
"2013-07-15 12:00:00","7.79611499","5.42394822","0.19438258","0.25809731","0.5326568","5.45952449","336.31811523","3.85072398","27.84383965","50.82389069","1007.59301758","916.81420898","21.21733093","0","11.49423027"
"2013-07-15 13:00:00","6.47320028","4.38766525","0.17414187","0.20566588","0.46171292","5.19445564","336.60800171","4.00512886","28.10696983","47.12176132","1007.35400391","886.30041504","21.21733093","0","11.49423027"
"2013-07-15 14:00:00","5.89474954","3.81310542","0.1628437","0.05747677","0.33616833","4.33347158","336.26791382","3.82625389","28.08621025","45.67311096","1007.21502686","506.15570068","21.21733093","0","11.49423027"
"2013-07-15 15:00:00","5.90772054","3.86239105","0.16731497","0.01031035","0.33655784","3.22860481","339.14920044","3.48254299","28.2270298","38.94641113","1007.01702881","103.06159973","21.21733093","0","11.49423027"
"2013-07-15 16:00:00","7.47446497","5.18919668","0.18264521","0.09191951","0.35756805","4.74381379","337.80731201","4.01822186","27.27642059","46.94091034","1006.76300049","203.64860535","21.21733093","0","11.49423027"
"2013-07-15 17:00:00","6.46930936","4.26445214","0.17194585","0.14731143","0.44368557","5.47336688","336.27090454","4.0738349","26.40394974","47.16334152","1006.76501465","52.85306168","21.21733093","0","11.49423027"
"2013-07-15 18:00:00","9.87646277","7.50818691","0.1948614","0.06010979","0.47805509","3.80100394","336.56091309","2.92538309","25.62751961","50.41635132","1006.89001465","24.41493034","21.21733093","0","11.49423027"
"2013-07-15 19:00:00","16.25628097","14.21873331","0.20627956","0.71374382","0.78646949","3.67569632","331.90100098","2.50030994","24.73381996","54.33292007","1006.91101074","1.07855105","21.21733093","0","11.49423027"
"2013-07-15 20:00:00","13.11371012","11.03855151","0.20619918","0.44862616","0.91512609","3.33076348","336.17401123","1.607674","23.73027992","63.13043976","1007.33300781","0","21.21733093","0","11.49423027"
"2013-07-15 21:00:00","13.82445214","11.75707538","0.21969337","0.29308821","1.47981738","2.38195231","320.50259399","1.14024305","23.11721039","65.87335968","1007.95599365","0","21.21733093","0","11.49423027"
"2013-07-15 22:00:00","10.1630926","8.04513387","0.19817466","0.3198526","2.39170127","2.84704675","325.30081177","1.16208506","22.62310982","67.06987","1008.32501221","0","21.21733093","0","11.49423027"
"2013-07-15 23:00:00","8.9115127","6.8856378","0.19086894","0.10705654","1.23482411","2.99330051","336.06570435","1.32356501","22.09943962","72.1355896","1008.29602051","0","21.21733093","0","11.49423027"
"2013-07-16 00:00:00","12.87376942","10.84270918","0.22208861","0.08599549","1.21692593","2.55245948","228.08270264","0.59862798","21.48892975","75.66239166","1008.02502441","0","21.21733093","0","11.49423027"
"2013-07-16 01:00:00","12.69608534","10.72468333","0.19861386","0.18405768","1.37891471","2.54425127","198.63650513","0.52245098","20.84568024","75.71829224","1007.80700684","0","21.45256996","0","11.57631016"
"2013-07-16 02:00:00","8.83628888","6.77928662","0.19589941","0.20632388","1.67552682","2.53690243","213.15890503","0.81368899","20.60499954","77.07215881","1007.51702881","0","21.45256996","0","11.57631016"
"2013-07-16 03:00:00","9.90629188","7.76498763","0.20025069","0.11352771","1.04935992","2.4384192","250.82980347","1.065166","20.69981956","77.27642059","1007.29101563","0","21.45256996","0","11.57631016"
"2013-07-16 04:00:00","12.1435747","10.0723051","0.20611996","0.08369198","1.06842562","2.27232073","255.31010437","1.06778395","20.80278969","74.06729126","1007.29400635","1.41432595","21.45256996","0","11.57631016"
"2013-07-16 05:00:00","18.99808514","16.17068073","0.22128942","0.24592179","1.36010834","2.59631049","301.95950317","1.45243204","21.60209084","72.16409302","1007.33599854","80.70307922","21.45256996","0","11.57631016"
"2013-07-16 06:00:00","13.74015015","10.39136054","0.20488156","0.31041891","1.50160559","2.85280602","331.85171509","3.19632506","23.85766983","69.98087311","1007.39202881","262.42370605","21.45256996","0","11.57631016"
"2013-07-16 07:00:00","9.21241178","6.07632644","0.19653783","0.20621506","0.95779535","4.22359693","336.29550171","4.43866777","25.27581024","61.54341125","1007.78900146","456.72549438","21.45256996","0","11.57631016"
"2013-07-16 08:00:00","7.49132498","4.56535123","0.20200751","0.18120601","0.67557988","3.80957725","337.37310791","2.87597394","25.98167992","63.30545044","1008.02502441","623.02600098","21.45256996","0","11.57631016"
"2013-07-16 09:00:00","7.67549647","5.39282086","0.169391","0.15806112","0.76260559","","334.35699463","3.37593389","26.97286034","49.6842308","1008.7130127","784.17156982","21.45256996","0","11.57631016"
"2013-07-16 10:00:00","8.6521193","5.45507558","0.17202507","0.11758656","0.83717915","","336.5440979","3.79230499","27.22682953","45.29114151","1008.93499756","910.1618042","21.45256996","0","11.57631016"
"2013-07-16 11:00:00","6.63402434","4.37858707","0.16535894","0.06493545","0.60165415","","335.29940796","3.73747206","27.64204025","42.47801971","1009.04101563","923.8604126","21.45256996","0","11.57631016"
"2013-07-16 12:00:00","6.33701808","4.00246417","0.16711576","0.02687423","0.53602816","","338.16079712","3.79721689","27.93033028","38.49748993","1009.02099609","917.95172119","21.45256996","0","11.57631016"
"2013-07-16 13:00:00","6.36555086","4.17755557","0.17781395","","","","335.50131226","3.52415991","28.46696091","36.75037003","1008.57000732","882.2913208","21.45256996","0","11.57631016"
"2013-07-16 14:00:00","7.08537297","4.97778875","0.19074895","0.17539182","0.48402081","","338.14849854","4.98478699","28.00027084","40.1366806","1008.26800537","504.74050903","21.45256996","0","11.57631016"
"2013-07-16 15:00:00","5.55105224","3.32414584","0.1893125","0.25897498","0.29959498","","337.32910156","5.25410891","27.22731018","38.20309067","1008.42102051","92.82662201","21.45256996","0","11.57631016"
"2013-07-16 16:00:00","6.02704082","3.9194566","0.18236561","0.02873839","0.22670659","3.55933931","335.95199585","4.95882416","26.95285034","35.6897316","1008.34399414","198.68840027","21.45256996","0","11.57631016"
"2013-07-16 17:00:00","5.65740342","3.4979409","0.18480046","0.18526384","0.48012977","4.62491429","334.42269897","4.89101887","26.1746006","39.04700089","1008.35400391","46.19047165","21.45256996","0","11.57631016"
"2013-07-16 18:00:00","7.82594602","5.71706355","0.20232672","0.38917539","0.51955682","2.90995634","331.77270508","4.25829077","25.34762955","42.41677094","1008.49499512","22.85408974","21.45256996","0","11.57631016"
"2013-07-16 19:00:00","12.69478901","10.52235549","0.18611807","0.77911862","0.84716609","3.25673503","334.74310303","3.63324594","24.37729073","49.75661087","1008.66601563","1.08567405","21.45256996","0","11.57631016"
"2013-07-16 20:00:00","9.2487264","7.06851104","0.19298458","0.04541108","0.69710977","3.16629729","337.28070068","2.94914198","23.79005051","54.21604156","1008.95800781","0","21.45256996","0","11.57631016"
"2013-07-16 21:00:00","10.47955537","8.4056931","0.19881308","0.01777004","0.63796817","3.14953408","335.25","2.02172089","23.46430969","56.96173096","1008.93701172","0","21.45256996","0","11.57631016"
"2013-07-16 22:00:00","8.87519808","6.76761386","0.19885385","0.15180861","0.87115915","3.02386949","334.81539917","2.68023992","23.26258087","63.57265091","1008.88500977","0","21.45256996","0","11.57631016"
"2013-07-16 23:00:00","8.34214013","6.23974508","0.18655728","0.05999995","0.61358559","2.65835766","339.1427002","1.77272296","23.17480087","68.22879028","1008.71801758","0","21.45256996","0","11.57631016"
"2013-07-17 00:00:00","7.66901097","5.61979055","0.20747718","0.05067609","0.96869047","2.90616801","336.11480713","1.33564496","22.62508011","67.30715179","1008.71600342","0","21.45256996","0","11.57631016"
"2013-07-17 01:00:00","7.52504693","5.45637191","0.17426187","0.23418561","0.81214874","2.6892887","337.53829956","1.39913094","22.27852058","59.62508011","1008.80700684","0","19.74752045","0","10.12901974"
"2013-07-17 02:00:00","","","0.18839332","0.09567122","0.65599958","3.17605032","336.269104","1.78511","22.08205986","58.24589157","1008.74700928","0","19.74752045","0","10.12901974"
"2013-07-17 03:00:00","8.67157199","6.55101868","0.17122704","0.18877452","0.43901653","2.97787465","335.15380859","1.95440698","21.76048088","58.86486053","1008.63800049","0","19.74752045","0","10.12901974"
"2013-07-17 04:00:00","8.01271018","5.84676216","","0.03608723","0.37896776","2.93110485","333.7026062","1.48005199","21.40184021","60.13362122","1008.67700195","1.06837595","19.74752045","0","10.12901974"
"2013-07-17 05:00:00","8.90373086","6.7753957","0.20582871","0.03597739","0.42760375","3.08910292","336.27630615","2.1950891","21.99213028","57.66910172","1008.89599609","88.12982178","19.74752045","0","10.12901974"
"2013-07-17 06:00:00","8.85055622","6.18138128","0.20021923","0.05451527","0.40425852","3.15511232","338.01071167","2.92706394","23.12236977","52.88013077","1009.07299805","291.02749634","19.74752045","0","10.12901974"
"2013-07-17 07:00:00","8.94004547","6.1269084","0.20206226","0.06614263","0.59465007","3.50281649","341.42019653","2.76309705","24.12561989","48.65756989","1009.29101563","492.19470215","19.74752045","0","10.12901974"
"2013-07-17 08:00:00","9.6507875","6.78966305","0.21712688","0.10168169","1.04028116","3.51015414","339.13430786","3.29486489","24.7221508","46.026371","1009.64300537","663.02081299","19.74752045","0","10.12901974"
"2013-07-17 09:00:00","8.22281986","5.4070882","0.19056255","0.11122421","1.55880167","3.48256293","334.94009399","3.91377401","25.29397964","42.29547119","1009.81500244","826.91802979","19.74752045","0","10.12901974"
"2013-07-17 10:00:00","7.96212822","5.14120739","0.2019411","0.05374743","1.06531259","3.22499751","335.93719482","4.53632307","25.26758957","43.14448166","1009.99700928","952.18341064","19.74752045","0","10.12901974"
"2013-07-17 11:00:00","7.79222407","5.19438394","0.2019411","0.02764104","0.46184309","3.42419018","336.47640991","4.46771479","25.98731041","39.32606125","1009.98901367","951.92510986","19.74752045","0","10.12901974"
"2013-07-17 12:00:00","8.09831042","5.48101568","0.19228558","0.03542923","0.48337196","3.67143305","336.05770874","4.41175699","26.24785995","39.86962128","1009.85302734","934.63781738","19.74752045","0","10.12901974"
"2013-07-17 13:00:00","6.74426834","4.41490169","0.19004179","0.0189762","0.51112691","3.27913751","336.73330688","4.62157106","26.14929962","40.68334961","1009.65802002","898.51031494","19.74752045","0","10.12901974"
"2013-07-17 14:00:00","6.08021736","3.91037842","0.18415155","","","2.95460976","334.46429443","4.30085993","26.24114037","39.94660187","1009.39001465","511.47540283","19.74752045","0","10.12901974"
"2013-07-17 15:00:00","5.61589963","3.51869184","0.19264557","","","2.87353655","336.70300293","4.1817379","25.95536041","40.25600052","1009.22302246","95.26557159","19.74752045","0","10.12901974"
"2013-07-17 16:00:00","6.81560124","4.41749627","0.19825504","","","3.06798492","334.18301392","3.95871305","25.4085598","43.26684952","1009.10699463","192.02270508","19.74752045","0","10.12901974"
"2013-07-17 17:00:00","8.2695109","5.85843492","0.1900814","","","3.9686991","335.56430054","3.85647607","24.94314957","45.84886169","1009.21002197","53.07691956","19.74752045","0","10.12901974"
"2013-07-17 18:00:00","8.71048119","6.60808614","0.2199322","0.00943369","0.46677147","3.62681218","330.58990479","2.99964595","24.57983971","45.32376099","1009.41900635","25.66238976","19.74752045","0","10.12901974"
"2013-07-17 19:00:00","8.77403416","6.57825512","0.20819249","0.03312572","0.63550398","2.95794857","334.23410034","2.61956191","23.83760071","52.01031113","1009.60601807","1.13858402","19.74752045","0","10.12901974"
"2013-07-17 20:00:00","11.57549847","9.40825412","0.20234186","0.02709288","0.65664436","3.66985162","340.82339478","2.45362496","23.30360985","59.57048035","1009.94000244","0","19.74752045","0","10.12901974"
"2013-07-17 21:00:00","6.95437802","4.96871058","0.1900814","0.01349152","0.7067072","2.73426857","339.92599487","2.043293","23.00255966","63.7245903","1010.1550293","0","19.74752045","0","10.12901974"
"2013-07-17 22:00:00","6.4576366","4.47586007","0.19653201","0.00844619","0.55678004","2.78882554","324.63760376","1.22937","22.57780075","67.81536102","1010.25701904","0","19.74752045","0","10.12901974"
"2013-07-17 23:00:00","11.36668704","9.28504293","0.23664063","0.09718452","1.15143011","2.80660371","316.11349487","0.70942998","21.99518013","69.66136169","1010.45599365","0","19.74752045","0","10.12901974"
"2013-07-18 00:00:00","11.47044363","9.49904353","0.21368197","0.54932035","1.89043113","2.6036217","335.45230103","1.10465097","21.65032005","72.07034302","1010.29901123","0","19.74752045","0","10.12901974"
"2013-07-18 01:00:00","7.13465668","5.08673451","0.19004179","0.19041901","1.11615343","2.48911259","325.21749878","0.78275001","21.42823029","77.24311066","1010.0300293","0","22.7800808","0","12.09130001"
"2013-07-18 02:00:00","8.03475745","5.90123504","0.21015552","0.14424009","0.89839543","2.38417853","304.72369385","0.86871099","21.23279953","79.37931061","1009.95501709","0","22.7800808","0","12.09130001"
"2013-07-18 03:00:00","8.32268744","6.14765934","0.19913695","0.25557413","1.19280269","2.54596492","298.96090698","0.83431399","20.77993965","80.92224884","1009.99401855","0","22.7800808","0","12.09130001"
"2013-07-18 04:00:00","11.61829859","9.47180709","0.21905029","0.08599549","1.19734156","2.65701623","304.8717041","0.73993599","20.74270058","80.65866089","1010.24200439","1.09991896","22.7800808","0","12.09130001"
"2013-07-18 05:00:00","13.53652406","11.09432073","0.22778546","0.24317996","1.4789092","2.24690997","331.14471436","0.98380601","21.11116982","80.32974243","1010.35601807","72.4796524","22.7800808","0","12.09130001"
"2013-07-18 06:00:00","15.10456674","11.71686793","0.23291379","0.18186401","1.38150806","2.8253338","337.35980225","1.56898701","22.97517014","72.94734955","1010.40002441","251.89250183","22.7800808","0","12.09130001"
"2013-07-18 07:00:00","9.86738268","7.09834206","0.2188103","0.19206452","1.26633992","3.63122698","335.20361328","2.74932504","24.90209961","60.73564148","1010.40002441","461.87609863","22.7800808","0","12.09130001"
"2013-07-18 08:00:00","7.73904753","4.98167967","0.2060687","0.2891392","0.77401836","3.74182776","338.85040283","2.99006605","25.98026085","54.81800079","1010.23901367","634.12390137","22.7800808","0","12.09130001"
"2013-07-18 09:00:00","9.63133481","6.6586681","0.20426528","0.10091386","0.80657151","4.42280079","332.80990601","2.87132406","26.89328957","53.87158966","1010.15600586","793.60687256","22.7800808","0","12.09130001"
"2013-07-18 10:00:00","11.90233575","8.6261792","0.2126393","0.19502602","0.80553417","5.0551541","334.05490112","3.05755305","27.52528954","53.40679169","1010.12701416","915.8626709","22.7800808","0","12.09130001"
"2013-07-18 11:00:00","28.90825456","5.59644503","0.18739724","0.26862733","0.76662579","4.61659319","338.20370483","2.86767292","27.94837952","46.49715042","1010.27001953","924.284729","22.7800808","0","12.09130001"
"2013-07-18 12:00:00","","","0.21860992","0.1605843","1.25051642","","336.90420532","3.16703105","27.55480957","47.2776413","1010.10302734","915.9675293","22.7800808","0","12.09130001"
"2013-07-18 13:00:00","17.59864837","10.33429308","0.21328121","0.15860929","1.65295959","3.12867643","337.13259888","3.00624394","28.25131989","44.72486115","1009.809021","905.52709961","22.7800808","0","12.09130001"
"2013-07-18 14:00:00","13.5637605","7.09574748","0.22438017","0.14566694","0.99255437","2.49359959","342.97329712","2.4312501","28.15032005","42.00297165","1009.77600098","500.53421021","22.7800808","0","12.09130001"
"2013-07-18 15:00:00","","","0.18703609","0.13228424","0.86117323","3.06800017","330.20379639","1.92365694","27.79459953","42.96445084","1009.83099365","185.65100098","22.7800808","0","12.09130001"
"2013-07-18 16:00:00","13.65844083","11.76615355","0.21716765","0.08171798","0.80086513","3.09226884","346.08590698","1.50012505","26.94116974","47.04151154","1009.54602051","156.97180176","22.7800808","0","12.09130001"
"2013-07-18 17:00:00","10.27593119","8.16575239","0.21468271","0.11945072","1.03574229","2.68077641","333.78851318","2.15042901","26.13035965","50.13457108","1009.47900391","63.52259064","22.7800808","0","12.09130001"
"2013-07-18 18:00:00","9.07622958","7.02960184","0.23788252","0.10968854","1.04209753","2.10049349","334.85699463","1.71372998","24.95923042","64.69235992","1009.67602539","22.42572021","22.7800808","0","12.09130001"
"2013-07-18 19:00:00","7.85188421","5.84027666","0.20622947","0.08917666","1.1105762","1.90669804","336.50939941","1.30034995","23.81529045","75.68491364","1010.04901123","0.42429799","22.7800808","0","12.09130001"
"2013-07-18 20:00:00","8.29674734","6.50432764","0.23672101","0.07667265","1.01875229","1.53491844","344.8927002","0.79814601","23.14163017","81.57006073","1010.30102539","0","22.7800808","0","12.09130001"
"2013-07-18 21:00:00","7.42777393","5.81304022","0.26777292","0.19732953","1.62092511","1.42239349","344.4677124","0.679793","22.79166985","84.17214966","1010.29302979","0","22.7800808","0","12.09130001"
"2013-07-18 22:00:00","6.3992728","4.84809206","0.24060745","0.26171681","1.57202978","1.44997148","324.081604","0.60302502","22.40386963","88.27600098","1010.25701904","0","22.7800808","0","12.09130001"
"2013-07-18 23:00:00","4.2955795","2.61988932","0.22810584","0.16672698","1.50394062","1.27015062","345.59210205","0.37003499","22.25702095","91.25105286","1010.17602539","0","22.7800808","0","12.09130001"
"2013-07-19 00:00:00","8.03216286","6.49265488","0.26973595","0.15126044","1.23404611","1.36024462","308.88720703","0.34784201","22.02713013","90.79302979","1010.02801514","0","22.7800808","0","12.09130001"
"2013-07-19 01:00:00","19.02791426","17.09282877","0.28347945","0.24866464","2.40622709","1.7202555","234.96040344","0.40764499","21.7269001","90.88684082","1010.15301514","0","33.50765991","0","12.69256973"
"2013-07-19 02:00:00","","","0.2605208","0.40376426","2.98297897","1.44555973","317.86660767","0.44004899","21.51165962","92.77980042","1009.94000244","0","33.50765991","0","12.69256973"
"2013-07-19 03:00:00","16.95145931","15.11364491","0.26625027","0.48943125","3.99096734","1.46063777","304.89849854","0.39864001","21.21006966","94.9557724","1009.62902832","0","33.50765991","0","12.69256973"
"2013-07-19 04:00:00","9.34081214","7.63269635","","0.46365437","2.66859885","1.36502655","336.2019043","0.643511","20.9324398","98.40142059","1009.4710083","0.80382597","33.50765991","0","12.69256973"
"2013-07-19 05:00:00","13.21228137","10.94257485","0.23703323","0.5193758","1.86760456","1.41062477","320.17669678","0.60908699","21.25539017","97.84303284","1009.51300049","70.83740234","33.50765991","0","12.69256973"
"2013-07-19 06:00:00","12.3251497","9.94520108","0.21756375","0.56807789","2.82124953","1.56470433","335.10650635","1.01118398","22.89248085","84.15276337","1009.55700684","255.69490051","33.50765991","0","12.69256973"
"2013-07-19 07:00:00","6.86877778","4.85457565","0.20711021","0.39049139","1.576051","2.07291245","340.08999634","1.38565803","25.61626053","61.17642975","1009.54901123","458.19580078","33.50765991","0","12.69256973"
"2013-07-19 08:00:00","7.84280603","5.74948916","0.20978388","0.28661603","1.23936298","2.73924475","354.35900879","1.617697","27.79405975","46.16001129","1009.5960083","636.13342285","33.50765991","0","12.69256973"
"2013-07-19 09:00:00","7.30326449","5.27738959","0.19581903","0.2724665","1.52975004","2.63995708","346.13061523","1.92260504","28.76943016","39.97937012","1009.63500977","797.86407471","33.50765991","0","12.69256973"
"2013-07-19 10:00:00","6.83894676","4.64706055","0.17934127","0.09049266","1.06258906","2.5803863","346.13900757","2.0491271","29.2806797","38.41038132","1009.48699951","926.00421143","33.50765991","0","12.69256973"
"2013-07-19 11:00:00","5.757271","3.7703053","0.17024495","0.05714828","0.80955437","2.24574652","36.48138046","1.98711503","30.41710091","33.78802109","1009.32800293","925.97271729","33.50765991","0","12.69256973"
"2013-07-19 12:00:00","5.98683528","3.81959093","0.1747535","0.05078593","0.75560151","1.81844075","39.76203156","2.06525493","30.79317093","31.32402992","1008.79602051","916.59631348","33.50765991","0","12.69256973"
"2013-07-19 13:00:00","4.94925598","2.92986658","0.14020076","0.06096203","0.71392383","2.80360051","45.88153076","2.38771296","30.66135979","30.88595963","1008.36700439","878.06671143","33.50765991","0","12.69256973"
"2013-07-19 14:00:00","4.01802785","2.01031122","0.15899338","0.00723901","0.42034034","2.10049349","37.032341","2.09577799","30.44680977","30.50712013","1007.65600586","501.78860474","33.50765991","0","12.69256973"
"2013-07-19 15:00:00","5.94662974","3.73788161","0.15316838","0.00811668","0.40127566","3.26289907","343.10949707","2.35866809","29.95339966","31.29343987","1007.32501221","82.66889954","33.50765991","0","12.69256973"
"2013-07-19 16:00:00","3.12311434","1.3293983","0.15548207","","","1.59522755","340.23651123","1.94395196","29.29981995","31.40929985","1007.34100342","170.91270447","33.50765991","0","12.69256973"
"2013-07-19 17:00:00","6.58344238","4.65224781","0.18616351","","","1.99458718","350.27029419","1.582564","27.67539978","42.98894119","1007.33502197","49.53907013","33.50765991","0","12.69256973"
"2013-07-19 18:00:00","9.09698052","6.97383262","0.18648272","0.0376229","1.10837135","1.70113387","341.36349487","1.74687302","25.79730988","56.12697983","1007.70001221","21.25559044","33.50765991","0","12.69256973"
"2013-07-19 19:00:00","9.83495898","8.16056514","0.19929073","0.04727626","0.93445113","1.53712634","339.15200806","1.31959295","24.63186073","68.30699921","1008.07202148","0.46601501","33.50765991","0","12.69256973"
"2013-07-19 20:00:00","7.73775119","5.84546391","0.20687138","0.23879262","1.18968965","1.49042265","339.9006958","1.04488897","23.94675064","76.41236115","1008.39801025","0","33.50765991","0","12.69256973"
"2013-07-19 21:00:00","5.67815435","4.09584625","0.1921085","0.16639747","1.38306508","1.60368594","336.59100342","1.45954204","23.34885979","82.25919342","1008.33300781","0","33.50765991","0","12.69256973"
"2013-07-19 22:00:00","7.47187038","5.82341664","0.19913112","0.361095","1.03535278","1.64928416","336.33511353","1.46786296","22.83189964","84.02584076","1008.1920166","0","33.50765991","0","12.69256973"
"2013-07-19 23:00:00","8.64952472","6.71314098","0.20280087","0.84822275","0.80281065","1.40179822","336.86419678","1.01700306","22.33222961","83.41838074","1007.85101318","0","33.50765991","0","12.69256973"
"2013-07-20 00:00:00","6.6392135","4.75859898","0.20615258","0.99153635","0.87120288","1.58603387","339.01651001","1.12473404","22.0714798","80.93888092","1007.45300293","0","33.50765991","0","12.69256973"
"2013-07-20 01:00:00","5.67556168","4.30984685","0.20655217","0.40762072","0.85639638","1.50219138","333.60940552","0.86910599","21.76412964","81.04850006","1007.2210083","0","19.16402054","0","9.99905109"
"2013-07-20 02:00:00","5.31759513","3.51999009","0.18803916","0.40486058","0.97335951","1.65774254","327.70071411","0.79566997","21.24431992","83.28237915","1007.04101563","0","19.16402054","0","9.99905109"
"2013-07-20 03:00:00","7.28640447","5.3616935","0.21943824","0.46332486","1.34675005","1.29920225","330.99740601","0.84120399","20.90135956","84.15982056","1006.86700439","0","19.16402054","0","9.99905109"
"2013-07-20 04:00:00","10.26296018","8.34214013","0.2130552","0.92116504","1.93919628","1.6158218","306.60220337","0.48661801","20.81093979","89.26969147","1006.79400635","0.86996299","19.16402054","0","9.99905109"
"2013-07-20 05:00:00","18.4131489","15.96186738","0.2213535","0.76200657","2.26032013","1.30214341","306.99551392","0.50737","21.68564987","88.03826141","1006.94299316","74.31217194","19.16402054","0","9.99905109"
"2013-07-20 06:00:00","9.59761286","6.99588181","0.22562322","0.81677914","2.53724008","1.50844288","336.08511353","1.79558599","23.38108063","78.52677917","1007.0670166","249.98370361","19.16402054","0","9.99905109"
"2013-07-20 07:00:00","5.52122122","3.41493334","0.2191598","0.68248328","1.48617261","1.78313864","335.85400391","2.43286896","25.13652992","67.98519897","1007.09301758","454.03640747","19.16402054","0","9.99905109"
"2013-07-20 08:00:00","4.87273391","2.84815726","0.18396981","0.6145853","1.40796633","2.33437095","342.08740234","2.95935988","26.14114952","59.49036026","1007.14300537","608.96722412","19.16402054","0","9.99905109"
"2013-07-20 09:00:00","3.81180909","1.79760695","0.19318613","0.44259332","1.02744154","1.7309218","338.95129395","3.06296897","26.40448952","60.12522125","1007.46801758","801.56072998","19.16402054","0","9.99905109"
"2013-07-20 10:00:00","","","0.18241337","0.18998069","0.79554723","1.89235529","335.93630981","3.34074998","26.85816002","56.57801056","1007.57299805","908.24890137","19.16402054","0","9.99905109"
"2013-07-20 11:00:00","3.3941824","1.49800611","0.18540626","0.05967044","0.65755254","2.35974408","337.78491211","3.81648302","27.0628109","56.55738068","1007.45001221","919.75872803","19.16402054","0","9.99905109"
"2013-07-20 12:00:00","","","0.17570996","0.04157191","0.54212405","2.38070649","335.91390991","3.28705406","27.69943047","53.55881119","1006.95800781","909.02911377","19.16402054","0","9.99905109"
"2013-07-20 13:00:00","","","0.16952614","0.05879277","0.40023832","2.11998328","336.0526123","3.7146709","28.15328979","46.48188019","1006.47399902","886.55871582","19.16402054","0","9.99905109"
"2013-07-20 14:00:00","","","0.16741167","0.01812396","0.31338855","2.19610472","333.99459839","3.27100492","28.95326042","39.67351151","1006.09802246","506.9302063","19.16402054","0","9.99905109"
"2013-07-20 15:00:00","","","0.16729167","","","1.99017239","333.97070313","3.06419611","28.89635086","36.90068054","1005.75201416","85.86283112","19.16402054","0","9.99905109"
"2013-07-20 16:00:00","","","0.17834403","0.10819355","0.36210794","1.94677903","337.12561035","3.0720911","27.76428032","43.5487709","1005.63000488","172.72579956","19.16402054","0","9.99905109"
"2013-07-20 17:00:00","","","0.19135009","0.02446088","0.52591206","2.01113479","335.17370605","2.23188591","27.14163017","48.0786705","1005.7800293","46.56695175","19.16402054","0","9.99905109"
"2013-07-20 18:00:00","6.03741724","4.0750934","0.20487574","0.01360136","0.49789778","1.46578379","352.05450439","1.80807996","25.27083969","66.25498962","1005.93200684","21.8111496","19.16402054","0","9.99905109"
"2013-07-20 19:00:00","7.14762769","5.07895267","0.22211191","0.17254015","0.99592573","1.51653108","342.5","1.758371","23.91757965","79.19651031","1006.24102783","0.42735001","19.16402054","0","9.99905109"
"2013-07-20 20:00:00","4.72617529","3.0375141","0.22354836","0.27718335","1.55101958","1.42901213","335.42019653","1.54184103","23.34593964","85.41236115","1006.56799316","0","19.16402054","0","9.99905109"
"2013-07-20 21:00:00","5.66518526","3.8286691","0.23168705","0.17045632","1.12497184","1.1171745","337.30059814","1.05192995","22.93297958","87.36637115","1006.82000732","0","19.16402054","0","9.99905109"
"2013-07-20 22:00:00","5.44340282","3.5952139","0.21931941","0.15652545","1.00500449","1.18483653","339.3132019","0.99942499","22.58608055","90.1733017","1006.84301758","0","19.16402054","0","9.99905109"
"2013-07-20 23:00:00","4.24240487","2.33455391","0.20455653","0.23221059","0.81474209","1.22013863","338.40249634","1.04909694","22.44227028","90.85401154","1006.8170166","0","19.16402054","0","9.99905109"
"2013-07-21 00:00:00","4.81307378","3.06604878","0.22143388","0.21539857","0.940426","1.27346096","339.13250732","0.65103698","21.96622086","93.49456024","1006.78601074","0","19.16402054","0","9.99905109"
"2013-07-21 01:00:00","6.44855842","4.72098803","0.21812179","0.25996249","1.53727178","1.1774826","311.07550049","0.84102798","21.95298958","95.35945129","1006.63500977","0","27.86404991","0","18.86215973"
"2013-07-21 02:00:00","","","0.21848061","0.39158873","1.50860966","1.27419523","302.38821411","0.73374999","21.65866089","94.01959991","1006.37200928","0","27.86404991","0","18.86215973"
"2013-07-21 03:00:00","4.27093765","2.8235135","0.21229679","0.26215616","1.6367476","1.2190362","341.019104","0.93379802","21.4300499","93.94750214","1006.17901611","0","27.86404991","0","18.86215973"
"2013-07-21 04:00:00","4.61204227","2.7456951","","0.21082207","1.14209202","1.06642722","321.46130371","0.78417599","20.89818001","93.93434143","1006.24200439","0.80789602","27.86404991","0","18.86215973"
"2013-07-21 05:00:00","7.41610117","5.36947534","0.24400459","0.29604972","1.15817384","1.1296775","336.72900391","0.78082699","21.38834","93.11090088","1006.54901123","67.45014191","27.86404991","0","18.86215973"
"2013-07-21 06:00:00","6.27865428","4.17366465","0.22114263","0.48767591","1.47462966","1.41797869","337.10400391","2.28438807","23.32356071","83.75634003","1006.76800537","241.05700684","27.86404991","0","18.86215973"
"2013-07-21 07:00:00","4.11270626","2.20485722","0.19799991","0.49370875","0.8928182","1.89088471","337.37530518","3.71616507","25.0475502","70.23029327","1006.875","435.23910522","27.86404991","0","18.86215973"
"2013-07-21 08:00:00","3.40326058","1.42537497","0.19707606","0.08292415","0.45989757","2.18433599","337.17129517","3.44011497","26.06830978","63.8766098","1006.83099365","613.9519043","27.86404991","0","18.86215973"
"2013-07-21 09:00:00","4.78843001","2.7521806","0.21182147","0.23572128","0.58920302","2.16190402","337.0296936","3.35434508","26.80158043","59.20138168","1006.77502441","770.41601563","27.86404991","0","18.86215973"
"2013-07-21 10:00:00","4.1529118","2.18540262","0.20973262","0.23725695","0.69555274","1.93611578","337.7684021","3.75926995","27.14731979","57.27241135","1006.77801514","900.64611816","27.86404991","0","18.86215973"
"2013-07-21 11:00:00","3.2969094","1.35144749","0.20438877","0.14193761","0.62499938","1.99936607","338.73480225","3.77140999","27.76358986","53.74819183","1006.61199951","902.28833008","27.86404991","0","18.86215973"
"2013-07-21 12:00:00","","","0.18273258","0.0579151","0.35782738","2.26634077","337.4078064","3.16919804","28.12400055","53.84486008","1006.28100586","887.58752441","27.86404991","0","18.86215973"
"2013-07-21 13:00:00","","","0.20282184","0.00822651","0.17910896","1.826532","337.49081421","3.49486899","28.18387985","54.67514038","1005.79101563","852.89782715","27.86404991","0","18.86215973"
"2013-07-21 14:00:00","","","0.19197336","0.04815292","0.20089716","2.3862227","339.10009766","3.29590893","28.04470062","54.6779213","1005.65802002","502.46130371","27.86404991","0","18.86215973"
"2013-07-21 15:00:00","","","0.19534837","0.04420492","0.20154601","2.66864054","338.95120239","2.95350289","28.00617027","48.96072006","1005.52301025","166.21580505","27.86404991","0","18.86215973"
"2013-07-21 16:00:00","3.14516352","1.20229619","0.20571454","0.05550278","0.2372122","2.6785685","337.87750244","2.59634495","27.73307037","47.91696167","1005.42401123","172.45100403","27.86404991","0","18.86215973"
"2013-07-21 17:00:00","8.65730656","6.71314098","0.21985764","0.17670884","0.80073495","3.47360927","335.49349976","1.67426205","28.25687981","46.57698059","1005.5880127","98.31195068","27.86404991","0","18.86215973"
"2013-07-21 18:00:00","13.76090109","11.8452702","0.2433219","0.3401448","1.16426974","2.78888961","337.92480469","1.28022003","26.68185997","63.2172699","1005.92199707","17.93650055","27.86404991","0","18.86215973"
"2013-07-21 19:00:00","12.44317363","10.57293745","0.25505345","0.86379098","1.78071818","1.86771847","346.83050537","1.085706","25.32069969","73.70947266","1006.0880127","0.107855","27.86404991","0","18.86215973"
"2013-07-21 20:00:00","15.3496947","13.41590554","0.26292885","1.25626451","1.60769597","1.89897393","338.83230591","0.96705902","24.55541992","77.8727417","1006.40600586","0","27.86404991","0","18.86215973"
"2013-07-21 21:00:00","7.87393339","6.03611899","0.2320715","1.09721588","1.8016277","1.78792058","334.25","1.49832404","24.19561958","74.45774078","1006.73901367","0","27.86404991","0","18.86215973"
"2013-07-21 22:00:00","8.05032113","6.18138128","0.23363842","0.47582888","1.12977106","1.65259347","334.67230225","1.35831106","23.68559074","80.20098114","1006.53900146","0","27.86404991","0","18.86215973"
"2013-07-21 23:00:00","6.31626714","4.40841618","0.22335264","0.35111315","0.72680922","1.65259347","337.57330322","1.22541201","23.32587051","84.18836975","1006.36199951","0","27.86404991","0","18.86215973"
"2013-07-22 00:00:00","4.60555677","2.81962258","0.2315088","0.22255825","1.00591267","1.6011109","335.45230103","1.21807301","22.95685959","85.42218018","1006.36700439","0","27.86404991","0","18.86215973"
"2013-07-22 01:00:00","4.39674342","2.87409546","0.20543261","0.22913925","0.97206182","1.48233445","334.79690552","1.486709","23.12528992","80.01647186","1005.9710083","0","24.28108978","0","12.60358047"
"2013-07-22 02:00:00","5.3292698","3.40455882","0.20659877","0.177915","0.8114999","1.46652112","334.94900513","1.38480496","22.93617058","78.14530182","1005.67102051","0","24.28108978","0","12.60358047"
"2013-07-22 03:00:00","5.63665248","3.8675783","0.20495146","0.11780521","0.75378616","1.64597484","336.67660522","1.34237099","22.99084091","69.36859131","1005.55102539","0","24.28108978","0","12.60358047"
"2013-07-22 04:00:00","5.95570792","4.22295027","0.20928992","0.13820725","0.84898143","1.37238048","329.35751343","1.13744104","22.76819992","69.70648956","1005.49902344","0.50773299","24.28108978","0","12.60358047"
"2013-07-22 05:00:00","10.05544509","7.75850213","0.20053145","0.1249354","0.88464762","1.49410013","312.86239624","1.39049304","23.27050972","70.34452057","1005.51300049","62.20186996","24.28108978","0","12.60358047"
"2013-07-22 06:00:00","9.62095838","7.22933701","0.19960761","0.17747667","1.09228953","1.69377994","334.48199463","2.15873003","24.60478973","68.0979538","1005.45800781","225.35510254","24.28108978","0","12.60358047"
"2013-07-22 07:00:00","10.3187294","7.37978655","0.19514682","0.26149816","1.05091695","1.97840468","335.91281128","3.31846189","25.37524986","70.30091095","1005.73901367","274.40060425","24.28108978","0","12.60358047"
"2013-07-22 08:00:00","5.06338899","2.7910898","0.20458915","0.19908487","1.02886839","2.10968717","336.34420776","3.44596505","26.34016991","67.25417328","1006.10900879","558.72912598","24.28108978","0","12.60358047"
"2013-07-22 09:00:00","4.75081906","2.7067859","0.17590219","0.19173603","1.18489145","2.927524","351.77801514","2.45395088","27.43527985","56.12379074","1006.13500977","703.76257324","24.28108978","0","12.60358047"
"2013-07-22 10:00:00","5.20086753","2.95580478","0.17055833","0.14676327","1.01641726","1.89566461","359.34829712","2.36042905","28.97775078","39.52922058","1005.95800781","900.36120605","24.28108978","0","12.60358047"
"2013-07-22 11:00:00","4.50828377","2.4019978","0.16923256","0.20303388","1.10084962","1.49851391","346.38870239","2.82840204","29.36005974","40.02822113","1005.95501709","909.4442749","24.28108978","0","12.60358047"
"2013-07-22 12:00:00","3.47329905","1.5628535","0.16091563","0.12636123","0.91940563","1.34516963","339.22250366","3.24752808","29.44485092","38.16265106","1005.86401367","900.390625","24.28108978","0","12.60358047"
"2013-07-22 13:00:00","","","0.16191986","0.12153455","1.06777678","2.00194111","337.75640869","3.89975309","28.84165955","41.68796158","1005.79101563","870.74981689","24.28108978","0","12.60358047"
"2013-07-22 14:00:00","","","0.17240602","0.04979842","0.24628994","1.71584375","337.17559814","3.5573101","28.5036602","42.89546967","1005.67401123","500.42831421","24.28108978","0","12.60358047"
"2013-07-22 15:00:00","3.39936966","1.51356979","0.1804818","0.03323556","0.30374536","2.24574652","345.63180542","2.97146392","28.23151016","42.21366119","1005.44799805","87.32192993","24.28108978","0","12.60358047"
"2013-07-22 16:00:00","3.44995162","1.46298783","0.16666024","0.10244953","0.63550398","2.21485921","337.20440674","2.91942596","27.16286087","46.43637085","1005.24401855","150.23080444","24.28108978","0","12.60358047"
"2013-07-22 17:00:00","5.04523073","2.92856834","0.18522335","0.06307129","0.65314283","2.15933","350.29510498","2.49967504","26.74011993","48.21115112","1005.125","47.63837051","24.28108978","0","12.60358047"
"2013-07-22 18:00:00","5.38633535","3.2580002","0.18887912","0.09389351","1.09981126","2.09203511","338.26660156","1.60664201","25.93678093","53.60554123","1005.30401611","21.13960075","24.28108978","0","12.60358047"
"2013-07-22 19:00:00","6.32923624","4.39544709","0.22206764","0.11923206","0.89904427","1.63347184","338.99710083","1.29210901","24.9063797","61.8077507","1005.65100098","0.428368","24.28108978","0","12.60358047"
"2013-07-22 20:00:00","5.39282086","3.89351841","0.22435687","0.37568387","1.25635298","1.26610703","335.3348999","1.12555897","23.94565964","71.53066254","1005.99102783","0","24.28108978","0","12.60358047"
"2013-07-22 21:00:00","5.5951487","3.6730323","0.20221837","0.30559223","1.4376668","1.28044673","336.12350464","1.18476498","23.32085037","73.27703094","1006.2130127","0","24.28108978","0","12.60358047"
"2013-07-22 22:00:00","7.08796564","5.58477227","0.2138707","0.40826143","1.13664497","1.32273563","333.6914978","1.18597496","22.85707092","76.3713913","1006.29602051","0","24.28108978","0","12.60358047"
"2013-07-22 23:00:00","6.8856378","4.99853969","0.22311148","0.28277685","1.19474821","1.19219045","337.25061035","0.94352502","22.41119957","79.61064148","1006.2210083","0","24.28108978","0","12.60358047"
"2013-07-23 00:00:00","5.58088135","3.94280212","0.21302724","0.18756734","1.53351091","1.28927327","336.15231323","0.86866498","22.00712013","79.59719086","1005.89501953","0","24.28108978","0","12.60358047"
"2013-07-23 01:00:00","5.50176662","3.82088726","0.2150357","0.17001698","1.46243786","1.19807482","327.65670776","0.497105","21.51593971","80.31658173","1005.5960083","0","21.32492065","0","11.72391033"
"2013-07-23 02:00:00","","","0.20692031","0.21071223","1.97382411","1.1837341","328.20291138","0.80989498","21.22418976","81.89967346","1005.36199951","0","21.32492065","0","11.72391033"
"2013-07-23 03:00:00","3.8805474","2.17113527","0.20346492","0.18548351","1.49084166","1.1793193","272.40969849","0.676395","20.92090034","85.74298096","1005.10900879","0","21.32492065","0","11.72391033"
"2013-07-23 04:00:00","8.49907518","6.8467286","","0.30361823","1.23874871","1.03222652","268.21859741","0.65941697","20.73925018","88.04618073","1005.10101318","0.54639798","21.32492065","0","11.72391033"
"2013-07-23 05:00:00","17.36130225","14.76994762","0.25095615","0.34157064","1.61910875","0.98957049","285.51260376","1.14760399","21.1615696","84.55500031","1005.23901367","71.72263336","21.32492065","0","11.72391033"
"2013-07-23 06:00:00","20.27429352","15.81530876","0.25400612","0.52036331","1.87058742","1.14806486","335.19400024","1.49725699","23.14896011","74.99423218","1005.51300049","268.69250488","21.32492065","0","11.72391033"
"2013-07-23 07:00:00","12.12541644","8.67935574","0.18803683","0.63147767","2.12790164","1.87249837","335.90600586","2.61861706","25.08362961","66.67867279","1005.63500977","465.44549561","21.32492065","0","11.72391033"
"2013-07-23 08:00:00","6.63402625","4.28909591","0.18101421","0.31798742","1.01836278","2.30421792","337.3387146","3.05687094","26.26258087","58.26433182","1005.82501221","651.59527588","21.32492065","0","11.72391033"
"2013-07-23 09:00:00","5.52770672","3.46421896","0.16331786","0.48328857","1.09630973","2.17256727","336.52630615","3.34366989","26.77886009","54.41175079","1006.03100586","801.67071533","21.32492065","0","11.72391033"
"2013-07-23 10:00:00","5.43302639","3.27615846","0.1759185","0.16332613","0.56715548","2.09975922","338.40600586","3.63032103","27.04496956","55.31705093","1006.19799805","937.66571045","21.32492065","0","11.72391033"
"2013-07-23 11:00:00","4.85976482","2.79368247","0.17331006","0.10113251","0.6767474","1.79159805","338.38830566","3.08122802","27.68511009","54.34812164","1006.14501953","928.40661621","21.32492065","0","11.72391033"
"2013-07-23 12:00:00","3.90389292","1.7729651","0.17322968","0.0683363","1.10058926","1.4492372","336.72140503","3.20174408","27.91642952","54.00257111","1005.89202881","921.30041504","21.32492065","0","11.72391033"
"2013-07-23 13:00:00","","","0.15898406","0.05550278","0.37391022","1.60773055","334.23370361","3.44556999","27.9040699","52.8585701","1005.71099854","906.0927124","21.32492065","0","11.72391033"
"2013-07-23 14:00:00","","","0.16239518","0.00778819","0.22203754","1.46504952","337.26611328","3.83164597","27.75844002","53.94417191","1005.73101807","507.41040039","21.32492065","0","11.72391033"
"2013-07-23 15:00:00","","","0.15236336","0.00932386","0.29700061","","337.96279907","3.29896498","27.47863007","55.84479141","1005.49700928","80.41819","21.32492065","0","11.72391033"
"2013-07-23 16:00:00","5.87659127","3.59391757","0.17656041","0.03510074","0.38259947","2.32392534","338.50540161","3.43766093","26.52318954","62.33123016","1005.4710083","122.53849792","21.32492065","0","11.72391033"
"2013-07-23 17:00:00","6.19694496","4.29039225","0.17948922","0.02665455","0.41229994","2.35872505","340.56060791","2.76303911","26.28964996","63.46242142","1005.4630127","47.80321121","21.32492065","0","11.72391033"
"2013-07-23 18:00:00","7.64955637","5.55105224","0.19907171","0.13305208","0.65846072","2.38402903","347.57720947","1.63812697","25.49015999","66.38365173","1005.50402832","19.59910011","21.32492065","0","11.72391033"
"2013-07-23 19:00:00","10.98148405","8.9115127","0.20204129","0.15937712","1.00695001","2.20559333","333.33151245","1.54015899","24.34498978","76.87335968","1005.64001465","0.30626801","21.32492065","0","11.72391033"
"2013-07-23 20:00:00","8.976362","7.03349276","0.19337369","0.23988894","1.39823872","1.90463658","327.79110718","0.98026299","23.57563019","83.99227142","1006.09301758","0","21.32492065","0","11.72391033"
"2013-07-23 21:00:00","14.80366956","12.75055822","0.24931117","0.32270427","1.34389736","2.01072494","311.45721436","0.63484001","23.23246002","87.08418274","1006.45800781","0","21.32492065","0","11.72391033"
"2013-07-23 22:00:00","17.06299966","15.04749927","0.29601951","0.53319683","2.65031217","1.88283109","341.80999756","0.64689898","22.8111496","90.76731873","1006.58001709","0","21.32492065","0","11.72391033"
"2013-07-23 23:00:00","12.38740442","10.50290089","0.27940661","0.66986841","2.29611548","1.84165784","327.61950684","0.60135198","22.34181023","97.26882172","1007.00201416","0","21.32492065","0","11.72391033"
"2013-07-24 00:00:00","19.48574648","17.72315972","0.28558577","0.74061805","2.12089858","1.75287679","307.38150024","0.49343401","21.98180962","99.19000244","1006.99401855","0","21.32492065","0","11.72391033"
"2013-07-24 01:00:00","16.50659618","14.4936923","0.27571473","0.81158634","3.32809691","1.91969327","328.09860229","0.56057203","21.47360992","92.72263336","1006.99200439","0","19.74234962","0","10.10039043"
"2013-07-24 02:00:00","10.59498663","8.71566845","0.18045268","0.62423765","2.49753233","1.89133016","338.32901001","0.73614401","21.26509094","88.88902283","1006.97900391","0","19.74234962","0","10.10039043"
"2013-07-24 03:00:00","8.56003356","6.7494556","0.19297177","0.23934078","1.2554448","1.67965279","333.69070435","0.96662599","20.93507957","95.32579041","1006.91400146","0","19.74234962","0","10.10039043"
"2013-07-24 04:00:00","8.80386327","6.94659618","0.21552384","0.21093089","1.13184574","1.68127898","332.21551514","0.76653498","20.69156075","99.19419098","1007.06402588","0.41514","19.74234962","0","10.10039043"
"2013-07-24 05:00:00","13.29788161","11.14749727","0.22796371","0.39125922","1.59991491","1.66365843","332.96130371","0.59195","21.10297012","98.25478363","1007.28399658","65.18824005","19.74234962","0","10.10039043"
"2013-07-24 06:00:00","25.80070008","20.30023936","0.25938259","0.48822407","2.09768251","1.92250527","337.20410156","0.785263","23.23036003","76.92314148","1007.64501953","288.4045105","19.74234962","0","10.10039043"
"2013-07-24 07:00:00","14.49628497","11.62089318","0.21444039","0.64202193","2.61958148","3.67713436","335.08810425","1.20585299","26.27268982","54.19467163","1007.74200439","485.22070313","19.74234962","0","10.10039043"
"2013-07-24 08:00:00","11.3718743","8.72604487","0.20003516","0.55348903","1.61923892","4.6540371","336.7210083","1.527215","28.88751984","37.56105042","1007.73699951","672.21191406","19.74234962","0","10.10039043"
"2013-07-24 09:00:00","8.43811679","6.22158682","0.16087019","0.34387414","1.24156784","3.53818266","339.02371216","1.77570295","30.28610992","31.13796997","1007.76202393","827.79187012","19.74234962","0","10.10039043"
"2013-07-24 10:00:00","10.79601622","7.61842901","0.15031646","0.22157074","0.94949561","4.11160388","339.69140625","2.06855798","31.31644058","27.47496986","1007.73602295","981.49261475","19.74234962","0","10.10039043"
"2013-07-24 11:00:00","13.37699634","9.75584234","0.14389614","0.02138954","0.79347255","4.34552099","352.06811523","2.20112896","31.72792053","27.66463089","1007.61602783","966.42852783","19.74234962","0","10.10039043"
"2013-07-24 12:00:00","6.73908109","4.42397986","0.14650458","0.01349152","0.6775254","2.63400356","353.37420654","2.29541898","31.52462006","29.31427002","1007.32202148","960.77630615","19.74234962","0","10.10039043"
"2013-07-24 13:00:00","5.02188521","3.11663074","0.13025283","","","2.71709754","47.10242081","2.49920201","31.5831604","30.57644081","1007.07702637","946.26171875","19.74234962","0","10.10039043"
"2013-07-24 14:00:00","5.58607052","3.44865528","0.1425727","0.02654472","0.3456366","3.34837283","356","2.22337198","31.04644966","32.3243103","1007.13000488","517.61987305","19.74234962","0","10.10039043"
"2013-07-24 15:00:00","5.45637191","3.43179526","0.14550151","0.24471563","1.66190818","2.95201336","52.27248001","2.05015111","30.49802971","34.08031082","1007.0880127","57.9833107","19.74234962","0","10.10039043"
"2013-07-24 16:00:00","5.49657936","3.51480092","0.14441806","","","2.82818344","44.8062706","1.77211404","29.37409973","37.20845032","1006.86199951","76.53540039","19.74234962","0","10.10039043"
"2013-07-24 17:00:00","6.47838754","4.43435629","0.17599888","0.01393087","0.67389369","2.81031475","45.19189072","1.41088295","28.45549965","41.06552124","1006.83599854","35.1475296","19.74234962","0","10.10039043"
"2013-07-24 18:00:00","8.48869875","6.34869084","0.16717051","0.06800679","0.96103856","2.62494311","40.78133011","1.21937299","27.4157505","43.23077011","1006.90600586","16.39397049","19.74234962","0","10.10039043"
"2013-07-24 19:00:00","13.27323784","11.29535223","0.19537982","0.07897615","1.04365354","2.18035037","45.53224182","0.79181302","26.17243004","51.18809128","1007.24499512","0.087505","19.74234962","0","10.10039043"
"2013-07-24 20:00:00","35.36590072","33.4204216","0.32543227","0.2515163","2.62696694","2.16623136","171.82020569","0.42071199","25.7553196","50.5664711","1007.74700928","0","19.74234962","0","10.10039043"
"2013-07-24 21:00:00","35.88598384","33.74467768","0.34072056","0.79326814","5.11101079","2.1339294","331.07931519","0.634242","25.54475975","55.80205154","1007.79602051","0","19.74234962","0","10.10039043"
"2013-07-24 22:00:00","30.81998688","28.73575392","0.29011995","0.90547985","4.45319892","2.12087214","347.90130615","0.61849499","24.36322975","58.51065063","1008.05401611","0","19.74234962","0","10.10039043"
"2013-07-24 23:00:00","27.75136072","25.73974552","0.30400442","0.70067741","4.18795413","1.80148634","338.88079834","0.31048301","23.66374969","61.87137985","1008.15802002","0","19.74234962","0","10.10039043"
"2013-07-25 00:00:00","47.93877296","45.56139216","0.41070328","0.76321375","5.13020565","1.85815256","285.23730469","0.278083","22.96208","68.3003006","1008.07501221","0","19.74234962","0","10.10039043"
"2013-07-25 01:00:00","37.40214248","35.05592728","0.35737424","1.11312074","7.0205066","1.54376329","259.52490234","0.24420001","22.70388985","74.86914063","1008","0","23.29697037","0","11.47889996"
"2013-07-25 02:00:00","","","0.26660559","0.95001326","6.47955006","1.59730935","256.28570557","0.220777","22.35287094","74.08065033","1007.92700195","0","23.29697037","0","11.47889996"
"2013-07-25 03:00:00","13.11500646","11.24736486","0.25857991","0.66866225","3.22382288","","266.19351196","0.330064","22.29487038","81.97286987","1007.91400146","0","23.29697037","0","11.47889996"
"2013-07-25 04:00:00","22.43506384","20.39232128","","0.45498851","2.4797633","2.61925909","888","3.4e-05","21.96986961","81.97937012","1007.86901855","0.42735001","23.29697037","0","11.47889996"
"2013-07-25 05:00:00","51.1578544","45.9141944","0.45441058","0.7908548","3.60564332","2.47189478","336.96380615","0.75466698","22.99625969","72.40917206","1007.96099854","52.34024048","23.29697037","0","11.47889996"
"2013-07-25 06:00:00","26.41936592","21.92794408","0.34361792","1.41553179","6.90754231","3.5850806","347.41949463","0.80938703","24.76177025","57.0439415","1008.44000244","282.71160889","23.29697037","0","11.47889996"
"2013-07-25 07:00:00","12.09688175","9.3395139","0.28215951","0.91842321","3.2969706","4.01754561","343.74920654","1.14261794","26.49707985","62.1315918","1008.57800293","462.33709717","23.29697037","0","11.47889996"
"2013-07-25 08:00:00","16.04876396","12.88025492","0.24093365","0.57257507","1.60951234","7.04801747","345.43130493","1.233724","28.51811028","45.95888138","1008.28302002","650.99200439","23.29697037","0","11.47889996"
"2013-07-25 09:00:00","11.98274874","9.2487264","0.17979678","0.36581185","1.08295143","6.33026463","343.05200195","1.58014297","29.79887009","37.93270111","1008.0960083","799.74761963","23.29697037","0","11.47889996"
"2013-07-25 10:00:00","8.59245726","6.1982413","0.16558728","0.06614263","0.74302122","4.92933493","341.70541382","1.78147399","30.57954979","33.92897034","1008.12402344","943.79632568","23.29697037","0","11.47889996"
"2013-07-25 11:00:00","7.13595493","4.80529002","0.17080531","0.02084036","0.6674093","3.44753847","341.40100098","2.08569503","31.05413055","30.76712036","1008.19702148","934.81781006","23.29697037","0","11.47889996"
"2013-07-25 12:00:00","12.37313898","9.22019362","0.17514028","","","6.40791462","335.31201172","2.47156692","31.60968018","29.16571045","1008.04699707","923.96612549","23.29697037","0","11.47889996"
"2013-07-25 13:00:00","5.68723444","3.67821956","0.15173776","","","2.93364227","340.92181396","2.795928","31.56430054","29.4659996","1007.75","913.27630615","23.29697037","0","11.47889996"
"2013-07-25 14:00:00","5.66518526","3.61207392","0.14868662","","","4.0759265","340.82400513","2.83291793","31.2884903","26.55792999","1007.49200439","503.68640137","23.29697037","0","11.47889996"
"2013-07-25 15:00:00","4.63279321","2.71845866","0.14551549","","","3.34296545","335.47869873","3.20787406","30.77248001","25.01424026","1007.1920166","65.5952301","23.29697037","0","11.47889996"
"2013-07-25 16:00:00","6.12820474","4.09584625","0.15615311","","","3.39473278","344.68530273","2.431499","30.10330963","28.80179024","1006.95501709","64.96642303","23.29697037","0","11.47889996"
"2013-07-25 17:00:00","6.32015806","4.3539433","0.16578766","","","3.13485572","349.58300781","1.96438098","29.03432083","33.09115982","1006.88000488","37.17541122","23.29697037","0","11.47889996"
"2013-07-25 18:00:00","8.94134372","6.82857225","0.19758051","0.01766021","0.95494266","3.92326971","349.71011353","1.59288704","27.40061951","47.40394974","1006.91802979","16.77857971","23.29697037","0","11.47889996"
"2013-07-25 19:00:00","14.48461221","12.52488486","0.213195","0.06712912","1.24909059","4.31237595","335.0848999","1.19644701","25.77626991","62.47808075","1007.24102783","0.13939799","23.29697037","0","11.47889996"
"2013-07-25 20:00:00","11.21234658","9.22019362","0.23061758","0.03674523","0.89632075","2.97284762","333.36700439","0.98439997","25.12738991","70.95188904","1007.5960083","0","23.29697037","0","11.47889996"
"2013-07-25 21:00:00","11.01131507","9.13848239","0.22844951","0.17385615","1.47735319","2.88867765","336.22329712","0.776317","24.7684803","71.96572876","1007.76501465","0","23.29697037","0","11.47889996"
"2013-07-25 22:00:00","13.52225672","11.56123113","0.23748176","0.44215499","1.34506386","2.749908","334.58599854","0.99795699","24.34086037","70.58187103","1007.934021","0","23.29697037","0","11.47889996"
"2013-07-25 23:00:00","11.13971543","9.23705364","0.22772721","0.39608591","1.72079044","2.40633285","340.54980469","0.56336999","23.82085037","72.14469147","1008.01501465","0","23.29697037","0","11.47889996"
"2013-07-26 00:00:00","15.91258176","13.98008894","0.27497379","0.23111427","1.34459706","2.65751863","307.48510742","0.51293999","23.49945068","75.31712341","1007.77099609","0","23.29697037","0","11.47889996"
"2013-07-26 01:00:00","34.5760344","32.42306504","0.32936647","0.61008813","2.59843398","2.7497168","242.85150146","0.346268","23.17634964","70.70574188","1007.45599365","0","24.28746986","0","12.48377991"
"2013-07-26 02:00:00","22.46749136","20.30023936","0.29729286","0.66175173","3.79058884","2.63088035","278.99591064","0.63962799","22.98582077","73.18559265","1007.14001465","0","24.28746986","0","12.48377991"
"2013-07-26 03:00:00","10.49900997","8.64044654","0.26088428","0.70299413","3.07960211","3.02735475","333.35751343","1.45023406","23.3527298","68.17710114","1006.96600342","0","24.28746986","0","12.48377991"
"2013-07-26 04:00:00","10.1501235","8.24486904","0.2433021","0.48449473","1.83997979","2.48247259","336.34759521","1.56860805","23.25490952","62.13933182","1006.934021","0.322548","24.28746986","0","12.48377991"
"2013-07-26 05:00:00","13.39126369","11.21364291","0.22933258","0.37458653","1.51470455","2.80394121","338.0519104","1.18717301","23.59502983","60.26041031","1007.24499512","37.93751144","24.28746986","0","12.48377991"
"2013-07-26 06:00:00","15.29652006","12.46263014","0.23045681","0.25491614","1.62248112","3.14326427","336.69650269","2.19864011","25.74567986","60.39783096","1007.31201172","260.71121216","24.28746986","0","12.48377991"
"2013-07-26 07:00:00","8.976362","6.38760004","0.22977412","0.33696363","1.43079289","3.16442296","341.16571045","3.10525608","27.3443203","56.14645004","1007.34301758","456.82330322","24.28746986","0","12.48377991"
"2013-07-26 08:00:00","7.73256394","5.33834798","0.22210725","0.37447669","1.23612079","3.78468821","336.64181519","4.07343483","28.00488091","53.06586075","1007.30200195","646.78857422","24.28746986","0","12.48377991"
"2013-07-26 09:00:00","7.78703682","5.48749927","0.22467608","0.15729329","0.90475066","3.78232673","337.07260132","4.10947609","28.46702957","54.87810135","1007.37200928","797.23431396","24.28746986","0","12.48377991"
"2013-07-26 10:00:00","7.76628397","5.25144949","0.22812797","0.17539182","0.74367006","4.05032657","337.06460571","4.52117491","28.82736015","54.66503143","1007.36199951","945.64697266","24.28746986","0","12.48377991"
"2013-07-26 11:00:00","6.13469024","3.89092382","0.21536307","0.15915847","0.72551255","3.32227763","337.43280029","4.253901","29.63824081","51.51424026","1007.18701172","934.13201904","24.28746986","0","12.48377991"
"2013-07-26 12:00:00","5.60552512","3.56279021","0.21050618","0.07744048","0.79100836","3.1882289","336.31060791","3.95912695","29.77573967","52.07881165","1006.99902344","923.80841064","24.28746986","0","12.48377991"
"2013-07-26 13:00:00","4.68207883","2.66528211","0.19400745","0.00647117","0.37287288","3.02253519","337.52520752","4.04535723","30.20084953","46.82009125","1006.75201416","907.42260742","24.28746986","0","12.48377991"
"2013-07-26 14:00:00","4.09325166","2.17632444","0.20271816","","","2.88471033","337.24169922","4.07522106","30.31167984","42.91302109","1006.51702881","500.10171509","24.28746986","0","12.48377991"
"2013-07-26 15:00:00","4.49272009","2.58746371","0.19404706","","","3.03972961","337.6736145","4.07795286","29.89682007","43.86555099","1006.03900146","68.69963074","24.28746986","0","12.48377991"
"2013-07-26 16:00:00","6.69628097","4.50698743","0.22475646","","","3.672746","336.7571106","3.79001307","29.27960968","48.28340149","1005.72900391","63.25804138","24.28746986","0","12.48377991"
"2013-07-26 17:00:00","8.84147614","6.78058296","0.20605006","0.17023665","0.43084595","3.62267807","334.87750244","3.23677492","29.28915977","46.08396149","1005.39501953","38.06573105","24.28746986","0","12.48377991"
"2013-07-26 18:00:00","10.21108189","8.34084379","0.22856951","0.33466012","0.51423995","3.30602902","333.51791382","2.93447304","28.3185997","49.77783966","1005.21899414","16.45195961","24.28746986","0","12.48377991"
"2013-07-26 19:00:00","13.98397986","12.05537988","0.23756214","0.45356268","0.74846827","3.39454362","334.89239502","1.96721697","27.01070976","54.26488113","1005.34100342","0.201465","24.28746986","0","12.48377991"
"2013-07-26 20:00:00","13.52355497","11.35501428","0.24173634","0.4431425","0.91577494","2.74036549","339.8085022","2.26944304","25.72241974","65.65853119","1005.70001221","0","24.28746986","0","12.48377991"
"2013-07-26 21:00:00","5.96089518","3.96874222","0.22290994","0.39904741","0.98023342","2.49399825","339.40991211","1.76967394","24.90442085","78.85157013","1005.78302002","0","24.28746986","0","12.48377991"
"2013-07-26 22:00:00","7.03608734","5.13212922","0.23150065","0.06416762","0.53550949","2.29221833","337.52230835","1.04160094","24.41459084","83.05113983","1006.16900635","0","24.28746986","0","12.48377991"
"2013-07-26 23:00:00","10.29927671","8.47443332","0.24526862","0.47901005","1.10811201","2.32717161","334.86239624","0.95547497","23.85931015","87.82167053","1006.23699951","0","24.28746986","0","12.48377991"
"2013-07-27 00:00:00","11.02817509","9.22538088","0.25827468","0.37151519","1.03535278","2.48955701","306.03570557","0.83108801","23.56064034","93.10697174","1006.03900146","0","24.28746986","0","12.48377991"
"2013-07-27 01:00:00","9.44716332","7.63010177","0.26176735","0.21597724","1.44869006","2.48719656","310.12030029","0.87310302","23.22743988","97.12168121","1005.80700684","0","25.76095009","0","13.64048004"
"2013-07-27 02:00:00","","","0.24310172","0.20884705","1.43857396","2.21107292","326.49850464","0.95783103","22.89192963","95.54972076","1005.4050293","0","25.76095009","0","13.64048004"
"2013-07-27 03:00:00","7.55876887","5.7183618","0.23812367","0.2528323","1.26595041","","326.13540649","1.16573799","22.68613052","91.28137207","1005.0380249","0","25.76095009","0","13.64048004"
"2013-07-27 04:00:00","8.58856634","6.55101868","","0.95363276","1.16232422","1.89145525","327.74029541","1.11685896","22.51449966","91.31121063","1005.0380249","0.19637799","25.76095009","0","13.64048004"
"2013-07-27 05:00:00","13.05923724","10.99704773","0.21499143","0.79041647","1.11096572","1.70873492","337.38470459","1.13859105","23.09338951","85.51660919","1005.28100586","30.82722092","25.76095009","0","13.64048004"
"2013-07-27 06:00:00","12.50802294","9.87256994","0.20947749","1.12266325","1.25829851","2.05186869","337.0953064","2.09053993","25.47117043","72.63017273","1005.48901367","236.94340515","25.76095009","0","13.64048004"
"2013-07-27 07:00:00","6.38241278","4.33059778","0.16146551","0.5027031","1.07568802","2.58301423","337.11221313","3.65733504","27.18498039","62.30572128","1005.63000488","434.65899658","25.76095009","0","13.64048004"
"2013-07-27 08:00:00","7.31493725","5.22680763","0.17108375","0.10837254","0.76558845","3.07282482","338.87969971","3.912467","28.16687012","56.05643082","1005.66601563","620.03137207","25.76095009","0","13.64048004"
"2013-07-27 09:00:00","7.25397886","5.11397095","0.17217069","0.11034653","0.83691981","2.91846049","336.01361084","3.19001603","29.35984993","51.55337143","1005.62402344","762.62701416","25.76095009","0","13.64048004"
"2013-07-27 10:00:00","6.88045054","4.68726609","0.18919367","0.09602514","0.75835656","3.09966548","336.86450195","3.08754301","29.94869995","49.87654114","1005.74200439","901.58221436","25.76095009","0","13.64048004"
"2013-07-27 11:00:00","6.9829108","4.75081906","0.17446458","0.07798865","0.56443195","3.11277258","336.61230469","3.36533093","30.45351982","48.20322037","1005.59100342","902.54882813","25.76095009","0","13.64048004"
"2013-07-27 12:00:00","11.64942595","8.95301648","0.17901157","0.09312567","0.62474005","7.76428752","336.5","2.95715809","30.96364021","48.15988159","1005.44702148","886.49261475","25.76095009","0","13.64048004"
"2013-07-27 13:00:00","6.27476336","4.01413693","0.15711889","0.08939633","0.48012977","4.09126286","335.65460205","3.04614711","31.01268005","47.26216125","1005.31500244","875.8526001","25.76095009","0","13.64048004"
"2013-07-27 14:00:00","4.88570301","2.80146431","0.16617327","0.01393087","0.21775699","2.85520208","335.31100464","2.82388401","31.3222599","44.91717148","1005.11199951","489.95721436","25.76095009","0","13.64048004"
"2013-07-27 15:00:00","5.22421305","3.15813262","0.15888969","","","3.24886752","340.82119751","2.62147307","30.94762993","44.35015106","1004.99401855","75.44058228","25.76095009","0","13.64048004"
"2013-07-27 16:00:00","4.99464877","3.0310305","0.15973432","","","2.8147509","339.03289795","2.20096397","30.16604996","47.71834183","1004.87200928","66.84676361","25.76095009","0","13.64048004"
"2013-07-27 17:00:00","5.2255113","3.53295918","0.1788508","","","2.83554245","337.06350708","2.46157694","29.07481956","49.34317017","1004.86401367","43.55921173","25.76095009","0","13.64048004"
"2013-07-27 18:00:00","7.0801838","4.88959393","0.17152645","","","3.2590721","336.24920654","2.16259503","28.29412079","49.27064133","1005.02600098","18.35062981","25.76095009","0","13.64048004"
"2013-07-27 19:00:00","18.57008394","16.73486413","0.21829188","","","2.96042191","333.26071167","1.32905304","27.20614052","59.39342117","1005.375","0.176028","25.76095009","0","13.64048004"
"2013-07-27 20:00:00","16.53513087","14.51963049","0.23233712","","","2.24844869","336.77890015","1.12028599","26.01980019","70.52597046","1005.96801758","0","25.76095009","0","13.64048004"
"2013-07-27 21:00:00","9.39917594","7.52893785","0.19273527","","","2.15141977","340.07510376","1.38905299","25.17547989","82.64196014","1006.29602051","0","25.76095009","0","13.64048004"
"2013-07-27 22:00:00","8.98803476","7.10093665","0.1801789","","","2.10542493","330.48010254","1.05392694","24.89377022","81.80789185","1006.4630127","0","25.76095009","0","13.64048004"
"2013-07-27 23:00:00","13.16429208","11.36668704","0.19176949","","","2.09559461","333.76080322","1.07914102","24.22628975","87.84290314","1006.49902344","0","25.76095009","0","13.64048004"
"2013-07-28 00:00:00","12.292726","10.31613673","0.20348123","0.01568519","0.09480677","1.88263379","332.75891113","0.77642298","23.85849953","92.39382935","1006.33001709","0","25.76095009","0","13.64048004"
"2013-07-28 01:00:00","14.8827843","12.99698252","0.22155155","0.33411196","1.9925003","1.67635059","303.15209961","0.56461799","23.57703972","96.64012909","1006.17199707","0","23.79161072","0","16.09822083"
"2013-07-28 02:00:00","13.62601522","11.6831479","0.22682317","0.36910184","2.40142786","2.08563919","329.89840698","0.884359","23.56566048","81.08493042","1006.27502441","0","23.79161072","0","16.09822083"
"2013-07-28 03:00:00","10.90885482","9.04250764","0.20352201","0.26149816","1.74465333","2.30578613","295.64190674","0.488637","22.93996048","72.02008057","1006.51300049","0","23.79161072","0","16.09822083"
"2013-07-28 04:00:00","23.36888464","21.31187856","0.23233712","0.27827968","1.83518057","1.00381765","287.1065979","0.42049101","22.71698952","69.47129059","1006.88500977","0.269638","23.79161072","0","16.09822083"
"2013-07-28 05:00:00","29.76815744","26.8356848","0.24859702","0.36405651","2.22737747","1.94450502","199.85960388","0.323268","23.37944984","67.35482025","1007.27600098","30.5036602","23.79161072","0","16.09822083"
"2013-07-28 06:00:00","23.0614924","19.55448288","0.24207652","0.71484116","3.44352539","2.37055479","241.80430603","0.324893","25.21813965","57.96635056","1007.63299561","224.91650391","23.79161072","0","16.09822083"
"2013-07-28 07:00:00","17.74909791","14.14480583","0.21970036","0.73118435","2.62255722","4.52235187","342.23550415","1.12825501","28.16720963","50.75484085","1007.87701416","432.31381226","23.79161072","0","16.09822083"
"2013-07-28 08:00:00","10.71171423","8.1333287","0.15502539","0.52398281","2.11467251","4.0882383","335.74230957","1.88210106","29.98974991","43.51010132","1007.93200684","627.58227539","23.79161072","0","16.09822083"
"2013-07-28 09:00:00","7.86874614","5.44469915","0.1406388","0.17988899","1.05934686","3.55016394","336.63549805","2.49994111","30.79792023","41.06295013","1008.25","773.30792236","23.79161072","0","16.09822083"
"2013-07-28 10:00:00","6.11264106","4.06860981","0.11251104","0.05440543","0.79295388","3.19921656","335.80270386","2.63307309","31.57242966","38.21007156","1008.5","911.91381836","23.79161072","0","16.09822083"
"2013-07-28 11:00:00","5.04263806","3.0115759","0.13848472","","","2.94114264","346.05810547","2.364007","32.28034973","38.47612","1008.46600342","910.34881592","23.79161072","0","16.09822083"
"2013-07-28 12:00:00","4.71450253","2.74050784","0.11900592","","","2.67550733","346.07400513","2.38134003","32.53282166","37.68925095","1008.41802979","900.01507568","23.79161072","0","16.09822083"
"2013-07-28 13:00:00","3.5498192","1.77944869","0.12745799","","","1.84470376","335.67630005","2.63657904","33.09244156","33.90333176","1008.24200439","885.43951416","23.79161072","0","16.09822083"
"2013-07-28 14:00:00","3.62634126","1.67309751","0.10962883","","","2.20535331","338.21481323","2.6661551","33.24243164","32.0605011","1008.11102295","486.90270996","23.79161072","0","16.09822083"
"2013-07-28 15:00:00","3.63282677","1.82743798","0.10969291","","","2.24718964","353.25579834","2.28124309","32.6008606","33.06993103","1008.04400635","64.77716064","23.79161072","0","16.09822083"
"2013-07-28 16:00:00","4.1010335","2.18410437","0.12844591","","","1.95168911","347.10510254","2.23669791","31.51741982","36.05664063","1007.92102051","57.47151184","23.79161072","0","16.09822083"
"2013-07-28 17:00:00","5.98034978","3.96744589","0.11880437","","","2.81676659","343.09689331","1.71644497","30.90555954","35.67168045","1007.91900635","33.89804077","23.79161072","0","16.09822083"
"2013-07-28 18:00:00","7.89727891","5.86491851","0.16404016","","","2.82609248","353.76690674","1.03164995","29.87396049","41.99464035","1008.17199707","14.08423996","23.79161072","0","16.09822083"
"2013-07-28 19:00:00","14.99173006","12.75834006","0.19362067","","","3.35912659","347.67120361","0.86179298","28.62305069","47.32186127","1008.40002441","0.046805","23.79161072","0","16.09822083"
"2013-07-28 20:00:00","22.40523664","20.22760248","0.22167271","","","4.32741128","353.11199951","0.60403401","27.61557961","49.86040115","1008.80999756","0","23.79161072","0","16.09822083"
"2013-07-28 21:00:00","25.49980864","23.64124904","0.24066803","","","4.07614007","356.86560059","0.40033001","26.54104042","56.98662186","1009.11401367","0","23.79161072","0","16.09822083"
"2013-07-28 22:00:00","36.67455","34.49043416","0.32602875","","","2.50639752","259.87420654","0.37505499","26.01885033","64.90190125","1009.35101318","0","23.79161072","0","16.09822083"
"2013-07-28 23:00:00","22.2923904","19.97210192","0.28248338","","","1.7612823","215.29060364","0.27955201","25.5451107","81.85755157","1009.45501709","0","23.79161072","0","16.09822083"
"2013-07-29 00:00:00","15.81660701","13.81148305","0.25849719","0.02435105","0.11633666","1.75384904","183.769104","0.225416","25.21347046","82.63838196","1009.12200928","0","23.79161072","0","16.09822083"
"2013-07-29 01:00:00","16.94108289","15.02804467","0.26755274","0.52650599","2.45771576","1.58234318","283.91830444","0.24021301","24.89669037","80.69068146","1009.05401611","0","21.63735962","0","14.47062016"
"2013-07-29 02:00:00","","","0.24722815","0.5507472","2.9404399","1.62947198","273.4375","0.21710899","24.51431084","85.25157928","1009.04901123","0","21.63735962","0","14.47062016"
"2013-07-29 03:00:00","18.53506566","16.65964031","0.27040932","0.68599294","2.90568087","","198.52380371","0.194197","24.03412056","89.70729065","1008.92602539","0","21.63735962","0","14.47062016"
"2013-07-29 04:00:00","21.27815088","19.36123704","","0.69246411","3.92521218","3.72088366","282.5","0.21978","23.77824974","92.22405243","1008.92199707","0.167888","21.63735962","0","14.47062016"
"2013-07-29 05:00:00","48.56650168","41.16467168","0.46836495","0.81421935","4.86160781","3.72704567","196.11410522","0.37781301","24.26033974","89.88249969","1009.09802246","28.92753983","21.63735962","0","14.47062016"
"2013-07-29 06:00:00","67.98741224","55.30945648","0.51218526","1.33885914","6.25089795","3.95443161","270.1111145","0.45390201","26.80809975","68.24452972","1009.14300537","224.03230286","21.63735962","0","14.47062016"
"2013-07-29 07:00:00","38.57978152","32.17404616","0.38723202","1.32098028","7.58416055","4.7829927","88.93276978","0.59634101","30.6426506","43.0759697","1009.22302246","445.57281494","21.63735962","0","14.47062016"
"2013-07-29 08:00:00","12.97623158","10.23183282","0.24227573","0.82573586","3.52873473","4.42702032","39.69070053","0.66374099","33.14028168","30.16732979","1009.01300049","631.70007324","21.63735962","0","14.47062016"
"2013-07-29 09:00:00","17.51564271","14.17722953","0.25709686","0.04892075","1.22263232","4.37615609","115.36100006","1.17537999","34.56641006","27.81847","1008.85101318","776.82727051","21.63735962","0","14.47062016"
"2013-07-29 10:00:00","17.00593219","13.78943578","0.24195419","0.25054812","1.99812939","6.60555738","102.65119934","1.19361103","36.01885986","25.64557076","1008.67901611","895.75292969","21.63735962","0","14.47062016"
"2013-07-29 11:00:00","12.21750027","9.76232784","0.24528842","0.2289206","1.84218465","6.68670788","70.55261993","2.138937","36.77709961","26.09863091","1008.32202148","896.9442749","21.63735962","0","14.47062016"
"2013-07-29 12:00:00","9.77918977","7.50170141","0.2376169","0.09542918","1.05506733","5.13505877","62.61817169","2.60666299","36.50175095","27.64672089","1007.96002197","892.92840576","21.63735962","0","14.47062016"
"2013-07-29 13:00:00","8.40439676","6.01407172","0.20737233","0.03586857","0.7115054","5.21560721","58.92224121","2.68004894","36.46405029","25.95664978","1007.52301025","873.87872314","21.63735962","0","14.47062016"
"2013-07-29 14:00:00","7.23063334","5.09322002","0.19207006","","","4.32335853","71.49333191","2.34419203","35.83000183","26.25105095","1007.35601807","478.40649414","21.63735962","0","14.47062016"
"2013-07-29 15:00:00","6.4446675","4.57702399","0.19279236","","","4.21163193","72.52230072","2.04096293","34.82152176","27.31637001","1007.08001709","73.70674133","21.63735962","0","14.47062016"
"2013-07-29 16:00:00","8.95561106","6.87655962","0.22544614","","","4.21375847","78.51373291","2.11810207","34.33699036","27.89011002","1006.70599365","70.11396027","21.63735962","0","14.47062016"
"2013-07-29 17:00:00","15.98132198","13.25637782","0.27167684","","","3.91195152","73.42819977","1.52124596","34.24562073","27.20837975","1006.39300537","44.05982971","21.63735962","0","14.47062016"
"2013-07-29 18:00:00","26.75268488","23.7229488","0.28806373","","","3.97995933","165.20950317","0.72775799","33.2173996","31.6068306","1006.45300293","17.99043083","21.63735962","0","14.47062016"
"2013-07-29 19:00:00","35.61101912","33.00670304","0.36437822","","","4.0873352","200.18380737","0.81647199","30.76515961","38.15988159","1006.44000244","0.018315","21.63735962","0","14.47062016"
"2013-07-29 20:00:00","46.4680052","43.12309504","0.40566698","","","4.38847501","187.28520203","1.16770399","29.67140961","41.14210129","1006.55603027","0","21.63735962","0","14.47062016"
"2013-07-29 21:00:00","30.48408672","28.32851704","0.36622591","","","4.58795549","189.21220398","0.85763103","28.80611992","45.08750153","1006.66900635","0","21.63735962","0","14.47062016"
"2013-07-29 22:00:00","26.48680216","24.4596424","0.36084361","","","4.44952958","189.22880554","0.76771301","28.32254982","52.40116119","1006.61102295","0","21.63735962","0","14.47062016"
"2013-07-29 23:00:00","26.12883752","23.95122248","0.39442124","","","4.43565465","145.80050659","1.25289798","28.01234055","54.07529068","1006.23602295","0","21.63735962","0","14.47062016"
"2013-07-30 00:00:00","24.24433208","22.11470824","0.37574396","","","3.47390725","321.16390991","0.96311003","26.87220001","59.38990021","1006.28302002","0","21.63735962","0","14.47062016"
"2013-07-30 01:00:00","24.98750736","22.780046","0.39695162","","","3.41625047","155.77380371","0.32096401","25.96525955","65.42796326","1006.19799805","0","21.62541962","0","7.90001297"
"2013-07-30 02:00:00","29.8861852","27.6916872","0.45812344","","","3.8755358","179.32550049","0.268336","26.08885956","67.79385376","1005.69702148","0","21.62541962","0","7.90001297"
"2013-07-30 03:00:00","31.41012568","29.50745624","0.4572392","","","3.71539186","13.35820961","0.28975999","25.91308975","69.1733017","1005.42199707","0","21.62541962","0","7.90001297"
"2013-07-30 04:00:00","11.72983894","9.93093565","0.34666439","","","3.70732705","1.29598999","0.68018198","26.36033058","67.26895142","1005.48901367","0.117013","21.62541962","0","7.90001297"
"2013-07-30 05:00:00","12.8958186","10.37450053","0.2953741","0.02317641","0.0953285","3.83105324","334.55099487","1.29807699","26.4323597","68.05480957","1005.6920166","36.40008163","21.62541962","0","7.90001297"
"2013-07-30 06:00:00","11.24477027","8.69362118","0.29079565","0.61864415","2.1755003","4.31250104","336.8894043","2.22103691","27.42617989","66.05101013","1005.88201904","205.55340576","21.62541962","0","7.90001297"
"2013-07-30 07:00:00","17.15119257","13.81148305","0.26520992","0.69290346","1.44609671","6.40868144","336.66220093","2.95579004","29.06266975","57.07143021","1006.09301758","412.78491211","21.62541962","0","7.90001297"
"2013-07-30 08:00:00","16.77247699","13.25767416","0.26496877","","","8.69265902","335.9006958","3.86491108","29.94001961","54.05236053","1005.89801025","600.23699951","21.62541962","0","7.90001297"
"2013-07-30 09:00:00","7.78055131","5.31500246","0.22444308","","","5.62745966","334.09310913","4.3692441","30.82802963","47.35232162","1005.75402832","755.78442383","21.62541962","0","7.90001297"
"2013-07-30 10:00:00","7.85058787","5.39671178","0.1990985","0.04558397","1.35810383","4.90586155","333.86401367","4.58438683","31.76671982","41.22032166","1005.61700439","906.4274292","21.62541962","0","7.90001297"
"2013-07-30 11:00:00","11.90882126","8.93226554","0.18508122","0.01636658","1.10484744","7.43103797","336.43200684","4.86628723","31.18844032","43.61077118","1005.50201416","910.98901367","21.62541962","0","7.90001297"
"2013-07-30 12:00:00","7.11520208","4.65873331","0.17402071","","","4.80671015","335.11520386","5.62821198","30.76000023","42.99436951","1005.43701172","909.17272949","21.62541962","0","7.90001297"
"2013-07-30 13:00:00","4.8364193","2.54077267","0.15427396","0.01032458","0.50417572","3.95195522","335.55700684","5.12840414","30.72817993","43.19115067","1005.45300293","893.42181396","21.62541962","0","7.90001297"
"2013-07-30 14:00:00","3.8092145","1.78982511","0.16539971","0.30504407","0.41917384","3.80841685","334.76989746","5.30015516","29.98349953","45.19556046","1005.21002197","492.54159546","21.62541962","0","7.90001297"
"2013-07-30 15:00:00","2.58227646","0.81320228","0.15254743","0.50906545","0.24966231","3.2847127","334.02120972","5.38669395","29.49151993","39.86249161","1004.94702148","60.9025116","21.62541962","0","7.90001297"
"2013-07-30 16:00:00","2.5706037","0.66405098","0.1527082","","","3.64084373","335.55700684","5.22651815","28.32361984","46.01010132","1004.72900391","65.5484314","21.62541962","0","7.90001297"
"2013-07-30 17:00:00","3.11922342","1.2515799","0.17399508","","","4.355871","333.69070435","4.9189992","27.21306038","52.43473053","1004.85900879","41.83454132","21.62541962","0","7.90001297"
"2013-07-30 18:00:00","4.08936074","2.22820274","0.17443662","0.01820837","0.4958231","4.07031673","335.37530518","4.12064791","26.62915039","53.41371155","1005.13500977","18.0748806","21.62541962","0","7.90001297"
"2013-07-30 19:00:00","7.03997826","5.06727991","0.176847","0.12482556","0.51605529","4.17689934","336.31451416","2.74316192","25.94713974","59.86426163","1005.27301025","0.157713","21.62541962","0","7.90001297"
"2013-07-30 20:00:00","5.7378164","3.78197806","0.20211119","","","3.90601326","337.83050537","2.43399405","25.62590027","64.09529114","1005.43103027","0","21.62541962","0","7.90001297"
"2013-07-30 21:00:00","3.69119057","1.90006721","0.18953968","0.08917666","0.78535486","3.78759073","338.34020996","2.64370608","25.26087952","64.94824219","1005.45800781","0","21.62541962","0","7.90001297"
"2013-07-30 22:00:00","8.84407072","7.22803876","0.18255084","0.07283347","0.42980861","3.09082064","335.64871216","2.18064594","24.90250969","65.53308868","1005.5","0","21.62541962","0","7.90001297"
"2013-07-30 23:00:00","7.22414975","5.37985176","0.18897698","0.22409392","0.1610806","3.71618512","338.13839722","1.02079701","24.42538071","66.90483093","1005.37402344","0","21.62541962","0","7.90001297"
"2013-07-31 00:00:00","11.56382571","9.6507875","0.22130923","0.01458887","0.74081636","3.67564242","233.69119263","0.66913903","23.91398048","70.9733429","1004.82000732","0","21.62541962","0","7.90001297"
"2013-07-31 01:00:00","10.50290089","8.7234522","0.21158963","0.1102367","1.71339787","3.70631209","239.69830322","0.59747702","23.4597702","70.84425354","1004.67102051","0","25.96499062","0","9.0708189"
"2013-07-31 02:00:00","","","0.19857658","0.05056626","1.32833319","3.78117651","262.41900635","1.55121696","23.36453056","68.63648224","1004.0300293","0","25.96499062","0","9.0708189"
"2013-07-31 03:00:00","3.91037842","2.2787847","0.1984962","0.07403963","1.29980126","","298.24731445","2.0305891","23.95738983","72.45407104","1003.59100342","0","25.96499062","0","9.0708189"
"2013-07-31 04:00:00","4.28650133","2.36438494","","0.00833635","0.65275331","2.74341649","330.2973938","2.42668295","24.0796299","77.91635132","1003.39202881","0.09768","25.96499062","0","9.0708189"
"2013-07-31 05:00:00","6.53675134","4.62371503","0.09521895","0.01513703","0.62888941","2.6192296","326.16329956","2.22229004","24.44849968","75.50054169","1003.14801025","30.76210976","25.96499062","0","9.0708189"
"2013-07-31 06:00:00","7.18264597","4.74044263","0.10930729","0.04124342","0.98879249","2.82307606","335.78860474","3.80071306","25.81805992","70.10256958","1003.1550293","218.6558075","25.96499062","0","9.0708189"
"2013-07-31 07:00:00","4.99853969","2.86761186","0.08105138","0.04628876","0.65054846","3.33619934","337.95721436","4.58532","26.48311043","62.60113144","1003.29901123","445.125","25.96499062","0","9.0708189"
"2013-07-31 08:00:00","29.27011968","2.42404507","0.1226745","0.08884817","0.73199694","3.18047529","334.57049561","4.51445293","27.64027977","55.05006027","1003.32501221","637.246521","25.96499062","0","9.0708189"
"2013-07-31 09:00:00","16.89049902","0.96105724","0.42852778","0.27904751","2.74200692","39.00013974","336.22940063","5.74177504","27.91419029","51.24047089","1003.66400146","782.78991699","25.96499062","0","9.0708189"
"2013-07-31 10:00:00","2.92338108","2.14778975","0.07171973","0.45707234","2.84654029","5.47781625","336.08670044","6.07416677","27.93404961","53.25226974","1003.84802246","918.7800293","25.96499062","0","9.0708189"
"2013-07-31 11:00:00","2.54985276","1.72238314","0.06792999","0.08533749","1.39071699","4.26859613","335.85809326","5.88195705","28.51111984","45.67547989","1004.20001221","927.9251709","25.96499062","0","9.0708189"
"2013-07-31 12:00:00","3.53944469","2.05440767","0.0809477","0.00010984","1.25933585","4.25648773","334.3092041","5.11272192","29.32031059","37.30884171","1003.8170166","918.71380615","25.96499062","0","9.0708189"
"2013-07-31 13:00:00","2.51293204","1.42844946","0.04316558","0.00011492","0.65447713","4.14885557","336.43200684","5.23880577","29.46706009","34.82508087","1003.54901123","890.597229","25.96499062","0","9.0708189"
"2013-07-31 14:00:00","","","","","0.34226423","","337.55090332","5.50405788","29.07224083","37.19480133","1003.35400391","490.60540771","25.96499062","0","9.0708189"
"2013-07-31 15:00:00","","","","0.01524686","0.45406101","","334.61340332","5.63503218","28.62976074","38.85076141","1003.02001953","72.31278229","25.96499062","0","9.0708189"
"2013-07-31 16:00:00","7.18653689","5.9453315","0.14864468","0.31974277","0.37066802","3.79417987","335.91641235","5.91701794","27.85144043","46.54124069","1002.86700439","66.98209381","25.96499062","0","9.0708189"
"2013-07-31 17:00:00","6.02055722","4.71450253","0.14857478","0.25074847","0.21230994","3.75708581","336.09161377","5.43050385","27.29894066","46.90665054","1002.93200684","39.74460983","25.96499062","0","9.0708189"
"2013-07-31 18:00:00","8.32398378","7.16059678","0.15732743","","","3.31357923","336.73730469","4.58688402","26.82051086","47.53791046","1002.99902344","15.74378967","25.96499062","0","9.0708189"
"2013-07-31 19:00:00","9.76492242","8.27080723","0.15164689","0.03531939","0.56507978","3.71598274","330.96499634","5.12106895","25.94062996","54.15771103","1003.27502441","0.08954","25.96499062","0","9.0708189"
"2013-07-31 20:00:00","9.0347258","7.9582373","0.13874684","0.00263301","0.56546929","4.18004086","333.89691162","5.02989578","25.68688011","56.81941986","1003.67401123","0","25.96499062","0","9.0708189"
"2013-07-31 21:00:00","10.58071929","9.38361226","0.14523706","","0.44679861","4.33794333","332.25531006","4.47280312","25.55805969","60.97970963","1003.61102295","0","25.96499062","0","9.0708189"
"2013-07-31 22:00:00","11.21104833","9.851819","0.14174905","0.00010984","0.43512548","4.43055338","334.92480469","3.79335308","25.23843002","65.78401184","1003.65100098","0","25.96499062","0","9.0708189"
"2013-07-31 23:00:00","7.61583442","6.53934592","0.1209771","0.09608718","1.62909569","3.61171583","334.94259644","3.53298497","25.0834198","69.62120056","1003.77099609","0","25.96499062","0","9.0708189"
"2013-08-01 00:00:00","5.69501628","4.58221125","0.12592602","0.03191956","0.28908937","3.08800355","337.55050659","2.96287799","24.91316986","71.96839142","1003.44500732","0","25.96499062","0","9.0708189"
"2013-08-01 01:00:00","4.6263077","3.58354114","0.15335128","0.08347333","0.33059212","3.39391003","337.38720703","2.80959797","25.26609993","64.74900055","1003.27301025","0","25.95561981","0","10.39410973"
"2013-08-01 02:00:00","5.30462603","4.10751901","0.14369809","0.13074857","0.37559844","3.08524849","349.28170776","1.60298598","25.14340019","62.60330963","1003.07202148","0","25.95561981","0","10.39410973"
"2013-08-01 03:00:00","5.68723444","4.50439285","0.14961862","0.05250364","0.38053394","3.37924692","351.16711426","1.38173902","24.89669037","64.55264282","1003.20800781","0","25.95561981","0","10.39410973"
"2013-08-01 04:00:00","5.19308569","3.89870566","0.12795545","0.02248587","0.41774699","3.27347689","355.58370972","1.36738896","24.85976982","64.95536041","1003.36199951","0.001018","25.95561981","0","10.39410973"
"2013-08-01 05:00:00","6.87368015","4.91026074","0.14088112","0.02797055","0.51472607","","15.66664982","1.51308405","25.02518082","63.04521179","1003.65301514","25.64611053","25.95561981","0","10.39410973"
"2013-08-01 06:00:00","11.68574248","8.7169667","0.07344626","0.03740424","0.43434748","6.5876175","347.31021118","1.75262702","26.05664063","58.62915039","1004.17901611","210.33770752","25.95561981","0","10.39410973"
"2013-08-01 07:00:00","10.08397786","7.71570201","0.14714416","","","4.11261884","352.84890747","2.29219508","27.21331978","51.28612137","1004.67901611","422.14590454","25.95561981","0","10.39410973"
"2013-08-01 08:00:00","9.41344138","6.87396504","0.15947685","","","4.16312103","351.29251099","2.43154597","28.42613029","45.00548172","1004.96600342","594.85852051","25.95561981","0","10.39410973"
"2013-08-01 09:00:00","7.41221025","5.27609326","0.14141819","","","3.65407388","351.21459961","2.57458711","29.30204964","40.47780991","1005.39202881","761.94750977","25.95561981","0","10.39410973"
"2013-08-01 10:00:00","6.80263214","4.57572574","0.12948043","","","3.63765645","339.6177063","2.86674905","29.78713989","36.18585968","1005.684021","903.93347168","25.95561981","0","10.39410973"
"2013-08-01 11:00:00","6.34869084","4.22554294","0.11027774","","","4.144574","337.1473999","3.79819798","29.54142952","38.86439133","1005.78100586","902.58032227","25.95561981","0","10.39410973"
"2013-08-01 12:00:00","5.08154726","3.1607272","0.12319176","","","3.975393","337.6026001","4.09446907","29.38142014","40.2836113","1005.73901367","877.74621582","25.95561981","0","10.39410973"
"2013-08-01 13:00:00","4.19052466","2.28786287","0.1447664","","","3.90684415","339.10879517","4.45189714","29.33168983","38.19636154","1005.72399902","860.31951904","25.95561981","0","10.39410973"
"2013-08-01 14:00:00","4.1140026","2.49667622","0.12682656","","","3.92288325","336.41470337","4.40387201","29.34926987","37.4906311","1005.70300293","482.41140747","25.95561981","0","10.39410973"
"2013-08-01 15:00:00","3.77679081","2.31899023","0.12621028","","","3.51371466","337.29541016","4.93895006","29.13599968","34.76237106","1005.75701904","89.13207245","25.95561981","0","10.39410973"
"2013-08-01 16:00:00","3.77938348","1.90395813","0.1205309","","","3.53188642","337.74310303","4.41560316","28.96886063","31.13688087","1005.79400635","74.22669983","25.95561981","0","10.39410973"
"2013-08-01 17:00:00","7.70662383","5.90772054","0.12879658","","","4.28906834","335.94219971","4.04876709","28.36379051","34.95162964","1005.89501953","46.09788132","25.95561981","0","10.39410973"
"2013-08-01 18:00:00","20.1705484","18.09149887","0.12010568","","","9.24959873","336.01870728","3.13392496","27.27621078","41.65729141","1006.41900635","18.03722954","25.95561981","0","10.39410973"
"2013-08-01 19:00:00","14.43403216","12.9217587","0.10088667","","","4.68470372","333.18099976","2.82792592","25.95387077","50.86283112","1007.01000977","0.086488","25.95561981","0","10.39410973"
"2013-08-01 20:00:00","9.48088526","7.73126569","0.13919304","","","3.85195361","336.27740479","2.20285201","25.31183052","59.05894089","1007.559021","0","25.95561981","0","10.39410973"
"2013-08-01 21:00:00","6.37463094","4.78583542","0.13663703","","","3.09828135","335.58300781","1.88493299","24.92477036","62.94268036","1007.81201172","0","25.95561981","0","10.39410973"
"2013-08-01 22:00:00","6.7559411","5.09840727","0.12168891","","","2.62281656","336.42950439","1.84162605","24.51695061","68.71015167","1007.90600586","0","25.95561981","0","10.39410973"
"2013-08-01 23:00:00","9.46791426","7.82594602","0.12021169","","","2.66617737","339.47131348","1.06682897","24.14801025","70.20648956","1007.90802002","0","25.95561981","0","10.39410973"
"2013-08-02 00:00:00","8.53798438","6.65088626","0.13126288","","","2.26427829","309.15530396","0.94400102","23.78395081","74.01531982","1007.67401123","0","25.95561981","0","10.39410973"
"2013-08-02 01:00:00","5.95700426","4.48623458","0.10978028","","","2.23043965","330.60690308","0.99880499","23.45969963","77.74610138","1007.42199707","0","25.94857979","0","10.98589039"
"2013-08-02 02:00:00","","","0.11962453","","","2.29397774","326.71530151","1.12629902","23.20524979","79.66558075","1007.3170166","0","25.94857979","0","10.98589039"
"2013-08-02 03:00:00","5.22162038","3.4460607","0.12064391","","","","335.95651245","1.33945203","23.07439995","81.22058105","1007.24102783","0","25.94857979","0","10.98589039"
"2013-08-02 04:00:00","6.75075385","5.61071238","","","","2.15349648","333.355896","1.57279003","23.07839966","82.87837982","1007.29901123","0","25.94857979","0","10.98589039"
"2013-08-02 05:00:00","8.99062743","7.14762769","0.23348231","","","2.60554383","335.37759399","1.57323396","23.38536072","77.3945694","1007.46899414","38.32315063","25.94857979","0","10.98589039"
"2013-08-02 06:00:00","14.76086753","11.18640647","0.21835945","","","2.92113724","336.95129395","1.60876","24.58362961","66.95957184","1007.80700684","128.9315033","25.94857979","0","10.98589039"
"2013-08-02 07:00:00","17.15378715","13.4081237","0.25947113","","","4.42194346","336.6729126","2.40570211","26.66427994","57.50902176","1008.15600586","403.15930176","25.94857979","0","10.98589039"
"2013-08-02 08:00:00","15.17719788","11.72465168","0.27625645","","","6.72451384","337.57510376","2.51938605","28.42395973","51.02807999","1008.32501221","596.41821289","25.94857979","0","10.98589039"
"2013-08-02 09:00:00","9.64041298","7.20080232","0.23085174","","","5.04865649","339.603302","3.40676188","28.63850975","51.89913177","1008.58001709","745.82202148","25.94857979","0","10.98589039"
"2013-08-02 10:00:00","8.95171823","6.5873333","0.2364985","","","4.60862195","338.81500244","3.20455599","29.07324982","54.33190155","1008.60900879","882.71557617","25.94857979","0","10.98589039"
"2013-08-02 11:00:00","8.27080723","6.02185356","0.23951468","","","5.38591098","338.08151245","3.25345397","29.49138069","49.90293121","1008.58502197","901.15380859","25.94857979","0","10.98589039"
"2013-08-02 12:00:00","7.0088509","4.86365574","0.21588499","","","5.07725249","334.65490723","2.78500199","30.18815994","44.20994186","1008.38000488","892.47851563","25.94857979","0","10.98589039"
"2013-08-02 13:00:00","5.65091791","3.7638198","0.21685194","","","4.84469307","337.13409424","2.81010199","30.41275978","40.1781311","1008.15002441","861.76641846","25.94857979","0","10.98589039"
"2013-08-02 14:00:00","4.99594702","3.16591446","0.22895629","","","3.90098114","338.77209473","2.7606771","30.13512039","37.71767044","1008.04400635","475.39990234","25.94857979","0","10.98589039"
"2013-08-02 15:00:00","5.0893291","3.17888546","0.19716577","","","3.496027","339.8427124","3.102036","29.54055977","37.68383026","1008.05999756","78.46559906","25.94857979","0","10.98589039"
"2013-08-02 16:00:00","5.8350894","4.11011359","0.23858734","","","3.60356864","339.47940063","2.87218094","28.48316956","48.79087067","1008.04400635","65.73361969","25.94857979","0","10.98589039"
"2013-08-02 17:00:00","5.85584034","3.95188221","0.22184047","","","3.65644349","339.92669678","2.87021399","27.63632965","53.4192009","1008.04302979","41.44179153","25.94857979","0","10.98589039"
"2013-08-02 18:00:00","6.93362709","5.09840727","0.21754744","","","3.66800983","338.94900513","2.24703503","26.83061981","57.50006104","1008.20599365","15.60031986","25.94857979","0","10.98589039"
"2013-08-02 19:00:00","6.60938248","5.19438394","0.22481821","","","3.02487632","342.21810913","1.99540198","26.06912041","61.18478012","1008.50799561","0.011193","25.94857979","0","10.98589039"
"2013-08-02 20:00:00","8.40958402","6.64699534","0.24852596","","","2.88337196","339.8934021","1.47254097","25.36763954","69.45616913","1008.875","0","25.94857979","0","10.98589039"
"2013-08-02 21:00:00","8.41996044","6.53934592","0.21580693","","","3.1954201","336.63619995","1.00611806","24.80952072","73.83849335","1008.91900635","0","25.94857979","0","10.98589039"
"2013-08-02 22:00:00","12.77001282","10.97240587","0.24160353","","","2.62627741","357.69549561","0.58410901","24.24547958","77.13632965","1009.11401367","0","25.94857979","0","10.98589039"
"2013-08-02 23:00:00","10.32262032","8.73901588","0.21573004","","","2.65170953","339.13461304","0.71757299","23.99559021","78.76991272","1009.15802002","0","25.94857979","0","10.98589039"
"2013-08-03 00:00:00","9.24353723","7.3784883","0.20010506","","","2.62087816","332.74160767","0.78008401","23.6771698","76.5202713","1008.95300293","0","25.94857979","0","10.98589039"
"2013-08-03 01:00:00","11.79857916","10.05933601","0.2346811","","","2.60522449","331.12780762","0.70164001","23.13105011","82.76889038","1008.68200684","0","25.96986961","0","15.14638042"
"2013-08-03 02:00:00","11.7415117","9.86608634","0.23065835","","","2.59014442","307.79949951","0.78978997","22.76082039","89.96154022","1008.48101807","0","25.96986961","0","15.14638042"
"2013-08-03 03:00:00","7.63917994","5.96997335","0.22288431","","","2.65672537","311.55911255","1.40487397","22.64258003","83.89810181","1008.30603027","0","25.96986961","0","15.14638042"
"2013-08-03 04:00:00","6.24493234","4.40711985","0.20304436","","","2.60793785","336.15719604","1.45927596","22.59707069","79.5710907","1008.35400391","0","25.96986961","0","15.14638042"
"2013-08-03 05:00:00","7.79352041","5.93495698","0.21464659","","","2.80637489","337.61419678","1.444224","23.01539993","75.8848114","1008.57501221","21.64529991","25.96986961","0","15.14638042"
"2013-08-03 06:00:00","12.88025492","10.13974899","0.21824411","","","3.11270444","334.66400146","1.76243901","24.79738045","69.04823303","1008.77301025","210.17990112","25.96986961","0","15.14638042"
"2013-08-03 07:00:00","10.72079241","7.96212822","0.22288431","","","4.51641666","336.68881226","2.79446912","27.0975399","56.57976151","1009.02801514","432.33200073","25.96986961","0","15.14638042"
"2013-08-03 08:00:00","6.59252246","4.3733979","0.2069506","","","3.85088576","336.87890625","3.66195798","28.88323975","43.80442047","1009.27001953","613.81341553","25.96986961","0","15.14638042"
"2013-08-03 09:00:00","6.71962649","4.42268353","0.21774083","","","3.57925523","337.95159912","3.90336108","29.76745987","37.57970047","1009.36901855","759.7913208","25.96986961","0","15.14638042"
"2013-08-03 10:00:00","5.96997335","3.88314198","0.20014351","","","3.39417343","337.31561279","3.62421489","29.99374962","39.3835907","1009.39300537","895.83032227","25.96986961","0","15.14638042"
"2013-08-03 11:00:00","5.19568027","3.2515147","0.21193913","","","3.36711411","338.40710449","3.81279302","30.12405968","41.02780151","1009.18200684","921.16491699","25.96986961","0","15.14638042"
"2013-08-03 12:00:00","5.13602014","3.26967296","0.21248668","","","3.63069407","337.9125061","3.66675091","30.15995026","43.93616104","1008.74700928","911.37872314","25.96986961","0","15.14638042"
"2013-08-03 13:00:00","4.39415075","2.65620394","0.20691216","","","4.03101578","339.09649658","3.610497","30.40225029","41.20050049","1008.5380249","883.42590332","25.96986961","0","15.14638042"
"2013-08-03 14:00:00","4.05952972","2.19448079","0.15454541","","","3.42267282","338.22460938","3.75872493","30.41846085","40.32315063","1008.27301025","479.00180054","25.96986961","0","15.14638042"
"2013-08-03 15:00:00","5.96348976","3.84423278","0.17032533","","","3.45634772","337.59851074","3.63967991","29.91514015","44.40924072","1007.93200684","63.04740143","25.96986961","0","15.14638042"
"2013-08-03 16:00:00","21.7087524","17.84507458","0.2097734","","","7.38164432","340.64379883","3.556885","29.25551987","49.89981079","1007.72399902","54.39152145","25.96986961","0","15.14638042"
"2013-08-03 17:00:00","22.3312996","18.90989032","0.20996679","","","8.78283234","339.80731201","3.02589202","28.66259003","52.97097015","1007.5880127","33.81867981","25.96986961","0","15.14638042"
"2013-08-03 18:00:00","17.75039616","15.49365874","0.20915478","","","5.95811891","339.43280029","2.23122191","27.47319984","57.032341","1007.71002197","12.74520969","25.96986961","0","15.14638042"
"2013-08-03 19:00:00","10.87253829","8.9374528","0.20439809","","","3.50644311","341.43789673","1.99578202","26.06048965","64.39234161","1008.14202881","0","25.96986961","0","15.14638042"
"2013-08-03 20:00:00","9.5859401","7.17226954","0.23328892","","","2.70701195","342.56219482","1.21383095","25.17819977","74.30898285","1008.70501709","0","25.96986961","0","15.14638042"
"2013-08-03 21:00:00","8.79089418","6.92325066","0.22621038","","","2.58682188","342.22280884","0.86788797","24.74473953","77.84043884","1008.95800781","0","25.96986961","0","15.14638042"
"2013-08-03 22:00:00","5.74948916","4.09844083","0.19844261","","","2.42892958","338.42590332","1.30478895","24.59564018","77.61016083","1008.96801758","0","25.96986961","0","15.14638042"
"2013-08-03 23:00:00","6.35517634","4.28001582","0.19925461","","","2.18799923","337.59759521","1.00391901","24.34288979","78.31088257","1008.69799805","0","25.96986961","0","15.14638042"
"2013-08-04 00:00:00","9.06585316","7.1839423","0.24021135","","","2.32624512","337.48590088","1.03173101","23.83012962","79.41731262","1008.23901367","0","25.96986961","0","15.14638042"
"2013-08-04 01:00:00","12.23306395","10.39914238","0.24392421","","","2.44094035","313.76431274","0.59191298","23.40732956","78.23531342","1008.00500488","0","25.96459007","0","12.18951988"
"2013-08-04 02:00:00","","","0.24315065","","","2.50589512","310.2572937","0.53578299","23.30430031","73.07095337","1007.78100586","0","25.96459007","0","12.18951988"
"2013-08-04 03:00:00","15.23556168","13.51966405","0.20923284","","","","304.13760376","0.400805","22.81155968","67.82662201","1007.67401123","0","25.96459007","0","12.18951988"
"2013-08-04 04:00:00","26.38953872","24.44665992","","","","2.19477041","309.13870239","0.39366001","22.80335045","65.41899109","1007.73602295","0.002035","25.96459007","0","12.18951988"
"2013-08-04 05:00:00","46.65735056","42.68083032","0.26768555","","","2.04428289","308.09091187","0.28194001","22.82390022","69.00447083","1008.15100098","21.78367996","25.96459007","0","12.18951988"
"2013-08-04 06:00:00","25.08737112","21.5323704","0.26877366","","","2.26096796","333.17010498","1.13365698","25.42346954","62.81074142","1008.38702393","209.81170654","25.96459007","0","12.18951988"
"2013-08-04 07:00:00","8.21244343","6.1528485","0.19426375","","","2.99897231","339.18130493","2.926579","27.88414001","53.35998154","1008.48101807","439.88290405","25.96459007","0","12.18951988"
"2013-08-04 08:00:00","8.05810297","5.72743998","0.20161024","","","3.54838521","337.71740723","3.44415593","28.78190994","50.4524498","1008.50701904","621.52001953","25.96459007","0","12.18951988"
"2013-08-04 09:00:00","7.97120639","5.90253138","0.1902445","","","3.71099842","338.05340576","3.2074461","29.43630028","49.40970993","1008.72302246","769.67626953","25.96459007","0","12.18951988"
"2013-08-04 10:00:00","13.67789543","10.92052758","0.2108219","","","6.0227696","337.56420898","3.470227","30.24393082","47.54212189","1008.70300293","895.61560059","25.96459007","0","12.18951988"
"2013-08-04 11:00:00","14.64024901","12.0333307","0.19232053","","","7.04000351","336.85079956","3.05205607","31.39748955","44.00474167","1008.29101563","926.9708252","25.96459007","0","12.18951988"
"2013-08-04 12:00:00","12.19415666","9.86997726","0.20817851","","","6.53927644","337.71459961","2.93040299","31.84649086","45.72520065","1007.89001465","913.67401123","25.96459007","0","12.18951988"
"2013-08-04 13:00:00","12.28883508","9.89202645","0.20479652","","","7.19068325","338.50540161","3.10979104","31.70404053","48.30998993","1007.60601807","880.66937256","25.96459007","0","12.18951988"
"2013-08-04 14:00:00","10.98667322","8.80775419","0.20938312","","","7.2734345","340.55569458","3.005481","31.61890984","48.9440918","1007.34002686","467.45721436","25.96459007","0","12.18951988"
"2013-08-04 15:00:00","12.77001282","10.15790534","0.19760614","","","6.46865087","336.54699707","3.22804594","30.27370071","52.35667038","1007.31402588","61.60765076","25.96459007","0","12.18951988"
"2013-08-04 16:00:00","31.51388992","27.123632","0.22508616","","","11.28655413","339.65270996","3.45832109","29.57724953","55.1375618","1007.19702148","56.4967308","25.96459007","0","12.18951988"
"2013-08-04 17:00:00","23.10818344","20.3287664","0.25987306","","","9.12162047","338.44390869","2.78227496","28.97022057","56.88101959","1007.00402832","35.04476166","25.96459007","0","12.18951988"
"2013-08-04 18:00:00","13.95674342","11.95162138","0.25614156","","","4.80867195","333.29110718","2.10602593","28.26012993","61.1177597","1006.9420166","12.14997959","25.96459007","0","12.18951988"
"2013-08-04 19:00:00","18.90470306","17.03446497","0.24471524","","","3.42772629","334.11239624","1.601174","27.05459976","66.93678284","1007.11602783","0","25.96459007","0","12.18951988"
"2013-08-04 20:00:00","16.18364982","14.19408954","0.22706899","","","3.04727575","339.03530884","1.70296502","25.84262085","74.57778931","1007.72900391","0","25.96459007","0","12.18951988"
"2013-08-04 21:00:00","11.28497581","9.39269044","0.21614595","","","2.35410787","334.84420776","1.28652203","25.19325066","83.42002106","1008.10101318","0","25.96459007","0","12.18951988"
"2013-08-04 22:00:00","10.92052758","8.99970752","0.2114044","","","1.96692071","335.7677002","0.96739399","24.73176956","91.14820099","1008.21502686","0","25.96459007","0","12.18951988"
"2013-08-04 23:00:00","12.43279912","10.54959193","0.22745693","","","2.01907146","312.1322937","0.98003602","24.53919983","94.14759064","1008.00701904","0","25.96459007","0","12.18951988"
"2013-08-05 00:00:00","9.71693314","7.97250273","0.21843983","","","1.87204784","334.82949829","0.99974501","24.21747017","93.92308044","1007.61401367","0","25.96459007","0","12.18951988"
"2013-08-05 01:00:00","6.51081314","4.78972826","0.1809711","","","1.74330784","333.10440063","0.97654599","23.91045952","92.7453537","1007.26702881","0","25.93922043","0","15.35422039"
"2013-08-05 02:00:00","7.50170141","5.88307678","0.22629077","","","1.96730717","338.29290771","1.14826596","23.62092972","81.72126007","1007.08300781","0","25.93922043","0","15.35422039"
"2013-08-05 03:00:00","8.84407072","7.12817309","0.20339735","","","1.84029506","334.26589966","1.36535704","23.64114952","80.85368347","1006.92901611","0","25.93922043","0","15.35422039"
"2013-08-05 04:00:00","7.2812153","5.67037251","0.23756331","","","1.96980696","337.04299927","1.54853201","24.49312973","82.29134369","1006.93103027","0","25.93922043","0","15.35422039"
"2013-08-05 05:00:00","6.88304513","5.00632153","0.20468002","","","2.2532713","335.42340088","2.24490809","25.17670059","81.80342102","1007.09100342","25.46194077","25.93922043","0","15.35422039"
"2013-08-05 06:00:00","7.62491451","5.11786187","0.22349244","","","2.16686495","337.15209961","2.90044093","26.00514984","78.02468109","1007.125","158.80740356","25.93922043","0","15.35422039"
"2013-08-05 07:00:00","6.37852186","4.52125286","0.23095543","","","2.16282542","338.88391113","2.89277411","27.23504066","70.85482025","1007.27600098","312.31469727","25.93922043","0","15.35422039"
"2013-08-05 08:00:00","6.14117574","4.51995653","0.22535877","","","2.93046313","337.64660645","2.93000507","28.78936958","60.33230972","1007.34301758","594.722229","25.93922043","0","15.35422039"
"2013-08-05 09:00:00","6.9115779","4.82733921","0.1902212","","","3.89670262","337.19110107","2.57431698","29.80809975","54.09590149","1007.42199707","746.79571533","25.93922043","0","15.35422039"
"2013-08-05 10:00:00","7.32142084","5.10489278","0.20491302","","","4.07432371","346.8059082","1.961501","31.23279953","49.88698959","1007.01702881","881.33892822","25.93922043","0","15.35422039"
"2013-08-05 11:00:00","6.43558742","4.34875605","0.21451378","","","3.79278556","339.69909668","2.23555994","31.73007965","48.0819397","1006.82800293","904.74353027","25.93922043","0","15.35422039"
"2013-08-05 12:00:00","6.51989132","4.48104733","0.19986041","","","3.80336846","336.02999878","2.82034612","31.63084984","48.87403107","1006.81201172","899.61932373","25.93922043","0","15.35422039"
"2013-08-05 13:00:00","12.06834898","9.40176862","0.18524665","","","8.1269009","338.11260986","2.86103392","31.51091957","48.17073059","1006.74401855","858.66912842","25.93922043","0","15.35422039"
"2013-08-05 14:00:00","11.63645686","8.84796164","0.19426375","","","10.85049504","342.02960205","2.35395789","32.3193512","39.68199158","1006.39202881","454.52890015","25.93922043","0","15.35422039"
"2013-08-05 15:00:00","5.5562395","3.62504493","0.18606215","","","4.97185977","338.88571167","2.9168911","31.41390991","39.33699036","1006.15600586","86.1609726","25.93922043","0","15.35422039"
"2013-08-05 16:00:00","5.60682146","3.80661992","0.18781198","","","3.49989058","336.65921021","2.41257691","31.09671974","40.56444168","1005.94702148","73.46051025","25.93922043","0","15.35422039"
"2013-08-05 17:00:00","6.77280112","5.11137637","0.21159895","","","3.53972749","337.78900146","1.83576298","30.74331093","40.78211975","1005.82702637","44.0974617","25.93922043","0","15.35422039"
"2013-08-05 18:00:00","13.36402725","11.60662583","0.19795564","","","3.98060614","339.07040405","1.35501397","29.50488091","45.15615082","1005.9630127","14.54211998","25.93922043","0","15.35422039"
"2013-08-05 19:00:00","15.26020354","13.51706946","0.24646391","","","3.08345349","339.87921143","1.36220205","28.14591026","49.64657974","1006.47900391","0","25.93922043","0","15.35422039"
"2013-08-05 20:00:00","11.66498963","9.79734612","0.18707337","","","3.29744453","343.8348999","1.29772305","27.37022972","52.09415054","1007.03100586","0","25.93922043","0","15.35422039"
"2013-08-05 21:00:00","16.65315481","14.93596084","0.22695132","","","3.38000357","336.36480713","0.64628899","26.48467064","57.76216125","1007.35900879","0","25.93922043","0","15.35422039"
"2013-08-05 22:00:00","20.72175888","18.85152652","0.21641856","","","3.47314348","332.04580688","0.54491299","25.87681007","62.77336121","1007.53601074","0","25.93922043","0","15.35422039"
"2013-08-05 23:00:00","24.64770672","22.86306504","0.24902924","","","2.85791543","300.75430298","0.42145601","25.53873062","66.52143097","1007.50201416","0","25.93922043","0","15.35422039"
"2013-08-06 00:00:00","36.12203936","34.08577848","0.26473227","","","2.85714556","292.27270508","0.51446098","25.15003967","66.30036163","1007.20800781","0","25.93922043","0","15.35422039"
"2013-08-06 01:00:00","22.11470824","20.29245752","0.23223809","","","3.03168615","305.60119629","0.46316901","24.85070038","64.94933319","1007.02301025","0","25.95808029","0","16.69664955"
"2013-08-06 02:00:00","","","0.21910039","","","2.67933023","337.79071045","0.787148","24.66653061","64.92755127","1006.77301025","0","25.95808029","0","16.69664955"
"2013-08-06 03:00:00","14.14221125","12.27456774","0.21976094","","","","310.14849854","0.997657","24.50881958","65.94084167","1006.37902832","0","25.95808029","0","16.69664955"
"2013-08-06 04:00:00","12.7272127","10.9283075","","","","3.16635017","334.02380371","1.06289005","24.45523071","63.94660187","1006.34100342","0","25.95808029","0","16.69664955"
"2013-08-06 05:00:00","18.5039383","16.2575773","0.2268523","","","3.28525578","337.1546936","1.13294303","24.65866089","63.81962967","1006.51202393","24.56451035","25.95808029","0","16.69664955"
"2013-08-06 06:00:00","13.94247799","11.58068764","0.18309723","","","3.0258923","337.22000122","2.68040299","26.78096008","63.68490982","1006.83502197","194.52070618","25.95808029","0","16.69664955"
"2013-08-06 07:00:00","7.84021145","5.91160955","0.2065079","","","4.15980357","337.36630249","3.08490205","28.6722908","55.05086136","1006.99102783","414.83709717","25.95808029","0","16.69664955"
"2013-08-06 08:00:00","8.78959784","6.64699534","0.23135619","","","4.33309529","336.49591064","2.67475009","29.58897972","56.12501144","1006.99401855","601.10791016","25.95808029","0","16.69664955"
"2013-08-06 09:00:00","9.01656754","6.8467286","0.22261985","","","4.32475894","341.36419678","2.644521","30.03425026","56.96892166","1007.1550293","758.67211914","25.95808029","0","16.69664955"
"2013-08-06 10:00:00","9.75843883","7.40572474","0.22611485","","","4.46085286","339.71920776","2.4337101","31.08513069","51.80667114","1007.03302002","867.55792236","25.95808029","0","16.69664955"
"2013-08-06 11:00:00","9.85570992","7.63399269","0.2425763","","","4.04756542","340.50961304","2.51472402","31.59712982","48.21564102","1006.90002441","916.8651123","25.95808029","0","16.69664955"
"2013-08-06 12:00:00","9.2292718","7.13595493","0.24634158","","","4.19443446","341.74310303","2.22802401","32.15995026","45.44403076","1006.54901123","901.42541504","25.95808029","0","16.69664955"
"2013-08-06 13:00:00","7.89003626","5.3787581","0.2240563","","","4.33771247","343.78829956","2.13648391","33.33692169","39.42314148","1006.15802002","854.13201904","25.95808029","0","16.69664955"
"2013-08-06 14:00:00","","","0.20258651","","","4.78717257","337.24850464","2.48823094","33.21617126","36.08478165","1005.86401367","449.73730469","25.95808029","0","16.69664955"
"2013-08-06 15:00:00","16.49362709","14.58058887","0.20903129","","","4.11003363","341.64810181","2.05037808","33.00888062","33.64204025","1005.67901611","76.83862305","25.95808029","0","16.69664955"
"2013-08-06 16:00:00","14.34194642","12.25252046","0.20782785","","","4.69148202","343.14550781","1.97631097","32.4536705","34.76041031","1005.27301025","63.43610001","25.95808029","0","16.69664955"
"2013-08-06 17:00:00","12.56119948","10.66502319","0.21893146","","","4.90287157","336.63409424","1.75457895","31.61713982","34.51411057","1005.12701416","34.64997101","25.95808029","0","16.69664955"
"2013-08-06 18:00:00","13.52614955","11.72983894","0.23667441","","","4.7073879","340.39230347","1.14228499","30.3601799","36.39825058","1005.18701172","9.70288944","25.95808029","0","16.69664955"
"2013-08-06 19:00:00","20.95909544","19.1005454","0.29592165","","","4.1918706","23.25551987","0.61404401","27.9442997","47.25363159","1005.43902588","0","25.95808029","0","16.69664955"
"2013-08-06 20:00:00","21.37413328","19.48702752","0.29696899","","","2.90185695","58.42784119","0.91201103","26.36417961","65.50414276","1005.97601318","0","25.95808029","0","16.69664955"
"2013-08-06 21:00:00","10.58071929","8.72604487","0.27313076","","","3.04449323","49.31192017","0.87665701","25.67975998","82.31752014","1006.17401123","0","25.95808029","0","16.69664955"
"2013-08-06 22:00:00","11.58717123","9.79734612","0.25138953","0.17201131","1.11861457","2.98472008","342.54229736","0.63771403","25.48521042","85.78144073","1006.05200195","0","25.95808029","0","16.69664955"
"2013-08-06 23:00:00","12.63383062","10.78953263","0.27355831","0.17835332","1.30589614","2.89698247","307.16470337","0.470301","25.15851974","85.39334869","1006.01300049","0","25.95808029","0","16.69664955"
"2013-08-07 00:00:00","24.45704208","22.56865528","0.30318077","0.36537251","2.21881738","3.236513","210.92100525","0.455993","24.54924011","86.75585175","1005.82202148","0","25.95808029","0","16.69664955"
"2013-08-07 01:00:00","26.90184","24.96416184","0.43984342","0.79261014","3.37582472","2.81553094","242.62150574","0.27081999","23.80611992","86.36813354","1005.56500244","0","","0","17.39845085"
"2013-08-07 02:00:00","26.08604696","24.18467768","0.29716354","1.50997346","5.39335643","2.98420649","270.72140503","0.34362501","23.84527016","87.68308258","1005.42401123","0","","0","17.39845085"
"2013-08-07 03:00:00","24.20542288","22.3403816","0.28831187","0.67743692","3.82223381","2.87851273","190.10169983","0.20239601","23.48229027","82.48880005","1005.35400391","0","","0","17.39845085"
"2013-08-07 04:00:00","24.39996888","22.5076816","0.31906088","0.48317873","3.3002128","3.37594269","275.71420288","0.35206699","23.25695038","76.46382904","1005.47601318","0","","0","17.39845085"
"2013-08-07 05:00:00","64.49334696","57.90082832","0.3971753","0.70134964","3.42679472","3.6726321","265.12890625","0.36647499","23.76889038","68.86148071","1005.62701416","23.47780991","","0","17.39845085"
"2013-08-07 06:00:00","74.41001144","59.52463256","0.42058714","1.04149343","5.97750191","4.24099679","303.22460938","0.64115697","25.81122017","55.39173126","1005.89001465","192.92120361","","0","17.39845085"
"2013-08-07 07:00:00","22.38317216","18.80613182","0.31055755","1.27019435","7.59142294","5.81718101","338.24371338","1.33173704","28.65797997","47.67596054","1006.21600342","412.55679321","","0","17.39845085"
"2013-08-07 08:00:00","13.35494907","10.64556859","0.27891615","0.63794885","2.9391422","7.06666111","349.57009888","1.75720501","29.96228027","48.80308151","1006.4420166","600.47210693","","0","17.39845085"
"2013-08-07 09:00:00","12.56768498","9.32135563","0.24863314","0.35824334","1.9329702","7.58436089","56.04312134","1.51325202","31.63478088","44.60832977","1006.32800293","761.1762085","","0","17.39845085"
"2013-08-07 10:00:00","8.57040807","6.29162338","0.2262698","","","6.70763367","67.22527313","1.70215595","33.11565018","37.74705124","1006.21600342","872.88562012","","0","17.39845085"
"2013-08-07 11:00:00","7.69624741","5.78061652","0.22964713","","","5.62157022","58.15914154","1.81433702","33.77587128","36.30484009","1006.01000977","935.78851318","","0","17.39845085"
"2013-08-07 12:00:00","7.38886473","5.39411719","0.19633629","","","5.83693522","10.8302002","1.769629","34.16687012","34.04204178","1005.79101563","919.15032959","","0","17.39845085"
"2013-08-07 13:00:00","6.22288506","4.35264697","0.19590873","","","5.76138331","15.46718979","1.94136","34.35686111","32.64434052","1005.48400879","861.66351318","","0","17.39845085"
"2013-08-07 14:00:00","6.03482266","4.26964131","0.18798906","","","5.99740155","13.48515987","1.99770296","34.35612106","29.9574604","1005.42700195","446.86810303","","0","17.39845085"
"2013-08-07 15:00:00","6.38370912","4.4706709","0.20984679","","","5.5570497","346.85751343","1.87151098","33.71488953","29.73624992","1005.41802979","74.17481232","","0","17.39845085"
"2013-08-07 16:00:00","7.03738368","5.08673451","0.21920407","","","5.28704231","8.75","1.46380794","33.27661133","30.65830994","1005.18499756","61.71448135","","0","17.39845085"
"2013-08-07 17:00:00","7.70273291","5.75467642","0.20417907","","","4.66275075","336.5526123","1.47098505","32.56090164","31.10050964","1005.00201416","38.54700089","","0","17.39845085"
"2013-08-07 18:00:00","8.74809406","6.8921233","0.21217679","","","4.06654976","340.27029419","0.91034698","31.16991997","35.13465118","1005.17401123","11.75010014","","0","17.39845085"
"2013-08-07 19:00:00","20.02787496","17.81264897","0.26866648","","","4.59527992","42.26993179","0.69200099","29.41370964","43.51464081","1005.58599854","0","","0","17.39845085"
"2013-08-07 20:00:00","22.0861812","20.15626576","0.3115676","","","3.3357956","54.29999161","0.67448097","27.99023056","60.99687958","1006.35601807","0","","0","17.39845085"
"2013-08-07 21:00:00","16.11620785","14.41717023","0.3296985","","","2.85234532","46.95714188","0.79141802","26.53235054","83.74671173","1006.77001953","0","","0","17.39845085"
"2013-08-07 22:00:00","12.7272127","11.04244243","0.29227171","","","2.70675669","97.13677979","0.660083","26.4622097","85.8006897","1006.79901123","0","","0","17.39845085"
"2013-08-07 23:00:00","20.64782184","18.77241178","0.30430732","","","2.36145366","176.32000732","0.419949","26.58905983","82.84545898","1006.7130127","0","","0","17.39845085"
"2013-08-08 00:00:00","31.58520752","29.62938448","0.35349828","","","2.92353532","300.28460693","0.42453301","25.85287094","78.99179077","1006.66900635","0","","0","17.39845085"
"2013-08-08 01:00:00","29.76425696","27.66186","0.36444695","","","3.23997691","266.77160645","0.400011","25.03269005","85.76699066","1006.44000244","0","37.61334991","0","20.27783966"
"2013-08-08 02:00:00","","","0.3451895","","","2.9325134","271","0.26640001","24.79589081","89.47402191","1006.25","0","37.61334991","0","20.27783966"
"2013-08-08 03:00:00","16.42359053","14.52092874","0.30659771","","","","279.26080322","0.25941899","24.40781021","90.23036194","1006.33001709","0","37.61334991","0","20.27783966"
"2013-08-08 04:00:00","22.32611808","20.45587616","","","","2.43594484","311.29470825","0.444316","24.19095039","89.04753876","1006.35900879","0","37.61334991","0","20.27783966"
"2013-08-08 05:00:00","71.39715832","51.58457456","0.50988089","","","2.96247727","191.91290283","0.222965","24.57468033","86.20729065","1006.51300049","22.77573967","37.61334991","0","20.27783966"
"2013-08-08 06:00:00","109.98992232","76.59800864","0.62326452","","","3.61983658","225.61520386","0.42282501","27.06084061","66.03337097","1006.87701416","188.02290344","37.61334991","0","20.27783966"
"2013-08-08 07:00:00","55.74135816","46.1502308","0.48167042","","","4.26976772","69.32195282","0.64314002","29.4799099","46.16326141","1007.24700928","400.91360474","37.61334991","0","20.27783966"
"2013-08-08 08:00:00","37.6589432","32.01192768","0.39440376","","","4.46390488","106.76490021","0.79097599","31.64678955","36.10995102","1007.31799316","588.28637695","37.61334991","0","20.27783966"
"2013-08-08 09:00:00","18.4974528","15.41843492","0.24517542","","","6.21438765","65.61412048","1.419016","32.77458954","42.01016998","1007.19000244","745.15771484","37.61334991","0","20.27783966"
"2013-08-08 10:00:00","13.20449953","10.59498663","0.18964569","","","5.47659382","70.00826263","1.39281595","34.08383179","35.00325012","1007.07501221","855.92590332","37.61334991","0","20.27783966"
"2013-08-08 11:00:00","9.56259458","7.27602805","0.20491302","","","4.42288012","63.73854065","1.76752305","35.61138153","24.40957069","1006.8380127","934.10351563","37.61334991","0","20.27783966"
"2013-08-08 12:00:00","11.71557159","9.64560024","0.17220797","","","4.66353689","36.43416977","1.626086","36.45101166","18.71331978","1006.58599854","920.44671631","37.61334991","0","20.27783966"
"2013-08-08 13:00:00","9.99578495","7.92710802","0.16042749","","","4.64221549","42.95566177","1.67530799","36.87192154","18.68029976","1006.20501709","855.50561523","37.61334991","0","20.27783966"
"2013-08-08 14:00:00","8.94134372","6.9504871","0.15364603","","","3.38370443","59.85165024","2.21115303","36.48398972","19.18287086","1005.8380127","443.79220581","37.61334991","0","20.27783966"
"2013-08-08 15:00:00","9.26688466","7.44333761","0.17480359","","","4.15929304","53.05540085","1.73355103","35.50434113","19.77655029","1005.5960083","70.86791992","37.61334991","0","20.27783966"
"2013-08-08 16:00:00","9.04639856","7.18005138","0.18708852","","","3.75809264","59.66579056","1.37953901","34.90890121","20.31126976","1005.48101807","58.15526962","37.61334991","0","20.27783966"
"2013-08-08 17:00:00","19.42089144","17.1719435","0.21212087","","","4.01166939","78.32369995","0.815018","34.04347992","26.49061966","1005.30999756","37.68925095","37.61334991","0","20.27783966"
"2013-08-08 18:00:00","47.83500872","44.85586416","0.36107777","","","3.56007664","194.28570557","0.87563199","31.97101974","38.38806152","1005.51702881","11.28917027","37.61334991","0","20.27783966"
"2013-08-08 19:00:00","55.16548288","52.3432944","0.38890147","","","3.39791701","191.21000671","0.69409502","30.14631081","43.1007309","1005.71002197","0","37.61334991","0","20.27783966"
"2013-08-08 20:00:00","39.6044032","37.19463312","0.32802439","","","3.34946509","188.72810364","0.817451","28.79100037","49.56843185","1006.16101074","0","37.61334991","0","20.27783966"
"2013-08-08 21:00:00","35.40739112","33.31149496","0.33705314","","","3.40793039","190.19610596","1.045138","28.33394051","53.40781021","1006.17602539","0","37.61334991","0","20.27783966"
"2013-08-08 22:00:00","38.82231872","36.89244152","0.32042859","","","3.34041989","190.48190308","1.02718794","27.89097977","55.04835129","1006.15301514","0","37.61334991","0","20.27783966"
"2013-08-08 23:00:00","36.01437464","33.8938328","0.29845786","","","2.87526138","180.5447998","0.59031397","27.26935959","59.06864166","1006.184021","0","37.61334991","0","20.27783966"
"2013-08-09 00:00:00","32.35302848","30.34531376","0.33050351","","","2.60585605","181.72250366","0.60711402","26.70491982","61.86235046","1006.02099609","0","37.61334991","0","20.27783966"
"2013-08-09 01:00:00","23.26772072","21.33652424","0.30500632","","","2.16234133","191.92010498","0.52730501","26.26930046","64.4596405","1005.809021","0","39.65459061","0","16.8027401"
"2013-08-09 02:00:00","16.35095938","14.41457565","0.26195375","","","2.65140341","190.35760498","0.59858799","25.98995972","66.69699097","1005.5670166","0","39.65459061","0","16.8027401"
"2013-08-09 03:00:00","15.40027857","13.50020945","0.28342237","","","2.62943825","159.13420105","0.81758201","26.15328979","64.05487061","1005.26501465","0","39.65459061","0","16.8027401"
"2013-08-09 04:00:00","19.66861016","17.75298883","0.27268806","","","2.75347868","149.1197052","0.61254799","25.39694977","63.96533966","1005.13000488","0","39.65459061","0","16.8027401"
"2013-08-09 05:00:00","47.1592888","42.5615024","0.37987272","","","2.61651624","124.15260315","1.03105199","25.93115044","60.50400162","1005.21600342","24.55126953","39.65459061","0","16.8027401"
"2013-08-09 06:00:00","50.63258976","42.89094","0.38723552","","","3.5109769","109.2397995","1.37129796","27.44152069","51.91582108","1005.26000977","177.61700439","39.65459061","0","16.8027401"
"2013-08-09 07:00:00","39.05447376","32.25832712","0.34619839","","","3.94415686","112.60990143","1.87311804","30.10227966","39.58322144","1005.10400391","397.74099731","39.65459061","0","16.8027401"
"2013-08-09 08:00:00","30.1974588","24.734588","0.26989788","","","4.12052907","158.8249054","1.629794","32.92097092","29.06925011","1004.97900391","584.35491943","39.65459061","0","16.8027401"
"2013-08-09 09:00:00","36.93653224","30.40626832","0.28784005","","","3.63986436","157.52450562","1.66933298","34.68959045","27.9040699","1004.73699951","731.66052246","39.65459061","0","16.8027401"
"2013-08-09 10:00:00","25.48554512","21.40786096","0.26792204","","","3.84530853","182.23060608","1.457479","35.8730011","26.40089035","1004.46099854","826.06921387","39.65459061","0","16.8027401"
"2013-08-09 11:00:00","30.227286","25.66062696","0.29117195","","","4.30562408","199.8894043","1.40246499","36.11693954","29.81567955","1003.93499756","738.82867432","39.65459061","0","16.8027401"
"2013-08-09 12:00:00","21.01228728","16.94237922","0.2164605","","","3.77198283","233.18780518","1.64949799","36.82450104","23.17304039","1003.74700928","905.21881104","39.65459061","0","16.8027401"
"2013-08-09 13:00:00","21.20683328","17.22252738","0.24595014","","","3.65601432","190.0980072","1.444749","36.82389069","21.44519043","1003.32202148","827.10620117","39.65459061","0","16.8027401"
"2013-08-09 14:00:00","16.71540953","13.62731156","0.2675341","","","3.59754902","192.71960449","1.51363897","36.43432999","20.14611053","1002.78601074","434.59500122","39.65459061","0","16.8027401"
"2013-08-09 15:00:00","18.15375359","15.43659127","0.21227582","","","3.33557389","174.97740173","1.18457699","35.69182968","19.86668968","1002.22802734","83.86344147","39.65459061","0","16.8027401"
"2013-08-09 16:00:00","23.2651204","20.31450288","0.2314191","","","3.82431155","172.86790466","1.14506602","35.01708984","20.50576019","1001.70001221","61.09075165","39.65459061","0","16.8027401"
"2013-08-09 17:00:00","35.98066608","32.53849248","0.28873127","","","3.97387563","177.457901","0.97071397","34.11199188","25.42328072","1001.375","38.83496094","39.65459061","0","16.8027401"
"2013-08-09 18:00:00","54.19149096","50.0865608","0.35061607","","","3.50742248","181.82400513","1.34983301","31.85400963","34.17338181","1001.58300781","10.95543003","39.65459061","0","16.8027401"
"2013-08-09 19:00:00","40.3968316","37.58630632","0.3149263","","","2.90433335","190.01330566","0.73349899","29.88692093","39.4310112","1001.90100098","0","39.65459061","0","16.8027401"
"2013-08-09 20:00:00","40.85339808","38.23479936","0.30237109","","","3.1482191","184.15150452","0.533337","28.96043968","44.11951065","1002.13500977","0","39.65459061","0","16.8027401"
"2013-08-09 21:00:00","28.59698096","26.680048","0.3056261","","","2.97152145","294.83880615","1.99569404","28.1450901","52.63898087","1002.33300781","0","39.65459061","0","16.8027401"
"2013-08-09 22:00:00","11.5275111","9.7610315","0.19332709","","","2.81065544","335.52639771","2.39361691","26.26143074","79.36669159","1002.93103027","0","39.65459061","0","16.8027401"
"2013-08-09 23:00:00","8.45497872","6.64829168","0.15918793","","","2.99025764","334.95800781","3.285743","25.80199051","83.89614105","1002.41101074","0","39.65459061","0","16.8027401"
"2013-08-10 00:00:00","5.93625332","4.36691431","0.16608473","","","2.95730888","333","4.04502487","25.71006966","81.6180191","1002.26800537","0","39.65459061","0","16.8027401"
"2013-08-10 01:00:00","13.0903646","11.30443041","0.17085191","","","2.74831029","333.45870972","2.77494502","24.77816963","73.31481171","1001.95300293","0","20.6452198","0","7.16700602"
"2013-08-10 02:00:00","","","0.18332906","","","3.25094118","336.00750732","1.94775796","24.72492981","70.93997192","1001.76800537","0","20.6452198","0","7.16700602"
"2013-08-10 03:00:00","12.7531509","10.94257485","0.15391747","","","","213.81610107","1.026631","24.95569992","63.97531128","1001.83099365","0","20.6452198","0","7.16700602"
"2013-08-10 04:00:00","12.779091","11.26163029","","","","2.71554865","257.09649658","1.85889006","24.41967964","66.4022522","1001.63800049","0","20.6452198","0","7.16700602"
"2013-08-10 05:00:00","18.14208083","16.15122422","0.22089332","","","2.49494915","264.49810791","0.84100199","24.26222992","66.62039185","1001.36401367","29.19515038","20.6452198","0","7.16700602"
"2013-08-10 06:00:00","19.93319272","17.30553303","0.215991","","","3.03173192","319.74679565","2.04088092","25.34004974","58.9302597","1001.27801514","177.02890015","20.6452198","0","7.16700602"
"2013-08-10 07:00:00","15.10067582","12.8828495","0.21842352","","","3.54447179","335.36990356","3.80837011","26.21367073","50.81406021","1001.04901123","210.54330444","20.6452198","0","7.16700602"
"2013-08-10 08:00:00","16.96702299","14.8633297","0.20556775","","","3.46359792","335.36331177","3.22904801","25.82546043","62.77024078","1001.44799805","57.82865143","20.6452198","0","7.16700602"
"2013-08-10 09:00:00","19.02402334","16.46120148","0.23289981","","","3.00086292","318.57910156","2.885432","24.07588959","68.6436615","1002.23699951","113.40550232","20.6452198","0","7.16700602"
"2013-08-10 10:00:00","11.94254129","9.73768598","0.19838785","","","2.79709273","335.22399902","4.15650988","22.13661003","74.90753174","1002.39501953","145.01420593","20.6452198","0","7.16700602"
"2013-08-10 11:00:00","13.21876496","11.01779866","0.18982161","","","3.49360247","334.98950195","3.51917601","22.66246033","69.26611328","1002.72802734","215.27760315","20.6452198","0","7.16700602"
"2013-08-10 12:00:00","12.11504002","9.7934552","0.1997777","","","3.22001828","333.15301514","3.57392001","23.70681953","70.70018005","1002.90002441","249.25300598","20.6452198","0","7.16700602"
"2013-08-10 13:00:00","9.64041298","7.58989623","0.17503193","","","3.52620139","335.67340088","2.91604209","25.31344986","59.52795029","1001.57501221","310.24200439","20.6452198","0","7.16700602"
"2013-08-10 14:00:00","7.51207783","5.51084479","0.19047401","","","3.23617536","338.13000488","4.1949501","25.99123955","51.2480011","1000.89801025","417.21499634","20.6452198","0","7.16700602"
"2013-08-10 15:00:00","7.51337417","5.56142675","0.18317761","","","3.08269786","336.8125","4.29273081","26.31291008","50.73171997","1001.31402588","240.5605011","20.6452198","0","7.16700602"
"2013-08-10 16:00:00","7.84669695","5.94014424","0.18688348","","","3.01374932","338.01919556","3.64215899","26.12128067","52.57984161","1001.90100098","130.81080627","20.6452198","0","7.16700602"
"2013-08-10 17:00:00","8.59116092","6.64050984","0.18769432","","","2.83728864","338.60211182","2.98448992","26.44972992","46.68796158","1002.19500732","53.88277054","20.6452198","0","7.16700602"
"2013-08-10 18:00:00","8.54965714","6.65737177","0.19089807","","","2.49129608","337.76480103","3.40283895","25.52569962","65.37905121","1002.51702881","18.65382957","20.6452198","0","7.16700602"
"2013-08-10 19:00:00","8.35251655","6.60419522","0.18838866","","","2.4893709","351.02890015","2.70483899","24.60934067","68.89356995","1002.76800537","0","20.6452198","0.40000001","7.16700602"
"2013-08-10 20:00:00","10.78304713","8.9115127","0.21591411","","","2.36128382","37.11231995","1.46520102","24.17535019","62.18748093","1002.89001465","0","20.6452198","0","7.16700602"
"2013-08-10 21:00:00","8.6002391","6.73908109","0.17773357","","","2.49783539","10.86476994","1.24803495","23.73246002","67.28726959","1002.69500732","0","20.6452198","0","7.16700602"
"2013-08-10 22:00:00","7.64696178","5.78710011","0.2166469","","","2.30454844","328.76550293","0.76371199","22.92362022","73.33074951","1002.59100342","0","20.6452198","0","7.16700602"
"2013-08-10 23:00:00","13.38607643","11.53010568","0.2205846","","","2.70660515","309.66650391","0.53858501","22.51552963","77.85237885","1002.69702148","0","20.6452198","0","7.16700602"
"2013-08-11 00:00:00","16.63240387","14.77513487","0.215412","","","2.4516758","325.82839966","0.76221502","22.49909973","80.47836304","1002.52801514","0","20.6452198","0","7.16700602"
"2013-08-11 01:00:00","11.95810688","10.10861972","0.20684226","","","2.39301727","336.6210022","1.61968994","22.52272034","80.49417114","1002.51300049","0","27.48677063","0","15.34648991"
"2013-08-11 02:00:00","6.46023118","4.6418733","0.22506286","","","2.63784884","339.15740967","1.76548398","22.96051979","76.89585876","1002.45202637","0","27.48677063","0","15.34648991"
"2013-08-11 03:00:00","6.48487304","4.49661101","0.23317009","","","2.25387032","336.75689697","2.05877709","23.17621994","77.6594696","1002.40600586","0","27.48677063","0","15.34648991"
"2013-08-11 04:00:00","5.74819282","3.88184565","0.23066068","","","2.61477005","337.02709961","3.14452696","23.53100014","79.89716339","1002.47802734","0","27.48677063","0","15.34648991"
"2013-08-11 05:00:00","4.93498863","3.07383062","0.21958153","","","2.63428934","338.31140137","3.72920799","24.06797028","77.04354095","1002.72900391","21.42653084","27.48677063","0","15.34648991"
"2013-08-11 06:00:00","5.76764551","3.84682737","0.21444621","","","2.57245777","338.49160767","4.1987009","25.11009026","70.59848022","1002.99902344","175.49650574","27.48677063","0","15.34648991"
"2013-08-11 07:00:00","6.20991406","4.20608834","0.22016054","","","3.27387047","336.58929443","4.48418093","26.11762047","65.10105896","1003.38299561","388.1072998","27.48677063","0","15.34648991"
"2013-08-11 08:00:00","7.22674242","5.21772946","0.22560342","","","4.17231979","338.51040649","4.95398808","26.94675064","59.96567154","1003.62701416","568.94171143","27.48677063","0","15.34648991"
"2013-08-11 09:00:00","7.15411128","5.12564371","0.20525902","","","4.34570202","337.49090576","4.98419619","27.45787048","57.33061981","1004.23901367","726.0479126","27.48677063","0","15.34648991"
"2013-08-11 10:00:00","6.77020845","4.82474654","0.22479258","","","3.63717541","338.88760376","4.570961","28.27112961","51.23347092","1004.55700684","831.27880859","27.48677063","0","15.34648991"
"2013-08-11 11:00:00","6.47190394","4.57442941","0.2272251","","","4.3892642","337.74411011","4.89592791","28.30511093","53.71503067","1004.58300781","914.18792725","27.48677063","0","15.34648991"
"2013-08-11 12:00:00","5.91420414","4.0426697","0.21850041","","","4.22098019","336.65359497","4.9949441","28.38311958","53.47592163","1004.46899414","889.5848999","27.48677063","0","15.34648991"
"2013-08-11 13:00:00","5.37725718","3.3941824","0.21155119","","","4.44927127","337.48651123","4.84015417","28.67893982","46.68315125","1004.37701416","809.82391357","27.48677063","0","15.34648991"
"2013-08-11 14:00:00","5.6146033","3.71842701","0.22757227","","","4.84084576","337.8026123","4.83034611","28.44701958","45.09883118","1004.52801514","425.11380005","27.48677063","0","15.34648991"
"2013-08-11 15:00:00","5.74429999","3.7638198","0.19734518","","","4.09577529","337.93960571","5.20992613","27.76909065","49.52495956","1004.53399658","111.56269836","27.48677063","0","15.34648991"
"2013-08-11 16:00:00","5.62238514","3.73269244","0.21267075","","","4.04115425","335.86871338","4.8063221","27.54739952","50.25070953","1004.3380127","79.19515991","27.48677063","0","15.34648991"
"2013-08-11 17:00:00","6.3084853","4.43305995","0.19626406","","","3.54764585","339.04119873","4.22486591","26.92836952","53.10316086","1004.15899658","48.62636185","27.48677063","0","15.34648991"
"2013-08-11 18:00:00","9.16053158","7.29807723","0.19398648","","","3.64611891","335.60620117","3.50622201","26.00642967","58.79059982","1004.39801025","13.10134029","27.48677063","0","15.34648991"
"2013-08-11 19:00:00","8.95561106","7.38497381","0.20911983","","","3.42619266","336.53540039","2.64325905","25.28623962","66.02861023","1004.81402588","0","27.48677063","0","15.34648991"
"2013-08-11 20:00:00","9.18776802","7.37978655","0.20695759","","","2.5524544","334.77029419","2.26848507","24.78910065","68.69216156","1005.39801025","0","27.48677063","0","15.34648991"
"2013-08-11 21:00:00","9.98540853","8.08663766","0.20657198","","","2.67121559","337.27670288","2.06385994","24.47402","70.90998077","1005.60302734","0","27.48677063","0","15.34648991"
"2013-08-11 22:00:00","5.29425152","3.50442641","0.18657475","","","2.45263686","336.12240601","1.80640996","24.60256004","68.35700989","1005.96600342","0","27.48677063","0","15.34648991"
"2013-08-11 23:00:00","6.60419522","4.76508449","0.18167127","","","2.81642285","335.98080444","1.62777901","24.35436058","70.64143372","1006.08502197","0","27.48677063","0","15.34648991"
"2013-08-12 00:00:00","4.90775219","3.29561306","0.202943","","","2.29512289","334.72470093","1.80682302","24.1389904","72.30789185","1006.14801025","0","27.48677063","0","15.34648991"
"2013-08-12 01:00:00","4.87792117","3.15943086","0.19584","","","2.60053612","337.33920288","1.57320595","24.08859062","67.96823883","1006.17700195","0","28.15113068","0","8.47863293"
"2013-08-12 02:00:00","","","0.16453179","","","2.44379201","335.47680664","1.60894203","23.94585991","68.37390137","1006.12701416","0","28.15113068","0","8.47863293"
"2013-08-12 03:00:00","7.36292462","5.54197215","0.18205805","","","","336.81280518","1.06253195","23.17276955","73.67101288","1006.01702881","0","28.15113068","0","8.47863293"
"2013-08-12 04:00:00","11.87639565","10.03209957","","0.52529881","0.7086517","2.26199106","332.15179443","0.85233998","22.64447975","73.57482147","1006.17102051","0","28.15113068","0","8.47863293"
"2013-08-12 05:00:00","36.95209592","33.36206736","0.21220592","0.75663275","1.00305896","2.13134114","216.16020203","0.38922501","22.0737896","76.27065277","1006.559021","19.9419899","28.15113068","0","8.47863293"
"2013-08-12 06:00:00","27.95368856","23.4687484","0.20501554","0.19360019","2.05747745","2.28928937","332.17410278","1.48431802","23.60419083","73.4985733","1006.96002197","181.16600037","28.15113068","0","8.47863293"
"2013-08-12 07:00:00","12.28883508","9.86608634","0.14278473","0.2515163","2.27277126","2.71048704","337.43280029","2.7581501","25.81250954","64.60337067","1007.34100342","402.56289673","28.15113068","0","8.47863293"
"2013-08-12 08:00:00","9.79215886","7.63269635","0.13899615","0.23890144","1.11939563","2.4667396","333.53820801","4.27942324","26.6072998","60.70539093","1007.53302002","594.77410889","28.15113068","0","8.47863293"
"2013-08-12 09:00:00","10.83233275","8.69362118","0.15298897","0.04233974","0.4836313","2.38679018","333.33660889","4.13739777","27.25930977","58.64923096","1007.94500732","757.90490723","28.15113068","0","8.47863293"
"2013-08-12 10:00:00","10.27333661","8.21892894","0.13709487","0.14687311","0.58790634","2.841139","336.25820923","4.13657808","27.95862007","53.0914917","1007.95001221","862.55700684","28.15113068","0","8.47863293"
"2013-08-12 11:00:00","9.16961166","7.25138619","0.13451323","0.0356489","0.2019345","3.09073826","337.59240723","3.96665001","28.26136017","51.12434006","1007.75701904","937.58227539","28.15113068","0","8.47863293"
"2013-08-12 12:00:00","8.38364391","6.3992728","0.12585495","","","2.29514119","338.19390869","3.67957711","28.49374962","51.51913071","1007.59301758","916.73876953","28.15113068","0","8.47863293"
"2013-08-12 13:00:00","7.00366365","5.39930636","0.13397151","","","2.47648958","337.980896","3.36019492","28.58736992","52.21598053","1007.31500244","836.19342041","28.15113068","0","8.47863293"
"2013-08-12 14:00:00","6.92973617","4.98038334","0.14819616","","","2.32634072","336.25469971","3.43659997","28.14340019","53.74332047","1007.125","407.6882019","28.15113068","0","8.47863293"
"2013-08-12 15:00:00","6.9634562","4.98946151","0.14935533","","","2.37509163","338.85360718","3.06808996","27.73468971","55.532341","1006.96002197","80.29608154","28.15113068","0","8.47863293"
"2013-08-12 16:00:00","7.23193159","5.33056614","0.12689763","","","2.64808799","335.69540405","2.84316993","27.10337067","60.09495163","1006.65301514","61.91289139","28.15113068","0","8.47863293"
"2013-08-12 17:00:00","8.31879461","6.40964922","0.16725206","","","2.30489117","340","2.39175391","26.3882103","62.42145157","1006.47900391","40.37545013","28.15113068","0","8.47863293"
"2013-08-12 18:00:00","9.22538088","7.37330105","0.16427549","","","1.93634258","338.80200195","1.838907","25.62318039","65.38603973","1006.61199951","10.7804203","28.15113068","0","8.47863293"
"2013-08-12 19:00:00","9.30579386","7.73126569","0.17022864","","","1.66724234","339.72650146","1.42742598","24.85116959","73.26541901","1007.12402344","0","28.15113068","0","8.47863293"
"2013-08-12 20:00:00","12.26419322","10.55348285","0.18522568","","","1.84469359","334.55599976","0.90661901","24.33712959","76.60704041","1007.62902832","0","28.15113068","0","8.47863293"
"2013-08-12 21:00:00","14.85295327","13.21746862","0.19546836","","","1.61849245","334.02371216","0.61637002","23.92028999","81.14082336","1007.76800537","0","28.15113068","0","8.47863293"
"2013-08-12 22:00:00","16.8606699","14.95930636","0.19898666","0.06098644","0.71747113","1.84274196","318.0625","0.55913401","23.49258995","86.13423157","1007.76300049","0","28.15113068","0","8.47863293"
"2013-08-12 23:00:00","17.79319628","15.13180318","0.19388396","0.29536324","3.615854","2.22883991","330.23980713","0.81750602","23.2184906","90.08119965","1007.62200928","0","28.15113068","0","8.47863293"
"2013-08-13 00:00:00","15.84643803","13.95155617","0.1807416","0.12394789","1.58292491","1.95389091","336.12020874","0.75989002","22.85774994","92.6247406","1007.44299316","0","28.15113068","0","8.47863293"
"2013-08-13 01:00:00","13.51317854","11.85694296","0.19168095","0.24449595","1.67176494","1.81934079","331.78500366","0.69887501","22.36026001","94.89289093","1007.17102051","0","18.5678997","0","10.19400024"
"2013-08-13 02:00:00","18.29512496","16.35874122","0.19469597","0.14303393","1.01758478","2.07284126","304.16140747","0.51901901","22.02589989","96.14862061","1007.06402588","0","18.5678997","0","10.19400024"
"2013-08-13 03:00:00","19.32490904","17.58438294","0.19369057","0.38259438","1.94723668","1.87004333","318.20150757","0.49342","21.85110092","95.73409271","1006.96801758","0","18.5678997","0","10.19400024"
"2013-08-13 04:00:00","15.50144249","13.63768798","0.2123597","0.55656037","2.41439766","1.95584253","308.20431519","0.41173801","21.81357956","99.08721924","1006.92401123","0","18.5678997","0","10.19400024"
"2013-08-13 05:00:00","27.7280152","25.11589816","0.24869372","1.58960761","2.5081671","1.82909077","291.67041016","0.27250499","21.81257057","99.19419098","1007.06201172","18.16341019","18.5678997","0","10.19400024"
"2013-08-13 06:00:00","36.59413128","31.30378024","0.25201863","0.92270071","3.53677615","1.91879119","331.3125","0.74885601","23.52515984","88.28121948","1007.22802734","191.14570618","18.5678997","0","10.19400024"
"2013-08-13 07:00:00","16.35355397","13.27583242","0.19906355","0.85118425","3.69889409","2.8742871","329.87420654","1.29995894","26.12920952","65.58248138","1007.34002686","410.25830078","18.5678997","0","10.19400024"
"2013-08-13 08:00:00","14.20057505","11.05541153","0.16744545","0.64222736","1.22769087","3.90778385","343.25930786","1.47147202","28.16300011","51.62257004","1007.38201904","597.72583008","18.5678997","0","10.19400024"
"2013-08-13 09:00:00","8.82591246","6.37722362","0.14792355","0.32336227","1.02536686","3.58408496","334.54400635","1.98512006","29.26379967","42.73979187","1007.58502197","761.38171387","18.5678997","0","10.19400024"
"2013-08-13 10:00:00","8.02827386","5.98942795","0.14630187","","","2.9600863","332.4125061","2.38609004","30.04009056","39.76047134","1007.51501465","862.70861816","18.5678997","0","10.19400024"
"2013-08-13 11:00:00","7.83632053","5.70798538","0.14498775","","","2.57788855","344.23791504","2.31833506","30.45779991","38.81874084","1007.34802246","941.3939209","18.5678997","0","10.19400024"
"2013-08-13 12:00:00","7.95564271","5.99332078","0.14680398","","","2.04554193","346.05709839","2.22581601","30.84391022","38.3017807","1007.02301025","918.74121094","18.5678997","0","10.19400024"
"2013-08-13 13:00:00","6.46541844","4.46677998","0.12462355","","","2.4218899","12.56149006","2.37481499","30.77342987","37.21319962","1006.76300049","828.71691895","18.5678997","0","10.19400024"
"2013-08-13 14:00:00","4.68856434","2.76904062","0.10606393","","","2.46283941","356.98370361","2.168643","30.54070091","35.24467087","1006.44299316","419.60400391","18.5678997","0","10.19400024"
"2013-08-13 15:00:00","5.22940222","3.1931509","0.12237626","","","2.78458668","25.98933983","2.23339295","29.96215057","35.88901138","1006.26000977","72.03704071","18.5678997","0","10.19400024"
"2013-08-13 16:00:00","4.65484239","2.81184074","0.16137697","","","2.32634072","48.54222107","1.97496104","29.75090981","34.62602997","1006.00500488","54.17378998","18.5678997","0","10.19400024"
"2013-08-13 17:00:00","7.06462012","5.22940222","0.16126047","","","2.10794099","47.66756058","1.65310895","28.9919796","37.84017181","1005.73400879","35.18824005","18.5678997","0","10.19400024"
"2013-08-13 18:00:00","9.29541744","7.28770081","0.19005694","","","2.09624142","45.33242035","1.29159999","27.66102982","45.95386124","1005.77301025","9.16056156","18.5678997","0","10.19400024"
"2013-08-13 19:00:00","13.0125462","11.17084279","0.17289532","","","2.42773969","41.73886108","0.62760198","26.19445992","57.96519089","1006.13000488","0","18.5678997","0","10.19400024"
"2013-08-13 20:00:00","14.30562989","12.4224227","0.20861073","","","2.27564123","340.88580322","0.650078","25.6036396","66.96179962","1006.50799561","0","18.5678997","0","10.19400024"
"2013-08-13 21:00:00","12.02425252","10.16049993","0.2215597","","","2.09819101","329.24609375","0.548545","25.05508041","71.95745087","1006.55200195","0","18.5678997","0","10.19400024"
"2013-08-13 22:00:00","12.1435747","10.39784605","0.21062035","","","2.62468784","323.23190308","0.385308","24.78339958","73.16957092","1006.52502441","0","18.5678997","0","10.19400024"
"2013-08-13 23:00:00","40.01035904","38.0661992","0.26411715","0.07513698","","2.38288999","286.33630371","0.41046199","24.5216198","73.03485107","1006.30200195","0","18.5678997","0","10.19400024"
"2013-08-14 00:00:00","44.72227272","42.75476736","0.30640316","0.71330549","","2.34779027","286.42630005","0.33900699","24.06484985","75.36798096","1005.89202881","0","18.5678997","0","10.19400024"
"2013-08-14 01:00:00","35.95862072","34.0222236","0.2523658","1.6213075","","2.66563938","274.75","0.208791","23.67621994","74.56069946","1005.52600098","0","30.73151016","0","9.36725044"
"2013-08-14 02:00:00","","","0.23887626","0.64520717","","2.40823973","334.48071289","0.250305","23.45528984","74.04605103","1005.35400391","0","30.73151016","0","9.36725044"
"2013-08-14 03:00:00","","","0.22067081","0.42438495","","","280.12091064","0.410808","23.26663971","74.57550049","1005.26501465","0","30.73151016","0","9.36725044"
"2013-08-14 04:00:00","","","","0.65451171","","3.45435644","334.44610596","0.48994601","23.10898972","71.54714203","1005.40802002","0","30.73151016","0","9.36725044"
"2013-08-14 05:00:00","","","0.19585398","0.68840628","","3.48227004","334.20770264","0.60020298","23.1475296","71.81902313","1005.58099365","16.81723976","30.73151016","0","9.36725044"
"2013-08-14 06:00:00","","","0.2260566","0.42219128","","3.92270731","340.09350586","0.87397599","24.6675396","71.95555878","1005.52301025","175.15040588","30.73151016","0","9.36725044"
"2013-08-14 07:00:00","","","0.19240791","0.42537245","","4.56339901","359.15090942","1.39365304","27.1068306","57.16917038","1005.58300781","396.06820679","30.73151016","0","9.36725044"
"2013-08-14 08:00:00","","","0.18508938","0.09641669","","5.50431825","52.96952057","1.76006806","28.80945015","48.38665009","1005.48400879","585.20941162","30.73151016","0","9.36725044"
"2013-08-14 09:00:00","","","0.18338498","0.0146987","","4.22260637","57.92285156","1.90563595","30.09074974","43.51411057","1005.67199707","750.13421631","30.73151016","0","9.36725044"
"2013-08-14 10:00:00","","","0.17900924","","","4.52802266","55.46368027","1.99568903","30.94491959","38.20560074","1005.57000732","851.09680176","30.73151016","0","9.36725044"
"2013-08-14 11:00:00","","","0.19504081","0.01700221","","4.79124565","11.02313042","1.96885705","31.40632057","37.68851089","1005.23400879","932.48571777","30.73151016","0","9.36725044"
"2013-08-14 12:00:00","","","0.16917431","0.02347338","","4.00644608","44.76881027","2.2533381","31.45182991","38.58864975","1005.16601563","911.57287598","30.73151016","0","9.36725044"
"2013-08-14 13:00:00","","","0.15593176","0.00142583","","4.13172725","17.41481972","2.16747904","30.99633026","40.79270172","1005.03399658","818.68640137","30.73151016","0","9.36725044"
"2013-08-14 14:00:00","","","0.14903962","","","4.05902498","46.62022018","2.15790296","31.08357048","38.10778046","1004.59399414","440.396698","30.73151016","0","9.36725044"
"2013-08-14 15:00:00","","","0.17982241","0.00010984","","4.13821877","39.03512955","2.15595794","30.66576958","39.03105164","1004.20501709","90.3764801","30.73151016","0","9.36725044"
"2013-08-14 16:00:00","","","0.18241687","","","4.10641209","348.73809814","1.53032196","30.54475975","38.16374969","1003.98699951","69.12187958","30.73151016","0","9.36725044"
"2013-08-14 17:00:00","","","0.1708391","","","3.89511915","55.00270081","1.86096501","29.46504974","39.03059006","1004.07501221","47.13471985","30.73151016","0","9.36725044"
"2013-08-14 18:00:00","","","0.20917342","","","3.28753183","51.19073105","1.37484097","27.8420105","45.30693054","1004.32501221","10.89132977","30.73151016","0","9.36725044"
"2013-08-14 19:00:00","","","0.22888289","","","4.01520855","343.33050537","1.02984703","26.78454971","55.61172104","1004.92700195","0","30.73151016","0","9.36725044"
"2013-08-14 20:00:00","","","0.22923123","","","4.0593494","341.20300293","1.23061001","26.15032005","64.01409149","1005.36901855","0","30.73151016","0","9.36725044"
"2013-08-14 21:00:00","","","0.20657897","","","3.78346883","332.84179688","1.01133502","25.90788078","66.9196701","1005.42102051","0","30.73151016","0","9.36725044"
"2013-08-14 22:00:00","","","0.18779917","","","3.55562218","332.54110718","0.99806798","25.73504066","69.42172241","1005.60400391","0","30.73151016","0","9.36725044"
"2013-08-14 23:00:00","","","0.19178813","","","3.69810693","335.77740479","1.66928303","25.61626053","72.92945099","1005.63800049","0","30.73151016","0","9.36725044"
"2013-08-15 00:00:00","","","0.16770292","","","3.69745707","335.78320313","2.16764402","25.50045967","76.80023193","1005.23101807","0","30.73151016","0","9.36725044"
"2013-08-15 01:00:00","","","0.18690911","","","3.1927576","333.04449463","2.1667161","25.21652031","76.85572052","1005.08599854","0","27.86107063","0","13.54360962"
"2013-08-15 02:00:00","","","0.18017191","","","3.36088193","337.66650391","2.575104","25.34988022","74.66104126","1004.9420166","0","27.86107063","0","13.54360962"
"2013-08-15 03:00:00","","","0.19263974","","","3.22294216","337.84390259","2.38495803","25.48277092","71.09483337","1005.19702148","0","27.86107063","0","13.54360962"
"2013-08-15 04:00:00","","","0.20731525","","","3.23689946","339.98669434","2.3982389","25.1389904","75.33026886","1005.64300537","0","27.86107063","0","13.54360962"
"2013-08-15 05:00:00","","","0.19658909","","","2.83703337","340.92120361","2.41764903","24.89302063","81.43183136","1006.33502197","12.19779968","27.86107063","0","13.54360962"
"2013-08-15 06:00:00","","","0.18508938","","","3.27227581","339.59280396","3.57453895","25.23624992","77.82343292","1006.51702881","53.42694092","27.86107063","0","13.54360962"
"2013-08-15 07:00:00","","","0.18857389","","","3.09084403","333.11520386","3.61206889","25.13017082","76.04550171","1006.64801025","91.94036102","27.86107063","0","13.54360962"
"2013-08-15 08:00:00","","","0.21033493","","","3.9863227","336.90719604","3.39604712","25.2102108","74.12088013","1006.81500244","73.87973022","27.86107063","0","13.54360962"
"2013-08-15 09:00:00","","","0.18748928","","","5.21383153","335.41470337","3.92944908","25.91370964","69.89694977","1006.70800781","165.3256073","27.86107063","0","13.54360962"
"2013-08-15 10:00:00","","","0.18477949","","","5.67179273","333.90100098","5.19348192","27.53668976","63.89044952","1007.06500244","753.43200684","27.86107063","0","13.54360962"
"2013-08-15 11:00:00","","","0.1586031","","","5.97591234","333.10910034","5.16793394","28.15242004","59.29384995","1006.96002197","844.62042236","27.86107063","0","13.54360962"
"2013-08-15 12:00:00","","","0.17061309","","","5.51567713","337.7427063","4.8792119","27.99220085","60.52272034","1006.82202148","742.40130615","27.86107063","0","13.54360962"
"2013-08-15 13:00:00","","","0.16367551","","","4.27453643","334.2802124","5.0533762","27.84403992","59.32695007","1006.65002441","614.33551025","27.86107063","0","13.54360962"
"2013-08-15 14:00:00","","","0.15523509","","","4.53061906","336.09161377","5.10984087","27.32917976","60.39519119","1006.68902588","353.20700073","27.86107063","0","13.54360962"
"2013-08-15 15:00:00","","","0.19209802","","","4.69095521","334.53540039","4.89327908","27.11577988","59.38705063","1006.46502686","147.76750183","27.86107063","0","13.54360962"
"2013-08-15 16:00:00","","","0.24785608","","","5.21837548","333.80551147","4.60163307","26.84737015","58.90517044","1006.42401123","87.07672119","27.86107063","0","13.54360962"
"2013-08-15 17:00:00","","","0.19194307","","","4.48940107","334.70541382","3.94216204","26.03532982","64.15139008","1006.42700195","34.35694122","27.86107063","0","13.54360962"
"2013-08-15 18:00:00","","","0.16475197","","","3.8561711","335.37780762","3.63618493","25.22826004","69.4822998","1006.64001465","5.39885998","27.86107063","0","13.54360962"
"2013-08-15 19:00:00","","","0.17831257","","","3.68090438","336.38580322","4.03891277","24.97916985","71.5121994","1007.04302979","0","27.86107063","0","13.54360962"
"2013-08-15 20:00:00","","","0.17277533","","","3.87434591","336.25390625","3.80752206","24.90114975","69.6366806","1007.434021","0","27.86107063","0","13.54360962"
"2013-08-15 21:00:00","","","0.1803653","","","3.8078097","332.87750244","3.93238711","24.70384026","71.93630219","1007.49200439","0","27.86107063","0","13.54360962"
"2013-08-15 22:00:00","","","0.17335666","","","3.30960174","337.74380493","3.829638","24.38385963","75.7077713","1007.80700684","0","27.86107063","0","13.54360962"
"2013-08-15 23:00:00","","","0.16839959","","","3.18237098","332.82330322","3.93633604","24.42543983","73.71665955","1007.99401855","0","27.86107063","0","13.54360962"
"2013-08-16 00:00:00","","","0.15932424","","","3.54621086","333.73699951","3.56217694","24.23328018","77.11685944","1007.73901367","0","27.86107063","0","13.54360962"
"2013-08-16 01:00:00","","","0.14725833","","","3.34952306","331.48260498","3.34000993","24.28026962","74.89852142","1007.74700928","0","26.96187019","0","10.39735985"
"2013-08-16 02:00:00","","","0.15651309","0.33312445","0.83497531","3.33004955","333.46530151","3.5140481","24.21116066","74.82919312","1007.50701904","0","26.96187019","0","10.39735985"
"2013-08-16 03:00:00","","","0.14408254","0.59999644","0.27949194","","334.18139648","4.09639502","24.21623993","74.64698029","1007.35101318","0","26.96187019","0","10.39735985"
"2013-08-16 04:00:00","","","","0.39959557","0.19272659","2.61660676","333.20721436","3.99033308","24.18680954","72.44042969","1007.58099365","0","26.96187019","0","10.39735985"
"2013-08-16 05:00:00","","","0.16407977","0.34321614","0.13138115","2.50439301","330.40460205","3.49321103","24.05833054","74.98764038","1007.99401855","9.97456264","26.96187019","0","10.39735985"
"2013-08-16 06:00:00","","","0.16726604","0.78591929","0.30374536","2.91383619","332.0663147","3.90471196","24.56361961","74.56864166","1008.34899902","128.42680359","26.96187019","0","10.39735985"
"2013-08-16 07:00:00","","","0.18338964","0.91403587","0.46612263","3.00626217","334.47421265","5.06017303","25.35515976","70.27812195","1008.43701172","289.7098999","26.96187019","0","10.39735985"
"2013-08-16 08:00:00","","","0.15533761","0.61557281","0.46832748","3.49147185","331.46310425","5.28137922","26.18387985","65.06314087","1008.41400146","499.14520264","26.96187019","0","10.39735985"
"2013-08-16 09:00:00","","","0.17056882","0.43936434","0.5650869","3.36631271","335.53570557","5.56807899","26.71245003","62.1590004","1008.23699951","688.74951172","26.96187019","0","10.39735985"
"2013-08-16 10:00:00","","","0.17371548","0.10354586","0.54977596","4.24672148","335.32800293","4.95158005","27.54714012","57.21244049","1008.11401367","799.64080811","26.96187019","0","10.39735985"
"2013-08-16 11:00:00","","","0.17736776","0.08588667","0.47416405","4.36770583","334.12060547","4.8438859","27.92070007","55.10879135","1007.9050293","874.28363037","26.96187019","0","10.39735985"
"2013-08-16 12:00:00","","","0.19030625","0.0689943","0.35328851","4.7914938","335.43429565","4.63493395","28.27396965","53.53025055","1007.65802002","851.37762451","26.96187019","0","10.39735985"
"2013-08-16 13:00:00","","","0.18867408","0.03641674","0.22605774","5.54693971","332.85339355","4.7811451","28.45182991","49.85477066","1007.39001465","753.74432373","26.96187019","0","10.39735985"
"2013-08-16 14:00:00","","","0.18117498","0.03422307","0.17612508","5.20572909","335.68240356","4.8172698","27.78203964","53.37205124","1006.91400146","425.86080933","26.96187019","0","10.39735985"
"2013-08-16 15:00:00","","","0.1906173","0.06383912","0.21477413","4.12540863","337.00540161","4.9203701","27.35462952","55.48188019","1006.61999512","120.30509949","26.96187019","0","10.39735985"
"2013-08-16 16:00:00","","","0.18366225","0.49513459","0.3752069","4.06900886","337.92800903","5.00884008","26.63953018","55.35116959","1006.89300537","87.30870056","26.96187019","0","10.39735985"
"2013-08-16 17:00:00","","","0.16275866","0.13974292","0.36651765","3.6690848","337.3460083","4.24103308","25.98813057","58.38861084","1007.03900146","51.30646133","26.96187019","0","10.39735985"
"2013-08-16 18:00:00","","","0.1830017","0.16333427","0.43097612","2.95801264","337.83959961","3.47410607","25.35313988","59.83021164","1007.51300049","10.41106987","26.96187019","0","10.39735985"
"2013-08-16 19:00:00","","","0.17845587","","","2.34210015","341.5039978","2.27779698","24.94329071","62.31039047","1008.35101318","0","26.96187019","0","10.39735985"
"2013-08-16 20:00:00","","","0.15662027","","","2.26587803","340.09671021","1.94690597","24.71352959","64.76197052","1008.86700439","0","26.96187019","0","10.39735985"
"2013-08-16 21:00:00","","","0.1681596","","","2.23507005","336.95220947","1.78680694","24.48236084","65.5565033","1008.51501465","0","26.96187019","0","10.39735985"
"2013-08-16 22:00:00","","","0.15362855","","","2.67196308","335.05810547","1.49706304","24.21393967","66.65167999","1008.27502441","0","26.96187019","0","10.39735985"
"2013-08-16 23:00:00","","","0.17356054","0.02007253","0.02619792","2.45695505","333.11779785","1.63018405","23.52625084","72.90869141","1008.33300781","0","26.96187019","0","10.39735985"
"2013-08-17 00:00:00","","","0.14757288","0.06010979","0.41489329","2.59808922","335.3132019","1.886917","23.31434059","76.84602356","1008.36901855","0","26.96187019","0","10.39735985"
"2013-08-17 01:00:00","","","0.15763033","0.0703103","0.38506366","2.58048495","334.48880005","1.88261104","23.38603973","79.36743927","1008.13201904","0","22.10186958","0","9.61117935"
"2013-08-17 02:00:00","","","0.15844583","0.04387541","0.29207223","2.60715272","335.34671021","1.82597995","23.19079971","79.2197113","1007.79400635","0","22.10186958","0","9.61117935"
"2013-08-17 03:00:00","","","0.15580361","0.02742239","0.27897327","2.6070856","334.26611328","1.698964","22.9773407","78.60385132","1007.65002441","0","22.10186958","0","9.61117935"
"2013-08-17 04:00:00","","","0.16124299","0.10036468","0.26626382","2.24974028","337.30410767","2.40327096","23.22315979","77.99945068","1007.80700684","0","22.10186958","0","9.61117935"
"2013-08-17 05:00:00","","","0.14342665","0.03196329","0.13052483","2.52144403","339.07620239","2.08388591","23.28800964","75.94844055","1008.15301514","16.90171051","22.10186958","0","9.61117935"
"2013-08-17 06:00:00","","","0.154599","0.02062171","0.49232156","2.87077031","333.86050415","3.02006507","24.29825974","68.66680145","1008.29101563","157.90080261","22.10186958","0","9.61117935"
"2013-08-17 07:00:00","","","0.14084501","0.02840888","0.30400469","3.19101649","333.79150391","3.816432","25.4421196","61.66598129","1008.30200195","364.5696106","22.10186958","0","9.61117935"
"2013-08-17 08:00:00","","","0.15121933","0.00614268","0.32151336","3.38026697","334.85360718","4.12063122","26.22005081","56.88000107","1008.54400635","560.69171143","22.10186958","0","9.61117935"
"2013-08-17 09:00:00","","","0.13727079","","","4.15139298","334.47039795","4.27141523","26.90740013","52.20085144","1008.57800293","740.39581299","22.10186958","0","9.61117935"
"2013-08-17 10:00:00","","","0.12223413","","","3.88024553","335.97940063","3.98228502","27.37206078","54.70600128","1008.48199463","835.13842773","22.10186958","0","9.61117935"
"2013-08-17 11:00:00","","","0.13983495","0.01393087","0.603081","3.82319386","337.32400513","4.12611914","27.66563988","51.64501953","1008.42700195","923.7434082","22.10186958","0","9.61117935"
"2013-08-17 12:00:00","","","0.13651004","","","3.19737173","336.67950439","3.94872403","28.0998497","49.94620132","1008.14001465","900.48321533","22.10186958","0","9.61117935"
"2013-08-17 13:00:00","","","0.15875688","","","3.84268874","336.9230957","3.93668294","28.07583046","47.5082016","1007.83599854","807.76342773","22.10186958","0","9.61117935"
"2013-08-17 14:00:00","","","0.13140385","","","3.34916609","338.56210327","3.93103004","27.93115044","45.80937958","1007.53601074","402.42559814","22.10186958","0","9.61117935"
"2013-08-17 15:00:00","","","0.15642572","","","3.23404983","338.64260864","3.97864604","27.20553017","50.62725067","1007.47802734","70.1058197","22.10186958","0","9.61117935"
"2013-08-17 16:00:00","","","0.16135949","","","3.18090955","336.53820801","3.5842669","26.7684803","50.5261116","1007.51702881","50.53926086","22.10186958","0","9.61117935"
"2013-08-17 17:00:00","","","0.17142276","","","3.49545036","338.92340088","3.00475788","26.06254005","55.74617004","1007.86901855","31.25152016","22.10186958","0","9.61117935"
"2013-08-17 18:00:00","","","0.17328793","","","2.9817779","337.8125","1.97138596","25.15703011","63.03078079","1008.01000977","6.66056204","22.10186958","0","9.61117935"
"2013-08-17 19:00:00","","","0.18377875","","","2.93681836","339.13540649","1.60041702","24.36691093","68.99707031","1008.28302002","0","22.10186958","0","9.61117935"
"2013-08-17 20:00:00","","","0.18809158","","","2.3186939","336.94070435","1.24994099","23.94145966","72.89266968","1008.62402344","0","22.10186958","0","9.61117935"
"2013-08-17 21:00:00","","","0.19325836","0.02720272","0.21788717","2.4490977","334.22650146","0.58940101","23.35210991","78.14048004","1008.83001709","0","22.10186958","0","9.61117935"
"2013-08-17 22:00:00","","","0.1988923","0.20983456","1.76735074","2.37943117","337.1730957","0.672553","22.91913986","81.9183197","1008.86199951","0","22.10186958","0","9.61117935"
"2013-08-17 23:00:00","","","0.18234114","0.61721832","1.57540216","2.19131973","331.6111145","0.90722299","22.25559044","85.40605164","1008.94500732","0","22.10186958","0","9.61117935"
"2013-08-18 00:00:00","","","0.19644463","0.6276385","1.2384548","2.35165283","337.4671936","1.24988401","21.9741497","85.1247406","1008.83300781","0","22.10186958","0","9.61117935"
"2013-08-18 01:00:00","","","0.18342925","0.40431242","0.96272373","2.37330171","337.22640991","1.23113","22.1663208","84.16149902","1008.65802002","0","26.08167076","0","10.78971004"
"2013-08-18 02:00:00","","","0.19675569","0.09477118","0.80449683","2.6309851","334.37109375","1.25750995","21.68387985","85.96382904","1008.58001709","0","26.08167076","0","10.78971004"
"2013-08-18 03:00:00","","","0.20169063","0.52628631","1.16647459","","331.24420166","0.79281199","21.19812965","90.55860138","1008.64801025","0","26.08167076","0","10.78971004"
"2013-08-18 04:00:00","","","","0.42274046","1.34726872","2.26549157","312.1282959","0.416186","20.90279007","91.8190918","1008.809021","0","26.08167076","0","10.78971004"
"2013-08-18 05:00:00","","","0.16851026","0.48088438","1.78084734","1.97859893","274.80950928","0.33041799","20.8103199","91.96926117","1009.09802246","14.44036961","26.08167076","0","10.78971004"
"2013-08-18 06:00:00","","","0.21009494","0.757904","2.59061936","1.95274272","313.59390259","0.49935299","23.04088974","76.53446198","1009.38000488","174.05470276","26.08167076","0","10.78971004"
"2013-08-18 07:00:00","","","0.13931536","0.80895333","2.84537277","3.05202209","333.91110229","1.75935698","25.55046082","62.26285172","1009.625","407.50390625","26.08167076","0","10.78971004"
"2013-08-18 08:00:00","","","0.10721845","0.23111427","0.96739277","4.69005008","337.85250854","1.98260498","27.56801987","47.01736069","1009.7130127","603.19891357","26.08167076","0","10.78971004"
"2013-08-18 09:00:00","","","0.11377856","0.02204754","0.47507223","4.96710224","345.38800049","2.13560009","28.52659035","42.82789993","1009.76000977","771.66552734","26.08167076","0","10.78971004"
"2013-08-18 10:00:00","","","0.08935201","0.02775088","0.60230198","4.58807549","343.5440979","2.21161604","28.95236969","42.45129013","1009.62200928","855.46691895","26.08167076","0","10.78971004"
"2013-08-18 11:00:00","","","0.09108203","","","3.78264607","335.98141479","2.34716511","29.24662971","41.72100067","1009.43499756","944.44641113","26.08167076","0","10.78971004"
"2013-08-18 12:00:00","","","0.08711754","","","3.47422964","339.05490112","2.29049611","29.77296066","39.06809998","1009.19299316","927.8571167","26.08167076","0","10.78971004"
"2013-08-18 13:00:00","","","0.09442908","","","3.49535883","333.35940552","2.53809905","30.0175705","34.83692169","1008.8170166","839.34967041","26.08167076","0","10.78971004"
"2013-08-18 14:00:00","","","0.06463187","","","3.10661973","335.07611084","2.57628107","29.46018028","33.69665146","1008.46600342","376.43670654","26.08167076","0","10.78971004"
"2013-08-18 15:00:00","","","0.08903746","","","3.56557251","335.87319946","2.44509602","28.95672035","32.92367172","1008.16601563","53.78408051","26.08167076","0","10.78971004"
"2013-08-18 16:00:00","","","0.10108006","","","2.75909354","339.23260498","2.20054507","28.33658981","36.81983185","1007.89801025","43.18273163","26.08167076","0","10.78971004"
"2013-08-18 17:00:00","","","0.06785659","0.01042018","0.44174005","2.67838035","335.92709351","1.76989198","27.43474007","42.69332123","1007.73400879","27.0655098","26.08167076","0","10.78971004"
"2013-08-18 18:00:00","","","0.1228143","0.02073155","0.58764701","3.10071401","341.9302063","1.34709501","25.88095093","54.9656105","1008.1920166","5.43854284","26.08167076","0","10.78971004"
"2013-08-18 19:00:00","","","0.13301038","0.09411318","0.76584778","2.06351131","337.15591431","0.99570698","24.56340981","65.74440002","1008.53900146","0","26.08167076","0","10.78971004"
"2013-08-18 20:00:00","","","0.14700087","0.11275988","1.38915996","2.01377085","336.89300537","0.86698198","23.8004303","71.10066986","1008.78900146","0","26.08167076","0","10.78971004"
"2013-08-18 21:00:00","","","0.1305301","0.12285157","1.28021689","2.39109006","335.12640381","0.84220999","23.16090012","75.56139374","1008.86999512","0","26.08167076","0","10.78971004"
"2013-08-18 22:00:00","","","0.172773","0.30175305","1.43092205","2.38846721","318.45019531","0.54888499","22.77988052","78.59658051","1008.82202148","0","26.08167076","0","10.78971004"
"2013-08-18 23:00:00","","","0.21005649","0.87630314","2.55822892","2.29685891","272.21899414","0.56090802","22.40332985","80.07312012","1008.71899414","0","26.08167076","0","10.78971004"
"2013-08-19 00:00:00","","","0.21106422","0.73118435","2.98271964","2.19265403","315.67449951","0.69148803","22.32241058","79.24474335","1008.60400391","0","26.08167076","0","10.78971004"
"2013-08-19 01:00:00","","","0.12611125","0.67897259","2.51452233","2.35604932","338.9671936","0.88763797","22.12759018","77.93264008","1008.30200195","0","16.34119987","0","8.97259617"
"2013-08-19 02:00:00","","","0.14525686","0.22431359","1.49538053","2.10852881","332.75650024","0.81988001","21.53581047","74.36379242","1008.18902588","0","16.34119987","0","8.97259617"
"2013-08-19 03:00:00","","","0.1513801","0.20775073","1.26465374","2.69859119","331.88580322","0.58329397","21.40442085","70.2909317","1007.98400879","0","16.34119987","0","8.97259617"
"2013-08-19 04:00:00","","","0.16223208","0.22881076","1.50251377","2.41983149","333.19320679","0.39719599","21.16176987","70.04347992","1008.17602539","0","16.34119987","0","8.97259617"
"2013-08-19 05:00:00","","","0.2039717","0.45389117","2.21207365","2.60278369","282.34570313","0.42338201","21.33245087","66.84098053","1008.42102051","15.04273033","16.34119987","0","8.97259617"
"2013-08-19 06:00:00","","","0.21160711","0.60065546","3.29139338","2.64596144","335.64950562","0.865251","23.09476089","61.74365997","1008.55401611","160.91360474","16.34119987","0","8.97259617"
"2013-08-19 07:00:00","","","0.1498691","0.53879033","3.07389572","3.27867884","337.08560181","1.91351497","25.96850967","58.43975067","1008.57800293","378.14089966","16.34119987","0","8.97259617"
"2013-08-19 08:00:00","","","0.12644328","0.24767713","1.43260824","3.34653003","336.32879639","2.50939703","27.98690987","51.56457138","1008.65301514","575.0223999","16.34119987","0","8.97259617"
"2013-08-19 09:00:00","","","0.18701512","0.09531934","0.97789838","4.09250868","342.55780029","2.75630307","28.92617989","49.3254509","1008.66400146","729.58172607","16.34119987","0","8.97259617"
"2013-08-19 10:00:00","","","0.18075674","0.35977901","1.27100897","3.93961189","339.68780518","2.8197639","29.72385025","43.67486954","1008.51300049","828.43103027","16.34119987","0","8.97259617"
"2013-08-19 11:00:00","","","0.12138368","0.38314255","1.27684452","3.0100271","337.76989746","2.99426007","30.53005028","38.16938019","1008.26300049","920.4262085","16.34119987","0","8.97259617"
"2013-08-19 12:00:00","","","0.09301826","0.09630685","0.79762293","2.50435335","338.29190063","2.8847971","31.17980957","34.05792999","1007.91601563","905.19842529","16.34119987","0","8.97259617"
"2013-08-19 13:00:00","","","0.10587986","","","3.27776049","336.27520752","2.85880589","31.39484978","32.32912064","1007.36700439","816.85290527","16.34119987","0","8.97259617"
"2013-08-19 14:00:00","","","0.09109019","","","3.18838348","338.66571045","2.80895591","30.75926018","33.70450974","1006.86602783","340.40090942","16.34119987","0","8.97259617"
"2013-08-19 15:00:00","","","0.09623133","","","3.15714938","338.52700806","2.85047698","30.18470955","35.1008606","1006.44702148","63.44626999","16.34119987","0","8.97259617"
"2013-08-19 16:00:00","","","0.07697272","","","2.77195351","337.8927002","2.39148498","29.47319984","37.28503036","1006.32501221","48.82783127","16.34119987","0","8.97259617"
"2013-08-19 17:00:00","","","0.1030128","","","3.2669986","339.83511353","1.88397896","28.41139984","40.80891037","1006.08001709","30.03256035","16.34119987","0","8.97259617"
"2013-08-19 18:00:00","","","0.1185539","0.06811663","0.88776066","3.0059591","341.17581177","1.06851006","26.81162071","50.97320175","1006.00201416","5.21672821","16.34119987","0","8.97259617"
"2013-08-19 19:00:00","","","0.15366933","1.09929971","1.87655315","2.47272261","335.43499756","0.64479399","25.72941017","60.82410049","1006.36999512","0","16.34119987","0","8.97259617"
"2013-08-19 20:00:00","","","0.24420031","0.48252074","1.74854437","2.29856543","329.52670288","0.507954","25.11660004","65.40814972","1006.58300781","0","16.34119987","0","8.97259617"
"2013-08-19 21:00:00","","","0.16955643","0.58847993","2.45161986","2.38872858","339.42840576","0.39882299","24.6756897","67.94171906","1006.5960083","0","16.34119987","0","8.97259617"
"2013-08-19 22:00:00","","","0.17664895","0.23418561","2.17848316","2.48256616","330.52780151","0.42393801","24.18349075","70.31108093","1006.49200439","0","16.34119987","0","8.97259617"
"2013-08-19 23:00:00","","","0.19563962","0.56840639","2.54240644","2.07033538","888","0","23.55784988","70.18430328","1006.38299561","0","16.34119987","0","8.97259617"
"2013-08-20 00:00:00","","","0.28090247","0.79469397","3.15287899","2.44188311","280.80999756","0.29427701","23.0451107","70.89884949","1006.09399414","0","16.34119987","0","8.97259617"
"2013-08-20 01:00:00","","","0.29636552","1.27534953","4.60416342","2.40802107","274.33740234","0.37678799","22.63517952","71.277771","1006.00500488","0","20.06917953","0","10.88061047"
"2013-08-20 02:00:00","","","0.26175686","0.98044292","5.11980784","1.92203339","274.96420288","0.176173","21.99468994","72.32858276","1005.76501465","0","20.06917953","0","10.88061047"
"2013-08-20 03:00:00","","","0.23881335","0.69970414","3.78319627","","286.5","0.1221","21.93827057","68.79376984","1005.45501709","0","20.06917953","0","10.88061047"
"2013-08-20 04:00:00","","","","0.54855251","2.82773494","2.14041786","186.66650391","0.2035","21.77614975","68.59603882","1005.19000244","0","20.06917953","0","10.88061047"
"2013-08-20 05:00:00","","","0.48112986","1.21633709","6.90430011","2.46561683","237.66650391","0.13023999","21.84954071","69.58966064","1005.375","14.24501038","20.06917953","0","10.88061047"
"2013-08-20 06:00:00","","","0.57466887","0.29769522","1.58876249","2.95480909","273.05749512","0.33953199","24.45582962","57.50691986","1005.54699707","166.40400696","20.06917953","0","10.88061047"
"2013-08-20 07:00:00","","","0.32339235","2.19969574","11.82996774","4.6548568","73.32491302","1.02087998","28.06809998","38.98398972","1005.67602539","387.78070068","20.06917953","0","10.88061047"
"2013-08-20 08:00:00","","","0.19977187","0.84175056","4.82179125","4.76789635","74.05056","0.99278402","29.9718399","35.90266037","1005.63299561","576.2800293","20.06917953","0","10.88061047"
"2013-08-20 09:00:00","","","0.13364764","0.3705287","2.9043842","3.74167521","94.09915924","1.05638504","31.4645195","32.50860977","1005.52301025","726.18731689","20.06917953","0","10.88061047"
"2013-08-20 10:00:00","","","0.14174672","0.12471573","1.28138441","2.79737037","66.29945374","1.28346002","32.84146118","27.75912094","1005.28601074","814.01611328","20.06917953","0","10.88061047"
"2013-08-20 11:00:00","","","0.11411175","0.01930469","1.06181105","2.42269435","52.83745956","1.80566895","33.47428131","24.39328957","1004.99700928","913.03521729","20.06917953","0","10.88061047"
"2013-08-20 12:00:00","","","0.09301011","","","2.47986907","48.53512955","2.50562692","33.56592178","23.55628967","1004.7210083","900.47912598","20.06917953","0","10.88061047"
"2013-08-20 13:00:00","","","0.09154803","","","2.69497474","48.71754074","2.74305797","33.15254974","26.23624992","1004.35101318","797.04211426","20.06917953","0","10.88061047"
"2013-08-20 14:00:00","","","0.08510442","","","2.68596514","41.3839798","2.57435608","31.35564995","32.49198151","1004.18200684","314.76480103","20.06917953","0","10.88061047"
"2013-08-20 15:00:00","","","0.1144997","0.07568514","0.3828588","3.11962106","37.14015961","1.994017","29.40962982","43.35918045","1004.05999756","123.47049713","20.06917953","0","10.88061047"
"2013-08-20 16:00:00","","","0.12406085","0.00888451","0.34213507","2.98298609","46.05569077","1.50432503","28.59881973","45.42232132","1003.93103027","73.4666214","20.06917953","0","10.88061047"
"2013-08-20 17:00:00","","","0.1459512","0.06844613","1.31795776","2.75985222","17.04063988","1.17838204","27.80117989","47.77323151","1003.91900635","41.3909111","20.06917953","0","10.88061047"
"2013-08-20 18:00:00","","","0.1650339","0.09235784","1.59394817","2.73773552","345.99710083","1.33347905","26.66102982","57.86893082","1004.90002441","6.42551899","20.06917953","0","10.88061047"
"2013-08-20 19:00:00","","","0.24382518","0.27049251","1.34195184","2.51640378","342.55960083","2.17285109","25.85956955","67.37551117","1005.52801514","0","20.06917953","0","10.88061047"
"2013-08-20 20:00:00","","","0.15734956","0.56511639","1.24429136","2.19693764","331.50131226","3.99323106","25.4502697","74.27683258","1006.14599609","0","20.06917953","0","10.88061047"
"2013-08-20 21:00:00","","","0.11488764","0.51400095","0.84768476","2.15696547","335.52670288","5.0269208","24.23809052","75.49111176","1006.37402344","0","20.06917953","0","10.88061047"
"2013-08-20 22:00:00","","","0.08181912","0.26160698","0.453283","1.97101821","336.67330933","4.10987186","23.87998962","72.67243195","1006.10400391","0","20.06917953","0","10.88061047"
"2013-08-20 23:00:00","","","0.11167923","0.15652545","0.51449928","1.60961302","333.74530029","3.89635801","23.89023972","70.07453156","1005.91900635","0","20.06917953","0","10.88061047"
"2013-08-21 00:00:00","","","0.12034683","0.03356507","0.71824913","2.01721848","336.93530273","3.42007589","24.11565018","68.84954071","1005.65100098","0","20.06917953","0","10.88061047"
"2013-08-21 01:00:00","","","0.11078568","","","2.05588381","337.39379883","3.45324707","24.31167984","68.9883194","1005.47900391","0","20.72120094","0","11.37782955"
"2013-08-21 02:00:00","","","0.1232838","","","2.01476141","340.84161377","3.31345606","24.25979996","71.76876068","1005.21801758","0","20.72120094","0","11.37782955"
"2013-08-21 03:00:00","","","0.12134291","0.01678253","0.27988145","1.96659629","333.64450073","3.42048502","23.24921989","81.47863007","1004.8460083","0","20.72120094","0","11.37782955"
"2013-08-21 04:00:00","","","0.12619513","0.23956045","0.43279147","2.10617751","332.4960022","3.57997608","23.49123955","84.77471161","1004.86401367","0","20.72120094","0","11.37782955"
"2013-08-21 05:00:00","","","0.13147375","","","2.41040696","335.87069702","3.30535889","23.7028904","83.06491089","1005.18103027","11.33699036","20.72120094","0","11.37782955"
"2013-08-21 06:00:00","","","0.13592405","0.39926708","0.3788386","2.23216245","331.65969849","3.71253109","24.16151047","80.0842514","1005.32202148","93.04029083","20.72120094","0","11.37782955"
"2013-08-21 07:00:00","","","0.14391944","0.54317868","0.52215119","2.32881915","335.79330444","3.70168996","24.33720016","76.88793182","1005.58001709","286.63189697","20.72120094","0","11.37782955"
"2013-08-21 08:00:00","","","0.1358856","0.18427735","0.67960008","2.55932627","334.86599731","3.82990599","25.40517044","70.65106964","1005.95300293","457.15899658","20.72120094","0","11.37782955"
"2013-08-21 09:00:00","","","0.14438544","0.41429427","0.75235931","2.33995937","334.82400513","4.6709342","25.9584198","68.79656982","1006.25","476.39801025","20.72120094","0","11.37782955"
"2013-08-21 10:00:00","","","0.13688168","0.39718223","0.71734197","2.50051112","346.07040405","3.25209904","26.8362999","66.64189148","1006.20501709","484.30599976","20.72120094","0","11.37782955"
"2013-08-21 11:00:00","","","0.14058172","0.18343527","0.8397725","2.58717783","51.12928009","2.96113801","27.9764595","54.63716125","1006.16101074","550.36120605","20.72120094","0","11.37782955"
"2013-08-21 12:00:00","","","0.13631199","0.14873828","1.00980371","2.24952773","5.07650805","2.45437407","29.82777023","41.91622162","1005.95001221","686.73181152","20.72120094","0","11.37782955"
"2013-08-21 13:00:00","","","0.15579662","0.13689125","0.98905182","3.19858602","15.91466999","2.13352895","29.48616028","46.26305008","1005.66400146","512.35040283","20.72120094","0","11.37782955"
"2013-08-21 14:00:00","","","0.14954756","0.42822412","0.68491797","3.43875668","345.36230469","2.17396402","29.17358017","47.56417084","1005.41601563","321.03781128","20.72120094","0","11.37782955"
"2013-08-21 15:00:00","","","0.14003533","0.19121024","0.47716013","3.45446322","337.02410889","2.71566391","28.2833004","50.48072052","1005.20001221","141.54350281","20.72120094","0","11.37782955"
"2013-08-21 16:00:00","","","0.15200687","0.07700114","0.36145909","3.14427619","338.60540771","3.32179809","26.91864967","56.88006973","1005.1920166","81.15283203","20.72120094","0","11.37782955"
"2013-08-21 17:00:00","17.83729274","15.7517577","0.1888267","","","2.49805405","336.60769653","3.68286109","26.21969986","58.92972183","1005.55200195","53.79121017","20.72120094","0","11.37782955"
"2013-08-21 18:00:00","14.10200571","12.15524746","0.13281932","","","2.61765122","331.86520386","3.08929801","25.73904037","61.33808136","1005.73901367","5.38359785","20.72120094","0","11.37782955"
"2013-08-21 19:00:00","12.52358853","10.7532161","0.15408873","","","2.09929547","332.88369751","2.93872809","25.43297958","63.60765076","1005.78100586","0","20.72120094","0","11.37782955"
"2013-08-21 20:00:00","8.74809406","7.03349276","0.15032345","","","2.40352695","334.69549561","3.29951406","25.39328957","66.6649704","1006.15100098","0","20.72120094","0","11.37782955"
"2013-08-21 21:00:00","8.08793399","6.2630906","0.15408873","","","2.14500555","331.68130493","3.48893905","24.95055008","71.74230194","1006.30102539","0","20.72120094","0","11.37782955"
"2013-08-21 22:00:00","9.35507758","7.73515661","0.15323478","","","2.70759063","333.22940063","3.49060202","24.69135094","72.74854279","1006.23901367","0","20.72120094","0","11.37782955"
"2013-08-21 23:00:00","10.10732338","8.3862385","0.14936698","","","2.78066004","331.67910767","3.57783008","24.63212967","68.66062164","1006.26800537","0","20.72120094","0","11.37782955"
"2013-08-22 00:00:00","8.31360735","6.51340773","0.12620795","","","2.69874578","330.62359619","4.06951094","24.5097599","70.35231018","1005.84301758","0","20.72120094","0","11.37782955"
"2013-08-22 01:00:00","6.4316965","4.82474654","0.10805608","","","2.19677492","331.90960693","4.31573391","24.44878006","72.49517059","1005.51800537","0","32.33563995","0","18.30537987"
"2013-08-22 02:00:00","","","0.13232769","","","2.41335626","331.09100342","4.3652072","24.3801899","73.14311981","1005.21801758","0","32.33563995","0","18.30537987"
"2013-08-22 03:00:00","7.87912065","6.47449853","0.1148492","","","","334.77459717","3.90089798","24.19013023","77.15892029","1004.91400146","0","32.33563995","0","18.30537987"
"2013-08-22 04:00:00","8.59634818","6.72611008","","","","2.52750128","333.61990356","3.74113488","24.06896973","79.02062225","1004.95800781","0","32.33563995","0","18.30537987"
"2013-08-22 05:00:00","9.02953663","7.26435529","0.19754672","","","2.60872907","332.55990601","3.60742307","24.02699089","78.90422058","1005.15002441","15.41615009","32.33563995","0","18.30537987"
"2013-08-22 06:00:00","8.23838354","6.25271418","0.17581714","","","2.63161564","330.65280151","4.13034821","24.5499897","76.6594696","1005.44000244","127.39099884","32.33563995","0","18.30537987"
"2013-08-22 07:00:00","7.84799329","5.72354906","0.1600745","","","2.92833861","332.59109497","4.6557498","25.41057968","69.65052032","1005.60400391","328.84921265","32.33563995","0","18.30537987"
"2013-08-22 08:00:00","8.47962058","6.44596384","0.18464085","","","3.73698379","333.62860107","4.10614109","26.50447083","63.45116043","1005.91900635","515.28381348","32.33563995","0","18.30537987"
"2013-08-22 09:00:00","9.11384054","6.79225572","0.15075566","","","3.43269942","334.94439697","3.83600593","27.22364044","59.77859116","1006.24401855","629.88592529","32.33563995","0","18.30537987"
"2013-08-22 10:00:00","8.76495407","6.62235158","0.16217266","","","3.63994368","336.27160645","4.01784611","27.49023056","58.93738174","1006.26800537","652.92022705","32.33563995","0","18.30537987"
"2013-08-22 11:00:00","8.24875805","6.02185356","0.17550609","","","3.44212803","336.16000366","3.64499402","28.07014084","56.18680954","1006.09802246","790.77630615","32.33563995","0","18.30537987"
"2013-08-22 12:00:00","8.28247999","6.17619402","0.19455384","","","4.47707605","336.12750244","3.41613197","28.68050003","51.30654144","1005.75500488","801.00830078","32.33563995","0","18.30537987"
"2013-08-22 13:00:00","7.02052366","5.09062543","0.16586571","","","4.37541571","335.49850464","3.77750111","28.62092972","50.19921112","1005.75201416","723.69952393","32.33563995","0","18.30537987"
"2013-08-22 14:00:00","6.632728","4.63020054","0.16710993","","","4.68883782","335.9453125","3.73299503","28.31434059","48.33435059","1005.60900879","269.15939331","32.33563995","0","18.30537987"
"2013-08-22 15:00:00","6.5549096","4.51736386","0.21103509","","","5.10617597","335.56420898","2.94264388","27.73122978","48.21442032","1005.61602783","110.74069977","32.33563995","0","18.30537987"
"2013-08-22 16:00:00","7.38886473","5.4070882","0.20182227","","","4.06582769","334.6000061","3.20989799","26.98283958","56.46139145","1005.42199707","75.99105072","32.33563995","0","18.30537987"
"2013-08-22 17:00:00","6.67423178","4.75341173","0.18841196","","","3.66636433","338.22860718","3.3521359","25.80801964","65.69638062","1005.60400391","43.28245163","32.33563995","0","18.30537987"
"2013-08-22 18:00:00","8.59634818","6.76631753","0.20905226","","","2.98363595","331.51089478","3.04123807","25.04862976","68.86431885","1005.90899658","6.33394384","32.33563995","0","18.30537987"
"2013-08-22 19:00:00","7.32401542","5.39800811","0.2124727","","","2.69624294","333.74850464","2.35092807","24.64921951","68.69387054","1005.97802734","0","32.33563995","0","18.30537987"
"2013-08-22 20:00:00","7.06851104","5.16974208","0.19774128","","","2.79574012","335.44750977","1.66008902","24.35305977","69.96884918","1006.4710083","0","32.33563995","0","18.30537987"
"2013-08-22 21:00:00","7.08926389","5.47582651","0.18872301","","","2.44489953","331.43811035","1.13622403","23.86643028","72.40399933","1006.77001953","0","32.33563995","0","18.30537987"
"2013-08-22 22:00:00","6.45634026","4.58480583","0.200267","","","2.62464207","332.61419678","1.10805905","23.5158596","73.11563873","1006.88299561","0","32.33563995","0","18.30537987"
"2013-08-22 23:00:00","9.53406181","7.5341251","0.2946087","","","2.51846422","334.43011475","0.63623399","23.19791985","78.93447113","1007.00500488","0","32.33563995","0","18.30537987"
"2013-08-23 00:00:00","8.43292954","6.6910918","0.35365556","","","2.669625","334.3835144","0.65164697","23.00724983","82.52883148","1006.85601807","0","32.33563995","0","18.30537987"
"2013-08-23 01:00:00","10.32780949","8.43292954","0.20699254","0.10310753","0.45146766","2.7088151","308.76879883","0.51035202","22.51037979","86.4468689","1006.68902588","0","23.22994995","0","16.79948044"
"2013-08-23 02:00:00","8.18261241","6.33701808","0.18965501","0.82233603","2.95963374","2.44401575","293.25820923","0.73567301","22.20458031","86.60704041","1006.58599854","0","23.22994995","0","16.79948044"
"2013-08-23 03:00:00","8.19298883","6.33701808","0.18580702","0.35857183","1.57812568","2.21575112","318.27099609","0.756814","21.96784019","86.34635162","1006.57000732","0","23.22994995","0","16.79948044"
"2013-08-23 04:00:00","7.17097321","5.3811481","0.20602093","0.27838951","1.22379983","2.59203197","331.6505127","0.85286301","21.94227028","86.46492004","1006.5300293","0","23.22994995","0","16.79948044"
"2013-08-23 05:00:00","4.61074594","2.68344038","0.18289219","0.52584697","0.97374801","2.34785637","335.10620117","2.04926896","22.82946014","84.30863953","1006.65301514","12.95786953","23.22994995","0","16.79948044"
"2013-08-23 06:00:00","10.08008694","7.64696178","0.19101573","0.51904629","0.58258845","2.51237544","336.17730713","2.04097605","23.55228996","78.87741089","1006.92901611","135.45770264","23.22994995","0","16.79948044"
"2013-08-23 07:00:00","8.38883308","6.16970852","0.17857703","0.52409264","0.99047867","2.70871645","333.43701172","2.97743392","24.84778023","70.71659088","1006.98699951","337.89770508","23.22994995","0","16.79948044"
"2013-08-23 08:00:00","6.07373186","3.91167667","0.16267827","0.38125906","0.83483699","3.26945669","339.38751221","3.6770339","26.01675034","59.10731125","1007.29602051","540.19641113","23.22994995","0","16.79948044"
"2013-08-23 09:00:00","7.67419822","5.04782531","0.16295088","0.29813355","0.63796817","2.80457988","331.93670654","3.28089499","26.91419029","53.62088013","1007.59002686","701.00311279","23.22994995","0","16.79948044"
"2013-08-23 10:00:00","5.51603396","3.59391757","0.16396094","0.13557525","0.70009263","3.22211432","334.23440552","3.42689991","27.14657974","54.87009048","1007.70599365","784.15551758","23.22994995","0","16.79948044"
"2013-08-23 11:00:00","6.4316965","4.28520499","0.14429224","0.10606903","0.63628198","3.00642489","334.67871094","2.80159712","27.90191078","52.91785049","1007.63201904","864.29681396","23.22994995","0","16.79948044"
"2013-08-23 12:00:00","6.18138128","4.0037605","0.12660521","0.12745858","0.586091","3.87576971","335.76339722","2.98594499","28.0857296","51.66781998","1007.46801758","847.98632813","23.22994995","0","16.79948044"
"2013-08-23 13:00:00","4.24629388","2.45257976","0.15890833","0.06625145","0.41476413","3.13391296","339.10769653","3.12181401","27.93630028","52.90414047","1007.09899902","759.10351563","23.22994995","0","16.79948044"
"2013-08-23 14:00:00","4.2761249","2.27359744","0.14238164","0.03246773","0.17975678","2.8937657","337.46960449","2.59303308","27.42016029","54.13953018","1006.66601563","203.18460083","23.22994995","0","16.79948044"
"2013-08-23 15:00:00","4.37599249","2.38124495","0.16427199","0.04859226","0.33500183","2.5160102","336.9006958","2.23756099","27.11952019","54.20845032","1006.28399658","80.48329926","23.22994995","0","16.79948044"
"2013-08-23 16:00:00","6.14765934","4.34097421","0.19428123","0.05802494","0.31347194","3.36315798","337.47280884","2.10795307","26.30224991","57.60168076","1006.5","61.9464798","23.22994995","0","16.79948044"
"2013-08-23 17:00:00","5.3033297","3.4525462","0.19381523","0.21893874","0.72265884","2.8795216","336.92010498","1.73296905","25.26950073","64.51457977","1006.87402344","36.16299057","23.22994995","0","16.79948044"
"2013-08-23 18:00:00","8.88168167","6.78317754","0.17018087","0.20095005","0.97712038","2.38567148","337.4670105","1.16786802","24.71944046","66.91290283","1006.93200684","7.48168516","23.22994995","0","16.79948044"
"2013-08-23 19:00:00","8.8985436","7.01533641","0.20030661","0.54339734","1.17140297","2.29776404","341.08700562","0.768888","24.23538017","70.00875092","1007.39501953","0","23.22994995","0","16.79948044"
"2013-08-23 20:00:00","13.65065899","11.44191086","0.23194801","0.60679712","1.39266251","2.35266983","341.96530151","0.82057798","23.8300705","71.96694946","1007.59301758","0","23.22994995","0","16.79948044"
"2013-08-23 21:00:00","12.60789052","10.74673251","0.2227748","0.76650476","1.62857702","2.42240654","339.72900391","0.68021601","23.24608994","74.62860107","1007.51300049","0","23.22994995","0","16.79948044"
"2013-08-23 22:00:00","13.41460921","11.55734021","0.2352135","0.47670655","1.55231626","2.35522352","326.1842041","0.452252","22.91459084","79.42355347","1007.75201416","0","23.22994995","0","16.79948044"
"2013-08-23 23:00:00","23.36240296","21.38191512","0.23805028","0.68906428","2.29287328","2.23254586","312.39331055","0.30877501","22.56702042","81.72575378","1007.76501465","0","23.22994995","0","16.79948044"
"2013-08-24 00:00:00","28.04577048","26.03935592","0.2905277","0.77769278","2.9160563","2.63554228","324.26190186","0.37354201","22.3955307","82.18756104","1007.57501221","0","23.22994995","0","16.79948044"
"2013-08-24 01:00:00","20.29763904","18.244543","0.25585381","0.79370748","4.69974921","2.49872222","331.48480225","0.40663001","22.52013969","81.88902283","1007.34301758","0","24.70084953","0","15.55228996"
"2013-08-24 02:00:00","","","0.27186906","0.66975857","3.52367719","2.44077254","315.79879761","0.35570499","22.6247406","81.30654144","1007.25500488","0","24.70084953","0","15.55228996"
"2013-08-24 03:00:00","26.71507584","24.5971152","0.25204426","0.66943008","3.46764863","","289.92840576","0.29362199","22.43522072","80.38957214","1007.14801025","0","24.70084953","0","15.55228996"
"2013-08-24 04:00:00","24.56598784","22.53232728","","0.74412771","3.11215526","3.05570769","279.54980469","0.24420001","21.92674065","82.43161011","1006.90002441","0","24.70084953","0","15.55228996"
"2013-08-24 05:00:00","34.61106224","31.91722632","0.37290369","0.86423643","3.35286899","3.25073066","296.27990723","0.26569","21.37634087","84.69075012","1006.88500977","9.73443222","24.70084953","0","15.55228996"
"2013-08-24 06:00:00","57.73740968","47.61193568","0.43798874","1.16226116","4.0121067","3.19345729","289.55630493","0.42813799","23.13307953","78.68559265","1006.90899658","143.53160095","24.70084953","0","15.55228996"
"2013-08-24 07:00:00","27.8058336","23.10818344","0.31026164","1.05498597","4.88326686","4.82474868","303.54660034","0.49133101","25.54936981","60.86331177","1007.05200195","353.10540771","24.70084953","0","15.55228996"
"2013-08-24 08:00:00","16.06562589","12.71813262","0.2629405","0.49765776","2.23541888","5.13728194","331.97421265","0.69985801","27.80470085","48.46512985","1006.98400879","550.09851074","24.70084953","0","15.55228996"
"2013-08-24 09:00:00","23.41815688","19.01364882","0.24506008","0.39345289","1.46892226","15.85668771","330.34890747","0.857059","29.56884956","38.45061111","1006.86700439","700.04772949","24.70084953","0","15.55228996"
"2013-08-24 10:00:00","27.95368856","22.93180144","0.27539202","0.27498968","1.13560763","15.70066974","159.40040588","1.15172696","30.86594963","35.48974991","1006.65802002","775.69592285","24.70084953","0","15.55228996"
"2013-08-24 11:00:00","12.98531167","10.45361526","0.25285626","0.36636001","1.56749091","5.21825344","4.88186598","1.16874003","31.78400993","33.94736099","1006.11602783","837.24151611","24.70084953","0","15.55228996"
"2013-08-24 12:00:00","10.42508249","8.29674734","0.21251697","0.26449729","0.92081519","5.41426494","61.85205078","2.15806103","30.49620056","37.83983994","1005.77301025","413.25689697","24.70084953","0","15.55228996"
"2013-08-24 13:00:00","6.5484241","4.53552021","0.20262612","0.14906678","0.80683085","4.56800805","43.66226959","2.31880689","30.49681091","35.18714142","1005.69000244","479.88800049","24.70084953","0","15.55228996"
"2013-08-24 14:00:00","5.70539079","3.6860014","0.18140914","","","3.7212569","48.40103149","1.99735498","29.94804001","30.49938965","1005.5","182.85600281","24.70084953","0","15.55228996"
"2013-08-24 15:00:00","6.29032704","4.26185947","0.23865957","","","3.57659475","68.9306488","2.30414295","29.77552986","32.81108093","1005","75.89845276","24.70084953","0","15.55228996"
"2013-08-24 16:00:00","8.52501528","6.35258176","0.23722429","","","4.32608002","59.07474136","1.90910494","29.04294014","38.48472977","1004.83599854","58.27228165","24.70084953","0","15.55228996"
"2013-08-24 17:00:00","10.7532161","8.61839736","0.22186493","","","4.37446481","71.83683014","1.72996604","27.76740074","48.32098007","1004.75701904","32.52136993","24.70084953","0","15.55228996"
"2013-08-24 18:00:00","12.37832624","10.47696078","0.25983811","","","3.8866567","42.83584976","1.17567599","26.40550995","52.94145966","1004.97802734","3.35775399","24.70084953","0","15.55228996"
"2013-08-24 19:00:00","12.26419322","10.18384545","0.26216461","","","3.28035689","60.34915161","0.85770202","25.52828026","63.48276138","1005.26501465","0","24.70084953","0","15.55228996"
"2013-08-24 20:00:00","23.2923664","21.53367056","0.32271199","","","3.41810649","91.20146179","0.627496","25.42259979","66.59970093","1005.39202881","0","24.70084953","0","15.55228996"
"2013-08-24 21:00:00","31.14942448","29.12614608","0.37298174","","","3.43588162","193.39990234","0.521797","25.12223053","70.41954041","1005.30200195","0","24.70084953","0","15.55228996"
"2013-08-24 22:00:00","35.33217304","32.88605584","0.36704723","0.06888446","0.46845766","3.13865523","192.43600464","0.49351001","24.92077065","75.61891174","1005.31201172","0","24.70084953","0","15.55228996"
"2013-08-24 23:00:00","36.8029408","34.28552512","0.45175904","0.69454896","4.45968433","3.29220494","188.91540527","0.51075602","24.54347992","79.47789001","1005.27301025","0","24.70084953","0","15.55228996"
"2013-08-25 00:00:00","35.55524608","33.41914056","0.41017903","0.79239047","4.68418606","3.52376567","187.44880676","0.438214","23.99430084","83.95462036","1005.27301025","0","24.70084953","0","15.55228996"
"2013-08-25 01:00:00","34.720008","32.59036504","0.45210738","0.80928284","4.60572044","3.17914098","169.58320618","0.14245","23.61293983","88.82099152","1004.99700928","0","23.55039978","0","15.56015968"
"2013-08-25 02:00:00","44.8298992","42.58226672","0.51800793","0.90761758","5.69021975","2.88783964","192.72270203","0.22743","23.26671982","90.10105896","1004.71502686","0","23.55039978","0","15.56015968"
"2013-08-25 03:00:00","28.4789532","26.2520468","0.38170876","1.16588066","7.0981932","3.03546431","161.4967041","0.815099","23.38216972","87.94329071","1004.51501465","0","23.55039978","0","15.56015968"
"2013-08-25 04:00:00","21.76712576","19.67509184","0.33539651","0.77045276","5.02255925","2.81377865","159.53860474","0.80371201","23.26181984","85.61708069","1004.35101318","0","23.55039978","0","15.56015968"
"2013-08-25 05:00:00","22.80339152","20.6374588","0.31437292","0.47012554","3.29714044","3.34997054","166.38360596","0.58163399","23.24847031","89.27587128","1004.27001953","12.13267994","23.55039978","0","15.56015968"
"2013-08-25 06:00:00","18.24194842","15.53516252","0.29241966","0.48789558","3.270253","3.51142234","158.74150085","0.918329","24.0678997","86.6663208","1004.23400879","134.50650024","23.55039978","0","15.56015968"
"2013-08-25 07:00:00","12.2667859","9.44197606","0.27100813","0.445446","2.58390817","3.42501802","182.65370178","1.40929401","25.64211082","75.95713043","1004.2210083","337.13061523","23.55039978","0","15.56015968"
"2013-08-25 08:00:00","11.18381189","8.12813953","0.27554697","0.32402027","1.52754519","4.56899556","160.08880615","1.88875306","27.54667091","62.58946991","1004.04400635","515.76611328","23.55039978","0","15.56015968"
"2013-08-25 09:00:00","12.89452226","9.85311725","0.26418239","0.19743936","1.13820098","4.56998408","161.05490112","1.72181296","28.79574966","53.36521149","1003.88500977","516.29022217","23.55039978","0","15.56015968"
"2013-08-25 10:00:00","15.75953763","12.24214404","0.25479599","0.26676317","1.42378881","3.92517049","187.02650452","1.67514896","30.20791054","47.02462006","1003.4420166","561.6026001","23.55039978","0","15.56015968"
"2013-08-25 11:00:00","15.34061652","11.8841794","0.2504517","0.10244953","0.51423995","3.95726192","185.91670227","2.40806794","30.87985992","45.44219971","1003.52801514","625.50469971","23.55039978","0","15.56015968"
"2013-08-25 12:00:00","11.88288115","8.75976682","0.21247853","","","3.59979863","196.64630127","1.98159695","32.09115982","39.65790176","1003.72900391","889.86761475","23.55039978","0","15.56015968"
"2013-08-25 13:00:00","4.83901197","2.90392648","0.17830675","","","3.60226994","69.8434906","3.03941894","29.60906982","45.55561066","1003.81500244","749.65997314","23.55039978","0","15.56015968"
"2013-08-25 14:00:00","5.8999387","3.6730323","0.20518563","","","3.92171472","81.41223145","2.78836393","29.68349075","43.18307114","1003.66400146","188.73510742","23.55039978","0","15.56015968"
"2013-08-25 15:00:00","7.98028648","5.71317263","0.18493909","","","3.59239487","105.20529938","2.28030205","29.56233978","45.51885986","1003.40301514","92.15405273","23.55039978","0","15.56015968"
"2013-08-25 16:00:00","12.29402234","9.89461912","0.22050771","","","3.86493358","148.2407074","2.01695299","29.43135071","48.08140182","1003.02801514","79.36302948","23.55039978","0","15.56015968"
"2013-08-25 17:00:00","22.63219104","19.48314616","0.25968316","","","3.48377215","193.65260315","1.47942901","28.99448967","42.96160126","1002.64300537","58.70471954","23.55039978","0","15.56015968"
"2013-08-25 18:00:00","26.23648312","23.15617464","0.30172801","","","3.74248779","186.62950134","1.55295002","27.76177025","50.98086166","1002.66601563","3.78815603","23.55039978","0","15.56015968"
"2013-08-25 19:00:00","24.53096","21.57646112","0.35091082","","","3.68077115","166.46910095","1.38989496","26.6973896","55.65370178","1003.16400146","0","23.55039978","0","15.56015968"
"2013-08-25 20:00:00","27.3985776","24.390906","0.36817146","","","3.37218894","182.60450745","0.96362501","25.92477036","59.93521118","1003.65600586","0","23.55039978","0","15.56015968"
"2013-08-25 21:00:00","30.2480312","27.64629632","0.34629509","","","3.59338237","158.81410217","1.38804197","25.25749016","63.38521957","1003.95501709","0","23.55039978","0","15.56015968"
"2013-08-25 22:00:00","31.21687984","27.92386136","0.36095661","","","3.35293408","133.01570129","1.29774106","24.34811974","73.44743347","1003.81799316","0","23.55039978","0","15.56015968"
"2013-08-25 23:00:00","26.52313016","23.65033104","0.35001843","","","3.40576316","141.65010071","1.68430901","23.73740959","80.88378906","1003.82702637","0","23.55039978","0","15.56015968"
"2013-08-26 00:00:00","23.5374848","20.73862272","0.36018189","","","3.55042734","152.16520691","1.68762898","23.46750069","85.63716125","1003.77001953","0","23.55039978","0","15.56015968"
"2013-08-26 01:00:00","17.45857716","15.0838158","0.30327979","0.49140525","3.64636807","3.11939732","141.89660645","1.99676299","23.22369957","87.50366211","1003.33099365","0","24.3886795","0","12.67819023"
"2013-08-26 02:00:00","","","0.25561032","0.34869981","2.481061","3.00041035","143.09710693","1.86117804","23.11837006","90.66577148","1003.36401367","0","24.3886795","0","12.67819023"
"2013-08-26 03:00:00","8.14629779","6.18008494","0.23807824","0.15093195","1.57488349","","149.68380737","1.54573703","22.92712975","94.81439972","1003.19799805","0","24.3886795","0","12.67819023"
"2013-08-26 04:00:00","7.6664183","6.0036953","","0.12537373","1.42936604","2.26869716","147.99220276","1.81596696","23.04788971","97.4664917","1003.30200195","0","24.3886795","0","12.67819023"
"2013-08-26 05:00:00","13.08128642","10.51197906","0.18818478","0.12712907","1.50108692","2.2993831","156.95339966","1.79677904","23.31298065","98.97000122","1003.35900879","26.8467598","24.3886795","0","12.67819023"
"2013-08-26 06:00:00","14.37955737","11.52880743","0.1795964","0.18208266","1.51548357","2.50119251","160.57440186","2.59831691","24.56402969","91.7602005","1003.64001465","93.19902039","24.3886795","0","12.67819023"
"2013-08-26 07:00:00","20.250948","15.32894376","0.23932013","0.1648618","1.44596653","2.47522748","184.311203","2.216681","26.42823029","76.68164063","1003.92102051","346.37350464","24.3886795","0","12.67819023"
"2013-08-26 08:00:00","23.23789352","17.71408154","0.23465663","0.43678014","2.29832033","2.91307446","192.37210083","2.08638597","28.69799995","57.35673141","1004.40600586","529.36602783","24.3886795","0","12.67819023"
"2013-08-26 09:00:00","23.80854904","18.35867602","0.19443967","0.39038155","2.54707548","3.65658689","185.25120544","1.73604798","30.32566071","44.0855217","1004.7210083","689.87890625","24.3886795","0","12.67819023"
"2013-08-26 10:00:00","23.74759448","18.12911174","0.17994707","0.28398403","1.96448602","2.92487776","186.53500366","1.82285595","31.54949951","39.7125206","1004.68902588","783.12780762","24.3886795","0","12.67819023"
"2013-08-26 11:00:00","20.63355832","16.02282386","0.17407896","0.16102263","1.0155101","2.42094206","229.94340515","1.52165604","32.79399109","35.84317017","1004.54302979","867.70751953","24.3886795","0","12.67819023"
"2013-08-26 12:00:00","21.41434264","16.31983202","0.16704586","","","2.91465081","186.92300415","1.93736696","33.08628082","33.26034164","1004.21600342","853.2835083","24.3886795","0","12.67819023"
"2013-08-26 13:00:00","16.03579486","12.30310242","0.12919967","","","2.493325","185.76190186","2.04560208","33.04008102","32.50643158","1004.10101318","757.02667236","24.3886795","0","12.67819023"
"2013-08-26 14:00:00","9.73638965","7.22803876","0.12216656","","","3.17232302","195.12660217","1.86029506","32.0320816","34.81962967","1003.93499756","162.8092041","24.3886795","0","12.67819023"
"2013-08-26 15:00:00","13.79462303","11.03076967","0.1470731","","","2.98624863","186.81880188","1.90060401","31.62284088","36.27017975","1003.79101563","77.50305176","24.3886795","0","12.67819023"
"2013-08-26 16:00:00","19.34825456","16.01504202","0.17590568","","","3.05863157","188.11410522","1.86487997","31.36417961","40.76026154","1003.75201416","75.71022034","24.3886795","0","12.67819023"
"2013-08-26 17:00:00","19.57134672","16.5688509","0.19684889","","","2.58183756","188.48260498","2.34225011","29.73463058","48.27988052","1003.96801758","34.72629166","24.3886795","0","12.67819023"
"2013-08-26 18:00:00","24.11334096","21.2029328","0.25323023","","","3.87728199","165.84880066","1.94012904","28.40876007","50.70986176","1004.22302246","3.39031291","24.3886795","0","12.67819023"
"2013-08-26 19:00:00","24.75923368","21.90978008","0.28855186","","","3.13376956","160.75790405","2.23741698","27.24987984","59.71488953","1004.43701172","0","24.3886795","0","12.67819023"
"2013-08-26 20:00:00","23.66719488","21.28335152","0.31691728","","","2.84187124","159.17550659","2.41719294","26.40089035","67.10236359","1004.87402344","0","24.3886795","0","12.67819023"
"2013-08-26 21:00:00","23.02906488","20.55185856","0.32123011","","","2.50001381","161.73260498","2.168365","25.60289955","76.207901","1005.20300293","0","24.3886795","0","12.67819023"
"2013-08-26 22:00:00","23.4894936","20.62707664","0.30700896","","","2.5436787","160.68530273","2.10852289","25.12487984","82.06639862","1005.16101074","0","24.3886795","0","12.67819023"
"2013-08-26 23:00:00","18.88913938","15.9657583","0.22672997","","","2.4264481","149.56910706","2.18671894","24.80355072","85.87776184","1004.90301514","0","24.3886795","0","12.67819023"
"2013-08-27 00:00:00","16.82176262","14.07606561","0.22913919","","","2.36665358","156.7407074","2.317729","24.7541008","87.40740967","1004.52301025","0","24.3886795","0","12.67819023"
"2013-08-27 01:00:00","9.65597666","7.66252546","0.19109845","","","2.36468569","155.270401","2.47121","24.97467995","86.46614075","1004.184021","0","26.85754967","0","14.27567005"
"2013-08-27 02:00:00","6.4835767","4.50309651","0.15491355","","","2.38002713","156.52160645","2.679075","24.95326042","87.04762268","1004.09899902","0","26.85754967","0","14.27567005"
"2013-08-27 03:00:00","4.64835689","2.9078174","0.15667153","","","2.42684269","152.22590637","2.50331211","24.6950798","91.67549133","1003.684021","0","26.85754967","0","14.27567005"
"2013-08-27 04:00:00","5.33575339","3.54592828","0.15589448","","","2.2993831","153.85380554","2.38452101","24.65357018","91.82214355","1003.50500488","0","26.85754967","0","14.27567005"
"2013-08-27 05:00:00","9.03732038","6.78706846","0.16782291","","","2.22306437","160.75660706","2.873487","24.72195053","90.77513123","1003.51702881","4.65506697","26.85754967","0","14.27567005"
"2013-08-27 06:00:00","13.93210157","10.9633277","0.17034863","","","2.59836076","160.59060669","2.34299898","25.02569962","89.40856171","1003.2210083","46.6971817","26.85754967","0","14.27567005"
"2013-08-27 07:00:00","17.70759413","14.11108389","0.21208126","","","2.0885234","161.90870667","2.92500591","25.94029999","82.76712036","1003.44702148","118.58460236","26.85754967","0","14.27567005"
"2013-08-27 08:00:00","23.41945704","18.29123404","0.25307528","","","2.34658919","162.96580505","2.70728993","26.53742981","79.65254974","1003.72900391","196.42840576","26.85754967","0","14.27567005"
"2013-08-27 09:00:00","22.17306248","15.83995062","0.23014925","","","2.59167297","182.76060486","2.64714289","29.14360046","65.59008026","1003.27502441","605.09960938","26.85754967","0","14.27567005"
"2013-08-27 10:00:00","27.27406816","20.31450288","0.22669153","","","3.19474685","185.36289978","2.36166501","31.71352959","50.36019135","1002.82702637","771.11102295","26.85754967","0","14.27567005"
"2013-08-27 11:00:00","24.47000544","18.23935574","0.18694056","","","3.2246436","185.96780396","2.64656901","32.65961075","40.6365509","1002.46099854","868.53991699","26.85754967","0","14.27567005"
"2013-08-27 12:00:00","20.49478536","15.42881134","0.18997189","","","3.50828083","194.769104","1.83774102","33.43087006","37.49700165","1002.20501709","856.48040771","26.85754967","0","14.27567005"
"2013-08-27 13:00:00","7.05683828","4.75730265","0.1305301","","","3.06886055","335.86410522","3.16114998","30.08769989","53.00101089","1002.64202881","641.93731689","26.85754967","0","14.27567005"
"2013-08-27 14:00:00","4.95833415","3.07123604","0.17792579","","","2.89694789","337.331604","2.54669595","27.86691093","65.30130005","1002.80200195","247.89570618","26.85754967","0","14.27567005"
"2013-08-27 15:00:00","6.01666439","4.05434246","0.14342082","","","3.4020623","334.4125061","1.98149204","28.31644058","63.45434952","1002.7880249","144.75770569","26.85754967","0","14.27567005"
"2013-08-27 16:00:00","6.05427726","3.99338408","0.15500092","","","3.19199078","339.17449951","1.50382698","28.46253967","61.84825134","1002.26501465","94.56755066","26.85754967","0","14.27567005"
"2013-08-27 17:00:00","8.51852978","6.4252129","0.14629604","","","2.89576614","81.84764099","2.22824311","28.58300972","66.6651001","1002.65802002","49.82397079","26.85754967","0","14.27567005"
"2013-08-27 18:00:00","8.95431282","6.97383262","0.15220259","","","2.62314607","77.32736206","4.33995724","25.12495041","68.88977051","1003.13702393","1.18742394","26.85754967","0","14.27567005"
"2013-08-27 19:00:00","11.49897832","9.26039916","0.16898908","","","2.37333934","79.33422089","3.426368","24.17378998","72.31780243","1003.27801514","0","26.85754967","0","14.27567005"
"2013-08-27 20:00:00","8.1398142","6.43948025","0.16459819","","","2.03423493","79.54473114","2.45331311","24.60004997","80.99105072","1003.03302002","0","26.85754967","0","14.27567005"
"2013-08-27 21:00:00","10.34985676","8.30452918","0.1488905","","","2.36665358","134.68170166","2.30090189","25.55702972","88.83963013","1002.75500488","0","26.85754967","0","14.27567005"
"2013-08-27 22:00:00","10.01523764","8.06588481","0.16727886","","","2.15854691","160.08700562","2.31145191","25.92321014","87.27085114","1002.75500488","0","26.85754967","0","14.27567005"
"2013-08-27 23:00:00","13.60526429","11.50286733","0.19024334","","","2.62550551","158.8697052","1.17223299","25.85523987","86.57968903","1002.8460083","0","26.85754967","0","14.27567005"
"2013-08-28 00:00:00","8.6261792","6.58733521","0.14948232","","","2.55508741","336.24380493","1.95179296","24.44091034","88.16171265","1002.92102051","0","26.85754967","0","14.27567005"
"2013-08-28 01:00:00","4.24370121","2.3825432","0.12693607","","","2.0885234","342.22860718","1.43272805","22.99504089","87.59889984","1003.2130127","0","18.46113014","0","7.70777416"
"2013-08-28 02:00:00","","","0.15238783","","","2.13730483","334.88070679","1.42648101","22.43976021","91.53819275","1003.44799805","0","18.46113014","0","7.70777416"
"2013-08-28 03:00:00","6.9699417","5.0698745","0.16374308","","","","338.94039917","0.99184901","22.12038994","94.61470032","1003.10302734","0","18.46113014","0","7.70777416"
"2013-08-28 04:00:00","6.21510322","4.30206501","","","","2.62740119","346.54449463","0.85111201","22.87734985","91.57189178","1003.06201172","0","18.46113014","0","7.70777416"
"2013-08-28 05:00:00","8.63007012","6.85840136","0.14542928","","","2.42775799","47.20360184","1.84717405","22.87729073","92.97470093","1003.57000732","7.72079802","18.46113014","0","7.70777416"
"2013-08-28 06:00:00","14.20446597","11.05411519","0.16062438","","","2.38348086","54.33061981","1.209023","23.6343708","90.8821106","1004.08502197","131.96670532","18.46113014","0","7.70777416"
"2013-08-28 07:00:00","28.9549456","23.53230328","0.23921877","","","2.57600913","191.56210327","0.82758701","25.61260033","76.58654022","1004.30700684","179.50750732","18.46113014","0","7.70777416"
"2013-08-28 08:00:00","28.76430008","22.11340808","0.23531253","","","3.25717133","196.02250671","1.14289904","27.45034027","66.24861145","1004.47302246","485.92269897","18.46113014","0","7.70777416"
"2013-08-28 09:00:00","16.71151861","12.80114018","0.18117148","","","3.69006551","255.11749268","1.46369696","29.79825974","48.20587158","1004.20800781","718.09002686","18.46113014","0","7.70777416"
"2013-08-28 10:00:00","16.83862072","13.20579586","0.17390654","","","3.24017115","301.98590088","1.24187398","30.58810997","42.73260117","1004.47302246","623.33111572","18.46113014","0","7.70777416"
"2013-08-28 11:00:00","17.04873231","13.41071829","0.1733986","","","2.87488103","888","1.25739396","30.96805","42.22893143","1004.39801025","741.20562744","18.46113014","0","7.70777416"
"2013-08-28 12:00:00","10.68447779","8.44200771","0.17449603","","","4.19925707","31.5237999","2.16298509","29.22743988","51.03981018","1004.17602539","478.16540527","18.46113014","0","7.70777416"
"2013-08-28 13:00:00","8.48221516","6.32534532","0.1350934","","","4.25183597","69.39128876","2.51877999","29.06842995","50.70030975","1004.43701172","589.00170898","18.46113014","0","7.70777416"
"2013-08-28 14:00:00","7.03738368","4.91683037","0.1458615","","","3.41649353","72.69844055","2.52187109","28.87071037","47.82830048","1003.96002197","154.69160461","18.46113014","0","7.70777416"
"2013-08-28 15:00:00","5.74559824","3.77160164","0.12727509","","","2.5744277","47.43395996","2.55580902","27.27316093","51.28102112","1004.38500977","108.63040161","18.46113014","0","7.70777416"
"2013-08-28 16:00:00","5.15936566","3.17499454","0.12914258","","","2.68907513","53.92930984","2.34361911","26.08587074","53.81439972","1004.81500244","53.49002075","18.46113014","0","7.70777416"
"2013-08-28 17:00:00","7.31234266","5.32018971","0.14742143","","","2.48666365","53.78342056","1.71560502","26.61096954","48.12752151","1005.18200684","26.63105011","18.46113014","0","7.70777416"
"2013-08-28 18:00:00","10.24350558","7.89857525","0.19675802","","","2.28701841","41.07670975","1.52461195","24.91152954","63.73389053","1005.59899902","2.10317492","18.46113014","0","7.70777416"
"2013-08-28 19:00:00","13.28231793","10.81158182","0.19039013","","","2.41075782","72.86206055","0.93263102","23.97775078","68.82688141","1006.059021","0","18.46113014","0","7.70777416"
"2013-08-28 20:00:00","17.99552221","16.00726209","0.23953099","","","2.57759057","57.65866089","0.89383799","24.43881035","64.01898956","1006.11901855","0","18.46113014","0","7.70777416"
"2013-08-28 21:00:00","11.20456282","9.43549056","0.19765623","","","2.33722465","5.14440918","0.49227899","23.86079979","68.7843399","1006.40600586","0","18.46113014","0","7.70777416"
"2013-08-28 22:00:00","12.5780595","10.71690149","0.18839798","","","2.38071157","334.88790894","1.18437099","23.45820999","73.12677002","1006.75701904","0","18.46113014","0","7.70777416"
"2013-08-28 23:00:00","18.98641238","17.1356308","0.18308558","","","2.45978027","335.3381958","1.31971395","22.49971962","81.87612152","1006.96002197","0","18.46113014","0","7.70777416"
"2013-08-29 00:00:00","13.96063626","12.00998518","0.16070826","","","2.30560002","335.3276062","1.05026495","22.17996025","85.44612885","1007.07501221","0","18.46113014","0","7.70777416"
"2013-08-29 01:00:00","9.55481274","7.74812762","0.15898988","","","2.04467748","334.15490723","1.07284904","22.07304955","85.04029083","1007.14501953","0","9.7853756","0","4.78768206"
"2013-08-29 02:00:00","8.4446023","6.70146822","0.15331983","","","2.13916085","335.2026062","0.98984599","21.85190964","84.85945129","1007.31500244","0","9.7853756","0","4.78768206"
"2013-08-29 03:00:00","10.42767516","8.45886964","0.14820548","","","2.33406178","334.19329834","1.131639","21.46241951","88.27581024","1007.39001465","0","9.7853756","0","4.78768206"
"2013-08-29 04:00:00","8.92578004","7.08277838","0.16800815","","","2.26329791","339.4960022","1.00702596","21.1793499","88.40827179","1007.68200684","0","9.7853756","0","4.78768206"
"2013-08-29 05:00:00","15.13310142","12.79724926","0.18273375","","","2.27001824","313.09820557","0.76516098","21.03045082","86.92938232","1008.24200439","7.58954","9.7853756","0","4.78768206"
"2013-08-29 06:00:00","23.5465668","19.3171272","0.2230078","","","2.54121858","335.71640015","0.91381902","22.13227081","80.2718811","1008.83599854","126.99819946","9.7853756","0","4.78768206"
"2013-08-29 07:00:00","13.43925106","10.13715441","0.17075755","","","2.82071967","335.38690186","2.32942104","23.83176994","69.56233978","1009.22900391","357.13250732","9.7853756","0","4.78768206"
"2013-08-29 08:00:00","6.0879992","3.73399069","0.14378896","","","2.99150652","335.90591431","3.32059789","25.21582985","59.09909058","1009.52600098","557.46942139","9.7853756","0","4.78768206"
"2013-08-29 09:00:00","4.52514378","2.37476136","0.12329894","","","2.76260524","337.07510376","3.62769008","25.92789078","53.44945145","1009.76300049","730.61151123","9.7853756","0","4.78768206"
"2013-08-29 10:00:00","4.66651515","2.49019071","0.1395705","","","2.68591226","338.22039795","3.44359899","26.32139015","50.29887009","1009.98199463","800.47302246","9.7853756","0","4.78768206"
"2013-08-29 11:00:00","5.43302639","3.1283035","0.13737098","","","2.68037672","337.06820679","3.04709911","26.77526093","49.74996185","1009.59301758","896.50067139","9.7853756","0","4.78768206"
"2013-08-29 12:00:00","5.27220234","2.84037351","0.13033438","","","2.36845672","338.72351074","2.95601392","26.66563988","52.41955185","1009.39801025","805.07830811","9.7853756","0","4.78768206"
"2013-08-29 13:00:00","4.63279321","2.41237231","0.12168775","","","2.61475073","337.55081177","3.08939409","25.9869709","55.06457138","1008.87701416","482.96789551","9.7853756","0","4.78768206"
"2013-08-29 14:00:00","3.80013633","1.94935283","0.13324222","","","2.4376412","335.32971191","2.55130792","25.2385006","57.7372818","1008.89501953","223.64970398","9.7853756","0","4.78768206"
"2013-08-29 15:00:00","4.094548","2.41237231","0.13354512","","","2.3099477","335.02389526","2.41307712","24.68354988","62.00251007","1008.78601074","154.20930481","9.7853756","0","4.78768206"
"2013-08-29 16:00:00","5.02577613","3.1477581","0.14117121","","","2.36608406","336.99191284","2.26717901","24.5796299","62.27153015","1008.80200195","130.88920593","9.7853756","0","4.78768206"
"2013-08-29 17:00:00","5.10618911","3.10625432","0.1438344","","","2.10990786","339.44369507","2.27952695","24.24949074","61.37817001","1008.89001465","51.11314011","9.7853756","0","4.78768206"
"2013-08-29 18:00:00","5.75467642","3.89740933","0.18113304","","","2.33406178","334.52459717","1.83130097","23.68577957","62.45766068","1009.04602051","2.18864489","9.7853756","0","4.78768206"
"2013-08-29 19:00:00","6.8143049","4.88829759","0.15726568","","","2.03518786","337.21270752","1.29551494","23.29792023","65.00080109","1009.46801758","0","9.7853756","0","4.78768206"
"2013-08-29 20:00:00","7.97120639","6.1074538","0.16097854","","","2.05851377","333.58520508","1.46166003","22.97780991","66.57901001","1009.82702637","0","9.7853756","0","4.78768206"
"2013-08-29 21:00:00","11.14360635","9.29801202","0.15148379","","","2.438826","331.97351074","1.38577795","22.27993965","69.8859024","1009.9420166","0","9.7853756","0","4.78768206"
"2013-08-29 22:00:00","10.14234166","8.23578895","0.18023366","","","2.24590415","332.51620483","1.08141994","21.87708092","71.38217163","1009.98400879","0","9.7853756","0","4.78768206"
"2013-08-29 23:00:00","9.56907818","7.81556959","0.1646879","","","2.1779055","336.49850464","1.05019605","21.52448082","73.48825073","1010.04101563","0","9.7853756","0","4.78768206"
"2013-08-30 00:00:00","8.7429068","6.81300857","0.17867139","","","2.48863866","299.18630981","1.08532","21.12269974","75.3888092","1010.0300293","0","9.7853756","0","4.78768206"
"2013-08-30 01:00:00","9.12810788","7.35384645","0.16910907","0.11210188","0.97154315","2.31034127","294.44470215","0.77549398","20.69935989","77.32884979","1009.85699463","0","14.21135998","0","8.18776321"
"2013-08-30 02:00:00","","","0.14847809","0.10617887","1.31108386","1.75173165","297.06869507","0.72003001","20.38882065","78.6030426","1009.57202148","0","14.21135998","0","8.18776321"
"2013-08-30 03:00:00","8.11646677","6.29681254","0.15175756","0.08105999","1.39966557","","309.47509766","0.92803198","20.42016029","77.02320099","1009.36602783","0","14.21135998","0","8.18776321"
"2013-08-30 04:00:00","10.27722753","8.5678154","","0.12328989","1.02549602","2.08250887","330.00860596","0.67476398","20.11524963","78.15737152","1008.92102051","0","14.21135998","0","8.18776321"
"2013-08-30 05:00:00","16.46249973","14.42106115","0.17629596","0.23275977","1.15285696","2.33708939","312.48760986","0.63333797","20.15620995","79.72351074","1008.85400391","6.51302385","14.21135998","0","8.18776321"
"2013-08-30 06:00:00","36.42941248","28.63849048","0.23139347","0.34036346","1.84088696","2.39478278","307.29580688","0.75534701","21.27186966","76.88562012","1008.74401855","111.0447998","14.21135998","0","8.18776321"
"2013-08-30 07:00:00","20.22502128","16.03968578","0.20020875","0.5353905","2.5259351","2.6902284","313.29040527","1.35962701","23.7245903","66.92266083","1008.62402344","319.07290649","14.21135998","0","8.18776321"
"2013-08-30 08:00:00","7.11260941","5.00113427","0.14339286","0.4830689","1.82311895","3.2602864","333.63900757","3.41705394","25.19963074","59.4084816","1008.95501709","546.37347412","14.21135998","0","8.18776321"
"2013-08-30 09:00:00","8.83109971","6.21380498","0.12846222","0.18307017","0.63641216","4.18274608","336.74160767","3.34207296","25.71367073","56.08398056","1009.25201416","610.5524292","14.21135998","0","8.18776321"
"2013-08-30 10:00:00","8.54446797","6.07243552","0.1444367","0.09630685","0.65340216","2.74030955","337.88409424","3.50729394","26.30821991","51.69305038","1009.21801758","750.41210938","14.21135998","0","8.18776321"
"2013-08-30 11:00:00","7.72348385","5.43302639","0.16568048","0.06162105","0.35053346","2.75737074","336.58990479","3.9197371","26.64229965","51.34418106","1008.97601318","891.49151611","14.21135998","0","8.18776321"
"2013-08-30 12:00:00","7.61064717","5.33575339","0.12795312","","","4.07570784","336.05441284","3.65288091","27.10601997","46.51288986","1008.93902588","777.63012695","14.21135998","0","8.18776321"
"2013-08-30 13:00:00","11.83229919","8.96468924","0.15020578","","","9.68636972","337.93179321","3.50465703","26.91506958","46.86650085","1008.95202637","644.74560547","14.21135998","0","8.18776321"
"2013-08-30 14:00:00","10.13585616","7.61324175","0.1787844","","","8.75826569","336.0256958","3.45855689","26.57970047","47.75151062","1008.78900146","141.78460693","14.21135998","0","8.18776321"
"2013-08-30 15:00:00","12.4678174","9.81680072","0.13660557","","","10.15179265","339.50131226","3.55430603","25.87824059","48.90584183","1008.38000488","84.16362","14.21135998","0","8.18776321"
"2013-08-30 16:00:00","6.98420905","4.87792117","0.13562464","","","5.6433808","337.58880615","2.97746801","24.92782021","52.39363098","1008.28601074","96.73583984","14.21135998","0","8.18776321"
"2013-08-30 17:00:00","5.85843492","3.95188221","0.13041826","","","4.37008561","337.63150024","2.20834088","24.39974022","56.68212128","1007.98199463","42.06653976","14.21135998","0","8.18776321"
"2013-08-30 18:00:00","6.96215986","4.97519417","0.17116297","","","3.00293353","337.49850464","2.29341006","23.89620972","64.23104095","1007.85101318","0.99715102","14.21135998","0","8.18776321"
"2013-08-30 19:00:00","7.3330936","5.43302639","0.16245343","","","3.14793637","338.8052063","1.92584002","23.7481308","64.92932129","1008.21600342","0","14.21135998","0","8.18776321"
"2013-08-30 20:00:00","6.86359053","4.95184865","0.15277228","","","2.96176944","335.88070679","1.30473602","23.48874092","64.6772995","1008.63500977","0","14.21135998","0","8.18776321"
"2013-08-30 21:00:00","5.65221616","3.91686393","0.16171482","","","2.56271999","333.75140381","0.745453","22.84737015","67.9865036","1008.69299316","0","14.21135998","0","8.18776321"
"2013-08-30 22:00:00","6.70535914","5.00372886","0.16536942","0.02435105","0.08935972","3.02951181","329.69290161","0.66426802","22.38644028","71.44634247","1008.52099609","0","14.21135998","0","8.18776321"
"2013-08-30 23:00:00","7.04516743","5.15547474","0.1604706","0.28497154","1.11161354","2.68107947","334.75720215","0.83066702","22.09461975","72.88053131","1008.52099609","0","14.21135998","0","8.18776321"
"2013-08-31 00:00:00","6.35388001","4.44084179","0.15526072","0.12405773","0.86221057","2.39104226","329.89700317","0.81423301","21.59856033","70.02198029","1008.51300049","0","14.21135998","0","8.18776321"
"2013-08-31 01:00:00","12.45225372","10.49122813","0.18527811","0.25436797","1.09177086","2.23665962","308.35040283","0.53877199","20.93853951","72.51621246","1008.53100586","0","16.25464058","0","9.26292229"
"2013-08-31 02:00:00","10.27074202","8.29285642","0.17929001","0.39279489","1.66035217","2.79960675","301.66140747","0.85135102","20.8087101","74.87496948","1008.61901855","0","16.25464058","0","9.26292229"
"2013-08-31 03:00:00","8.04513387","6.1333939","0.13146326","0.39235657","1.10940869","2.68612277","311.87390137","0.96547502","20.65839005","74.58296204","1008.33502197","0","16.25464058","0","9.26292229"
"2013-08-31 04:00:00","8.33954746","6.44336926","0.15409339","0.17813467","0.94391838","2.6463235","308.88400269","0.81331098","20.31093979","74.49137115","1008.40899658","0","16.25464058","0","9.26292229"
"2013-08-31 05:00:00","9.96725026","7.87133881","0.14507279","0.12383806","1.10162762","2.60035001","337.00280762","1.16830897","20.37463951","73.38996124","1008.26202393","7.90700102","16.25464058","0","9.26292229"
"2013-08-31 06:00:00","12.61437411","9.82977173","0.17738523","0.12471573","1.1069445","2.58656051","338.98150635","1.64366102","21.1377697","75.94119263","1008.05700684","121.21080017","16.25464058","0","9.26292229"
"2013-08-31 07:00:00","9.94001382","7.1255785","0.15304372","0.21082207","1.16024954","2.69563579","335.93609619","2.750741","23.34106064","67.39498138","1008.44299316","376.35830688","16.25464058","0","9.26292229"
"2013-08-31 08:00:00","8.20336334","5.43043181","0.15153155","0.20880841","0.91665871","3.26168681","336.96139526","3.88976097","24.34947014","62.37327957","1008.92901611","450.9960022","16.25464058","0","9.26292229"
"2013-08-31 09:00:00","7.02700917","4.61722953","0.14354431","0.12548356","0.92978208","3.39787429","334.19750977","4.13534784","25.24304008","57.49586105","1009.40100098","660.94921875","16.25464058","0","9.26292229"
"2013-08-31 10:00:00","6.90249973","4.36691431","0.13204693","0.03455156","0.61138074","4.07921141","334.03540039","4.54465914","25.77173996","53.97116089","1009.10699463","773.58251953","16.25464058","0","9.26292229"
"2013-08-31 11:00:00","5.67037251","3.37343146","0.12018723","0.11232155","0.51670414","3.54778416","335.62579346","4.28649092","26.26704979","50.82865143","1008.65100098","890.22180176","16.25464058","0","9.26292229"
"2013-08-31 12:00:00","4.98297601","2.87928462","0.11254483","0.16288781","0.4471871","3.51069214","335.41360474","4.01220417","26.71449089","45.9384613","1008.57202148","874.56542969","16.25464058","0","9.26292229"
"2013-08-31 13:00:00","4.27093765","2.24895367","0.11303296","0.02961606","0.32384738","3.29066825","337.27819824","3.32257104","26.94688034","44.25646973","1008.2800293","755.22692871","16.25464058","0","9.26292229"
"2013-08-31 14:00:00","4.46677998","2.49667622","0.11741919","","","3.40618928","337.73590088","3.6709559","25.98093987","50.08520126","1008.33599854","110.73449707","16.25464058","0","9.26292229"
"2013-08-31 15:00:00","4.32281594","2.42404507","0.13092736","","","3.05632298","337.79360962","3.31356502","25.44598961","54.42876053","1008.32501221","56.92205048","16.25464058","0","9.26292229"
"2013-08-31 16:00:00","4.52125286","2.54207092","0.14744473","","","3.17321187","337.45809937","3.5341239","24.99735069","56.47985077","1008.36199951","43.29262161","16.25464058","0","9.26292229"
"2013-08-31 17:00:00","4.57053849","2.67825312","0.12578738","","","3.84065982","336.34829712","3.41097212","24.38710976","56.66368103","1008.47601318","23.40455055","16.25464058","0","9.26292229"
"2013-08-31 18:00:00","6.50692222","4.64835689","0.14071802","","","3.93584695","331.41400146","3.00404501","23.63307953","58.59875107","1008.74700928","1.65242195","16.25464058","0","9.26292229"
"2013-08-31 19:00:00","7.03349276","5.21513487","0.18640583","","","3.54123977","336.78311157","1.99185205","22.96179962","60.1603508","1008.77001953","0","16.25464058","0","9.26292229"
"2013-08-31 20:00:00","6.10485922","4.09844083","0.18372283","","","3.85885497","335.19281006","1.95730603","22.71636963","60.72052002","1009.22302246","0","16.25464058","0","9.26292229"
"2013-08-31 21:00:00","7.49132498","5.58607052","0.1694143","","","3.18205977","334.03829956","0.92565602","22.11116982","63.32593155","1009.63500977","0","16.25464058","0","9.26292229"
"2013-08-31 22:00:00","7.18134772","5.18011659","0.17306891","0.0726138","0.15524505","3.04276535","334.05911255","1.10290599","21.46248055","64.86148071","1009.71099854","0","16.25464058","0","9.26292229"
"2013-08-31 23:00:00","11.51194742","9.56389092","0.18360633","0.84295774","1.19461803","2.51958496","318.39810181","0.92854601","21.04775047","64.49105072","1009.77502441","0","16.25464058","0","9.26292229"
"2013-09-01 00:00:00","11.22012842","9.7415769","0.2062749","0.54241085","1.29655805","2.69900918","302.30960083","0.97824198","20.57529068","66.58003998","1009.8460083","0","16.25464058","0","9.26292229"
"2013-09-01 01:00:00","9.70785496","7.79352041","0.20783018","0.20764089","1.50212426","2.53955172","308.21551514","0.84300297","20.26968956","69.06661224","1009.70501709","0","17.97422028","0","11.27418041"
"2013-09-01 02:00:00","","","0.14705562","0.22387424","1.42210263","2.48085353","324.65060425","0.989995","20.15154076","67.16036224","1009.38201904","0","17.97422028","0","11.27418041"
"2013-09-01 03:00:00","10.50419722","8.62747554","0.15391747","0.11670889","0.9628539","","317.16900635","0.95366299","19.92436028","68.85665131","1009.16400146","0","17.97422028","0","11.27418041"
"2013-09-01 04:00:00","14.89316072","13.00217169","","0.10354586","0.83964334","3.29541561","226.30270386","0.372504","19.12005997","71.91561127","1009.16601563","0","17.97422028","0","11.27418041"
"2013-09-01 05:00:00","22.61144584","20.2807752","0.21274065","0.27575752","1.30420995","3.08204799","194.22000122","0.30595699","18.59576988","74.73130035","1009.23400879","7.00040722","17.97422028","0","11.27418041"
"2013-09-01 06:00:00","19.96301992","17.18231993","0.18793314","0.45981519","1.78784227","3.4992997","216.48930359","0.61913198","19.82917976","71.68077087","1009.54901123","121.33080292","17.97422028","0","11.27418041"
"2013-09-01 07:00:00","17.17842901","13.82704673","0.17463234","0.44720033","1.75321342","3.4801323","269.74560547","1.24053705","22.76222992","61.02156067","1009.93701172","372.2802124","17.97422028","0","11.27418041"
"2013-09-01 08:00:00","12.74407272","9.74028057","0.18301801","0.46167935","1.67150561","4.95227438","312.12280273","1.95727205","24.49320984","58.16727066","1010.31201172","491.97290039","17.97422028","0","11.27418041"
"2013-09-01 09:00:00","11.63645686","9.16312616","0.14061783","0.24032829","1.31510507","6.05468713","329.94900513","1.74383903","25.1030407","53.37232971","1010.52600098","442.54980469","17.97422028","0","11.27418041"
"2013-09-01 10:00:00","9.93093565","7.36681554","0.13668596","0.093564","0.86039522","6.99165533","335.57980347","2.41930294","26.10898972","48.84954071","1010.31201172","728.95391846","17.97422028","0","11.27418041"
"2013-09-01 11:00:00","8.97376742","6.62235158","0.12122408","0.10036468","0.52759824","5.66769218","337.53790283","2.57106996","26.1343708","49.23252106","1009.81201172","551.13452148","17.97422028","0","11.27418041"
"2013-09-01 12:00:00","8.73123404","6.43948025","0.14830217","0.11725705","0.46404795","5.41685015","339.90820313","2.52263498","26.0075798","52.87220001","1009.73901367","562.24151611","17.97422028","0","11.27418041"
"2013-09-01 13:00:00","7.66252546","5.4978757","0.12890842","0.06723896","0.49750928","5.47416115","339.85400391","2.44055104","25.69379997","53.4894104","1009.69000244","444.25100708","17.97422028","0","11.27418041"
"2013-09-01 14:00:00","6.88823238","4.86754666","0.12771546","0.05330911","0.29440726","4.69515644","336.5184021","2.36577106","25.31196022","55.09740067","1009.46002197","250.7875061","17.97422028","0","11.27418041"
"2013-09-01 15:00:00","6.00888255","4.00894776","0.10535678","0.0216082","0.19519078","4.58307796","339.79269409","2.07610703","25.14216995","54.35340118","1009.63500977","204.4118042","17.97422028","0","11.27418041"
"2013-09-01 16:00:00","6.54583142","4.72358262","0.13648325","0.00954251","0.17975678","4.29493338","334.90350342","2.09051895","24.83522987","55.56972122","1009.81500244","122.54370117","17.97422028","0","11.27418041"
"2013-09-01 17:00:00","11.12544809","9.18128442","0.1652704","0.03553907","0.27145154","4.99365306","338.07180786","1.32485104","24.17209053","61.29676056","1009.64300537","35.50772095","17.97422028","0","11.27418041"
"2013-09-01 18:00:00","10.81806541","8.73123404","0.16066748","0.11626954","0.56482044","4.09672923","355.61761475","0.69388801","23.73368073","63.3490715","1009.6920166","0.46805","17.97422028","0","11.27418041"
"2013-09-01 19:00:00","8.40958402","6.34350358","0.1653869","0.14171793","0.87595837","3.91551814","347.62930298","0.51578498","23.46870995","65.05690002","1010.02600098","0","17.97422028","0","11.27418041"
"2013-09-01 20:00:00","7.01144549","5.13472189","0.1748665","0.15564778","0.90890104","3.81553077","333.55419922","0.44867399","23.33806992","66.04373932","1010.42602539","0","17.97422028","0","11.27418041"
"2013-09-01 21:00:00","7.80130225","6.05427726","0.16872579","0.17670884","0.96830096","3.28516222","332.49499512","0.358358","23.27947044","66.80496979","1010.84002686","0","17.97422028","0","11.27418041"
"2013-09-01 22:00:00","10.44453709","8.51593519","0.17463234","0.25732948","1.05727117","3.32470623","343.30960083","0.45326701","23.16069031","66.48358154","1010.85400391","0","17.97422028","0","11.27418041"
"2013-09-01 23:00:00","12.21231302","10.34856042","0.18418883","0.28475186","1.37567251","3.28796914","335.57070923","0.64404702","22.70396996","67.76435089","1010.55102539","0","17.97422028","0","11.27418041"
"2013-09-02 00:00:00","25.5996724","23.54008512","0.2283435","0.36164317","1.52767435","3.47739251","302.1111145","0.50260597","22.25315094","69.48596191","1010.29602051","0","17.97422028","0","11.27418041"
"2013-09-02 01:00:00","13.78554294","11.84137928","0.22826544","0.66383556","2.33476555","2.99384663","306.49591064","0.452066","21.9323597","69.63117981","1010.10900879","0","21.8051796","0","13.35828972"
"2013-09-02 02:00:00","10.41730065","8.46016598","0.17459273","0.58058191","2.65329503","3.28082268","322.27740479","0.46268499","21.9796505","65.95034027","1010.00701904","0","21.8051796","0","13.35828972"
"2013-09-02 03:00:00","10.13585616","8.25524355","0.18059947","0.41286844","1.96591287","3.596351","292.57470703","0.57488501","21.97793961","69.3968811","1009.93200684","0","21.8051796","0","13.35828972"
"2013-09-02 04:00:00","15.37433846","13.33419622","0.20501787","0.39268506","1.54245949","3.3693566","274.22250366","0.57005501","21.47583961","73.65859222","1010.11999512","0","21.8051796","0","13.35828972"
"2013-09-02 05:00:00","16.74653689","14.58966705","0.20291155","0.46135086","1.77902285","3.07566835","297.08950806","0.69514197","20.89513016","79.1020813","1010.49401855","6.56389904","21.8051796","0","13.35828972"
"2013-09-02 06:00:00","17.87749827","14.83349867","0.23438985","0.40826143","2.10261089","3.32163285","340.75","1.14198303","21.72743988","78.83374023","1010.82702637","110.8667984","21.8051796","0","13.35828972"
"2013-09-02 07:00:00","12.16043472","9.29671378","0.18773859","0.454001","2.28690756","3.98538502","338.15350342","2.01395202","23.50786972","68.09407043","1011.23602295","355.63180542","21.8051796","0","13.35828972"
"2013-09-02 08:00:00","6.58344238","4.24629388","0.1511506","0.45663402","1.05701183","5.2821963","335.90209961","2.7907989","24.90583992","57.11016083","1011.40100098","543.93572998","21.8051796","0","13.35828972"
"2013-09-02 09:00:00","6.41354014","4.0556388","0.13047651","0.08369198","0.71059722","5.19656999","336.67990112","2.69987798","25.66679955","53.45095062","1011.85302734","646.33282471","21.8051796","0","13.35828972"
"2013-09-02 10:00:00","6.58992788","4.30984685","0.12831543","0.04760475","0.69827627","5.24098543","337.0368042","2.6960609","25.86561966","52.53242111","1012.02600098","580.12091064","21.8051796","0","13.35828972"
"2013-09-02 11:00:00","7.88171523","5.24237131","0.11850147","0.07755032","0.56339359","5.20364932","335.20651245","2.618716","26.21455002","51.41743088","1011.91802979","651.80200195","21.8051796","0","13.35828972"
"2013-09-02 12:00:00","7.34087544","4.99335243","0.12297158","0.01996371","0.16951153","4.71048467","333.43930054","3.39142108","26.76881981","50.25342178","1011.71502686","829.02520752","21.8051796","0","13.35828972"
"2013-09-02 13:00:00","8.37845666","6.03741724","0.1232838","","","5.57858976","336.67950439","3.21733809","26.53602028","52.61605072","1011.54400635","723.94482422","21.8051796","0","13.35828972"
"2013-09-02 14:00:00","8.50037151","6.27216878","0.12092817","","","6.24978841","336.38949585","3.63122606","25.7883606","56.46892166","1011.20202637","124.31310272","21.8051796","0","13.35828972"
"2013-09-02 15:00:00","6.96215986","5.01669795","0.15093158","","","5.04558515","338.62350464","2.6215539","25.4123497","57.82838058","1011.2210083","74.14225006","21.8051796","0","13.35828972"
"2013-09-02 16:00:00","9.57815826","7.3395791","0.15299945","","","4.79795073","335.82580566","2.51767302","24.94824028","60.20336151","1011.3460083","50.67663956","21.8051796","0","13.35828972"
"2013-09-02 17:00:00","14.32119357","11.77523364","0.17026359","","","6.29861254","338.05880737","1.80153203","24.39118958","61.49728012","1011.34100342","24.82192993","21.8051796","0","13.35828972"
"2013-09-02 18:00:00","11.72335343","9.77010968","0.17798637","","","4.08036265","340.0368042","1.27500105","23.62446976","67.10555267","1011.70300293","1.15588105","21.8051796","0","13.35828972"
"2013-09-02 19:00:00","10.96592037","8.99192568","0.18847953","","","3.50517898","332.82321167","1.04709303","22.93865967","71.10466003","1012.36102295","0","21.8051796","0","13.35828972"
"2013-09-02 20:00:00","22.00058096","20.065484","0.24484339","0.06032844","0.37313222","3.51342685","305.16439819","0.72889102","22.56105042","73.84011078","1012.86102295","0","21.8051796","0","13.35828972"
"2013-09-02 21:00:00","22.79172832","20.70229472","0.22210259","0.58354341","3.39216587","3.25530716","300.33221436","0.50354701","22.02820969","77.9462738","1013.21002197","0","21.8051796","0","13.35828972"
"2013-09-02 22:00:00","26.89923968","24.761834","0.24137169","0.44358082","2.67326789","2.79781175","196.00340271","0.32054499","21.50127983","79.79724121","1013.53302002","0","21.8051796","0","13.35828972"
"2013-09-02 23:00:00","21.97981664","18.65049502","0.22674512","0.69421946","2.64590246","2.79543909","201.64970398","0.40427101","20.88751984","80.83245087","1013.63299561","0","21.8051796","0","13.35828972"
"2013-09-03 00:00:00","13.55727691","11.7285426","0.19659259","0.58442108","2.17874249","2.97621287","310.32940674","0.81497401","20.89904976","84.21652222","1013.51501465","0","21.8051796","0","13.35828972"
"2013-09-03 01:00:00","6.924547","5.07506175","0.18044336","0.36493418","2.05553192","3.19058528","309.49850464","0.825064","20.82872009","86.41220856","1013.375","0","20.04854965","0","12.1830101"
"2013-09-03 02:00:00","","","0.16659617","0.3440928","1.6226113","3.02554144","212.4151001","0.340029","19.81936073","88.01152039","1013.15301514","0","20.04854965","0","12.1830101"
"2013-09-03 03:00:00","11.01520599","9.01138028","0.19823058","0.38380055","1.68473474","","276.1697998","0.65394002","19.90076065","89.20397186","1012.77301025","0","20.04854965","0","12.1830101"
"2013-09-03 04:00:00","8.93615455","6.96734712","","0.40167941","1.46801509","2.40674067","337.22650146","1.58993304","20.08782959","85.72634888","1012.82202148","0","20.04854965","0","12.1830101"
"2013-09-03 05:00:00","12.78946742","10.66761778","0.23030419","0.27959669","1.01991981","2.88517713","341.38409424","1.252105","19.90069008","82.0615921","1013.10302734","6.26170206","20.04854965","0","12.1830101"
"2013-09-03 06:00:00","19.5687464","16.42099594","0.23709614","0.46464086","1.49434319","3.00403596","335.50930786","1.96604097","20.68810081","78.59551239","1013.36401367","107.70960236","20.04854965","0","12.1830101"
"2013-09-03 07:00:00","15.22518526","12.21879852","0.22667405","0.60295896","1.77694817","3.41928316","333.86880493","2.69616103","22.92959023","70.48223114","1013.45300293","355.33770752","20.04854965","0","12.1830101"
"2013-09-03 08:00:00","8.08533941","5.75208183","0.17854441","0.52222747","1.06219955","3.6304205","332.36660767","4.20468998","24.51688957","60.4028511","1013.7210083","531.20471191","20.04854965","0","12.1830101"
"2013-09-03 09:00:00","8.56262623","6.07892102","0.14353033","0.09575869","0.63200245","3.48849204","336.68341064","4.6185751","24.81554985","59.76828003","1014.08300781","647.05010986","20.04854965","0","12.1830101"
"2013-09-03 10:00:00","8.25394722","5.80266379","0.15645135","0.21649693","0.58885419","3.68608802","336.57720947","3.83493304","25.71788025","53.06158066","1014.12200928","788.48791504","20.04854965","0","12.1830101"
"2013-09-03 11:00:00","7.86485522","5.48879752","0.13111726","0.02961606","0.53135911","3.52159336","337.36401367","4.22673512","25.94322014","49.35477066","1013.94702148","879.0222168","20.04854965","0","12.1830101"
"2013-09-03 12:00:00","7.6703073","5.43432464","0.15129855","0.08884817","0.52215119","3.39370764","337.57400513","4.00310802","25.98792076","49.73252106","1013.73901367","862.7512207","20.04854965","0","12.1830101"
"2013-09-03 13:00:00","8.58856634","6.15025392","0.14169546","0.24219245","0.61604978","3.74025141","336.78219604","4.18732786","25.8827095","51.83692169","1013.30200195","735.33062744","20.04854965","0","12.1830101"
"2013-09-03 14:00:00","","","0.15609602","0.1599263","0.45133748","","336.74789429","4.25952291","25.10839081","54.63560104","1013.13702393","128.86430359","20.04854965","0","12.1830101"
"2013-09-03 15:00:00","13.88541053","11.4691473","0.12768284","0.09882901","0.34018955","2.05973315","338.74859619","4.38705111","25.01316071","50.56946182","1012.63000488","69.7710495","20.04854965","0","12.1830101"
"2013-09-03 16:00:00","16.25239005","13.65065899","0.15430425","0.06460696","0.33850337","3.43681624","335.14920044","3.99772096","24.64447975","54.60934067","1012.35101318","40.45074081","20.04854965","0","12.1830101"
"2013-09-03 17:00:00","14.30952081","12.05537988","0.18197999","0.15443654","0.44378321","3.4358389","333.54840088","4.34013414","24.15920067","54.66748047","1011.98199463","18.90822029","20.04854965","0","12.1830101"
"2013-09-03 18:00:00","10.47566445","8.42903862","0.17655342","0.07711097","0.57804958","2.8017394","333.15060425","3.50129604","23.05311012","63.22838974","1012.27001953","1.04293895","20.04854965","0","12.1830101"
"2013-09-03 19:00:00","10.48993179","8.41088035","0.19493945","0.15970663","0.8179853","2.68365146","331.9005127","3.12436604","22.54795074","66.72785187","1012.87200928","0","20.04854965","0","12.1830101"
"2013-09-03 20:00:00","8.12684319","6.01147714","0.20360472","0.17385615","0.67402387","2.84406999","332.3604126","2.84258389","22.55723953","66.72058105","1013.24902344","0","20.04854965","0","12.1830101"
"2013-09-03 21:00:00","5.81044563","3.81310542","0.17581248","0.15367379","0.61267843","2.49951751","334.55020142","2.17047501","22.64034081","62.90259171","1013.48699951","0","20.04854965","0","12.1830101"
"2013-09-03 22:00:00","6.50173306","4.62760595","0.158207","0.00822651","0.47105101","2.38382969","334.10220337","1.88309002","22.53289986","64.20037079","1013.50201416","0","20.04854965","0","12.1830101"
"2013-09-03 23:00:00","5.88178044","4.09714258","0.15079061","0.01118802","0.43214262","2.23901093","329.35211182","1.97382104","22.51275063","68.13179016","1013.22399902","0","20.04854965","0","12.1830101"
"2013-09-04 00:00:00","7.13465668","5.23977673","0.15797284","0.2018267","0.37092736","2.2259557","330.79800415","2.56793904","22.2209301","71.97875977","1013.04699707","0","20.04854965","0","12.1830101"
"2013-09-04 01:00:00","6.71184465","4.90904853","0.14098714","","","2.39170229","332.5552063","2.719877","22.0987606","73.55738068","1012.8170166","0","10.36345005","0","4.88793898"
"2013-09-04 02:00:00","6.1917577","4.45251455","0.16695149","","","2.05772051","335.57571411","2.18797994","22.06987","74.01438141","1012.87200928","0","10.36345005","0","4.88793898"
"2013-09-04 03:00:00","6.45893294","4.58999309","0.16578067","0.04310758","0.42267537","1.99679712","338.68850708","2.024508","21.91439056","76.83718872","1013.01501465","0","10.36345005","0","4.88793898"
"2013-09-04 04:00:00","7.07240196","5.11915821","0.16082243","0.18734869","0.54977596","2.19351137","337.07260132","1.76311302","21.59807968","75.96572876","1013.12701416","0","10.36345005","0","4.88793898"
"2013-09-04 05:00:00","10.3446695","7.66252546","0.18252638","0.09531934","0.7872475","1.81731188","335.36950684","1.70524502","21.17440033","75.26541901","1013.34399414","6.10093594","10.36345005","0","4.88793898"
"2013-09-04 06:00:00","12.78817109","9.93741924","0.19345524","0.14764094","1.03470495","2.3252149","335.83911133","1.70927095","21.82600021","73.28372955","1013.53601074","104.51360321","10.36345005","0","4.88793898"
"2013-09-04 07:00:00","13.53133681","9.67154034","0.19091904","0.21071223","1.59771005","2.31692635","338.48040771","2.22748709","24.22756958","64.43962097","1013.64801025","369.41479492","10.36345005","0","4.88793898"
"2013-09-04 08:00:00","9.07104042","5.88956228","0.16816076","0.19930454","1.23495327","3.06340232","335.0592041","3.16459394","25.81088066","56.80091095","1013.75201416","555.97967529","10.36345005","0","4.88793898"
"2013-09-04 09:00:00","6.46671669","3.85979646","0.15594341","0.15564473","0.92250341","3.29996058","334.69970703","3.265697","26.66889954","47.80891037","1013.85699463","716.73876953","10.36345005","0","4.88793898"
"2013-09-04 10:00:00","7.40702299","4.61593319","0.14637992","0.0726138","2.19741766","2.92314174","337.02700806","2.91548705","27.41982079","43.18613052","1013.65301514","797.1295166","10.36345005","0","4.88793898"
"2013-09-04 11:00:00","7.22414975","4.45899814","0.17713942","0.0510056","0.95857437","2.92026872","338.2802124","3.05324101","27.54808998","41.26163101","1013.57501221","893.10540771","10.36345005","0","4.88793898"
"2013-09-04 12:00:00","6.50432764","3.99986958","0.09922655","0.04233974","0.68712283","2.18454143","338.23431396","3.01044989","27.72159958","38.80625153","1013.35400391","887.2243042","10.36345005","0","4.88793898"
"2013-09-04 13:00:00","5.38244443","3.1347871","0.13236614","0.00647117","0.56222709","2.42281639","339.2986145","3.23028111","27.20022964","42.68307114","1012.92700195","757.30041504","10.36345005","0","4.88793898"
"2013-09-04 14:00:00","4.78324275","2.79887164","0.12670657","","","2.33785621","342.66110229","3.16152596","26.33473969","44.79452133","1012.4050293","52.08689117","10.36345005","0","4.88793898"
"2013-09-04 15:00:00","3.94669304","2.08553503","0.12280265","","","2.23202414","337.47219849","3.70398998","25.69161987","46.67982101","1012.25500488","41.19963074","10.36345005","0","4.88793898"
"2013-09-04 16:00:00","4.37469615","2.30991206","0.11405933","","","1.89546426","338.75","3.39033389","25.25695038","48.43371964","1012.06201172","30.3245697","10.36345005","0","4.88793898"
"2013-09-04 17:00:00","4.3733979","2.43960875","0.12147572","","","2.12154641","337.36560059","3.27366209","24.48887062","48.83543015","1011.82800293","15.86894035","10.36345005","0","4.88793898"
"2013-09-04 18:00:00","6.16452126","3.62245034","0.15239132","","","2.3103545","334.02661133","2.51044393","23.55669975","53.17758179","1011.87402344","0.54029298","10.36345005","0","4.88793898"
"2013-09-04 19:00:00","6.39408554","4.12178635","0.14680981","","","2.39857213","337.80410767","2.06500292","22.97388077","52.27410126","1012.11102295","0","10.36345005","0","4.88793898"
"2013-09-04 20:00:00","4.16199189","2.2204209","0.16632705","","","2.52154268","338.48880005","2.35398197","22.69522095","58.21957016","1011.97399902","0","10.36345005","0","4.88793898"
"2013-09-04 21:00:00","3.0958779","1.22823438","0.14645798","","","1.86047438","336.45181274","1.57195699","22.29397964","62.82450104","1012.00799561","0","10.36345005","0","4.88793898"
"2013-09-04 22:00:00","5.81304022","3.91816026","0.12545769","","","2.01062019","337.73120117","1.23710096","21.72005081","66.22518921","1012.21600342","0","10.36345005","0","4.88793898"
"2013-09-04 23:00:00","23.97326784","21.35596928","0.22550323","","","1.93338717","199.53970337","0.373864","20.5120697","71.73760986","1012.33502197","0","10.36345005","0","4.88793898"
"2013-09-05 00:00:00","19.77107424","17.09542335","0.21449514","","","1.91293022","208.32620239","0.35455","19.38475037","75.84133148","1011.90301514","0","10.36345005","0","4.88793898"
"2013-09-05 01:00:00","15.69858116","13.47037842","0.20719642","","","1.83794681","198.29670715","0.28817499","19.14093971","79.1326828","1011.58099365","0","15.72404957","0","8.36168861"
"2013-09-05 02:00:00","","","0.18147205","","","1.93655513","195.46980286","0.270827","18.25864983","81.35877228","1011.39001465","0","15.72404957","0","8.36168861"
"2013-09-05 03:00:00","12.34330796","10.35374959","0.1889665","","","","185.17100525","0.282758","17.57081032","84.41152954","1010.89001465","0","15.72404957","0","8.36168861"
"2013-09-05 04:00:00","16.17586798","14.05142375","","","","2.86531716","197.52600098","0.26203701","17.03396988","85.99523926","1010.68499756","0","15.72404957","0","8.36168861"
"2013-09-05 05:00:00","36.2633744","30.7953412","0.18512666","","","2.28084421","199.79400635","0.31417701","16.98316956","87.53424072","1010.56201172","5.52604818","15.72404957","0","8.36168861"
"2013-09-05 06:00:00","53.50538888","38.52530864","0.26561534","","","3.0766701","226.83030701","0.43558899","18.30565071","82.51023102","1010.67102051","101.82119751","15.72404957","0","8.36168861"
"2013-09-05 07:00:00","54.33414528","36.46444032","0.34630674","","","3.60725934","260.55081177","0.62415898","21.77227974","66.195961","1010.5960083","377.43991089","15.72404957","0","8.36168861"
"2013-09-05 08:00:00","27.34928624","19.03958893","0.19933383","","","4.74621798","308.68710327","1.54159904","24.86927986","59.62976074","1010.65899658","564.31512451","15.72404957","0","8.36168861"
"2013-09-05 09:00:00","11.05800611","7.95304813","0.12285508","","","5.05697453","318.66101074","1.34317005","26.19215965","56.15147018","1010.48699951","650.66333008","15.72404957","0","8.36168861"
"2013-09-05 10:00:00","10.66502319","7.89209166","0.10167538","0.13052992","0.97647153","5.61564009","353.09561157","1.42294395","26.58864975","50.21075058","1010.125","473.57940674","15.72404957","0","8.36168861"
"2013-09-05 11:00:00","11.20715932","8.50555877","0.10757727","0.21751291","2.06694572","5.89825931","351.55700684","1.80595398","27.20750046","51.73937988","1009.69299316","835.00402832","15.72404957","0","8.36168861"
"2013-09-05 12:00:00","10.46658436","7.89598258","0.09305438","0.11012788","0.89255886","6.96111075","355.5632019","2.35975289","27.16238976","51.55181122","1009.19000244","853.73321533","15.72404957","0","8.36168861"
"2013-09-05 13:00:00","8.9000885","6.57672743","0.08151971","0.04705659","0.65301265","7.31237035","357.22900391","1.98440695","27.24798965","50.18307114","1008.82299805","696.34613037","15.72404957","0","8.36168861"
"2013-09-05 14:00:00","7.2552752","5.10489278","0.08680415","","","4.83373388","51.47792053","2.13583302","26.40760994","51.07569122","1008.40100098","65.16280365","15.72404957","0","8.36168861"
"2013-09-05 15:00:00","7.19561506","4.81437011","0.07601509","","","3.86921006","60.41781998","1.86612499","26.28779984","47.19271088","1008.37701416","54.54721069","15.72404957","0","8.36168861"
"2013-09-05 16:00:00","7.71310742","5.57699043","0.07564229","0.00504534","0.35030565","4.01622555","74.40331268","1.56126297","25.99789047","45.41500092","1008.06799316","37.44200134","15.72404957","0","8.36168861"
"2013-09-05 17:00:00","10.64945951","8.12035769","0.11675048","0.00998186","0.71409977","3.86108627","77.27806091","1.46787906","25.79372025","42.95109177","1007.85101318","18.79323959","15.72404957","0","8.36168861"
"2013-09-05 18:00:00","37.0156508","32.10919112","0.2759652","0.05473494","1.36153519","4.00230587","108.13819885","1.19798398","25.03120041","45.17398071","1007.89300537","0.16483501","15.72404957","0","8.36168861"
"2013-09-05 19:00:00","46.89080576","41.80796408","0.29524595","0.55557286","3.86088287","4.09651058","174.51780701","1.21464002","24.39933014","51.50521088","1008.19000244","0","15.72404957","0","8.36168861"
"2013-09-05 20:00:00","35.71216392","32.57352032","0.26870026","0.71846067","3.83234991","3.81012846","182.4058075","0.926027","23.6770401","56.54103088","1008.09100342","0","15.72404957","0","8.36168861"
"2013-09-05 21:00:00","24.8305704","22.49989976","0.27771037","0.5674199","2.92980411","3.15253728","180.91650391","0.60718399","23.1565609","62.66550064","1007.59301758","0","15.72404957","0","8.36168861"
"2013-09-05 22:00:00","22.84750136","20.69841336","0.2773865","0.53911984","3.15793755","3.48742521","148.60490417","0.50553602","22.48880005","67.23828125","1007.27600098","0","15.72404957","0","8.36168861"
"2013-09-05 23:00:00","32.64483792","30.36994032","0.37130997","0.62303149","3.95309629","3.5018239","84.51676178","0.54609102","21.5771904","68.06390381","1007.02001953","0","15.72404957","0","8.36168861"
"2013-09-06 00:00:00","29.44780184","26.71247552","0.34736223","1.07462017","6.24921177","3.66341401","130.93190002","0.52976501","21.37911987","68.33081055","1006.7800293","0","15.72404957","0","8.36168861"
"2013-09-06 01:00:00","16.6622349","14.72195833","0.25384418","0.96822163","4.35527911","3.13025481","76.8338623","0.54168802","20.79627991","73.08911896","1006.61199951","0","9.67507839","0","5.59788418"
"2013-09-06 02:00:00","15.69858116","13.49631853","0.20229643","0.71429198","3.42679472","3.08969177","136.66140747","0.47744399","20.99477005","79.59246063","1006.5","0","9.67507839","0","5.59788418"
"2013-09-06 03:00:00","10.52235549","8.52112436","0.15031762","0.35528183","2.74473045","3.38031782","120.21579742","0.60595697","21.28646088","83.9597702","1006.26000977","0","9.67507839","0","5.59788418"
"2013-09-06 04:00:00","12.80373477","10.75191977","0.14810179","0.15773263","2.15435992","3.32326819","119.10829926","0.40603501","21.20084953","84.87104034","1006.13299561","0","9.67507839","0","5.59788418"
"2013-09-06 05:00:00","14.07736386","11.92957219","0.16182899","0.09893885","2.02994827","3.23634825","108.49210358","0.43263799","21.08777046","87.78250885","1006.10400391","5.75702095","9.67507839","0","5.59788418"
"2013-09-06 06:00:00","28.93550056","22.68926424","0.24674118","0.31623208","2.9322683","3.23981419","77.41970062","0.77806997","22.35341072","84.26048279","1006.1550293","94.70796967","9.67507839","0","5.59788418"
"2013-09-06 07:00:00","17.3431459","12.94250964","0.19222966","0.41637811","2.81243112","3.7516469","102.55970001","0.95191598","24.57901955","68.24996185","1006.20202637","355.23300171","9.67507839","0","5.59788418"
"2013-09-06 08:00:00","11.37576522","8.12554686","0.15941744","0.24142461","1.99094429","4.30045569","87.66027069","0.810745","25.93453979","58.6019516","1006.13000488","375.84960938","9.67507839","0","5.59788418"
"2013-09-06 09:00:00","7.43555577","4.78064817","0.13990252","0.04365574","1.06699877","3.57034325","50.5918808","1.31564498","25.0357399","64.27703094","1006.35699463","132.8052063","9.67507839","0","5.59788418"
"2013-09-06 10:00:00","8.40309851","5.43043181","0.14241892","0.0333454","1.34739889","4.01574552","71.68881989","2.1072011","25.73599052","63.4322319","1006.42401123","486.44680786","9.67507839","0","5.59788418"
"2013-09-06 11:00:00","12.02554886","8.15148696","0.14339286","0.00844619","0.86960314","5.16032004","97.80052185","2.81244993","27.30430031","54.6174202","1006.16900635","782.03082275","9.67507839","0","5.59788418"
"2013-09-06 12:00:00","23.81633088","18.08631162","0.1812309","0.14906678","1.76125484","4.09710959","159.38220215","2.63409805","24.82838058","58.23049164","1006.3460083","448.45230103","9.67507839","0","5.59788418"
"2013-09-06 13:00:00","16.4326687","12.37184074","0.14993667","0.24603162","2.28768557","3.90684415","151.35400391","1.778687","25.27852058","62.88420105","1005.95501709","341.31039429","9.67507839","0","5.59788418"
"2013-09-06 14:00:00","13.92561606","11.0839443","0.14218359","0.09235784","1.43675861","3.4389194","160.95100403","1.38722599","25.00827026","64.66197968","1005.70001221","121.90049744","9.67507839","0","5.59788418"
"2013-09-06 15:00:00","20.68543088","16.99944669","0.16074903","0.11813472","1.22185431","3.39883536","144.7223053","1.33994198","25.03215027","58.67893982","1005.74902344","120.90029907","9.67507839","0","5.59788418"
"2013-09-06 16:00:00","22.68018224","18.91637582","0.17648119","0.22244841","1.68823627","3.46950364","151.68110657","0.88825399","25.03932953","55.63579178","1005.60400391","89.85755157","9.67507839","0","5.59788418"
"2013-09-06 17:00:00","13.92172706","11.67277147","0.1620317","0.23758544","2.08821525","3.4481802","317.12600708","0.425504","24.7528801","54.12094116","1005.49902344","20.24011993","9.67507839","0","5.59788418"
"2013-09-06 18:00:00","21.76712576","19.42867328","0.23505157","0.25162614","2.04321097","2.83150598","334.46600342","0.51902902","24.08139992","58.54835129","1005.89202881","0.40801799","9.67507839","0","5.59788418"
"2013-09-06 19:00:00","19.71400104","16.87104633","0.28672165","0.51158761","3.51472759","2.91346601","49.28010178","1.03768003","23.03335953","73.64562988","1006.67901611","0","9.67507839","0","5.59788418"
"2013-09-06 20:00:00","15.81401051","13.61045154","0.20866898","0.33805995","2.57625626","3.31573832","56.70055008","0.67047697","22.75634003","80.71089172","1007.24902344","0","9.67507839","0","5.59788418"
"2013-09-06 21:00:00","13.2070922","11.13452818","0.1963293","0.26237481","2.35785043","3.41424901","73.55754089","0.49779999","22.22784996","85.26461029","1007.42102051","0","9.67507839","0","5.59788418"
"2013-09-06 22:00:00","11.60792408","9.68840036","0.18143361","0.25381981","2.44811833","2.98156738","342.53610229","0.37172699","21.80714989","89.92700958","1007.59802246","0","9.67507839","0","5.59788418"
"2013-09-06 23:00:00","8.66249382","6.68849722","0.18520821","0.18976101","2.01390001","2.74261509","2.62106299","0.30563599","21.49625969","92.51335144","1007.62701416","0","9.67507839","0","5.59788418"
"2013-09-07 00:00:00","6.85061952","4.96481966","0.16361493","0.21180856","2.41439766","2.92003684","72.23590088","0.34563699","21.20438004","93.25186157","1007.75799561","0","9.67507839","0","5.59788418"
"2013-09-07 01:00:00","8.9828475","7.09964031","0.14961163","0.11012788","1.6035456","2.75193691","888","0","20.53545952","92.66210938","1007.73901367","0","14.23388958","0","7.50630903"
"2013-09-07 02:00:00","","","0.29467743","0.30208256","2.77209589","3.54190793","284.81811523","0.23976","20.10548019","94.87525177","1007.7880249","0","14.23388958","0","7.50630903"
"2013-09-07 03:00:00","22.97071064","20.75158608","0.22117059","0.80675966","5.3530212","","278.13360596","0.409141","19.82361984","96.27030182","1007.9130249","0","14.23388958","0","7.50630903"
"2013-09-07 04:00:00","20.07716632","17.82691631","","0.60723646","3.70550866","1.54161538","304.57949829","0.32274899","19.48974991","96.74725342","1008.33099365","0","14.23388958","0","7.50630903"
"2013-09-07 05:00:00","25.88371912","23.25473824","0.29196065","0.537036","3.64040235","1.58689121","303.87310791","0.419727","19.3825798","98.23699951","1008.74200439","5.49755812","14.23388958","0","7.50630903"
"2013-09-07 06:00:00","40.63810688","33.44764848","0.3537907","0.60383561","3.26882615","1.56596135","245.29310608","0.32257399","20.67650032","92.49008179","1009.15002441","90.26657104","14.23388958","0","7.50630903"
"2013-09-07 07:00:00","17.94883308","14.11627114","0.26714732","0.65813223","3.66361741","2.03891008","334.88821411","1.55371499","23.37693977","70.86412048","1009.309021","321.6625061","14.23388958","0","7.50630903"
"2013-09-07 08:00:00","8.51074794","6.26049602","0.1868695","0.32763977","1.58136788","2.92543101","338.2250061","2.03466105","24.79256058","62.60731125","1009.60900879","566.79992676","14.23388958","0","7.50630903"
"2013-09-07 09:00:00","7.13725126","5.01280703","0.17020534","0.07842697","0.70768962","3.03854785","337.60321045","2.7833519","25.5974102","57.18254089","1009.89300537","739.18481445","14.23388958","0","7.50630903"
"2013-09-07 10:00:00","7.36941013","5.08024901","0.18180757","0.01590486","0.74418873","2.70276293","337.31219482","2.46013403","26.13747978","53.67520142","1009.98400879","792.97412109","14.23388958","0","7.50630903"
"2013-09-07 11:00:00","6.73389192","4.42787078","0.13541727","0.00833635","0.52033585","2.05182598","338.88720703","2.68801403","26.48616028","53.0489006","1009.96899414","868.87872314","14.23388958","0","7.50630903"
"2013-09-07 12:00:00","6.32534532","4.17496098","0.13608365","","","2.23500903","338.59109497","2.61793303","26.63525963","54.86426163","1009.94702148","834.17480469","14.23388958","0","7.50630903"
"2013-09-07 13:00:00","5.22032213","3.07901788","0.161123","","","2.77802398","339.09140015","2.6686151","26.94552994","48.8955307","1009.72302246","687.40631104","14.23388958","0","7.50630903"
"2013-09-07 14:00:00","4.63668413","2.52002174","0.13776941","","","2.68094116","345.43600464","2.66528893","26.41362953","47.07394028","1009.50799561","58.78306961","14.23388958","0","7.50630903"
"2013-09-07 15:00:00","4.64057505","2.68473671","0.15536091","","","2.56143959","338.21051025","2.82210302","26.00373077","46.83420181","1009.375","47.58647156","14.23388958","0","7.50630903"
"2013-09-07 16:00:00","6.05298092","3.88314198","0.16874559","","","2.48172408","338.54370117","2.79426789","25.12487984","55.49856186","1009.28302002","34.90740967","14.23388958","0","7.50630903"
"2013-09-07 17:00:00","6.1852722","4.16328822","0.17608393","","","2.3650457","341.35180664","2.60636497","24.36330986","59.60811996","1009.45501709","16.67786026","14.23388958","0","7.50630903"
"2013-09-07 18:00:00","8.30582551","6.23844874","0.18901776","","","1.79026375","337.32659912","1.77806795","23.52738953","65.26663971","1009.67700195","0.31746","14.23388958","0","7.50630903"
"2013-09-07 19:00:00","14.62857625","12.12671278","0.21083122","0.0186467","1.06699877","1.77794177","337.67041016","1.04104996","22.76358986","69.77342987","1010.16400146","0","14.23388958","0","7.50630903"
"2013-09-07 20:00:00","19.70491904","17.61810488","0.31446263","0.21331168","1.87254006","1.43117122","304.16299438","0.52693599","22.13727951","74.5069809","1010.57800293","0","14.23388958","0","7.50630903"
"2013-09-07 21:00:00","48.24744624","45.56139216","0.36202142","0.63794885","3.64545989","1.60128989","272.16760254","0.399472","21.44544983","79.4368515","1011.01000977","0","14.23388958","0","7.50630903"
"2013-09-07 22:00:00","41.23470824","38.72895576","0.37166995","0.77933829","3.5483191","1.46189987","295.9302063","0.38475701","20.69779968","81.74636078","1011.22302246","0","14.23388958","0","7.50630903"
"2013-09-07 23:00:00","32.03137272","29.51265688","0.34993921","0.67710843","3.48528646","1.52914595","278.65750122","0.345393","20.38941956","83.05316925","1011.434021","0","14.23388958","0","7.50630903"
"2013-09-08 00:00:00","31.82384424","29.70590272","0.33680267","0.52014363","3.20981574","1.60633726","276.91821289","0.38227299","20.35131073","80.19052887","1011.54302979","0","14.23388958","0","7.50630903"
"2013-09-08 01:00:00","39.42153952","36.63044016","0.33737002","0.48877223","3.35338766","1.63439222","271.98831177","0.31117699","20.21198082","76.75891113","1011.64801025","0","17.8835907","0","10.59082031"
"2013-09-08 02:00:00","44.14641656","41.56412672","0.34369481","0.4287733","3.03083696","1.71351686","197.92840576","0.189546","19.68157959","79.77838135","1011.50701904","0","17.8835907","0","10.59082031"
"2013-09-08 03:00:00","25.79811888","23.42853904","0.287176","0.43820598","3.1091724","1.55319393","273.65020752","0.35869399","19.35956955","84.94029999","1011.46801758","0","17.8835907","0","10.59082031"
"2013-09-08 04:00:00","19.91762904","17.50137728","0.25640252","0.38281304","2.8809098","1.289257","278.48370361","0.367495","19.08321953","88.44599152","1011.77001953","0","17.8835907","0","10.59082031"
"2013-09-08 05:00:00","19.46240096","17.10579978","0.27541765","0.35550049","2.32451927","1.381146","305.5736084","0.48567301","19.22410965","88.29547119","1012.01501465","4.82295513","17.8835907","0","10.59082031"
"2013-09-08 06:00:00","33.76670392","27.73189656","0.36639949","0.40200891","2.60530789","1.52780961","296.22821045","0.45405","20.33625031","81.44924927","1012.16802979","92.36363983","17.8835907","0","10.59082031"
"2013-09-08 07:00:00","15.6415137","11.65850604","0.27014719","0.68862494","3.77178248","1.75018276","336.19869995","1.24806905","23.65036964","66.59422302","1012.31799316","362.66470337","17.8835907","0","10.59082031"
"2013-09-08 08:00:00","7.64047819","4.99594702","0.18403156","0.33027278","1.78226504","2.04840987","338.3973999","2.30925202","25.31434059","62.23260117","1012.80700684","547.56201172","17.8835907","0","10.59082031"
"2013-09-08 09:00:00","6.4057583","3.90259658","0.14632517","0.07480747","0.73575882","2.73037346","338.27810669","2.78637195","26.48044968","56.04822159","1013.05999756","707.62921143","17.8835907","0","10.59082031"
"2013-09-08 10:00:00","8.1138741","5.36428617","0.19132912","0.01074969","0.47429422","4.90822811","338.50799561","2.63086009","27.0915699","51.1710701","1012.91101074","774.43817139","17.8835907","0","10.59082031"
"2013-09-08 11:00:00","10.13455982","7.40831933","0.19518061","0.02877805","0.34420975","5.51418519","342.30621338","2.58481503","27.51696014","51.53668976","1012.75701904","842.51831055","17.8835907","0","10.59082031"
"2013-09-08 12:00:00","9.01008394","6.3344235","0.19080137","0.10639752","0.47092185","6.70962394","337.49310303","2.35669899","28.10289955","50.16889954","1012.54699707","822.33807373","17.8835907","0","10.59082031"
"2013-09-08 13:00:00","11.31091591","8.36159473","0.19036566","0.02182787","0.30543154","9.05908717","341.16790771","2.47749305","28.28890038","45.28821182","1012.23400879","661.65631104","17.8835907","0","10.59082031"
"2013-09-08 14:00:00","4.60426043","2.60432564","0.16797553","0.03586857","0.22696592","2.79331457","338.28170776","3.0655899","27.23192024","51.66714096","1012.31500244","59.93080139","17.8835907","0","10.59082031"
"2013-09-08 15:00:00","4.31892502","2.39162138","0.16793475","","","2.54511064","336.05810547","2.45679688","26.98121071","52.48588181","1012.10699463","48.62434006","17.8835907","0","10.59082031"
"2013-09-08 16:00:00","5.13083097","3.12700526","0.18042239","","","1.87695486","340.06460571","1.99143398","25.97327042","58.40082169","1011.85400391","34.28367996","17.8835907","0","10.59082031"
"2013-09-08 17:00:00","9.07493134","7.03868193","0.20503301","","","2.29171492","338.2756958","1.46390605","24.81377983","66.06207275","1011.75402832","16.10297012","17.8835907","0","10.59082031"
"2013-09-08 18:00:00","7.48484139","5.61589963","0.2099796","","","1.52721568","337.73880005","1.03556395","23.73999023","77.49220276","1011.86199951","0.189255","17.8835907","0","10.59082031"
"2013-09-08 19:00:00","20.2094576","17.92548756","0.28758142","","","1.54651427","310.88009644","0.56055403","23.23450089","83.6663208","1012.2210083","0","17.8835907","0","10.59082031"
"2013-09-08 20:00:00","30.75513184","28.18196224","0.34320784","0.31041891","2.51594816","1.70297565","331.66329956","0.456745","22.87368965","82.91982269","1012.30200195","0","17.8835907","0","10.59082031"
"2013-09-08 21:00:00","25.94855504","23.70480392","0.32439542","0.51443928","3.20047764","1.44467799","311.62210083","0.42188501","22.30735016","81.44232941","1012.35101318","0","17.8835907","0","10.59082031"
"2013-09-08 22:00:00","31.23760592","28.92901888","0.31969231","0.50774844","3.4248492","1.74736262","325.78930664","0.47563401","21.96743965","79.95726013","1012.46899414","0","17.8835907","0","10.59082031"
"2013-09-08 23:00:00","14.84128242","12.72591637","0.23900907","0.42997946","3.52678921","1.90278361","335.36160278","0.63721901","21.95774078","78.43669891","1012.375","0","17.8835907","0","10.59082031"
"2013-09-09 00:00:00","11.24217569","9.31487204","0.23442829","0.19381986","1.93582391","1.78299016","353.34579468","0.44780299","21.57570076","78.46308136","1012.29101563","0","17.8835907","0","10.59082031"
"2013-09-09 01:00:00","12.63512696","10.66242861","0.26702499","0.19864654","1.93530524","1.63825377","74.09375","0.32108501","21.5037899","85.12393188","1011.86901855","0","23.9123497","0","13.97558022"
"2013-09-09 02:00:00","","","0.2488207","0.20467939","1.66631789","1.63216703","293.55551147","0.181794","20.99958992","91.87184906","1011.46801758","0","23.9123497","0","13.97558022"
"2013-09-09 03:00:00","12.36794982","10.27463294","0.2438345","0.37338036","3.25572719","","84.17240143","0.22904301","20.85564995","98.08322144","1011.26800537","0","23.9123497","0","13.97558022"
"2013-09-09 04:00:00","44.68852592","35.38016424","","0.27915735","2.81930401","2.13153335","133.06770325","0.534343","20.25238991","99.19425964","1011.19799805","0","23.9123497","0","13.97558022"
"2013-09-09 05:00:00","45.0698552","40.02850392","0.34720379","0.72076417","6.16957965","2.36538945","146.39480591","0.449992","21.01580048","99.19419098","1011.01800537","6.28408623","23.9123497","0","13.97558022"
"2013-09-09 06:00:00","43.70025136","35.81852848","0.38597615","0.57696241","5.12372126","2.2691182","149.52270508","0.95705599","22.07061005","99.16429138","1011.35101318","95.53012085","23.9123497","0","13.97558022"
"2013-09-09 07:00:00","45.18270144","35.61620064","0.39511092","0.53177099","3.90108894","2.50069723","137.47880554","1.18411303","24.17657089","80.0830307","1011.61700439","291.1282959","23.9123497","0","13.97558022"
"2013-09-09 08:00:00","41.3942264","31.54371712","0.40111999","0.85337792","5.24174309","4.55990663","145.39070129","1.11735702","27.27050972","51.65248108","1011.89001465","493.55810547","23.9123497","0","13.97558022"
"2013-09-09 09:00:00","30.92893264","24.51281512","0.31529327","0.69169628","6.12833623","5.72715719","183.89230347","1.34974301","29.83176994","37.36635971","1011.8380127","659.0222168","23.9123497","0","13.97558022"
"2013-09-09 10:00:00","29.08853704","23.15617464","0.28926834","0.46145968","2.53851539","4.16188334","185.8296051","1.59830403","31.41654968","32.92551041","1011.58300781","724.70391846","23.9123497","0","13.97558022"
"2013-09-09 11:00:00","26.14700152","20.54277656","0.26848241","0.42153328","2.35733176","3.01295606","183.56430054","1.68946397","32.02563095","32.24671173","1011.37402344","795.50762939","23.9123497","0","13.97558022"
"2013-09-09 12:00:00","27.93294336","22.13157208","0.26247334","0.34200896","2.18055784","3.31482811","190.23170471","2.07144094","31.92000961","31.34247971","1010.85101318","667.01062012","23.9123497","0","13.97558022"
"2013-09-09 13:00:00","20.1705484","16.31075385","0.23210528","0.25381981","1.84114629","3.02505125","189.2243042","1.89698303","31.65139961","29.2065506","1010.23400879","460.63900757","23.9123497","0","13.97558022"
"2013-09-09 14:00:00","25.11071664","21.63481536","0.25638388","0.19338153","1.30304345","2.99439581","189.36050415","1.488621","31.02297974","31.17193985","1009.63500977","159.93690491","23.9123497","0","13.97558022"
"2013-09-09 15:00:00","24.17559568","20.49866672","0.24712679","0.21531924","1.69355417","3.50809167","180.11450195","2.16381311","30.72661972","34.94091034","1009.63201904","164.21040344","23.9123497","0","13.97558022"
"2013-09-09 16:00:00","28.27144384","24.66067008","0.29852543","0.29528188","1.96474535","2.77730293","187.77049255","2.26181507","29.00970078","47.92333984","1009.89801025","71.0795517","23.9123497","0","13.97558022"
"2013-09-09 17:00:00","30.04830368","26.105492","0.32406223","0.35955933","2.64330911","2.84950688","186.06700134","1.98243904","27.34242058","58.47219086","1010.34301758","44.90435028","23.9123497","0","13.97558022"
"2013-09-09 18:00:00","30.403668","27.03283112","0.32938045","0.41023543","2.97325238","2.93356803","191.1342926","1.72828102","26.37747955","58.91059113","1010.57299805","0.07733","23.9123497","0","13.97558022"
"2013-09-09 19:00:00","34.73687184","31.7953172","0.39746538","0.53275748","3.18491348","2.18397902","189.57090759","0.892156","25.71224976","65.79376984","1011.29400635","0","23.9123497","0","13.97558022"
"2013-09-09 20:00:00","19.59597328","17.57011559","0.29458773","0.52189898","3.04263924","1.98652542","289.47390747","0.417687","25.19589996","72.66271973","1011.74401855","0","23.9123497","0","13.97558022"
"2013-09-09 21:00:00","12.85561306","10.87383462","0.27298863","0.34584814","2.21466802","1.89863323","319.06689453","0.44030499","24.92579079","81.0618515","1011.76702881","0","23.9123497","0","13.97558022"
"2013-09-09 22:00:00","14.05401834","12.03722162","0.30368172","0.21893874","1.60886349","2.01957487","59.43865967","0.50755501","24.60404968","79.78060913","1011.32202148","0","23.9123497","0","13.97558022"
"2013-09-09 23:00:00","14.74919668","12.61826694","0.33218228","0.42087528","2.35888879","2.11752316","114.27880096","0.88792598","24.49110985","77.20870972","1010.82000732","0","23.9123497","0","13.97558022"
"2013-09-10 00:00:00","11.55474754","9.52887264","0.30493992","0.4350248","2.50168169","2.1521276","140.38780212","1.22752094","24.15534019","79.76515961","1010.50201416","0","23.9123497","0","13.97558022"
"2013-09-10 01:00:00","8.16705064","6.16063034","0.30887878","0.46332486","2.04424831","2.40322897","158.62420654","1.18126798","23.80673981","87.00386047","1010.29901123","0","26.39587021","0","12.66462994"
"2013-09-10 02:00:00","8.89983994","6.92973617","0.26994332","0.4117711","25.56113562","2.46369979","184.46620178","0.60257","23.47944069","94.19738007","1010.45599365","0","26.39587021","0","12.66462994"
"2013-09-10 03:00:00","6.82597766","4.9336923","0.26247334","0.23802478","125.468307","2.21487447","321.23190308","0.26578701","22.91316986","98.53514099","1010.48602295","0","26.39587021","0","12.66462994"
"2013-09-10 04:00:00","11.80895367","9.87646277","0.28395011","0.34442231","30.51276624","2.41783817","227.61720276","0.416949","22.49876976","99.19358063","1010.35101318","0","26.39587021","0","12.66462994"
"2013-09-10 05:00:00","23.992732","20.95001344","0.32012453","0.51707229","32.01992973","2.29127049","182.73930359","0.41093001","22.58226967","99.19319153","1010.30999756","7.82254791","26.39587021","0","12.66462994"
"2013-09-10 06:00:00","26.64503928","21.66596184","0.3442808","0.67963059","39.48841161","2.01609978","157.58920288","1.28370297","23.37747955","99.18666077","1010.1630249","82.24967957","26.39587021","0","12.66462994"
"2013-09-10 07:00:00","37.06104168","29.61510184","0.39405543","0.55590644","10.38312252","2.01155278","197.18330383","0.779948","24.82092094","88.75286865","1010.21099854","202.06950378","26.39587021","0","12.66462994"
"2013-09-10 08:00:00","28.22735312","21.07972352","0.34099201","0.71659549","6.05713403","2.86507511","186.30810547","1.05013204","27.51926041","62.80199051","1010.31201172","511.11920166","26.39587021","0","12.66462994"
"2013-09-10 09:00:00","19.82424696","14.44051575","0.28679271","0.50423877","4.4634452","4.14440111","167.89790344","1.56177497","29.09564018","52.1424408","1010.21002197","664.51361084","26.39587021","0","12.66462994"
"2013-09-10 10:00:00","20.61411328","12.52488486","0.24542123","0.36734752","3.18945336","3.37685392","185.03300476","1.39221001","30.09225082","45.58208084","1010.00500488","587.27709961","26.39587021","0","12.66462994"
"2013-09-10 11:00:00","17.87620194","12.73110362","0.23023779","","","2.43256433","204.25810242","1.455809","31.64150047","38.10371017","1009.66601563","719.42810059","26.39587021","0","12.66462994"
"2013-09-10 12:00:00","19.49352832","13.74663374","0.22041218","","","2.50776335","200.97210693","1.610021","32.21537018","36.49084091","1009.39300537","731.8651123","26.39587021","0","12.66462994"
"2013-09-10 13:00:00","13.47167667","9.25520999","0.17104414","","","2.90806065","227.16070557","1.61106706","31.97150993","35.57862091","1009.19702148","600.31420898","26.39587021","0","12.66462994"
"2013-09-10 14:00:00","13.49242761","9.80123704","0.20031593","","","1.90737638","199.85169983","1.78417599","30.95638084","36.95238113","1008.75","111.59230042","26.39587021","0","12.66462994"
"2013-09-10 15:00:00","16.00596575","12.26159864","0.19610678","0.18811652","2.76509181","3.00720696","226.52020264","1.44111097","30.38800049","39.45177078","1008.51501465","100.4598999","26.39587021","0","12.66462994"
"2013-09-10 16:00:00","20.19517496","16.02282386","0.23815396","0.27027284","2.42062272","2.51842151","231.00810242","1.17935896","29.30443001","44.36006165","1008.63800049","81.61070251","26.39587021","0","12.66462994"
"2013-09-10 17:00:00","24.30530576","20.71007656","0.30640199","0.43458647","3.36882165","2.56547912","228.95480347","0.892021","27.70601082","55.13043976","1008.89501953","28.20207024","26.39587021","0","12.66462994"
"2013-09-10 18:00:00","32.02489104","28.57105424","0.34761037","0.72240968","4.51687939","2.03573907","188.15769958","0.77472103","26.8565197","57.99768066","1009.18701172","0","26.39587021","0","12.66462994"
"2013-09-10 19:00:00","30.24933136","26.93814888","0.32390029","0.85085474","5.25860393","2.2319977","189.71420288","1.29385602","26.2030201","64.77397156","1009.63500977","0","26.39587021","0","12.66462994"
"2013-09-10 20:00:00","19.73216504","17.33406581","0.28102713","0.76178792","4.61337235","2.1354844","160.11030579","1.28052998","25.61577988","70.96832275","1009.30700684","0","26.39587021","0","12.66462994"
"2013-09-10 21:00:00","16.1408497","13.91913247","0.30485837","0.63476869","3.78086124","2.23055966","160.16430664","1.32677698","25.2541008","71.96588135","1008.934021","0","26.39587021","0","12.66462994"
"2013-09-10 22:00:00","11.30702499","9.09179326","0.27290708","0.73688871","3.44832359","2.53709871","193.79890442","1.74983299","25.11441994","68.29894257","1008.54400635","0","26.39587021","0","12.66462994"
"2013-09-10 23:00:00","7.95953363","5.66129434","0.24517775","0.44116748","2.51076045","2.51410841","199.4546051","2.38530397","25.12128067","72.29113007","1008.3170166","0","26.39587021","0","12.66462994"
"2013-09-11 00:00:00","6.827274","4.77027366","0.21566247","0.28935887","1.99898571","2.1436265","199.55039978","1.86363995","24.75118065","78.08940125","1008.05401611","0","26.39587021","0","12.66462994"
"2013-09-11 01:00:00","5.70798538","3.77160164","0.22845184","0.2381336","1.8083338","2.24468986","200.19320679","1.68274999","24.38113976","83.74073029","1007.44500732","0","17.10147095","0","5.25288296"
"2013-09-11 02:00:00","","","0.20032991","0.18614151","1.85281942","2.26480713","200.32510376","1.70039403","24.1213398","90.04891205","1007.24401855","0","17.10147095","0","5.25288296"
"2013-09-11 03:00:00","5.09711094","3.23465468","0.21054696","0.1010237","1.41717425","","200.53370667","1.38192296","24.1007309","93.91480255","1007.16101074","0","17.10147095","0","5.25288296"
"2013-09-11 04:00:00","7.90376442","5.98034978","","0.16948508","1.82799241","1.34541167","199.80900574","1.20200801","24.11647034","94.69821167","1006.8380127","0","17.10147095","0","5.25288296"
"2013-09-11 05:00:00","18.61807132","15.56110262","0.25176932","0.1632163","1.88135237","1.44696014","199.38720703","1.00350201","24.17383957","93.56980133","1007.00201416","2.24155498","17.10147095","0","5.25288296"
"2013-09-11 06:00:00","45.7222296","33.99885896","0.39189785","0.57641424","4.11547356","1.963468","198.50270081","1.10757506","24.34493065","92.85211182","1007.24700928","77.80625153","17.10147095","0","5.25288296"
"2013-09-11 07:00:00","33.0949036","23.70738512","0.34662478","1.09984787","7.73382735","2.48134677","194.38250732","1.42529702","26.61211967","68.13085175","1007.43701172","308.40960693","17.10147095","0","5.25288296"
"2013-09-11 08:00:00","22.33648112","16.01374568","0.24884284","0.92632021","6.22366168","2.80806514","231.915802","1.34290302","28.78088951","49.99335098","1007.809021","510.90859985","17.10147095","0","5.25288296"
"2013-09-11 09:00:00","27.77080576","19.55448288","0.2396172","0.5347325","3.2366625","2.98192434","204.49850464","1.59866595","30.03133965","46.05955124","1007.934021","667.39520264","17.10147095","0","5.25288296"
"2013-09-11 10:00:00","22.40133616","16.09415866","0.22136981","0.52014363","4.21131869","2.32956257","197.88600159","1.56071103","31.19425964","40.74134064","1007.96502686","753.78411865","17.10147095","0","5.25288296"
"2013-09-11 11:00:00","17.85934192","12.81670386","0.17235709","0.31710975","2.56536216","1.84604823","251.49020386","1.92476106","31.52177048","38.51322174","1007.96899414","810.73260498","17.10147095","0","5.25288296"
"2013-09-11 12:00:00","7.58341073","5.18400751","0.15924152","0.2325401","1.88213037","1.8092369","42.81694031","2.71789598","28.48073006","50.47550964","1008.05401611","667.83270264","17.10147095","0","5.25288296"
"2013-09-11 13:00:00","5.29684419","3.15164902","0.14760667","0.06898006","1.06315756","2.00875196","23.98690033","2.26428604","27.97591972","47.27730179","1007.95501709","599.3203125","17.10147095","0","5.25288296"
"2013-09-11 14:00:00","5.1282383","2.97396304","0.13118832","","","2.21876754","349.1882019","2.11263704","27.16584969","46.76115036","1007.96801758","94.84229279","17.10147095","0","5.25288296"
"2013-09-11 15:00:00","5.94662974","3.64190494","0.14001786","","","1.78286711","38.72579956","2.26528502","26.74311066","46.58044052","1007.80603027","130.38560486","17.10147095","0","5.25288296"
"2013-09-11 16:00:00","6.28384154","4.24499754","0.15719811","0.04519141","1.44466986","1.62821802","45.30945969","2.26206899","25.77927017","53.04964066","1007.93701172","46.57712173","17.10147095","0","5.25288296"
"2013-09-11 17:00:00","8.32268744","6.2112123","0.17081347","0.02840888","1.02407018","1.7466497","66.23957062","2.17058396","24.8305397","61.92863083","1007.96002197","16.79994965","17.10147095","0","5.25288296"
"2013-09-11 18:00:00","11.56901297","9.3395139","0.23522865","0.13612342","1.57981187","1.76192402","78.1038208","1.69358897","24.28795052","66.52095032","1007.81402588","0.034595","17.10147095","0","5.25288296"
"2013-09-11 19:00:00","24.96026136","22.14843592","0.30330193","0.45740185","2.98894571","1.7067355","103.07630157","1.10661304","24.36038971","65.95162964","1007.97900391","0","17.10147095","0","5.25288296"
"2013-09-11 20:00:00","24.0822136","21.50772472","0.28785869","0.67513342","4.51532338","1.55930711","141.77799988","1.131603","24.17724991","71.00846863","1007.97302246","0","17.10147095","0","5.25288296"
"2013-09-11 21:00:00","20.11477536","17.79449262","0.25623942","0.59122176","3.89992143","1.73489725","161.34120178","1.52973998","24.0619297","72.16271973","1007.73199463","0","17.10147095","0","5.25288296"
"2013-09-11 22:00:00","14.11886573","11.78560815","0.25144428","0.70605937","3.83948315","1.70106674","192.19790649","1.47842896","24.61029053","67.58084106","1007.46600342","0","17.10147095","0","5.25288296"
"2013-09-11 23:00:00","10.0269104","7.7442367","0.20694245","0.54657851","2.60764292","1.68179561","197.79170227","1.90581596","24.22389984","77.20187378","1007.17602539","0","17.10147095","0","5.25288296"
"2013-09-12 00:00:00","13.24340873","10.96981129","0.22649115","0.43173481","2.05644011","1.79658949","196.98550415","1.159217","23.85782051","86.22647858","1007.29602051","0","17.10147095","0","5.25288296"
"2013-09-12 01:00:00","7.38497381","5.40578995","0.16342737","0.48581073","2.465627","1.97820433","226.22520447","0.52264702","23.56702042","75.60527039","1007.2210083","0","17.57250977","0","4.78605413"
"2013-09-12 02:00:00","6.45244934","4.63279321","0.20401597","0.08884817","1.42184329","1.60435208","269.4703064","0.49643299","23.22546959","71.26963043","1007.14501953","0","17.57250977","0","4.78605413"
"2013-09-12 03:00:00","9.7934552","7.92581169","0.26875735","0.35835317","1.29915241","1.94699972","246.82020569","0.51113302","22.15382957","75.47618103","1007.07501221","0","17.57250977","0","4.78605413"
"2013-09-12 04:00:00","18.0564825","15.81530876","0.35536228","0.57904624","1.63117139","1.90052384","168.55540466","0.27472499","21.15377998","81.19251251","1007.15899658","0","17.57250977","0","4.78605413"
"2013-09-12 05:00:00","35.41775416","31.24152552","0.51577113","0.93367007","3.07363639","1.7689637","188.25790405","0.25260299","21.09136963","80.42945099","1007.55700684","3.59279609","17.57250977","0","4.78605413"
"2013-09-12 06:00:00","54.81403816","40.15303248","0.52487444","1.40818295","3.63962333","2.30050688","296.81451416","0.53251398","22.25741959","68.73332977","1007.559021","106.06430054","17.57250977","0","4.78605413"
"2013-09-12 07:00:00","34.17914144","25.06920712","0.31468165","1.58247844","4.76550437","3.52032821","317.46170044","0.58359402","25.39011002","45.73435974","1007.74401855","316.1151123","17.57250977","0","4.78605413"
"2013-09-12 08:00:00","40.46560624","28.24031648","0.32057422","0.88507781","3.83805732","3.31568239","188.01130676","0.86846697","26.3601799","40.55155182","1007.73400879","409.40969849","17.57250977","0","4.78605413"
"2013-09-12 09:00:00","31.34527064","22.40781784","0.23665111","0.87498612","4.15515995","2.65908481","189.27580261","1.34303105","27.54063034","39.3359108","1007.76000977","485.99411011","17.57250977","0","4.78605413"
"2013-09-12 10:00:00","25.76957272","20.1043932","0.23136784","0.64189786","3.59371188","2.37383462","183.64570618","1.00291705","26.57061005","48.12128067","1007.52001953","293.58050537","17.57250977","0.40000001","4.78605413"
"2013-09-12 11:00:00","46.15543144","36.15442864","0.34857499","0.61686847","3.12012041","1.84712422","183.28919983","0.79199398","23.96566963","70.66761017","1007.65802002","144.9683075","17.57250977","1.20000005","4.78605413"
"2013-09-12 12:00:00","44.57441776","32.4840196","0.36881454","1.1130109","5.47350722","1.67242904","181.97920227","1.39907205","24.59996986","69.34371185","1007.10302734","340.05490112","17.57250977","0.2","4.78605413"
"2013-09-12 13:00:00","20.4844032","14.81534232","0.22218298","1.1019317","5.8637586","2.18261116","184.27740479","2.16848493","26.15200996","59.36521149","1006.33502197","441.19140625","17.57250977","0","4.78605413"
"2013-09-12 14:00:00","19.8592748","15.60000991","0.20019593","0.41418444","2.73513302","1.87504595","198.03320313","2.64879203","25.12759018","60.96554184","1006.21099854","83.0280838","17.57250977","0","4.78605413"
"2013-09-12 15:00:00","25.91614664","20.54795808","0.26684675","0.34606781","2.09573699","1.81836651","196.67840576","2.31312704","23.23999023","81.86222076","1006.64001465","36.12841034","17.57250977","1.60000002","4.78605413"
"2013-09-12 16:00:00","30.64102368","23.6632944","0.26648094","0.51158761","2.65835359","1.69158017","199.63000488","2.14840102","21.91724014","85.77925873","1006.05700684","116.62590027","17.57250977","0","4.78605413"
"2013-09-12 17:00:00","39.0116832","31.93669048","0.32280869","0.57838824","2.96378411","1.78406005","198.65299988","1.48575199","22.57312012","76.82472229","1005.90002441","35.39682007","17.57250977","0","4.78605413"
"2013-09-12 18:00:00","63.9498992","50.12286968","0.4784224","0.85480376","4.79092428","1.67248803","200.61470032","1.26758599","21.96750069","80.82009125","1006.19500732","0.025438","17.57250977","0","4.78605413"
"2013-09-12 19:00:00","48.57428352","41.48890864","0.36722897","1.37395988","7.28586224","1.79259064","194.77960205","0.81581801","21.84519958","82.92796326","1006.79101563","0","17.57250977","0","4.78605413"
"2013-09-12 20:00:00","49.81549656","44.35652624","0.41969708","0.94858743","5.51008159","1.66658231","162.15730286","0.466084","21.43873978","87.14788055","1007.25701904","0","17.57250977","0","4.78605413"
"2013-09-12 21:00:00","35.94431896","32.20517352","0.3524358","1.21633709","6.79665371","1.70064876","158.0316925","0.74392301","21.29899979","87.4745636","1007.55700684","0","17.57250977","0","4.78605413"
"2013-09-12 22:00:00","30.06516752","26.68264832","0.31236446","1.07802","6.82039253","1.26110949","220.92260742","0.52393901","21.44816971","83.19712067","1007.74401855","0","17.57250977","0","4.78605413"
"2013-09-12 23:00:00","23.0498292","20.45327584","0.24876129","0.66087406","4.68042418","1.86729031","272.5559082","0.73975003","21.12013054","74.01682281","1007.81500244","0","17.57250977","0","4.78605413"
"2013-09-13 00:00:00","9.89461912","7.53931427","0.19787991","0.35122298","2.79790531","1.30543747","295.5993042","1.13420701","20.63451004","61.93447113","1007.79602051","0","17.57250977","0","4.78605413"
"2013-09-13 01:00:00","11.68703882","9.62225472","0.183371","0.17155265","1.77824484","1.66198649","245.19250488","0.56793398","19.74106979","60.31481171","1007.53399658","0","17.78495979","0","5.69610596"
"2013-09-13 02:00:00","","","0.20072484","0.15104077","1.7100255","1.53758908","243.9723053","0.62280703","18.94639969","56.89356995","1007.45001221","0","17.78495979","0","5.69610596"
"2013-09-13 03:00:00","13.45351841","11.35631062","0.17150431","0.10475303","1.25207345","","188.3249054","0.33980501","18.17663956","57.40625","1007.53601074","0","17.78495979","0","5.69610596"
"2013-09-13 04:00:00","19.40920912","17.35092774","","0.11232155","1.52131911","2.55822689","207.67700195","0.316443","17.40250969","61.59109116","1007.62200928","0","17.78495979","0","5.69610596"
"2013-09-13 05:00:00","43.06472168","38.42286368","0.18258579","0.17067599","1.52923036","2.63632028","224.0328064","0.416547","18.08275032","59.32091141","1007.95599365","3.17562103","17.78495979","0","5.69610596"
"2013-09-13 06:00:00","93.88277544","66.11326984","0.33255974","0.49173374","2.93213914","2.92355973","196.28500366","0.346331","18.76778984","59.63986969","1008.49401855","48.54497147","17.78495979","0","5.69610596"
"2013-09-13 07:00:00","55.9138588","44.84416272","0.28160147","1.05136545","5.15847927","2.53219474","294.42160034","0.90994","19.69202995","57.24982071","1008.48901367","100.04270172","17.78495979","0","5.69610596"
"2013-09-13 08:00:00","30.70584048","25.39864472","0.20722671","0.80118141","4.55913676","2.78173603","294.21380615","1.10454702","20.77478981","55.86663055","1008.78100586","147.37680054","17.78495979","0","5.69610596"
"2013-09-13 09:00:00","35.15057128","28.38298992","0.24049095","0.64200769","4.10418995","2.58156602","264.06460571","0.82720798","21.03446007","60.73286057","1009.50799561","228.89390564","17.78495979","0","5.69610596"
"2013-09-13 10:00:00","19.41829112","14.53519417","0.18270812","0.75674156","3.64494122","3.03755729","315.60879517","1.32816303","22.96335983","52.16815186","1009.34301758","520.92492676","17.78495979","0","5.69610596"
"2013-09-13 11:00:00","19.71270088","15.96835098","0.18564974","0.34168047","2.04360048","3.08513154","270.74920654","1.21376598","22.51478958","49.99280167","1009.36700439","183.00160217","17.78495979","0","5.69610596"
"2013-09-13 12:00:00","22.5465908","17.97088035","0.20865733","0.45795002","2.26278432","2.73864777","309.68130493","1.23029399","22.65044975","48.82112122","1009.3460083","224.83920288","17.78495979","0","5.69610596"
"2013-09-13 13:00:00","14.42235749","11.00482957","0.1995447","0.57323307","2.71360313","3.11205966","310.5625","1.44955695","23.08675957","46.29745102","1009.4420166","294.74960327","17.78495979","0","5.69610596"
"2013-09-13 14:00:00","10.0269104","7.57044163","0.14535705","0.34615121","1.63051237","3.1165487","335.43200684","2.05392003","22.66002083","50.79270172","1009.61199951","179.64370728","17.78495979","0","5.69610596"
"2013-09-13 15:00:00","9.18906435","6.82468133","0.15144651","0.21542806","0.84379371","2.61477819","334.8894043","1.69119704","22.62203026","46.96960068","1009.5880127","147.63630676","17.78495979","0","5.69610596"
"2013-09-13 16:00:00","9.86868093","7.36811379","0.13843695","0.27060234","1.96837706","2.52860575","334.0696106","1.50268197","22.7427597","45.41072083","1009.39001465","88.45439911","17.78495979","0","5.69610596"
"2013-09-13 17:00:00","9.74806241","7.04646377","0.15385689","0.27400217","2.30117404","2.30779064","333.39550781","1.59702897","21.79507065","46.41492081","1009.69702148","12.91411972","17.78495979","0","5.69610596"
"2013-09-13 18:00:00","22.94346464","20.71657736","0.20710438","0.21067562","1.81266724","2.73595679","333.3605957","1.04796803","20.47603989","55.26372147","1010.11901855","0","17.78495979","0","5.69610596"
"2013-09-13 19:00:00","28.51658136","26.11197368","0.24960358","0.57367139","3.04471392","2.66773847","329.41000366","0.95586997","19.82831001","62.61666107","1010.99902344","0","17.78495979","0","5.69610596"
"2013-09-13 20:00:00","22.86176488","20.658204","0.25508025","0.78405412","3.83144275","2.3266387","333.55700684","0.61686403","19.03919983","68.39070892","1011.48101807","0","17.78495979","0","5.69610596"
"2013-09-13 21:00:00","38.20627232","35.22712776","0.30947177","0.91973921","3.92248764","2.09774556","258.69219971","0.43406999","18.61503983","71.21083069","1011.65002441","0","17.78495979","0","5.69610596"
"2013-09-13 22:00:00","39.6575568","36.71215904","0.26648094","1.20844008","5.30334787","2.51603868","260.16470337","0.46463501","18.26692009","73.03730011","1011.90600586","0","17.78495979","0","5.69610596"
"2013-09-13 23:00:00","21.13159608","18.95269235","0.18417951","0.80807667","4.23427442","2.16058091","302.92199707","0.69860297","18.13245964","73.31806183","1011.80102539","0","17.78495979","0","5.69610596"
"2013-09-14 00:00:00","8.84147614","6.72221916","0.15585953","0.36943135","2.92124504","2.39306304","336.55950928","1.25661397","17.6507206","74.53430939","1011.59899902","0","17.78495979","0","5.69610596"
"2013-09-14 01:00:00","15.60390083","13.38607452","0.18834788","0.4644222","1.88290838","2.27637347","198.24580383","0.30128199","16.59822083","78.82180023","1011.36401367","0","16.64019966","0","6.67250109"
"2013-09-14 02:00:00","19.6284008","17.20955637","0.18009269","0.56281289","2.08173086","2.36254592","192.08500671","0.261538","16.10629082","83.25478363","1011.21502686","0","16.64019966","0","6.67250109"
"2013-09-14 03:00:00","15.41973126","13.17337217","0.16378735","0.51493558","2.36710411","1.97836196","264.25610352","0.591739","16.33168983","84.15228271","1011.31799316","0","16.64019966","0","6.67250109"
"2013-09-14 04:00:00","10.60147214","8.29415275","0.17326812","0.33202711","2.1640865","2.03311623","291.08621216","0.77987999","17.23591995","81.06519318","1011.3170166","0","16.64019966","0","6.67250109"
"2013-09-14 05:00:00","34.05985176","29.263638","0.2181381","0.2645695","1.92908018","1.9648979","196.79780579","0.35591999","16.61301041","81.89315033","1011.66601563","2.22018695","16.64019966","0","6.67250109"
"2013-09-14 06:00:00","39.9130956","29.80706664","0.25630583","0.59846077","2.86236277","2.47923548","213.62890625","0.445342","17.4097805","78.20526123","1012.14801025","92.74623108","16.64019966","0","6.67250109"
"2013-09-14 07:00:00","31.05214192","23.33515696","0.26231373","0.81794869","4.08301397","2.26829544","225.29870605","0.87112099","20.70601082","63.65710068","1012.41900635","353.92840576","16.64019966","0","6.67250109"
"2013-09-14 08:00:00","20.47792152","15.1616342","0.22398174","0.82803937","8.60408035","2.51154964","261.60150146","1.26199198","22.86676979","56.27770996","1012.58300781","539.26831055","16.64019966","0","6.67250109"
"2013-09-14 09:00:00","12.93343146","9.04899314","0.16235673","0.65242787","6.45244396","4.78253708","320.91711426","1.48269999","24.09020996","47.99951172","1012.70001221","637.16711426","16.64019966","0","6.67250109"
"2013-09-14 10:00:00","10.73505975","7.47835589","0.13158559","0.39027273","2.33035482","7.14688004","330.21011353","1.61691701","24.65784073","43.33576965","1012.47302246","621.18011475","16.64019966","0","6.67250109"
"2013-09-14 11:00:00","8.6586029","5.85843492","0.14641953","0.2934167","1.21640726","4.68828661","335.34390259","2.05653405","24.81705093","42.27946091","1012.13500977","698.72802734","16.64019966","0","6.67250109"
"2013-09-14 12:00:00","9.40695778","6.41354014","0.12569535","0.23517006","0.99705155","5.79595521","19.02526093","1.73224401","25.21001053","40.76094055","1011.83001709","590.81591797","16.64019966","0","6.67250109"
"2013-09-14 13:00:00","7.28380989","4.82215195","0.13843229","0.20281421","0.94482656","4.2708915","43.4178009","1.84007299","25.28475952","41.55284119","1011.35900879","499.27130127","16.64019966","0","6.67250109"
"2013-09-14 14:00:00","6.57306786","3.81829268","0.12077788","0.07546547","0.41255927","3.16591897","55.36111069","1.81861401","24.36207962","45.1117897","1010.95800781","86.35633087","16.64019966","0","6.67250109"
"2013-09-14 15:00:00","4.65224781","2.60562198","0.13990369","0.05374743","0.61345643","2.69466659","58.78440094","2.32592797","23.94890976","45.60744095","1010.67401123","45.65119171","16.64019966","0","6.67250109"
"2013-09-14 16:00:00","8.07366856","5.71965814","0.15398038","0.02380289","0.42059967","2.92355973","70.65659332","1.96587896","23.33189964","49.032341","1010.54101563","30.18518066","16.64019966","0","6.67250109"
"2013-09-14 17:00:00","11.16824821","8.89594902","0.14887419","0.16233964","1.18981983","3.31043467","81.09677124","1.94992602","22.6853199","51.7421608","1010.47302246","11.57406998","16.64019966","0","6.67250109"
"2013-09-14 18:00:00","26.05231928","23.187302","0.25381273","0.32423994","1.82636114","3.18028104","122.10990143","1.34048295","22.00473976","54.38243103","1010.45800781","0","16.64019966","0","6.67250109"
"2013-09-14 19:00:00","41.9960284","37.80031648","0.30607929","0.68950261","3.4981271","3.47290652","132.19790649","1.472453","21.5655098","56.38175964","1010.89202881","0","16.64019966","0","6.67250109"
"2013-09-14 20:00:00","37.93650824","34.07797752","0.31000301","1.09808236","5.05731726","3.19194806","140.27720642","1.21325195","21.29722977","57.28992081","1011.00201416","0","16.64019966","0","6.67250109"
"2013-09-14 21:00:00","44.01282512","40.6367876","0.36696918","1.31472777","4.98598488","2.84187632","157.66920471","0.94783002","20.99950981","59.44749069","1010.7880249","0","16.64019966","0","6.67250109"
"2013-09-14 22:00:00","54.20055384","49.2448028","0.41461768","1.59980914","5.92717973","2.74403482","140.38510132","0.72626197","20.8099308","60.30416107","1010.67102051","0","16.64019966","0","6.67250109"
"2013-09-14 23:00:00","36.58503016","32.5320108","0.34244942","1.82269588","6.95462127","2.88316652","143.40240479","1.28768694","20.4797802","63.65174103","1010.46899414","0","16.64019966","0","6.67250109"
"2013-09-15 00:00:00","30.71624176","27.37005056","0.3317023","1.40796328","5.2684607","2.60670016","132.2322998","1.01314402","20.3051796","67.76550293","1010.31500244","0","16.64019966","0","6.67250109"
"2013-09-15 01:00:00","30.81352432","27.70596984","0.34012059","1.4122418","5.85195733","2.50796065","132.602005","0.72692198","19.95292091","72.25987244","1009.94000244","0","17.38800049","0","8.57115746"
"2013-09-15 02:00:00","","","0.27224303","1.40686695","5.12722279","2.13724177","157.10450745","0.99542803","20.15518951","75.08377075","1009.44500732","0","17.38800049","0","8.57115746"
"2013-09-15 03:00:00","14.09162929","11.82711194","0.24825568","1.03951943","3.76996713","","156.79490662","0.90255499","19.89097977","77.31488037","1009.3380127","0","17.38800049","0","8.57115746"
"2013-09-15 04:00:00","19.43255464","17.32758222","","0.88760099","3.40474616","1.799492","180.66140747","0.36110899","18.64501953","84.85340118","1009.059021","0","17.38800049","0","8.57115746"
"2013-09-15 05:00:00","26.91870384","24.6749336","0.26870259","0.97622949","4.32441214","1.73179235","193","0.313703","18.33753967","88.60852051","1009.00500488","2.73809505","17.38800049","0","8.57115746"
"2013-09-15 06:00:00","34.5941984","29.1676556","0.33343465","1.23904263","5.72122503","2.10710196","195.43870544","0.40329099","19.73373985","82.63999176","1009.14001465","84.73748016","17.38800049","0","8.57115746"
"2013-09-15 07:00:00","28.37650824","21.92924424","0.32289024","1.56668342","6.68304058","1.95160063","298.37451172","0.67927402","22.11626053","64.71083069","1009.11901855","330.27050781","17.38800049","0","8.57115746"
"2013-09-15 08:00:00","15.27965814","11.40429799","0.21325209","1.02800191","3.78254742","2.60236571","121.61489868","0.52546299","24.6247406","54.37639999","1009.19799805","516.9597168","17.38800049","0","8.57115746"
"2013-09-15 09:00:00","10.96592037","7.87263514","0.19753624","0.48646873","2.16369801","2.42397475","166.90280151","1.17424405","26.13463974","47.96831131","1008.99200439","673.13482666","17.38800049","0","8.57115746"
"2013-09-15 10:00:00","10.67021045","7.63399269","0.15609136","0.29648804","1.48448642","2.39821007","164.289505","1.28983998","27.05200958","41.99633026","1008.33001709","599.03833008","17.38800049","0","8.57115746"
"2013-09-15 11:00:00","11.22920659","8.22541253","0.15947103","0.23166243","1.05701183","2.33399263","167.81500244","1.25480795","27.32917976","41.1777916","1007.73101807","531.51092529","17.38800049","0","8.57115746"
"2013-09-15 12:00:00","10.81547274","7.93359353","0.16293807","0.36997952","1.56541522","2.20086733","313.00259399","1.93155599","27.62969017","42.57048035","1007.0670166","541.8994751","17.38800049","0","8.57115746"
"2013-09-15 13:00:00","8.19558342","5.68593619","0.15715035","0.26555599","1.05065762","2.38837162","178.66650391","1.794397","28.65538979","33.53947067","1006.21502686","606.43060303","17.38800049","0","8.57115746"
"2013-09-15 14:00:00","9.63652206","7.05424561","0.16370464","0.24800562","0.84470189","2.94312884","187.21270752","2.01141405","27.7269001","33.40122986","1005.71600342","69.05065918","17.38800049","0","8.57115746"
"2013-09-15 15:00:00","11.82192277","9.17350258","0.17868654","0.19590369","0.94314038","2.77146128","178.32150269","1.96884","26.97727013","35.4786911","1005.65100098","50.76414108","17.38800049","0","8.57115746"
"2013-09-15 16:00:00","14.37437011","11.60792408","0.21190884","0.22168058","1.2466264","2.47650585","187.8894043","2.03050494","25.68077087","40.47903061","1005.44500732","49.85652161","17.38800049","0","8.57115746"
"2013-09-15 17:00:00","26.9614944","23.45836624","0.25791353","0.45268501","2.41245214","2.36696478","183.8453064","1.73043501","24.70429993","44.52333069","1005.48101807","11.84778023","17.38800049","0","8.57115746"
"2013-09-15 18:00:00","27.21441376","24.51281512","0.24504843","0.65703488","3.90951886","2.23983368","184.41340637","1.49345005","23.69277954","53.05018997","1005.42700195","0","17.38800049","0","8.57115746"
"2013-09-15 19:00:00","25.6956548","23.1094836","0.2856382","0.63608468","3.74714057","2.34628511","154.603302","1.57959402","23.03722954","59.9704895","1005.21002197","0","17.38800049","0","8.57115746"
"2013-09-15 20:00:00","26.69433064","24.11334096","0.30245264","0.71220815","3.79785124","2.62628555","159.22920227","1.35551405","22.62257004","64.56369019","1005.10101318","0","17.38800049","0","8.57115746"
"2013-09-15 21:00:00","23.2832844","20.667286","0.2782288","0.78481585","3.75196217","2.35706327","157.28320313","1.69286096","22.25295067","68.07977295","1004.46600342","0","17.38800049","0","8.57115746"
"2013-09-15 22:00:00","22.241818","19.59987376","0.25270248","0.76266559","3.61342541","1.92632004","161.10920715","1.23607302","22.1697197","66.84642029","1003.68200684","0","17.38800049","0","8.57115746"
"2013-09-15 23:00:00","19.4701828","16.92811379","0.26174055","0.68599294","3.19762394","2.1684413","164.60960388","1.44034505","21.95812988","69.53993988","1003.41900635","0","17.38800049","0","8.57115746"
"2013-09-16 00:00:00","14.46645586","12.17988932","0.20681896","0.6626294","3.3313391","2.25787933","141.77400208","1.41846895","21.44824028","73.28562927","1002.71002197","0","17.38800049","0","8.57115746"
"2013-09-16 01:00:00","9.59372194","7.54839245","0.20710438","0.7395207","18.36567756","2.24316334","145.85890198","1.47699702","21.32933044","76.80104065","1001.40100098","0","10.25708008","0","3.00135708"
"2013-09-16 02:00:00","11.18381189","9.13978064","0.19517595","0.68116626","8.25559005","2.31204272","158.2664032","1.15923798","21.52202988","78.66259003","1000.68200684","0","10.25708008","0","3.00135708"
"2013-09-16 03:00:00","10.5353265","8.5807845","0.20225915","0.48690807","2.40830177","2.4989724","189.35940552","0.49830401","21.11857033","77.9183197","999.80181885","0","10.25708008","0","3.00135708"
"2013-09-16 04:00:00","11.03984785","9.05936766","0.19330263","0.43348913","2.06383268","2.4042958","227.10020447","0.63052702","20.94634056","70.89633942","999.36340332","0","10.25708008","0","3.00135708"
"2013-09-16 05:00:00","15.20573066","12.6039996","0.17091133","0.30745741","1.59719138","2.65755931","234.29890442","1.44918001","21.08126068","64.64292145","999.23852539","1.33394396","10.25708008","0","3.00135708"
"2013-09-16 06:00:00","21.04859616","16.8762355","0.20262612","0.21926723","1.59965557","2.77382275","280.80050659","2.24021602","21.09313011","60.84968185","999.69720459","12.83170033","10.25708008","0","3.00135708"
"2013-09-16 07:00:00","64.8189032","41.21266288","0.39116506","0.45378235","2.29300346","2.94551981","136.3874054","0.96489602","22.19182968","54.75402069","999.37902832","225.70100403","10.25708008","0","3.00135708"
"2013-09-16 08:00:00","46.47834912","32.83160208","0.33750633","1.2146926","6.64192733","3.02148361","172.78610229","1.02997601","23.13442993","50.47171021","1000.09802246","263.99771118","10.25708008","0","3.00135708"
"2013-09-16 09:00:00","21.427306","15.4793933","0.23747593","1.23388745","5.71292428","3.04104255","297.59420776","1.69660699","26.15789986","40.16727066","1000.07299805","660.75701904","10.25708008","0","3.00135708"
"2013-09-16 10:00:00","22.98627432","16.42877778","0.22709462","0.66438373","3.63249009","3.36455025","246.0131073","1.71305501","27.05953979","36.93120956","999.77740479","513.85522461","10.25708008","0","3.00135708"
"2013-09-16 11:00:00","11.47822547","8.32398378","0.16438966","0.47780897","2.78363884","3.09045553","342.37530518","2.41925502","23.9718399","50.21408081","999.79187012","182.46420288","10.25708008","0","3.00135708"
"2013-09-16 12:00:00","11.36668704","8.07885582","0.1778722","0.42986963","4.03532277","2.48180442","336.08270264","2.64539003","22.91731071","62.17765045","1000.05401611","429.18701172","10.25708008","0.60000002","3.00135708"
"2013-09-16 13:00:00","6.10485922","3.88573657","0.13713332","0.29890139","2.40013119","3.21162193","336.45550537","2.50970006","23.71916962","57.84500122","999.7545166","532.81842041","10.25708008","0","3.00135708"
"2013-09-16 14:00:00","5.97775519","3.57446297","0.11879156","0.07568514","0.69762844","2.88363536","341.54730225","1.999663","23.40135956","56.89213181","999.59320068","127.09300232","10.25708008","0","3.00135708"
"2013-09-16 15:00:00","7.08148205","4.54070746","0.12086875","0.01908604","0.73601816","3.1369304","348.53500366","2.0467279","23.50345993","55.97449112","999.56512451","83.29669952","10.25708008","0","3.00135708"
"2013-09-16 16:00:00","6.27216878","4.11659718","0.17374694","0.35232033","2.37873147","2.61132751","336.41140747","1.91454303","22.53335953","59.34777069","999.74951172","56.08974075","10.25708008","0","3.00135708"
"2013-09-16 17:00:00","8.12554686","5.91160955","0.2084884","0.25886515","2.13723974","2.69513238","41.93333054","1.54823005","21.87457085","62.48371124","999.87042236","12.43385983","10.25708008","0","3.00135708"
"2013-09-16 18:00:00","11.72724435","9.03991306","0.22049839","0.28332603","2.59480329","2.66316095","60.92462158","0.79729599","21.19481087","67.39823914","999.89910889","0","10.25708008","0","3.00135708"
"2013-09-16 19:00:00","13.1163047","11.0022369","0.21194845","0.31579376","2.66652417","2.49997109","50.49871063","0.757833","21.13804054","69.05278015","1000.04302979","0","10.25708008","0","3.00135708"
"2013-09-16 20:00:00","20.16664792","17.9332694","0.23588804","0.43562992","2.91595664","2.43051711","142.81140137","0.75340301","20.98324013","69.65995026","1000.23199463","0","10.25708008","0","3.00135708"
"2013-09-16 21:00:00","21.38451544","18.70885882","0.26255489","0.4903079","3.35286899","2.47665739","147.52430725","0.81803101","20.86717987","70.3658905","1000.32800293","0","10.25708008","0","3.00135708"
"2013-09-16 22:00:00","21.34560624","18.59213122","0.22648299","0.61568265","4.66901141","2.75959187","145.2828064","1.06126499","20.53256035","71.162323","999.86810303","0","10.25708008","0","3.00135708"
"2013-09-16 23:00:00","13.86855051","11.80117183","0.18711415","0.45136901","5.39543111","2.54941052","152.70910645","1.36826599","20.31637001","71.46430969","999.5703125","0","10.25708008","0","3.00135708"
"2013-09-17 00:00:00","13.15261932","10.88032013","0.21557277","0.51465895","3.8611422","2.48683145","142.26890564","1.45971799","19.71075058","75.05873108","999.05822754","0","10.25708008","0","3.00135708"
"2013-09-17 01:00:00","8.88038534","6.91935974","0.19562331","0.66153206","15.05522052","2.54341733","156.58070374","1.56695199","19.49253082","76.97415161","998.64691162","0","11.10188007","0","0.83475798"
"2013-09-17 02:00:00","","","0.15940928","0.51301345","3.23290062","2.48389436","157.97090149","1.75528598","19.71231079","78.42986298","998.18811035","0","11.10188007","0","0.83475798"
"2013-09-17 03:00:00","10.70652698","8.70659027","0.15662027","0.29824339","1.50860966","","195.48190308","0.94148397","19.13517952","78.93338013","997.6953125","0","11.10188007","0","0.83475798"
"2013-09-17 04:00:00","12.9995771","10.95295127","","0.30043706","1.45167292","1.92427587","188.61010742","0.40257099","18.52285957","77.05731964","997.57720947","0","11.10188007","0","0.83475798"
"2013-09-17 05:00:00","18.49874914","16.2186681","0.23138997","0.32555594","1.70341093","1.76446347","250.57870483","0.47840199","18.4764595","73.83277893","997.77722168","1.68294704","11.10188007","0","0.83475798"
"2013-09-17 06:00:00","72.5320068","49.92832368","0.45700154","0.68478576","2.14048193","2.29342653","192.186203","0.56235301","19.49884033","70.41873169","997.85101318","78.47273254","11.10188007","0","0.83475798"
"2013-09-17 07:00:00","73.09618064","46.90895064","0.47743098","1.23487496","5.72706058","2.38033935","190.34680176","0.78975898","22.63002968","54.90856171","997.8538208","337.94970703","11.10188007","0","0.83475798"
"2013-09-17 08:00:00","39.49545744","28.81357232","0.35461435","1.97779651","10.59126174","2.04099188","201.23240662","1.05177104","24.35320091","49.89627075","997.92590332","387.12130737","11.10188007","0","0.83475798"
"2013-09-17 09:00:00","29.99513096","21.74117992","0.24131927","1.0953507","6.2920112","2.05071745","206.10580444","1.22970796","25.00527954","43.92876053","998.21636963","375.99810791","11.10188007","0","0.83475798"
"2013-09-17 10:00:00","37.05065952","26.20795608","0.28836313","0.5913316","3.67062047","2.03965249","192.63529968","2.44173288","25.28277969","46.88508987","997.83911133","398.8604126","11.10188007","0","0.83475798"
"2013-09-17 11:00:00","32.60460944","23.36498416","0.27554464","0.79173247","4.57044275","2.01814802","185.375","2.1581881","25.92930984","47.42416","997.47827148","462.37380981","11.10188007","0","0.83475798"
"2013-09-17 12:00:00","31.33616952","21.35596928","0.27798531","0.79074598","4.47161577","2.75859013","186.31790161","3.18789911","26.89118958","46.42219162","996.97491455","556.79992676","11.10188007","0","0.83475798"
"2013-09-17 13:00:00","23.31829312","16.92033004","0.19708422","0.63038033","3.98435277","2.46278856","192.83770752","2.60813689","26.84070969","47.47618103","996.53137207","383.76660156","11.10188007","0","0.83475798"
"2013-09-17 14:00:00","15.02674834","11.03336234","0.19130582","0.30811541","2.2535764","1.96362767","202.36030579","2.18099308","26.79656029","47.28659058","996.0880127","129.33540344","11.10188007","0","0.83475798"
"2013-09-17 15:00:00","19.62710064","14.89705164","0.21189719","0.13689125","1.45634197","2.10720061","203.59030151","2.66507411","26.04355049","50.7707901","996.06011963","85.61151123","11.10188007","0","0.83475798"
"2013-09-17 16:00:00","24.7825792","19.40920912","0.25295878","0.33827963","2.18626422","2.1993764","195.04400635","3.1647141","25.19536018","53.96181107","995.87341309","33.64569092","11.10188007","0","0.83475798"
"2013-09-17 17:00:00","31.4477156","24.7047608","0.27818919","0.55820588","3.25118831","1.92124318","204.38180542","1.80802095","24.39302063","59.48065186","995.76092529","4.90435505","11.10188007","0","0.83475798"
"2013-09-17 18:00:00","23.94862216","18.70237522","0.28775267","0.74423755","4.02948621","2.0408139","234.70120239","1.13610005","23.62248993","63.5998497","996.08502197","0","11.10188007","0","0.83475798"
"2013-09-17 19:00:00","22.73207392","19.38976408","0.26480101","0.55381752","4.18135889","1.79730037","241.71200562","0.81395","22.92510986","63.725811","996.77642822","0","11.10188007","0","0.83475798"
"2013-09-17 20:00:00","23.53618464","20.08234784","0.23578552","0.52310514","2.75303019","1.96237879","205.65100098","0.56112802","22.63232994","64.4786911","997.42132568","0","11.10188007","0","0.83475798"
"2013-09-17 21:00:00","13.70772454","11.15657545","0.21254843","0.3950984","2.31699652","1.83192108","219.07650757","0.82699502","22.01667976","61.33794022","997.64916992","0","11.10188007","0","0.83475798"
"2013-09-17 22:00:00","11.7674518","9.52887264","0.18988102","0.3064699","1.64465884","1.73439383","264.82110596","1.33244705","20.87170982","55.00860977","997.99401855","0","11.10188007","0","0.83475798"
"2013-09-17 23:00:00","9.0541804","6.74556468","0.16717401","0.17254015","1.24818241","1.61027","222.36610413","1.04586506","20.27560043","54.21475983","998.33032227","0","11.10188007","0","0.83475798"
"2013-09-18 00:00:00","8.6780575","6.40186738","0.18149885","0.09586751","1.00487533","1.8151477","246.14590454","0.90422702","19.47842979","65.36431885","998.80157471","0","11.10188007","0","0.83475798"
"2013-09-18 01:00:00","6.23585416","4.1983065","0.18121342","0.09400334","1.24065966","1.67799915","305.65560913","1.35534501","19.67419052","70.74427032","998.78491211","0","13.45991039","0","1.75023699"
"2013-09-18 02:00:00","4.41619802","2.56541644","0.18776538","0.08161222","1.05250856","2.0214492","285.96899414","1.73107803","19.61285973","67.00434113","998.8203125","0","13.45991039","0","1.75023699"
"2013-09-18 03:00:00","5.27090409","3.37732238","0.16963682","0.05747677","0.68426913","1.56030276","269.52661133","1.06025302","18.81542015","67.51586151","998.71002197","0","13.45991039","0","1.75023699"
"2013-09-18 04:00:00","9.05158582","6.99847448","0.18064374","0.1292129","0.92848439","1.68174578","245.96180725","0.61888897","18.06627083","68.60121155","998.90362549","0","13.45991039","0","1.75023699"
"2013-09-18 05:00:00","26.4465928","22.44414584","0.21584538","0.17045632","1.17451601","1.45090305","216.8894043","0.61647803","17.36553955","72.54434967","999.08331299","2.6434679","13.45991039","0","1.75023699"
"2013-09-18 06:00:00","32.27390992","25.30526264","0.27814841","0.41857178","2.18846908","1.9571148","270.50820923","1.05790997","17.87401962","71.56816101","999.44232178","71.10906982","13.45991039","0","1.75023699"
"2013-09-18 07:00:00","25.28451744","17.65052858","0.26809679","0.61952182","3.13303631","1.88099947","329.55371094","1.60627306","20.3218708","63.03153992","999.73876953","329.90530396","13.45991039","0","1.75023699"
"2013-09-18 08:00:00","11.83229919","7.99973917","0.18194621","0.71670533","4.19951641","2.27058471","336.63870239","2.23874402","21.45318985","59.82606125","1000.09301758","475.46380615","13.45991039","0.2","1.75023699"
"2013-09-18 09:00:00","9.89202645","6.63791717","0.16831338","0.42098512","1.5529651","3.30602597","334.980896","2.23977804","22.62920952","54.12590027","1000.56500244","596.03771973","13.45991039","0","1.75023699"
"2013-09-18 10:00:00","9.09827686","6.23196324","0.17750989","0.37360004","1.15298612","3.34974985","336.9670105","2.71753311","22.50242996","55.52449036","1000.67901611","484.82800293","13.45991039","0","1.75023699"
"2013-09-18 11:00:00","8.82850704","5.54197215","0.18870204","0.29539172","0.92757722","3.26801356","330.95010376","2.53814793","23.21109009","53.47964096","1000.64300537","723.10021973","13.45991039","0","1.75023699"
"2013-09-18 12:00:00","9.36934492","6.55361326","0.16570844","0.29901122","1.38124872","2.77527605","333.91189575","2.36371112","22.48711014","54.25233078","1000.38000488","202.20480347","13.45991039","0","1.75023699"
"2013-09-18 13:00:00","5.9647861","3.60688666","0.15569759","0.176599","1.07646602","2.71602766","334.69781494","2.08643603","23.19610023","51.35985184","1000.18902588","462.47250366","13.45991039","0","1.75023699"
"2013-09-18 14:00:00","4.60166585","2.29045746","0.13800008","0.07809848","0.74820893","2.08391131","342.47619629","2.17010498","22.67790985","52.87667084","999.90881348","74.9745636","13.45991039","0","1.75023699"
"2013-09-18 15:00:00","5.94792608","2.12833515","0.16998166","0.0326874","0.51086758","1.71047908","42.41944122","1.84208405","22.14826965","54.96751022","999.8538208","44.10968018","13.45991039","0","1.75023699"
"2013-09-18 16:00:00","5.93365874","3.59391757","0.18870204","0.05934195","0.78205978","1.79854925","67.08444977","1.82857394","21.77519989","54.81528091","999.98022461","29.08728981","13.45991039","0","1.75023699"
"2013-09-18 17:00:00","8.15797055","6.21510322","0.18739957","0.18010867","1.42002795","1.89831084","59.63999176","1.460904","21.22554016","55.08586121","1000.09399414","9.39865685","13.45991039","0","1.75023699"
"2013-09-18 18:00:00","20.287276","16.39116492","0.29479277","0.31634192","2.42996081","2.19919741","97.43077087","1.301525","20.75600052","57.0952301","1000.18499756","0","13.45991039","0","1.75023699"
"2013-09-18 19:00:00","36.36713864","32.45937392","0.35286452","0.72942901","4.53698243","1.9848667","139","1.45391095","20.37898064","60.10005188","1000.60400391","0","13.45991039","0","1.75023699"
"2013-09-18 20:00:00","31.01585216","27.61388792","0.34338259","0.96800196","5.41929502","1.99387833","145.15310669","1.29793799","20.17406082","61.27655029","1000.75799561","0","13.45991039","0","1.75023699"
"2013-09-18 21:00:00","19.44553712","16.83862072","0.26024236","0.95714345","4.91530135","1.72564763","148.39070129","1.38799202","19.87837029","62.57387161","1000.71801758","0","13.45991039","0","1.75023699"
"2013-09-18 22:00:00","16.04616938","13.49502028","0.25027229","0.63981402","3.1633846","1.80702696","144.67349243","1.50620103","19.64529991","63.79378128","1000.60601807","0","13.45991039","0","1.75023699"
"2013-09-18 23:00:00","13.6156388","11.22142475","0.2374538","0.63542669","2.70361721","1.96407515","143.28050232","1.96651101","19.26988983","65.95584106","1000.54400635","0","13.45991039","0","1.75023699"
"2013-09-19 00:00:00","9.77270426","7.75461121","0.23086106","0.72077841","2.79686085","1.85967298","136.55670166","1.96925902","18.97266006","69.57508087","1000.15600586","0","13.45991039","0","1.75023699"
"2013-09-19 01:00:00","6.90898332","4.91034678","0.23777883","0.57619457","11.48368941","1.68308415","146.48460388","1.93154895","18.84391022","74.04875946","999.81890869","0","20.93391991","0","6.17596006"
"2013-09-19 02:00:00","","","0.22801264","0.51103945","10.96672797","1.48507934","157.00990295","1.287485","18.64678955","75.45950317","999.53881836","0","20.93391991","0","6.17596006"
"2013-09-19 03:00:00","10.80120539","8.9698765","0.23285554","0.57674273","8.73740498","","175.96560669","0.387272","18.0098896","78.50981903","999.25177002","0","20.93391991","0","6.17596006"
"2013-09-19 04:00:00","12.98271518","10.86216186","","0.67036064","15.94246149","2.13185574","248.26620483","0.37264299","17.78388023","79.22940063","999.39752197","0","20.93391991","0","6.17596006"
"2013-09-19 05:00:00","30.13908544","26.90184","0.29405066","0.57992391","7.83291468","2.236742","178.97650146","0.33959499","17.54916954","77.98406219","999.53833008","1.56288195","20.93391991","0","6.17596006"
"2013-09-19 06:00:00","72.6124064","50.24737912","0.44893508","0.9746928","3.99706222","2.26475933","194.87420654","0.71903402","18.56517982","73.98439026","999.76452637","68.39234161","20.93391991","0","6.17596006"
"2013-09-19 07:00:00","77.00266432","47.54059896","0.57108533","1.60628031","8.11824318","3.20874077","157.65490723","1.178756","21.2329998","59.87722015","999.73791504","329.8026123","20.93391991","0","6.17596006"
"2013-09-19 08:00:00","45.09190056","29.99901232","0.37001449","2.07388369","14.4334674","2.8301432","190.13580322","1.48510897","24.13322067","53.00664139","999.69812012","525.77832031","20.93391991","0","6.17596006"
"2013-09-19 09:00:00","33.2142124","21.63353432","0.27290242","0.88773625","6.43505326","2.71196474","185.54870605","1.64165199","26.10127068","46.66672134","999.58001709","586.30841064","20.93391991","0","6.17596006"
"2013-09-19 10:00:00","29.93287624","19.57004656","0.25284811","0.71297599","4.359819","2.73890406","190.76350403","1.68763602","27.30755043","42.85116959","999.53692627","751.43670654","20.93391991","0","6.17596006"
"2013-09-19 11:00:00","27.05099512","17.76725618","0.25414359","0.61052747","4.30456946","2.74788417","231.66470337","1.77733898","27.19658089","43.85300064","999.4932251","625.3795166","20.93391991","0","6.17596006"
"2013-09-19 12:00:00","34.41521608","23.52970296","0.31621129","0.64310504","4.37810567","2.90808811","195.69560242","1.67064798","26.91329956","46.57725143","999.36071777","551.63092041","20.93391991","0","6.17596006"
"2013-09-19 13:00:00","21.62445232","15.01118466","0.22477161","0.6060303","4.20911384","2.36964661","190.55960083","2.36403108","27.21713066","44.31887054","998.95611572","540.53607178","20.93391991","0","6.17596006"
"2013-09-19 14:00:00","18.66087335","14.5909653","0.20974078","0.21751291","1.82869618","1.66705115","192.03860474","2.14565706","25.60927963","49.72317123","998.94152832","75.65628052","20.93391991","0","6.17596006"
"2013-09-19 15:00:00","11.22142475","8.81813062","0.22343419","0.16014496","1.69212731","1.45799663","335.89990234","1.61294305","21.30986023","79.6317215","999.58251953","53.42287064","20.93391991","0.60000002","6.17596006"
"2013-09-19 16:00:00","12.2213931","9.52627997","0.21002387","0.23879262","1.76371903","1.96518775","349.76040649","0.74042499","22.43622971","76.10745239","1000.059021","61.09685135","20.93391991","0","6.17596006"
"2013-09-19 17:00:00","13.71680463","11.39003065","0.23340076","0.17901234","1.76851724","1.92136522","347.66760254","0.64249903","22.47870064","72.12480164","1000.434021","10.7305603","20.93391991","0","6.17596006"
"2013-09-19 18:00:00","16.46768698","14.01121822","0.28768976","0.31634192","2.84174208","2.15915405","337.02850342","0.75115699","21.79873085","70.48725128","1000.98901367","0","20.93391991","0","6.17596006"
"2013-09-19 19:00:00","19.09276356","17.02927771","0.2793437","0.73436553","3.84467087","2.04421068","331.40600586","0.816459","21.21982956","70.78359985","1001.70800781","0","20.93391991","0","6.17596006"
"2013-09-19 20:00:00","20.69451288","18.38331978","0.26840552","0.70134964","3.27077167","2.20980269","337.05740356","0.66682601","20.60783958","71.40447998","1002.03302002","0","20.93391991","0","6.17596006"
"2013-09-19 21:00:00","19.32102768","17.03316863","0.25698036","0.6306","2.64123341","2.39730494","332.54870605","0.43002","20.50373077","69.89926147","1002.29400635","0","20.93391991","0","6.17596006"
"2013-09-19 22:00:00","21.9720348","19.60375512","0.2389916","0.77758295","2.52009854","1.98171095","332.40710449","0.579045","20.6012001","70.77445984","1002.53601074","0","20.93391991","0","6.17596006"
"2013-09-19 23:00:00","22.50898176","20.28467568","0.25252307","0.64760221","2.9444601","2.53092756","322.58621216","0.67660302","20.20594025","73.1891098","1002.72601318","0","20.93391991","0","6.17596006"
"2013-09-20 00:00:00","18.35089418","16.00726209","0.24389392","0.52189898","2.53708854","1.98099193","317.32839966","0.59044099","19.99925041","78.27098083","1003.04901123","0","20.93391991","0","6.17596006"
"2013-09-20 01:00:00","10.63778675","8.49907518","0.21808684","0.37338036","2.26628585","1.91453911","332.47360229","0.72810203","19.47212029","83.90061951","1003.02801514","0","19.77058029","0","6.86745405"
"2013-09-20 02:00:00","9.9944867","8.09182491","0.21970735","0.35199082","1.79367883","1.82366203","329.47290039","0.81710798","19.13138962","89.03188324","1003.22601318","0","19.77058029","0","6.86745405"
"2013-09-20 03:00:00","13.26805058","11.13841718","0.20552697","0.24296028","1.73298122","1.84305825","211.74000549","0.39384601","18.99102974","89.72554016","1003.49700928","0","19.77058029","0","6.86745405"
"2013-09-20 04:00:00","18.45206001","15.82698152","0.26159842","0.31491608","2.38301101","1.9202872","193.94290161","0.22672901","18.10493088","93.76882172","1003.84100342","0","19.77058029","0","6.86745405"
"2013-09-20 05:00:00","31.0534612","24.06534976","0.31904807","0.57498841","2.75095551","1.82186499","203.25610352","0.29364601","17.53289986","96.83589935","1004.24700928","0.63593799","19.77058029","0","6.86745405"
"2013-09-20 06:00:00","47.02699752","33.31537632","0.44630218","1.07319332","4.13427992","2.01870635","311.6000061","0.415263","18.25620079","94.59877014","1004.49200439","66.68090057","19.77058029","0","6.86745405"
"2013-09-20 07:00:00","44.15679872","29.10540088","0.38378828","1.82324506","5.35029767","2.27086744","338.67019653","0.86670601","21.08377075","77.05962372","1004.78302002","316.0632019","19.77058029","0","6.86745405"
"2013-09-20 08:00:00","9.02953663","5.47712285","0.20884955","1.25297349","5.37364291","2.10563443","335.78131104","1.60801005","22.94367981","63.40753174","1005.13201904","514.32232666","19.77058029","0","6.86745405"
"2013-09-20 09:00:00","7.46149587","4.34227054","0.19033421","0.2652275","1.40433462","2.1124585","340.84460449","2.05725908","23.59630966","57.48080063","1005.62701416","634.17480469","19.77058029","0","6.86745405"
"2013-09-20 10:00:00","6.58603696","3.66914138","0.18863331","0.17681765","1.21070087","2.05175377","338.97579956","2.49489093","24.25912094","52.9417305","1005.85101318","730.80871582","19.77058029","0","6.86745405"
"2013-09-20 11:00:00","7.86226063","4.53033295","0.16979409","0.14610527","1.16699326","2.27625347","340.49060059","2.37447309","24.79512978","48.62670135","1006.12701416","767.72790527","19.77058029","0","6.86745405"
"2013-09-20 12:00:00","8.75457956","4.93887955","0.16080029","0.18998069","1.25155478","2.20764563","340.56390381","2.6500721","24.87043953","45.46187973","1006.42102051","741.66052246","19.77058029","0","6.86745405"
"2013-09-20 13:00:00","4.61204227","2.23079541","0.15520946","0.15740312","1.38358375","1.86712454","343.33779907","2.29365611","24.47813988","43.88312149","1006.5670166","583.86132813","19.77058029","0","6.86745405"
"2013-09-20 14:00:00","4.90645586","2.39162138","0.16055564","0.05188226","0.58816568","2.20872467","343.62179565","2.05442691","23.21216965","47.00080109","1006.69500732","168.95700073","19.77058029","0","6.86745405"
"2013-09-20 15:00:00","4.23851395","2.00901297","0.1847026","0.17758549","0.82991675","2.17747429","345.47390747","2.13118505","23.02087975","46.81610107","1006.67602539","154.19309998","19.77058029","0","6.86745405"
"2013-09-20 16:00:00","4.85846657","2.54855451","0.19535885","0.18372817","1.03522362","2.13580679","334.70541382","2.3625381","22.51180077","48.86120987","1006.71801758","49.69881058","19.77058029","0","6.86745405"
"2013-09-20 17:00:00","5.49528111","3.30598758","0.18834905","0.21992523","1.39953641","2.06719895","335.53109741","2.08498693","21.67914963","52.56227112","1007.18103027","8.17765617","19.77058029","0","6.86745405"
"2013-09-20 18:00:00","7.98936466","5.98294436","0.19410182","0.17988899","1.20110344","1.99140804","334.36880493","1.48949695","20.78170967","55.75017166","1007.67700195","0","19.77058029","0","6.86745405"
"2013-09-20 19:00:00","12.30180418","10.26036751","0.27683196","0.27542801","1.57148874","1.71697873","332.90350342","0.83815199","20.07081985","60.10826111","1008.48602295","0","19.77058029","0","6.86745405"
"2013-09-20 20:00:00","26.79937592","24.34419584","0.32589477","0.78866113","3.1362785","1.79420666","292.78140259","0.54750103","19.30335045","64.53871918","1009.05200195","0","19.77058029","0","6.86745405"
"2013-09-20 21:00:00","17.69462503","15.50792608","0.27456371","1.17290102","5.28000263","1.72092977","331.53509521","0.57559299","18.72138977","68.20330048","1009.2880249","0","19.77058029","0","6.86745405"
"2013-09-20 22:00:00","14.71547474","12.3510898","0.28266628","0.9494651","3.84363353","1.573299","316.05020142","0.50812","18.33550072","71.40863037","1009.32000732","0","19.77058029","0","6.86745405"
"2013-09-20 23:00:00","18.62455682","16.36522482","0.27517067","0.7679306","3.91029686","1.92459724","296.16000366","0.42058301","17.73773956","75.85375214","1009.4710083","0","19.77058029","0","6.86745405"
"2013-09-21 00:00:00","25.11589816","22.5829188","0.27407674","0.900105","3.73702752","1.82150599","298.50650024","0.45128199","17.14421082","79.77532959","1009.64801025","0","19.77058029","0","6.86745405"
"2013-09-21 01:00:00","23.70480392","21.61797064","0.29080963","0.87279245","3.61005304","1.6983005","240.31370544","0.41849199","16.65077972","78.99810028","1009.63299561","0","20.03310013","0","8.85836411"
"2013-09-21 02:00:00","","","0.27537338","0.94233491","3.67425218","1.94363447","189.15930176","0.27959201","15.98472977","79.29134369","1009.54602051","0","20.03310013","0","8.85836411"
"2013-09-21 03:00:00","15.1810888","12.97882426","0.29887143","0.8595206","3.16195775","","210.6374054","0.342186","15.70294952","80.7612915","1009.54400635","0","20.03310013","0","8.85836411"
"2013-09-21 04:00:00","15.2524217","12.98530976","","1.32018092","4.12416383","2.0838747","301.06069946","0.50103498","15.84533978","79.65113068","1009.67700195","0","20.03310013","0","8.85836411"
"2013-09-21 05:00:00","24.52319728","21.73209792","0.23061874","0.62346982","3.36804263","2.5869785","295.05810547","0.50909698","16.00337982","80.39038086","1009.86401367","0.99918598","20.03310013","0","8.85836411"
"2013-09-21 06:00:00","71.65914056","51.75185544","0.32821662","0.99641185","4.20094326","2.59500059","207.8256073","0.35890299","16.79968071","79.59185028","1010.17901611","55.7305603","20.03310013","0","8.85836411"
"2013-09-21 07:00:00","61.16920112","39.1193288","0.4327043","1.4041241","5.87841458","2.7164009","244.69380188","0.77078497","20.09584999","65.16999054","1010.38800049","326.51501465","20.03310013","0","8.85836411"
"2013-09-21 08:00:00","10.47825903","7.17616046","0.18417136","1.83684641","13.27645701","3.12763502","337.43530273","2.67640901","22.03473091","60.93230057","1010.5670166","447.72070313","20.03310013","0","8.85836411"
"2013-09-21 09:00:00","5.21254029","2.80924806","0.13249429","0.36449585","1.73479657","3.07805423","332.53500366","3.69547606","23.17019081","51.27981186","1010.85400391","648.5020752","20.03310013","0","8.85836411"
"2013-09-21 10:00:00","5.40838454","2.77552612","0.15049004","0.15224795","0.80709018","2.6179675","333.78170776","3.08171296","24.0335598","46.47190094","1010.96899414","749.85351563","20.03310013","0","8.85836411"
"2013-09-21 11:00:00","6.06465368","3.24114018","0.14894991","0.20259454","0.72473454","2.84655249","332.29470825","3.5481689","24.04734039","44.22018051","1011.08599854","783.51141357","20.03310013","0","8.85836411"
"2013-09-21 12:00:00","7.07759113","4.15550638","0.13270515","0.24614146","0.79386206","2.95446331","332.85290527","3.4993701","24.30776024","41.25037003","1011.05200195","758.9498291","20.03310013","0","8.85836411"
"2013-09-21 13:00:00","4.2955795","1.88580178","0.13079222","0.20171788","0.76662579","2.92128877","336.22610474","4.05159521","24.08288956","39.68395996","1011.02001953","599.11981201","20.03310013","0","8.85836411"
"2013-09-21 14:00:00","4.69245334","2.4798162","0.11453115","0.15367379","0.31528831","2.91946732","334.05441284","3.75423098","23.34193993","42.30408096","1010.93701172","47.05636978","20.03310013","0","8.85836411"
"2013-09-21 15:00:00","4.78713367","2.7262405","0.13601259","0.11583122","0.25835156","2.46411981","326.48620605","3.54437304","23.00278091","42.58560181","1010.86401367","37.77878952","20.03310013","0","8.85836411"
"2013-09-21 16:00:00","4.6418733","2.51742715","0.14931456","0.11637938","0.3658688","2.49510882","329.76800537","3.0993681","22.31785965","48.64733124","1010.9130249","31.62902069","20.03310013","0","8.85836411"
"2013-09-21 17:00:00","5.92068964","3.99597866","0.14903146","0.14950612","0.57558539","2.53302258","333.13800049","2.30609703","21.47252083","54.75851059","1011.01501465","10.56470966","20.03310013","0","8.85836411"
"2013-09-21 18:00:00","7.69495107","5.57050684","0.16572941","0.29659788","1.1870963","2.27490899","325.56750488","2.42930388","20.8467598","59.58600998","1011.15002441","0","20.03310013","0","8.85836411"
"2013-09-21 19:00:00","9.12810788","7.18783322","0.16119057","0.85809477","1.62559416","2.39995626","327.52310181","2.46776104","20.31513977","66.81156158","1011.41802979","0","20.03310013","0","8.85836411"
"2013-09-21 20:00:00","10.25906926","8.30971643","0.18903523","0.80368832","1.04417221","2.26615974","332.16531372","1.45533097","19.65023994","74.17208099","1011.69000244","0","20.03310013","0","8.85836411"
"2013-09-21 21:00:00","8.83499063","6.63661892","0.19969382","0.77187859","1.67850663","2.16006935","333.64480591","1.09902894","19.15995026","77.60555267","1011.70001221","0","20.03310013","0","8.85836411"
"2013-09-21 22:00:00","8.46535323","6.5808497","0.18558916","1.03469275","2.41245214","2.16735921","337.18069458","0.91900098","18.80163956","78.86045074","1011.75","0","20.03310013","0","8.85836411"
"2013-09-21 23:00:00","9.78437702","7.86744789","0.18789936","0.95100077","1.74621036","2.37662222","320.11010742","0.80986202","18.48295975","79.39633942","1011.86700439","0","20.03310013","0","8.85836411"
"2013-09-22 00:00:00","10.94257485","8.78700326","0.18060413","0.81367017","2.02635114","1.99783548","304.71459961","0.84815598","18.40327072","76.95800018","1011.934021","0","20.03310013","0","8.85836411"
"2013-09-22 01:00:00","10.72727791","8.78700326","0.1898053","0.52178914","2.02985267","2.42328828","275.43710327","0.82148999","18.15147018","79.86669159","1011.74200439","0","17.28218079","0","7.99335289"
"2013-09-22 02:00:00","9.58334552","7.69884199","0.19491149","0.41944945","2.0528084","2.11012347","264.46060181","0.52279299","17.61388969","84.66374969","1011.60601807","0","17.28218079","0","7.99335289"
"2013-09-22 03:00:00","8.99322202","7.12428217","0.2125426","0.50862611","1.86514037","2.03283452","280.26760864","0.33818001","16.82464981","87.06578064","1011.48901367","0","17.28218079","0","7.99335289"
"2013-09-22 04:00:00","11.4107835","9.51849622","0.22968674","0.6976203","2.62177922","2.07075031","311.84811401","0.65604299","16.86643028","83.34606934","1011.39501953","0","17.28218079","0","7.99335289"
"2013-09-22 05:00:00","4.84938839","2.94802294","0.16256876","0.5367065","2.17653764","2.1075708","333.81069946","1.20700705","18.2030201","67.64237976","1011.52099609","2.82254791","17.28218079","0","7.99335289"
"2013-09-22 06:00:00","4.1140026","2.36957219","0.17634838","0.24032829","0.9992981","2.18413056","330.66650391","1.30252802","19.3980999","59.3350296","1011.80700684","55.68783188","17.28218079","0","7.99335289"
"2013-09-22 07:00:00","4.57961666","2.01679481","0.1331595","0.19732953","0.62033034","3.32522998","333.98660278","2.3384769","21.11857033","50.7969017","1011.96801758","319.51550293","17.28218079","0","7.99335289"
"2013-09-22 08:00:00","4.19311925","1.68477027","0.13025749","0.15915847","0.44589043","3.37080175","333.97509766","3.17882991","21.78277969","47.43610001","1012.1920166","519.86260986","17.28218079","0","7.99335289"
"2013-09-22 09:00:00","3.49404998","1.40592037","0.12042489","0.13820725","0.42098918","3.22752679","336.39419556","4.04724216","22.01239967","46.6709404","1012.41400146","644.09851074","17.28218079","0","7.99335289"
"2013-09-22 10:00:00","4.39804167","1.72367947","0.12800321","0.15663529","0.50049214","3.1145086","344.37130737","3.66727901","22.68728065","41.65763092","1012.36901855","747.36962891","17.28218079","0","7.99335289"
"2013-09-22 11:00:00","4.01413693","1.49022427","0.12094331","0.16694564","0.66027606","3.6996426","341.18310547","4.28021812","22.63463974","41.07373047","1012.06201172","778.82971191","17.28218079","0","7.99335289"
"2013-09-22 12:00:00","3.74825612","1.14782331","0.1191597","0.15027395","0.37326137","3.45064235","336.82040405","3.97156","22.82118988","41.13220978","1011.79699707","752.90600586","17.28218079","0","7.99335289"
"2013-09-22 13:00:00","3.34489678","1.04276847","0.11080199","0.10552087","0.25510937","3.48892122","335.35580444","4.4375329","22.41303062","42.61843109","1011.57202148","593.16540527","17.28218079","0","7.99335289"
"2013-09-22 14:00:00","2.91300466","0.98699734","0.12397464","0.06241329","0.13630953","2.25631722","334.45010376","4.45793819","22.15954018","40.28022003","1011.44500732","55.15567017","17.28218079","0","7.99335289"
"2013-09-22 15:00:00","2.9337575","1.06481574","0.12433113","0.03290707","0.17742277","2.62708186","335.04629517","4.3319521","21.75546074","41.19853973","1011.14801025","40.20146179","17.28218079","0","7.99335289"
"2013-09-22 16:00:00","3.34360044","1.20229619","0.12783312","0.04552092","0.25082983","2.57349002","335.93780518","4.39916801","21.25802994","43.17012024","1011.17102051","26.58933067","17.28218079","0","7.99335289"
"2013-09-22 17:00:00","3.85590554","1.9286019","0.10096939","0.06208378","0.2982983","2.51844083","332.10690308","3.94781899","20.68218994","45.42835999","1011.24700928","7.01566982","17.28218079","0","7.99335289"
"2013-09-22 18:00:00","5.62497972","3.7313961","0.1661756","0.0879705","0.42643624","2.67155832","331.98410034","3.16616201","20.22751045","45.8492012","1011.17102051","0","17.28218079","0","7.99335289"
"2013-09-22 19:00:00","9.08400951","6.9115779","0.19227743","0.45411084","0.69425607","3.05326283","332.35040283","2.87952209","20.14435005","46.64075089","1011.43499756","0","17.28218079","0","7.99335289"
"2013-09-22 20:00:00","5.6535125","3.61077758","0.16739186","0.55842453","0.75041379","3.13346853","334.16830444","2.79178309","20.23965073","46.56010056","1011.43701172","0","17.28218079","0","7.99335289"
"2013-09-22 21:00:00","3.0634542","1.02720479","0.15000424","0.28453219","0.83523464","2.57093735","337.228302","2.89984703","20.38908958","45.00251007","1011.21600342","0","17.28218079","0","7.99335289"
"2013-09-22 22:00:00","2.83129534","1.10372494","0.1129584","0.11275988","0.61501244","2.17939134","337.81759644","2.71832204","20.26753044","44.13254166","1011.16101074","0","17.28218079","0","7.99335289"
"2013-09-22 23:00:00","2.92467742","1.13744689","0.12726577","0.10146202","0.3950506","2.1378296","337.2796936","1.44701898","19.79704094","48.5187912","1011.16101074","0","17.28218079","0","7.99335289"
"2013-09-23 00:00:00","3.19444914","1.24120539","0.13557455","0.18789685","0.4330508","1.76743006","335.44009399","1.592345","19.31377983","52.82138062","1011.16101074","0","17.28218079","0","7.99335289"
"2013-09-23 01:00:00","3.61726309","1.62770281","0.14631585","0.23100443","0.37287288","2.0908025","345.9671936","1.26944196","18.98344994","55.4297905","1010.94299316","0","19.48541069","0","10.9894104"
"2013-09-23 02:00:00","","","0.15251714","0.33279494","0.53460131","2.33724906","342.11929321","1.07414198","18.71385956","59.1294899","1010.76800537","0","19.48541069","0","10.9894104"
"2013-09-23 03:00:00","10.10343246","8.16056514","0.14161391","0.27904751","0.42267537","","336.99679565","0.834741","18.37898064","61.54265976","1010.52801514","0","19.48541069","0","10.9894104"
"2013-09-23 04:00:00","8.08144849","6.1593321","","0.28266803","0.54173454","1.59322203","336.75350952","1.46691203","18.50942993","59.9242897","1010.40100098","0","19.48541069","0","10.9894104"
"2013-09-23 05:00:00","7.57822347","5.72614364","0.1330663","0.28387419","0.44887329","2.0134983","344.86959839","1.22748804","18.66189957","56.0068512","1010.54101563","0.55046803","19.48541069","0","10.9894104"
"2013-09-23 06:00:00","11.39003065","8.14240687","0.14294084","0.33882779","0.62707406","1.95554659","340.89221191","1.68363202","19.17980957","53.3193512","1010.90301514","46.46010971","19.48541069","0","10.9894104"
"2013-09-23 07:00:00","12.34330796","8.58597175","0.1443237","0.50917427","1.11641277","3.55284272","336.49450684","2.39734292","20.87030029","44.90164185","1011.10400391","316.36340332","19.48541069","0","10.9894104"
"2013-09-23 08:00:00","9.52238905","6.1009683","0.11707435","0.79579131","2.05644011","3.12999446","344.88659668","2.64328694","21.77370071","40.75653076","1011.54699707","512.45001221","19.48541069","0","10.9894104"
"2013-09-23 09:00:00","7.83632053","4.87143758","0.12285974","0.5933056","2.04917669","3.06058828","346","3.079252","22.19853973","40.28794098","1011.61199951","633.36877441","19.48541069","0","10.9894104"
"2013-09-23 10:00:00","6.22936866","3.74306886","0.10070027","0.47835205","1.426253","3.39436259","335.84051514","3.25934696","22.36874008","41.16672134","1011.4630127","731.51300049","19.48541069","0","10.9894104"
"2013-09-23 11:00:00","7.46538679","4.50698743","0.11678776","0.37129653","0.72538237","3.6071495","337.19830322","3.2880609","22.64075089","41.99755096","1011.32702637","763.67010498","19.48541069","0","10.9894104"
"2013-09-23 12:00:00","8.12684319","4.92591046","0.11750307","0.40946759","1.09112201","3.09875222","336.50799561","2.76915097","22.75028992","41.9383316","1011.22900391","715.3651123","19.48541069","0","10.9894104"
"2013-09-23 13:00:00","5.41357179","2.97136846","0.08306217","0.3231426","1.03275943","3.52270291","337.72171021","2.83541489","22.35951042","43.88182068","1010.95501709","527.37792969","19.48541069","0","10.9894104"
"2013-09-23 14:00:00","5.39930636","3.28783122","0.11691008","0.2155379","0.38623118","2.86433982","336.45001221","2.46777201","21.77573967","46.34690094","1010.43902588","92.06552124","19.48541069","0","10.9894104"
"2013-09-23 15:00:00","5.23718406","3.09847248","0.12166561","0.21707357","0.35847623","3.05430728","334.16061401","3.2057879","21.22043991","49.78456116","1010.24499512","72.40028381","19.48541069","0","10.9894104"
"2013-09-23 16:00:00","5.21254029","3.00768498","0.11809023","0.2178414","0.47403387","2.37637203","334.375","3.45125294","20.33455086","53.07027054","1010.20001221","37.95278168","19.48541069","0","10.9894104"
"2013-09-23 17:00:00","8.68843201","6.5224859","0.15350972","0.32599427","0.74756009","3.35901472","335.65420532","2.23672009","19.79228973","51.81460953","1010.10400391","7.81033802","19.48541069","0","10.9894104"
"2013-09-23 18:00:00","18.13040807","15.1421796","0.20247584","0.58902809","1.51016567","4.89881984","334.02301025","1.32563198","18.93189049","47.43793106","1010.10400391","0","19.48541069","0","10.9894104"
"2013-09-23 19:00:00","16.01504393","13.71680463","0.18231784","0.74884456","3.45960823","3.10503016","335.27810669","1.18077195","18.27330017","54.52136993","1010.28399658","0","19.48541069","0","10.9894104"
"2013-09-23 20:00:00","17.17194542","14.84517143","0.2283866","0.76913676","2.47353825","2.77762735","312.5552063","0.61928302","17.67255974","60.35327148","1010.40301514","0","19.48541069","0","10.9894104"
"2013-09-23 21:00:00","19.43905544","17.17194542","0.21014736","1.23202329","3.5996776","2.94394855","304.37130737","0.49342799","17.10770988","64.50800323","1010.15100098","0","19.48541069","0","10.9894104"
"2013-09-23 22:00:00","26.67098512","23.91619464","0.22622436","1.24606298","4.11132318","2.26965822","210.06880188","0.407094","16.45644951","66.52210999","1009.83300781","0","19.48541069","0","10.9894104"
"2013-09-23 23:00:00","21.2120148","18.86838654","0.18970394","1.2016394","4.27811118","1.97049445","192.61680603","0.370511","15.54728031","67.31513977","1009.63500977","0","19.48541069","0","10.9894104"
"2013-09-24 00:00:00","16.90087735","14.34064817","0.16146667","0.88738132","2.50310854","2.0596884","195.18910217","0.34546301","15.08600998","69.43617249","1009.56201172","0","19.48541069","0","10.9894104"
"2013-09-24 01:00:00","10.79082897","8.75068864","0.15240763","0.78261811","2.09917139","1.94335479","191.89120483","0.304189","14.93887997","72.811409","1009.39501953","0","18.72948074","0","9.06864738"
"2013-09-24 02:00:00","12.38870075","10.0333959","0.15591661","0.51597495","1.56982493","1.98770718","190.18170166","0.32871899","14.77818012","75.87783051","1009.05401611","0","18.72948074","0","9.06864738"
"2013-09-24 03:00:00","9.37064126","7.30715541","0.15265228","0.50127727","1.59667169","1.938821","192.96240234","0.34904099","14.26272011","78.75247955","1008.91601563","0","18.72948074","0","9.06864738"
"2013-09-24 04:00:00","15.00210648","12.60270326","0.16007916","0.51948563","1.63791511","1.87609244","208.15510559","0.416536","14.63687992","82.00202179","1008.68701172","0","18.72948074","0","9.06864738"
"2013-09-24 05:00:00","16.50270718","13.81277938","0.17778832","0.41319693","2.17099295","1.97040089","275.53039551","0.90842497","15.69556046","86.41194153","1008.69000244","1.83048403","18.72948074","0","9.06864738"
"2013-09-24 06:00:00","24.09259576","20.04083832","0.23287535","0.59440294","2.62852396","2.19464532","302","0.98625201","16.64801025","81.62670135","1008.87701416","43.04740143","18.72948074","0","9.06864738"
"2013-09-24 07:00:00","33.67074064","24.75793352","0.2638061","1.05948212","3.40604385","2.39864128","270.52740479","1.85502505","19.28413963","62.5759697","1009.31500244","298.34030151","18.72948074","0","9.06864738"
"2013-09-24 08:00:00","17.22771463","11.9555123","0.18937774","0.92763723","4.22363965","3.42526922","328.95840454","2.06988502","21.2744503","58.7020607","1009.29602051","473.51229858","18.72948074","0","9.06864738"
"2013-09-24 09:00:00","17.53898823","12.82837662","0.14024736","0.5942931","2.87221954","6.17606303","332.89550781","2.62656212","22.10860062","60.06877136","1009.32800293","331.1282959","18.72948074","0","9.06864738"
"2013-09-24 10:00:00","12.37443532","8.8661199","0.12887696","0.35506216","1.8415358","5.37946828","337.48120117","3.17356396","22.94152069","59.19670105","1009.19000244","528.21020508","18.72948074","0","9.06864738"
"2013-09-24 11:00:00","9.59761286","6.56009877","0.13939109","0.31305192","1.25194327","5.06866291","336.75500488","3.92171907","23.36540985","58.22900009","1009.21801758","637.53851318","18.72948074","0","9.06864738"
"2013-09-24 12:00:00","10.63130125","6.51210948","0.13878179","0.43123648","1.17368207","5.47647381","336.8828125","3.84768009","23.73863029","56.07658005","1009.29400635","724.75671387","18.72948074","0","9.06864738"
"2013-09-24 13:00:00","8.58337717","5.64573066","0.13706458","0.47758422","1.12925239","6.74731498","335.17599487","3.44195795","23.64686012","54.29087067","1009.19500732","580.46282959","18.72948074","0","9.06864738"
"2013-09-24 14:00:00","9.15275165","6.3473945","0.13517262","0.3607655","0.58388614","4.87073234","336.15060425","3.01926589","23.12710953","58.1777916","1008.94000244","50.84656143","18.72948074","0","9.06864738"
"2013-09-24 15:00:00","8.90891811","6.3019998","0.11934377","0.23659793","0.53615833","5.41095562","341.84140015","2.44640589","22.77560043","58.24264145","1008.74200439","35.80281067","18.72948074","0","9.06864738"
"2013-09-24 16:00:00","6.56528602","4.12697361","0.13240575","0.2152094","1.04520955","3.12772858","337.16061401","1.93033195","21.99028969","61.32403183","1008.72302246","23.40862083","18.72948074","0","9.06864738"
"2013-09-24 17:00:00","7.0477601","4.97519417","0.14624595","0.20160805","1.37995205","2.07613736","336.6000061","1.381724","20.99138069","68.29994965","1008.78601074","5.31033802","18.72948074","0","9.06864738"
"2013-09-24 18:00:00","15.90998909","13.6804881","0.19647725","0.32138726","1.67241379","2.20230231","341.72439575","0.480847","19.72344017","77.35307312","1008.97601318","0","18.72948074","0","9.06864738"
"2013-09-24 19:00:00","29.24417384","26.50236584","0.27196692","0.54899186","3.2662328","2.12934172","252.90080261","0.22462399","19.13614082","83.85591125","1009.28900146","0","18.72948074","0","9.06864738"
"2013-09-24 20:00:00","61.2924104","58.0331196","0.41584675","0.90778335","5.29738214","2.01665405","274.43569946","0.249209","18.43675995","89.12902069","1009.47399902","0","18.72948074","0","9.06864738"
"2013-09-24 21:00:00","68.92641456","63.81502672","0.51985912","1.96978865","11.04169104","2.10327601","888","0","17.90896034","93.7080307","1009.50701904","0","18.72948074","0","9.06864738"
"2013-09-24 22:00:00","73.2712816","66.03285112","0.57107019","2.30631294","13.33507689","2.14251288","888","0","17.56722069","96.83271027","1009.55700684","0","18.72948074","0","9.06864738"
"2013-09-24 23:00:00","65.39085888","60.51034504","0.50884171","2.4075563","14.64654924","1.77942253","86.15383148","0.33280101","17.31880951","99.01377106","1009.30700684","0","18.72948074","0","9.06864738"
"2013-09-25 00:00:00","35.90414784","33.53196768","0.44237031","2.18499806","13.40472105","1.87330485","86.59375","0.190018","17.08992958","99.20043182","1009.22900391","0","18.72948074","0","9.06864738"
"2013-09-25 01:00:00","73.22589072","54.44050984","0.57665986","2.64448374","12.63044844","2.2834101","183.2631073","0.242915","16.22520065","99.20648193","1009.13702393","0","23.73843002","0","12.47523975"
"2013-09-25 02:00:00","","","0.37838734","2.9099299","16.85564613","2.1619925","88.03845978","0.154034","16.25037003","99.20552063","1009.03900146","0","23.73843002","0","12.47523975"
"2013-09-25 03:00:00","47.2760164","35.67587416","0.39850456","1.96232998","13.01914584","","888","0","15.47659016","99.2092514","1008.74902344","0","23.73843002","0","12.47523975"
"2013-09-25 04:00:00","48.58982808","40.55120648","","2.14967765","15.94129194","3.00880772","197.269104","0.137128","15.44810009","99.21720123","1008.559021","0","23.73843002","0","12.47523975"
"2013-09-25 05:00:00","55.18496616","46.08927624","0.3746873","1.95925864","13.39305606","2.53937273","141.31300354","0.62231398","15.9224596","99.21421051","1008.66400146","0.62881601","23.73843002","0","12.47523975"
"2013-09-25 06:00:00","75.12465968","54.34712776","0.51527717","1.55066872","9.42660351","2.69365773","151.57310486","0.574799","17.09910011","99.2039032","1008.92102051","32.73707962","23.73843002","0","12.47523975"
"2013-09-25 07:00:00","91.70904176","61.89681272","0.62703096","2.01487125","9.76679306","3.17999323","139.29440308","1.03486598","20.24324989","75.30007935","1009.16400146","323.7677002","23.73843002","0","12.47523975"
"2013-09-25 08:00:00","53.75698896","39.14137416","0.39977558","3.00689474","20.70497079","3.54766619","127.45780182","1.17884398","22.96845055","55.86040115","1009.49401855","517.7208252","23.73843002","0","12.47523975"
"2013-09-25 09:00:00","32.87829312","24.81370656","0.28732861","1.8083155","10.49754519","3.52044517","119.5447998","0.99456799","25.48262978","47.89356995","1009.58300781","632.92120361","23.73843002","0","12.47523975"
"2013-09-25 10:00:00","17.93845666","13.53392948","0.22664493","1.04785578","4.50014873","4.59268454","134.82530212","1.17429399","27.04916954","36.77437973","1009.434021","728.58251953","23.73843002","0","12.47523975"
"2013-09-25 11:00:00","17.89046737","13.51706946","0.20689235","0.62039949","2.29326279","4.01153108","165.43850708","1.16663802","28.42815971","31.19981956","1009.32800293","740.70501709","23.73843002","0","12.47523975"
"2013-09-25 12:00:00","16.74524055","12.4418773","0.21068093","0.77198843","2.94290409","3.54748313","73.64189148","2.77740598","27.75815964","42.72119141","1008.88299561","707.58227539","23.73843002","0","12.47523975"
"2013-09-25 13:00:00","10.68058687","7.83372594","0.19927675","0.61019797","2.21713221","3.60211027","74.41773987","2.72452211","27.58267975","43.18904114","1008.54302979","514.06182861","23.73843002","0","12.47523975"
"2013-09-25 14:00:00","16.16808614","12.65198698","0.18693707","0.49480508","1.44039032","3.14016446","166.67840576","2.06852388","27.18503952","44.85836029","1008.29101563","124.78630066","23.73843002","0","12.47523975"
"2013-09-25 15:00:00","23.20416584","19.17317272","0.22350991","0.57707224","2.23814241","2.91773435","186.52690125","2.0493679","26.79589081","39.40753174","1008.04901123","45.2472496","23.73843002","0","12.47523975"
"2013-09-25 16:00:00","24.15615064","20.24446632","0.19296361","0.50983329","2.65640807","2.77970711","165.58270264","1.77821004","26.24188995","33.35768127","1007.90100098","23.59686089","23.73843002","0","12.47523975"
"2013-09-25 17:00:00","37.34376912","33.18956672","0.25780169","0.66581058","3.38308711","3.27563293","188.35090637","1.45383596","25.13883972","34.99979019","1008.08300781","4.59503508","23.73843002","0","12.47523975"
"2013-09-25 18:00:00","46.61454088","41.17505384","0.33489789","1.03008574","5.08701773","2.95810824","187.53030396","1.47945702","23.43737984","41.74433136","1008.29101563","0","23.73843002","0","12.47523975"
"2013-09-25 19:00:00","34.24399648","30.5294776","0.33648579","1.47904141","6.88510526","2.69639956","159.23370361","2.03447294","21.99246979","60.41838074","1008.66400146","0","23.73843002","0","12.47523975"
"2013-09-25 20:00:00","29.16117392","26.21703808","0.31506377","1.27907887","5.72281765","2.46912548","156.42260742","1.90661502","21.13994026","68.4449234","1008.80999756","0","23.73843002","0","12.47523975"
"2013-09-25 21:00:00","20.72824056","18.0564825","0.29702141","1.29684891","4.47771167","2.27218038","148.98660278","1.74925494","20.15500069","75.07224274","1008.93902588","0","23.73843002","0","12.47523975"
"2013-09-25 22:00:00","18.46632544","16.1149096","0.31274192","1.55897659","4.21185058","2.29583885","152.00230408","1.690938","19.55067062","79.95101166","1008.95001221","0","23.73843002","0","12.47523975"
"2013-09-25 23:00:00","17.86063826","15.58315181","0.24521736","1.50635396","4.0542583","2.6989563","157.48530579","2.195328","19.72405052","84.38175964","1008.81799316","0","23.73843002","0","12.47523975"
"2013-09-26 00:00:00","16.679093","14.64543818","0.20265758","0.9690993","2.9582079","2.64597467","156.95300293","1.86050105","19.82444","85.64537048","1008.934021","0","23.73843002","0","12.47523975"
"2013-09-26 01:00:00","7.80519317","5.89085862","0.18286423","0.61261131","2.14956069","2.12876406","144.29289246","1.30261099","19.3386898","87.5296402","1008.8460083","0","22.44322014","0","10.79133987"
"2013-09-26 02:00:00","5.44469915","3.40585516","0.174637","0.63498734","2.10779962","2.48017722","147.51300049","1.69000602","19.26243973","89.22914124","1008.60101318","0","22.44322014","0","10.79133987"
"2013-09-26 03:00:00","4.33837962","2.47073611","0.17125617","0.53426773","1.79747224","2.30259885","149.26060486","1.99834096","19.20804024","88.47135925","1008.19702148","0","22.44322014","0","10.79133987"
"2013-09-26 04:00:00","5.77153643","3.68729965","0.16665442","0.46398286","1.4898033","2.20230028","146.07510376","2.00501299","19.2649498","88.14936066","1007.93499756","0","22.44322014","0","10.79133987"
"2013-09-26 05:00:00","14.71158382","12.26159864","0.19076526","0.37886504","1.40900367","2.64588415","142.22790527","1.33558798","19.16189957","87.6557312","1007.96801758","0.397843","22.44322014","0","10.79133987"
"2013-09-26 06:00:00","52.3731216","42.12701952","0.33664889","0.63279367","2.88972923","2.52119385","130.14460754","1.06813097","19.22138977","88.92665863","1008.13800049","31.31867981","22.44322014","0","10.79133987"
"2013-09-26 07:00:00","64.45443776","45.0607732","0.46257607","1.51874915","6.82752068","2.7558666","137.10580444","1.71544003","21.44734955","75.83550262","1008.45501709","294.10250854","22.44322014","0","10.79133987"
"2013-09-26 08:00:00","24.90578848","18.58694396","0.2539735","1.72880237","9.11507607","3.03401915","155.79670715","2.73127103","23.64937019","63.58797073","1008.57702637","476.39801025","22.44322014","0","10.79133987"
"2013-09-26 09:00:00","23.4985756","17.61680663","0.23715323","0.92346854","3.76711343","3.3114415","162.57240295","2.51425004","25.26828003","55.54238129","1008.41900635","560.33782959","22.44322014","0","10.79133987"
"2013-09-26 10:00:00","22.63091","17.04613773","0.25275141","0.91568036","3.66219056","3.6595667","186.90150452","1.72983599","26.20619965","52.08282089","1008.05401611","571.44671631","22.44322014","0","10.79133987"
"2013-09-26 11:00:00","21.83844336","16.00726209","0.1996845","0.81103818","2.96378411","3.58110006","185.34609985","1.93072498","27.34016991","42.6770401","1007.54602051","674.7130127","22.44322014","0","10.79133987"
"2013-09-26 12:00:00","26.88627632","19.41180944","0.22526091","0.78964863","3.13524116","3.68432251","189.92410278","2.16468692","28.11400986","34.08383179","1006.99700928","726.88342285","22.44322014","0","10.79133987"
"2013-09-26 13:00:00","20.79179544","15.34450744","0.16608473","0.78679697","3.91911629","3.09640905","186.05200195","2.0206399","27.96038055","33.30789185","1006.7130127","571.55670166","22.44322014","0","10.79133987"
"2013-09-26 14:00:00","15.2913309","11.49508549","0.15737985","0.38621389","2.0325762","3.03758069","182.24040222","1.77243197","26.90834999","35.65242004","1006.50201416","47.68315125","22.44322014","0","10.79133987"
"2013-09-26 15:00:00","19.74124704","16.31334652","0.21137294","0.44698167","1.88861477","3.65975078","184.43200684","1.48150396","26.12174988","41.91677094","1006.24401855","43.14712143","22.44322014","0","10.79133987"
"2013-09-26 16:00:00","29.05610952","25.38178088","0.27115958","0.54065551","2.52749111","3.26293568","180.98820496","1.18976605","25.20119095","49.48025131","1006.27099609","29.08321953","22.44322014","0","10.79133987"
"2013-09-26 17:00:00","42.9116852","38.93906544","0.37472808","0.8991175","4.35177758","2.6288016","187.82839966","0.84263498","24.21854973","56.7232399","1006.32202148","5.516891","22.44322014","0","10.79133987"
"2013-09-26 18:00:00","45.71834824","41.39294536","0.40828707","1.26569718","5.77336255","2.77303966","155.8914032","1.39837801","23.52453995","58.86460114","1006.64801025","0","22.44322014","0","10.79133987"
"2013-09-26 19:00:00","48.89723944","43.88961584","0.41936505","1.48178426","7.03542192","2.58349324","185.05180359","0.879825","22.58654976","66.46160126","1007.13800049","0","22.44322014","0","10.79133987"
"2013-09-26 20:00:00","38.36967184","35.5098552","0.44950244","1.70006398","7.05331909","2.57718885","186.82800293","0.73107499","21.55418968","77.85497284","1007.4710083","0","22.44322014","0","10.79133987"
"2013-09-26 21:00:00","34.57731544","31.91722632","0.40339989","1.59958947","6.20057679","2.65538395","189.14450073","0.66998798","21.16115952","79.2253418","1007.63800049","0","22.44322014","0","10.79133987"
"2013-09-26 22:00:00","36.27507584","33.49305848","0.36165445","1.31439928","5.73847335","2.52192609","193.06170654","0.60846603","20.57909012","78.51512146","1007.42901611","0","22.44322014","0","10.79133987"
"2013-09-26 23:00:00","24.47000544","21.8825532","0.31306812","1.26690436","5.87763658","2.45834732","269.42480469","0.38837999","19.65377045","82.34866333","1007.42102051","0","22.44322014","0","10.79133987"
"2013-09-27 00:00:00","17.89306195","15.7258176","0.30027992","1.21129175","5.16690918","2.29318957","331.66360474","0.63586801","19.11408997","92.38970184","1007.559021","0","22.44322014","0","10.79133987"
"2013-09-27 01:00:00","8.81034878","6.91806341","0.20339036","1.20065189","4.90272106","2.26249651","329.93951416","0.70039898","18.92815971","98.99958038","1007.53601074","0","17.76025963","0","10.88074017"
"2013-09-27 02:00:00","","","0.19487887","0.70529764","2.47081472","2.50292345","331.11019897","0.60503","18.7172699","99.195961","1007.375","0","17.76025963","0","10.88074017"
"2013-09-27 03:00:00","10.34856042","8.44071138","0.19328981","0.61568265","2.41802937","","334.85650635","0.632586","18.50263977","99.19493866","1007.34399414","0","17.76025963","0","10.88074017"
"2013-09-27 04:00:00","11.44320719","9.45753974","","0.78613388","2.88530629","2.35656494","313.87240601","0.345112","18.1733799","99.19515228","1007.35101318","0","17.76025963","0","10.88074017"
"2013-09-27 05:00:00","37.72119792","34.22845192","0.2772234","0.9704153","3.15469535","2.45465968","273.17980957","0.38176101","17.88990021","99.19637299","1007.45001221","0.71937299","17.76025963","0","10.88074017"
"2013-09-27 06:00:00","76.96635544","54.238182","0.43409415","1.14174929","4.35657578","2.3355527","214.37640381","0.27452001","17.96269035","99.19541168","1007.62701416","33.50529099","17.76025963","0","10.88074017"
"2013-09-27 07:00:00","108.95361832","62.6062412","0.56471744","1.75907642","7.12555965","3.04910228","266.55090332","0.51348501","20.14862061","95.70809937","1007.88500977","276.89239502","17.76025963","0","10.88074017"
"2013-09-27 08:00:00","11.75448079","8.59764451","0.19069885","1.99786904","8.69603342","2.75775415","338.23330688","1.54319","22.61477089","68.62155151","1008.24700928","477.99551392","17.76025963","0","10.88074017"
"2013-09-27 09:00:00","12.15913838","8.47832233","0.15931608","0.48712775","2.22154192","3.54783501","337.84780884","1.48630404","24.27614975","56.26231003","1008.13500977","599.57147217","17.76025963","0","10.88074017"
"2013-09-27 10:00:00","8.28118366","5.74170732","0.17398809","0.24712897","1.24649622","3.64583618","334.77380371","1.88872004","24.80183983","53.32621002","1008.01000977","695.80877686","17.76025963","0","10.88074017"
"2013-09-27 11:00:00","9.22667722","6.4187274","0.14064929","0.21444157","1.10162762","3.60812175","332.43951416","1.64593601","25.51416969","48.86840057","1007.70202637","723.3637085","17.76025963","0","10.88074017"
"2013-09-27 12:00:00","10.5975793","7.40572474","0.15535974","0.22354575","1.1037023","3.09828643","344.5368042","1.56783199","26.19927979","46.68070984","1007.36102295","691.87200928","17.76025963","0","10.88074017"
"2013-09-27 13:00:00","6.92714158","4.42397986","0.1562999","0.19502602","1.21173821","3.47148679","344.32519531","1.96063495","25.45774078","49.43413162","1006.9130249","543.6182251","17.76025963","0","10.88074017"
"2013-09-27 14:00:00","8.02308469","5.65221616","0.1532208","0.07107813","0.59231606","3.40752867","49.7182312","1.96648705","24.67440033","54.64332962","1006.46502686","61.86914063","17.76025963","0","10.88074017"
"2013-09-27 15:00:00","6.56917694","4.49661101","0.15845981","0.08182782","0.59646643","2.79528552","48.14173126","1.70581198","24.11314011","56.2412796","1006.37902832","46.4265213","17.76025963","0","10.88074017"
"2013-09-27 16:00:00","6.5549096","4.46548365","0.17423274","0.1432536","1.04404305","2.58193621","50.0126915","2.05351305","23.13727951","61.90991974","1006.45300293","29.82192993","17.76025963","0","10.88074017"
"2013-09-27 17:00:00","10.55348285","8.45757139","0.21209524","0.2345141","1.41924994","2.1928615","65.86849213","1.12573004","22.22233963","70.58078003","1006.61199951","5.34391499","17.76025963","0","10.88074017"
"2013-09-27 18:00:00","18.08760986","15.17589963","0.28782024","0.53692617","2.48858273","2.44888007","42.47655106","0.96859699","21.4134407","79.76638031","1006.83001709","0","17.76025963","0","10.88074017"
"2013-09-27 19:00:00","16.75042781","14.86203336","0.25044704","0.99871536","4.69754334","2.39804227","73.1969986","0.70912802","21.04434967","85.58708954","1007.08502197","0","17.76025963","0","10.88074017"
"2013-09-27 20:00:00","12.7920601","10.54181009","0.24441467","0.77769278","3.16494061","2.10128167","51.51589966","0.464412","20.66625977","88.09171295","1007.61602783","0","17.76025963","0","10.88074017"
"2013-09-27 21:00:00","10.23313107","8.33306195","0.22811283","0.71681516","3.2900967","2.28398063","58.59828186","0.379554","20.46154022","91.58255005","1007.66400146","0","17.76025963","0","10.88074017"
"2013-09-27 22:00:00","18.88265388","16.62980929","0.23744564","0.73151386","2.80088716","2.27563106","155.86450195","0.78042299","21.00086975","87.63967133","1007.32800293","0","17.76025963","0","10.88074017"
"2013-09-27 23:00:00","18.58564762","16.26795373","0.25513384","0.61974048","3.24703794","2.44355709","166.76350403","0.87027901","20.64039993","88.18505096","1007.125","0","17.76025963","0","10.88074017"
"2013-09-28 00:00:00","22.30795408","19.7451284","0.25574546","0.77319561","3.74908609","2.03823886","171.95370483","0.53618199","20.31990051","86.23448944","1007.03900146","0","17.76025963","0","10.88074017"
"2013-09-28 01:00:00","16.76988241","14.70250564","0.25941288","0.89473016","3.96243438","2.25617789","43.29285049","0.34100801","19.38764954","88.18083954","1006.87701416","0","22.30768967","0","13.78265953"
"2013-09-28 02:00:00","17.00074494","14.50795773","0.30966516","1.16629357","4.56628017","2.1695539","53.97478104","0.412267","18.57514954","94.33408356","1006.60601807","0","22.30768967","0","13.78265953"
"2013-09-28 03:00:00","14.8438751","12.8115147","0.28557878","2.25717251","5.74664495","2.44649418","144.91990662","0.38713899","18.5974102","97.97015381","1006.60601807","0","22.30768967","0","13.78265953"
"2013-09-28 04:00:00","14.23948425","12.26938048","0.28949085","1.45820104","5.94339173","1.95914168","33.21620178","0.26201999","18.45306015","99.18138123","1006.47302246","0","22.30768967","0","13.78265953"
"2013-09-28 05:00:00","20.56870328","18.34959784","0.32482647","1.48255209","7.3693854","2.17138856","103.48539734","0.42534801","18.64480972","98.51416016","1006.50701904","0.409035","22.30768967","0","13.78265953"
"2013-09-28 06:00:00","55.24852104","44.0193068","0.40352688","1.52017499","7.22308995","2.28590785","126.08370209","0.60292202","19.2565403","95.17799377","1006.85101318","41.64936066","22.30768967","0","13.78265953"
"2013-09-28 07:00:00","51.6520108","39.80933136","0.41229001","1.85637078","9.93383938","2.42970148","98.65714264","0.838305","21.36243057","82.38706207","1007.02301025","232.98530579","22.30768967","0","13.78265953"
"2013-09-28 08:00:00","19.2574728","14.25375159","0.27816123","1.6023313","8.88331194","2.55339716","119.72979736","1.18058395","23.03742981","71.82131958","1007.36401367","394.81781006","22.30768967","0","13.78265953"
"2013-09-28 09:00:00","8.07366856","5.06598358","0.20190615","0.76935643","3.4790614","3.47176138","94.06233215","1.16163898","24.54454994","62.70735168","1007.61401367","534.66210938","22.30768967","0","13.78265953"
"2013-09-28 10:00:00","12.16691831","8.61580278","0.20382141","0.44566466","2.00637828","3.99499466","135.9940033","1.28655696","26.1247406","53.03173065","1007.45800781","678.78710938","22.30768967","0","13.78265953"
"2013-09-28 11:00:00","13.99565262","9.95946842","0.21176904","0.47462271","1.86488104","3.49662906","105.24790192","1.56825495","27.11083984","49.29148102","1007.05102539","597.87231445","22.30768967","0","13.78265953"
"2013-09-28 12:00:00","11.08394622","7.50559233","0.2032925","0.65023421","2.48430319","3.43487174","77.17150116","2.48484993","26.15695953","56.83224106","1006.67102051","511.67059326","22.30768967","0","13.78265953"
"2013-09-28 13:00:00","5.48360835","2.91300466","0.16612201","0.46398286","1.83699693","3.26767999","76.5806427","2.83403611","26.17811966","52.51057053","1006.38000488","484.26220703","22.30768967","0","13.78265953"
"2013-09-28 14:00:00","5.43432464","3.07253238","0.15813361","0.24438612","0.71461844","2.94026904","79.15818024","2.6721921","25.73258972","52.29201126","1005.92700195","114.97550201","22.30768967","0","13.78265953"
"2013-09-28 15:00:00","5.70668904","3.32414584","0.15295751","0.24021845","1.20317812","3.01597452","75.6153717","2.51833105","25.37240028","54.99430084","1005.684021","54.52788162","22.30768967","0","13.78265953"
"2013-09-28 16:00:00","8.9698765","6.74556468","0.22656338","0.29813355","1.31134319","2.28627499","93.59844971","2.10330701","24.51736069","65.22235107","1005.5880127","39.90943146","22.30768967","0","13.78265953"
"2013-09-28 17:00:00","21.09268688","17.91770381","0.32364516","0.56028971","2.03127953","2.54073347","126.86540222","1.91436195","24.0272007","71.50656891","1005.72601318","4.8931632","22.30768967","0","13.78265953"
"2013-09-28 18:00:00","21.81509784","18.86190294","0.28777947","1.09414454","4.67186511","2.26893209","145.80610657","2.28324103","23.21062088","77.06179047","1006.14501953","0","22.30768967","0","13.78265953"
"2013-09-28 19:00:00","31.56316216","27.33502272","0.37071815","0.96021479","3.77398733","2.43584924","158.97540283","2.00880194","22.41045952","83.6889801","1006.46600342","0","22.30768967","0","13.78265953"
"2013-09-28 20:00:00","33.77450488","30.23764904","0.36888444","1.25253517","5.6343295","2.55614916","153.67260742","1.55955696","21.8882103","89.01322174","1006.66101074","0","22.30768967","0","13.78265953"
"2013-09-28 21:00:00","36.75885008","33.69668648","0.37132977","1.24211397","5.5711677","2.08568191","162.498703","1.11295903","21.58146095","91.74617004","1006.88500977","0","22.30768967","0","13.78265953"
"2013-09-28 22:00:00","33.66167776","30.54374112","0.36684685","1.38525773","5.48881205","2.18671374","167.79690552","1.47591197","21.35692978","93.42646027","1006.86602783","0","22.30768967","0","13.78265953"
"2013-09-28 23:00:00","33.12599272","29.801866","0.34871013","1.2935579","5.23707404","2.62442138","156.85470581","1.16388297","21.01716042","95.03527069","1006.5960083","0","22.30768967","0","13.78265953"
"2013-09-29 00:00:00","27.05877696","23.38962984","0.34968873","1.4171773","5.75766923","2.29903122","143.27580261","1.19134796","20.45277977","97.50534058","1006.35900879","0","22.30768967","0","13.78265953"
"2013-09-29 01:00:00","16.40802685","13.44443832","0.28199175","1.38778091","4.83592856","2.13275579","148.03050232","1.72590995","20.26217079","99.19412994","1005.95001221","0","17.67234993","0","8.66992283"
"2013-09-29 02:00:00","","","0.27873208","1.12003125","3.65233379","2.19093327","142.09680176","1.47217906","20.12244034","99.19412994","1005.6550293","0","17.67234993","0","8.66992283"
"2013-09-29 03:00:00","8.22800711","6.18397586","0.21168749","0.95089093","3.18181061","","149.12820435","1.53635204","20.28347015","99.19425964","1005.46801758","0","17.67234993","0","8.66992283"
"2013-09-29 04:00:00","7.33439185","5.0893291","","0.49513459","2.05773678","2.41115445","147.52740479","1.63919401","19.98534966","99.19406128","1005.40802002","0","17.67234993","0","8.66992283"
"2013-09-29 05:00:00","6.36944178","4.32800511","0.2346345","0.63213567","2.44539481","2.13289308","148.1678009","1.66123497","20.19454002","99.19412994","1005.38201904","0.43447301","17.67234993","0","8.66992283"
"2013-09-29 06:00:00","9.08919868","6.53675134","0.22295654","0.56336105","2.11156049","2.71885492","149.69740295","1.79438305","20.4953804","99.19419098","1005.36102295","39.18294144","17.67234993","0","8.66992283"
"2013-09-29 07:00:00","11.09561898","7.99844283","0.2577481","0.59341543","2.16292001","2.2596845","158.40950012","1.96746898","21.98582077","96.33161926","1005.25500488","233.83590698","17.67234993","0","8.66992283"
"2013-09-29 08:00:00","11.78820274","8.30452918","0.25050529","0.84526124","2.68675637","2.34519081","162.25469971","2.83067107","23.50237083","80.52835083","1005.375","253.36480713","17.67234993","0","8.66992283"
"2013-09-29 09:00:00","16.19272991","11.95291771","0.23988399","0.59736444","2.18405937","2.14071076","164.10440063","2.38524604","24.96981049","69.27323151","1005.09002686","378.64450073","17.67234993","0","8.66992283"
"2013-09-29 10:00:00","16.09415866","11.59884399","0.22824564","0.78734513","2.62281656","2.52194643","158.50520325","2.97828388","26.92333984","58.05426025","1004.65802002","580.48730469","17.67234993","0","8.66992283"
"2013-09-29 11:00:00","14.85035869","10.59368838","0.22002656","0.59879028","2.4287933","2.85566583","161.19790649","3.39711094","27.16292953","56.39152145","1004.19500732","545.85662842","17.67234993","0","8.66992283"
"2013-09-29 12:00:00","11.87899214","8.50037151","0.20615025","0.49272125","2.49973718","2.68489729","160.80810547","3.63175893","26.87775993","57.09801102","1003.51000977","378.03921509","17.67234993","0","8.66992283"
"2013-09-29 13:00:00","8.67935574","5.97516252","0.16623036","0.30021738","1.29824423","2.88583717","164.61540222","3.39260411","26.42971992","60.38135147","1003.10400391","295.10769653","17.67234993","0","8.66992283"
"2013-09-29 14:00:00","8.69880843","5.87788952","0.18665747","0.19645287","1.04897143","2.59071699","169.07620239","3.37462091","25.7887001","63.58655167","1002.80401611","193.86849976","17.67234993","0","8.66992283"
"2013-09-29 15:00:00","11.07227154","8.04902479","0.18804149","0.13118792","0.91279208","2.44621247","157.73100281","3.24250698","25.21116066","65.36112976","1002.53302002","125.93289948","17.67234993","0","8.66992283"
"2013-09-29 16:00:00","11.26811579","8.55484439","0.20179548","0.16595915","1.1239345","2.37524316","160.83580017","4.38794994","24.5914402","68.06890106","1001.96899414","50.6186409","17.67234993","0","8.66992283"
"2013-09-29 17:00:00","15.71414484","12.40685902","0.22971121","0.22453224","1.37100346","2.41579502","160.59440613","3.89268708","23.88500977","72.18824005","1001.92700195","4.17175388","17.67234993","0","8.66992283"
"2013-09-29 18:00:00","20.85665048","16.92162829","0.27699623","0.40837127","2.49039909","2.47589362","159.15960693","3.85370708","23.38101959","76.94422913","1002.059021","0","17.67234993","0","8.66992283"
"2013-09-29 19:00:00","17.93845666","14.67267462","0.26637492","0.48295906","2.47431625","2.15097229","158.13180542","3.637187","23.17250061","79.45068359","1002.20300293","0","17.67234993","0","8.66992283"
"2013-09-29 20:00:00","14.64543818","11.47303822","0.24435992","0.43579264","2.64694082","2.39185382","160.01029968","4.02225494","23.15534019","80.95861053","1001.73101807","0","17.67234993","0","8.66992283"
"2013-09-29 21:00:00","11.66239505","8.92707638","0.22401436","0.3408028","1.88615057","2.49128591","161.43640137","3.65637207","23.08431053","82.59185028","1001.38201904","0","17.67234993","0","8.66992283"
"2013-09-29 22:00:00","10.23831833","7.94656454","0.2031795","0.21619589","1.4518031","2.78726037","161.84240723","4.08698082","22.98711014","83.80950928","1001.13201904","0","17.67234993","0","8.66992283"
"2013-09-29 23:00:00","12.00609426","9.55481274","0.18775723","0.18120601","1.26335706","3.02362439","160.0177002","3.25429296","22.8859005","84.06082916","1001.22900391","0","17.67234993","0","8.66992283"
"2013-09-30 00:00:00","6.58863154","4.29428317","0.18173418","0.11385722","0.989182","2.25479884","163.40600586","2.79568505","22.76420975","85.11566162","1001.2210083","0","17.67234993","0","8.66992283"
"2013-09-30 01:00:00","5.81693114","3.85201462","0.17449137","0.06515512","1.03379677","2.41604012","157.89570618","2.61627293","22.75457954","86.07466888","1000.56500244","0","17.76394081","0","3.91846395"
"2013-09-30 02:00:00","5.66388892","3.7832744","0.18132759","0.0333454","0.64821444","2.85481053","158.84350586","3.21883607","22.90055084","86.67446136","999.73272705","0","17.76394081","0","3.91846395"
"2013-09-30 03:00:00","3.58743206","1.52005338","0.1797397","0.01722086","0.51748214","2.1860293","157.43280029","2.98834205","22.83896065","87.09870148","999.05871582","0","17.76394081","0","3.91846395"
"2013-09-30 04:00:00","4.32800511","2.40718506","0.16830522","","","2.51828116","152.13000488","2.78614211","22.75308037","88.28726959","998.17272949","0","17.76394081","0","3.91846395"
"2013-09-30 05:00:00","9.43549056","6.62364982","0.19951674","0.01403969","0.51527729","2.44779899","160.39190674","2.69559002","22.69515038","92.42388153","998.59020996","0.112943","17.76394081","0","3.91846395"
"2013-09-30 06:00:00","29.1404096","22.27812688","0.27427013","0.13568509","1.07179698","2.28680281","162.84320068","1.92971003","22.13381958","93.92938232","998.25390625","3.76373601","17.76394081","0.40000001","3.91846395"
"2013-09-30 07:00:00","58.80352176","38.07916256","0.39423251","0.47242904","2.96362038","2.7705236","140.96260071","2.26363301","21.41411972","99.19393158","997.03771973","45.3835907","17.76394081","0","3.91846395"
"2013-09-30 08:00:00","31.44903488","20.7269404","0.31528861","1.1130109","5.30555272","2.85590787","145.07650757","2.71307111","21.81067085","95.9879303","997.81341553","219.75680542","17.76394081","0","3.91846395"
"2013-09-30 09:00:00","30.51521408","19.38846392","0.3117074","0.90273802","4.37564148","2.90770165","169.62330627","2.11325192","24.26189995","87.72669983","996.68780518","239.27650452","17.76394081","0","3.91846395"
"2013-09-30 10:00:00","35.63956528","24.91098912","0.34116909","0.98423633","7.05318993","2.87472136","169.852005","1.49430501","24.18354988","83.98101044","995.70220947","64.16056061","17.76394081","0","3.91846395"
"2013-09-30 11:00:00","32.47105624","23.00961984","0.30621326","0.91228053","5.73925237","2.95705157","161.42590332","2.52230096","23.21759987","80.25668335","995.69952393","126.60749817","17.76394081","0","3.91846395"
"2013-09-30 12:00:00","27.52178688","19.9695016","0.33742478","1.070123","7.20350558","3.11181762","267.02670288","2.35921001","23.40711975","66.93975067","995.44012451","324.10861206","17.76394081","0.2","3.91846395"
"2013-09-30 13:00:00","16.80879161","12.07742906","0.19394221","1.11191356","3.18102345","3.42012727","244.17010498","1.83203006","25.15695953","49.03479004","994.81719971","410.86169434","17.76394081","0","3.91846395"
"2013-09-30 14:00:00","15.25760895","11.76615355","0.18576275","0.27334418","1.55270577","2.98893249","250.64070129","1.47181201","22.81365967","53.04497147","994.99542236","139.81059265","17.76394081","0","3.91846395"
"2013-09-30 15:00:00","24.37534232","19.33659136","0.22824564","0.2092864","1.66904141","2.78481652","197.65660095","1.15659106","21.9265995","61.61138153","995.34301758","105.50959778","17.76394081","0","3.91846395"
"2013-09-30 16:00:00","23.03814688","18.75425352","0.24993561","0.43798631","2.70815608","2.81352338","242.84350586","0.89917499","21.86392021","66.97489166","995.26721191","56.4265213","17.76394081","0","3.91846395"
"2013-09-30 17:00:00","32.9989212","27.16642256","0.3231011","0.6485887","3.39112853","2.75940779","238.35940552","0.61886901","21.46520042","71.84844971","995.14111328","2.89173794","17.76394081","0","3.91846395"
"2013-09-30 18:00:00","59.25356832","47.82334552","0.53271023","0.99191468","4.59754987","3.12891847","191.64320374","0.56819302","21.11244965","78.06124115","995.015625","0","17.76394081","0","3.91846395"
"2013-09-30 19:00:00","42.00379112","35.83669248","0.36456695","2.08200037","9.27317482","3.09324923","201.80180359","0.414296","21.1176796","77.28182983","995.28771973","0","17.76394081","0","3.91846395"
"2013-09-30 20:00:00","31.84200824","27.6501968","0.30088339","1.1506338","5.23201549","3.15505842","250.08900452","0.55629402","20.84357071","79.9569931","995.35241699","0","17.76394081","0","3.91846395"
"2013-09-30 21:00:00","25.11979864","22.00316216","0.25384185","0.77451161","3.88980533","3.17008358","198.29130554","0.37578699","19.97060966","82.6436615","995.60791016","0","17.76394081","0","3.91846395"
"2013-09-30 22:00:00","19.31582704","16.65964031","0.25078955","0.77604728","3.64662741","2.74011022","208.4750061","0.321549","19.31377983","87.04360962","995.79101563","0","17.76394081","0","3.91846395"
"2013-09-30 23:00:00","16.40673051","14.15388401","0.21172477","0.49601226","2.51672719","2.59340594","214.88830566","0.309284","18.95889091","88.46642303","995.77581787","0","17.76394081","0","3.91846395"
"2013-10-01 00:00:00","16.67001482","14.21613873","0.22690356","0.46354453","2.40311405","2.96205928","253.97270203","0.61216199","18.56299973","88.54611969","995.94842529","0","17.76394081","0","3.91846395"
"2013-10-01 01:00:00","10.42897341","8.19428517","0.21062618","0.55085602","2.53332768","3.00163787","312.91009521","0.87473601","18.5974102","80.60365295","995.93920898","0","8.75905609","0","2.31121993"
"2013-10-01 02:00:00","","","0.16472401","0.31151625","1.83206855","2.90037213","333.70089722","1.08178103","18.18021965","79.53491974","995.55871582","0","8.75905609","0","2.31121993"
"2013-10-01 03:00:00","8.1138741","6.12950107","0.1511739","0.18065683","1.14883574","","313.44250488","0.72015101","17.84629059","84.75572968","995.65167236","0","8.75905609","0","2.31121993"
"2013-10-01 04:00:00","11.16824821","9.21630079","","0.1402921","1.19332136","1.75779399","294.5375061","0.806337","17.61090088","89.35102081","995.68731689","0","8.75905609","0","2.31121993"
"2013-10-01 05:00:00","16.19402625","13.45481474","0.17866324","0.08610532","1.35569965","2.69705146","305.01330566","0.81560302","17.54219055","89.13117981","995.94482422","0.063085","8.75905609","0","2.31121993"
"2013-10-01 06:00:00","22.8280372","18.8087264","0.23808173","0.24274061","2.08095184","2.50492287","294.45401001","1.19494903","17.70639992","92.01608276","996.27111816","28.92144966","8.75905609","0","2.31121993"
"2013-10-01 07:00:00","25.2469084","18.83985376","0.2945353","0.78613897","3.66478493","2.08115015","312.57580566","1.76175702","18.63998985","86.36141968","996.60791016","205.88420105","8.75905609","0","2.31121993"
"2013-10-01 08:00:00","13.92042881","9.85052266","0.17659187","0.78811296","4.80519076","2.38891978","334.25390625","2.02739596","20.80796051","67.68144989","996.85900879","471.94140625","8.75905609","0","2.31121993"
"2013-10-01 09:00:00","11.88677207","8.07237031","0.17935292","0.41253893","2.6064754","1.95379226","330.39770508","2.80305099","21.75037003","61.61240005","997.159729","485.90750122","8.75905609","0","2.31121993"
"2013-10-01 10:00:00","11.33815235","7.36681554","0.15413533","0.49985143","2.22476072","2.66067947","333.25259399","3.56089592","22.51539993","56.27709961","997.56512451","667.99951172","8.75905609","0","2.31121993"
"2013-10-01 11:00:00","11.43283268","7.56006521","0.19454335","0.59248386","1.67383047","2.15208184","312.58920288","3.97828603","22.70816994","54.38068008","997.59942627","641.99621582","8.75905609","0","2.31121993"
"2013-10-01 12:00:00","11.33426143","7.50688866","0.19056255","0.59747428","2.0224601","2.45054693","333.64111328","4.29934216","22.75687981","53.69358063","997.80151367","571.4630127","8.75905609","0","2.31121993"
"2013-10-01 13:00:00","7.38886473","4.70931527","0.18735414","0.58178909","1.39318118","1.99402783","334.86981201","4.56809998","22.13512039","56.10560989","997.86291504","467.43069458","8.75905609","0","2.31121993"
"2013-10-01 14:00:00","6.74556468","4.24110662","0.1871922","0.5033611","0.71293226","2.06483951","334.6177063","4.44045401","21.59239006","58.89730072","997.8449707","86.1436615","8.75905609","0","2.31121993"
"2013-10-01 15:00:00","6.06335543","3.40844974","0.20305018","0.50939394","0.64899245","1.71719433","333.32180786","4.24755001","21.24175072","60.77981186","998.00872803","76.24337006","8.75905609","0","2.31121993"
"2013-10-01 16:00:00","6.53026774","3.81051084","0.22557196","0.67272008","1.15277153","1.75042481","337.34320068","3.58268189","20.54747963","60.59550095","998.41711426","33.45135117","8.75905609","0","2.31121993"
"2013-10-01 17:00:00","7.54061061","4.98167967","0.23905684","0.67809492","1.61820158","1.93312886","334.01919556","3.264256","19.57921982","62.38874054","998.99591064","5.12209988","8.75905609","0","2.31121993"
"2013-10-01 18:00:00","7.19431873","4.90904853","0.22898425","0.69103828","1.64932789","1.60711222","332.97900391","3.65893412","18.89151955","65.68048859","999.38482666","0","8.75905609","0","2.31121993"
"2013-10-01 19:00:00","7.39405198","4.89089218","0.22926851","0.70210527","1.66822883","1.83802919","331.18490601","4.01066017","18.60704041","67.55725098","999.91241455","0","8.75905609","0","2.31121993"
"2013-10-01 20:00:00","7.25268253","4.92331587","0.20522407","0.61952182","1.22276249","1.56288797","334.86270142","2.01858497","18.28700066","69.30944061","1000.77001953","0","8.75905609","0","2.31121993"
"2013-10-01 21:00:00","6.6975773","4.82993379","0.21424117","0.65769288","1.78187655","1.56627255","335.25061035","1.61159003","18.08024025","71.91703033","1001.05102539","0","8.75905609","0","2.31121993"
"2013-10-01 22:00:00","7.43166485","5.31500246","0.2093272","0.64014251","1.44959824","1.48204969","307.91751099","1.50390995","18.27762985","70.04740143","1001.56500244","0","8.75905609","0","2.31121993"
"2013-10-01 23:00:00","10.53273","8.33306195","0.20827055","0.55074415","1.1525122","1.6781639","258.6000061","0.83285099","17.64562988","72.50990295","1001.47900391","0","8.75905609","0","2.31121993"
"2013-10-02 00:00:00","10.9827823","8.77273782","0.22378485","0.68017977","1.53143521","1.60022509","251.2322998","0.85020399","16.73237991","80.76148987","1001.49200439","0","8.75905609","0","2.31121993"
"2013-10-02 01:00:00","6.67682637","4.49531467","0.19259314","0.70123981","1.84724219","1.61666083","303.49060059","1.23127997","16.77227974","79.12576294","1001.59802246","0","13.73775005","0","4.79161596"
"2013-10-02 02:00:00","7.28770081","5.20216578","0.20169063","0.57805873","1.39382901","1.70039858","240.89720154","0.62101299","16.22430992","77.4903717","1001.64300537","0","13.73775005","0","4.79161596"
"2013-10-02 03:00:00","8.51204427","6.42391466","0.20810861","0.60032595","1.21861211","1.73967105","270.6361084","0.91358399","15.37036991","83.5900116","1001.77001953","0","13.73775005","0","4.79161596"
"2013-10-02 04:00:00","7.92710802","5.98294436","0.1964924","0.57027156","1.53934747","1.48833272","300.60150146","1.346843","15.52503014","85.63945007","1002.14300537","0","13.73775005","0","4.79161596"
"2013-10-02 05:00:00","16.86715541","13.99695087","0.22719714","0.57575523","1.42352948","1.49099014","273.90890503","1.19066095","15.5718298","84.35829163","1002.63800049","0.04884","13.73775005","0","4.79161596"
"2013-10-02 06:00:00","44.33448088","31.39974352","0.28807771","0.67535309","1.94438399","1.59998508","260.47351074","1.07223594","15.45549965","85.28990936","1003.10400391","23.79220963","13.73775005","0","4.79161596"
"2013-10-02 07:00:00","41.74830968","27.96535176","0.39071071","1.11761791","3.61433359","1.7144169","275.6946106","1.70481896","17.8766098","71.36698151","1003.4130249","261.68701172","13.73775005","0","4.79161596"
"2013-10-02 08:00:00","16.02931127","10.55607743","0.24754503","1.35629968","5.15679308","1.91826642","313.68890381","2.73110795","20.1096096","58.0202713","1003.875","438.5184021","13.73775005","0","4.79161596"
"2013-10-02 09:00:00","5.31370612","2.54466359","0.18097809","0.82595553","2.49052825","1.84189785","337.04229736","3.91173792","20.53792","51.75585175","1004.38000488","417.47650146","13.73775005","0","4.79161596"
"2013-10-02 10:00:00","5.3616935","2.50056714","0.19478684","0.66613907","1.17801754","2.03607977","334.12561035","3.98270202","20.90110016","49.11096954","1004.90899658","554.03942871","13.73775005","0","4.79161596"
"2013-10-02 11:00:00","6.49914038","3.24114018","0.20500505","0.68939277","0.94145419","2.62805309","336.56610107","4.36871099","21.25539017","47.9322319","1005.18200684","716.12030029","13.73775005","0","4.79161596"
"2013-10-02 12:00:00","9.14237522","5.2060567","0.19494877","0.83681506","1.1680306","4.01597231","335.22210693","4.06796885","21.30327988","47.97719955","1005.13500977","582.3817749","13.73775005","0","4.79161596"
"2013-10-02 13:00:00","10.38487695","6.46801302","0.16322932","0.72284801","0.98191859","8.81894499","334.74530029","4.41400099","21.29858971","43.87701035","1005.48101807","541.034729","13.73775005","0","4.79161596"
"2013-10-02 14:00:00","6.99588181","3.92723844","0.14777326","0.53659666","0.66961416","4.15058345","331.93930054","4.93925905","20.5914402","45.90802002","1005.74902344","56.61883163","13.73775005","0","4.79161596"
"2013-10-02 15:00:00","6.16063034","3.4395771","0.15502539","0.54767586","0.49932463","2.2352165","335.95010376","4.74856901","20.04463005","47.14128113","1006.06201172","37.01974106","13.73775005","0","4.79161596"
"2013-10-02 16:00:00","5.23588772","2.90651915","0.15746257","0.6829216","0.76908998","1.88890156","334.67190552","4.29910612","19.36446953","46.69543076","1006.5670166","21.96784019","13.73775005","0","4.79161596"
"2013-10-02 17:00:00","4.48234366","2.47073611","0.16942129","0.72109368","0.82018914","1.43709829","334.70431519","3.95177507","18.62784958","46.54367065","1007.26800537","2.74521804","13.73775005","0","4.79161596"
"2013-10-02 18:00:00","6.56658236","4.12697361","0.17943447","0.43546415","0.83990369","1.34961392","333.93499756","2.8387289","18.14846992","47.51662064","1007.9630127","0","13.73775005","0","4.79161596"
"2013-10-02 19:00:00","9.72082597","7.11779666","0.17350462","0.58727275","1.4453187","0.97816484","336.54971313","1.910833","17.81759071","49.51742172","1008.46801758","0","13.73775005","0","4.79161596"
"2013-10-02 20:00:00","6.47449853","4.60815135","0.18105964","0.60186162","1.46568006","1.86026386","333.57009888","2.16794109","17.95372963","51.07881165","1008.86901855","0","13.73775005","0","4.79161596"
"2013-10-02 21:00:00","5.3098152","3.47718997","0.16846832","0.67293975","1.16569659","1.80480074","335.04071045","2.96311808","17.71792984","54.13280106","1009.12701416","0","13.73775005","0","4.79161596"
"2013-10-02 22:00:00","5.75986367","3.84293645","0.17898827","0.59709697","0.6308034","1.77253642","333.74780273","3.188586","17.55187988","52.40354156","1009.31799316","0","13.73775005","0","4.79161596"
"2013-10-02 23:00:00","4.70282977","2.74310051","0.17286154","0.51827846","0.54329157","1.93699447","346.59500122","1.89022803","17.95372963","54.09320068","1009.73901367","0","13.73775005","0","4.79161596"
"2013-10-03 00:00:00","2.8948483","1.05444123","0.16237654","0.46793187","0.53927035","1.15228744","337.82159424","1.48894095","17.77132988","55.2199707","1010.39300537","0","13.73775005","0","4.79161596"
"2013-10-03 01:00:00","2.97525938","0.92863354","0.15624398","0.35988884","0.45678453","1.4924414","337.45629883","1.76012003","17.29310036","50.65676117","1010.80999756","0","22.54603958","0","10.19019985"
"2013-10-03 02:00:00","","","0.14247484","0.29539172","0.34265374","1.68952278","337.15670776","2.28261209","17.28590965","50.67079163","1010.93200684","0","22.54603958","0","10.19019985"
"2013-10-03 03:00:00","10.49252446","8.50555877","0.18097809","0.32654345","0.27300755","","334.06570435","2.98554111","17.2720108","47.30498123","1011.29699707","0","22.54603958","0","10.19019985"
"2013-10-03 04:00:00","6.7364865","4.84549747","","0.39114939","0.30569088","1.41425952","335.07000732","3.65095806","16.77099037","45.06200027","1011.67102051","0","22.54603958","0","10.19019985"
"2013-10-03 05:00:00","6.84024501","4.84160655","0.20123278","0.37316069","0.28675535","1.67619398","334.11010742","2.73563409","16.37001991","47.4500618","1012.00402832","0.128205","22.54603958","0","10.19019985"
"2013-10-03 06:00:00","8.76365774","6.05168458","0.17256446","0.3931244","0.40646337","1.62638945","343.88830566","1.75427997","16.60046005","53.39810181","1012.53100586","53.41473007","22.54603958","0","10.19019985"
"2013-10-03 07:00:00","13.25897241","8.91280903","0.20476972","0.47473255","1.05208345","1.61907519","333.58050537","2.3813591","17.21162987","50.03153992","1013.05603027","186.29220581","22.54603958","0","10.19019985"
"2013-10-03 08:00:00","8.49258967","5.44469915","0.17171285","0.7119895","1.98005018","2.07882122","336.82931519","3.02319908","18.08036995","46.65356064","1013.50701904","387.58340454","22.54603958","0","10.19019985"
"2013-10-03 09:00:00","7.0088509","4.24240487","0.18578139","0.50017992","1.04832258","3.13511912","335.95269775","4.09572411","17.73830032","43.88677979","1014.10101318","355.6072998","22.54603958","0","10.19019985"
"2013-10-03 10:00:00","6.3344235","3.83904553","0.1708589","0.48328857","0.905788","2.43413763","336.33230591","3.42279696","18.0275898","45.53004074","1014.66601563","428.21530151","22.54603958","0","10.19019985"
"2013-10-03 11:00:00","7.26954254","4.27742315","0.19976838","0.45224668","0.69749826","2.12146607","336.34210205","3.212147","18.17657089","44.63885117","1015.01300049","520.26947021","22.54603958","0","10.19019985"
"2013-10-03 12:00:00","8.09831042","4.84031022","0.22754081","0.63400085","1.26426423","2.13298156","336.46459961","3.23868203","18.22640991","43.76996994","1015.07000732","530.92901611","22.54603958","0","10.19019985"
"2013-10-03 13:00:00","5.03485622","2.68862763","0.19509207","0.60295896","0.95857437","1.7772014","334.32971191","3.38771701","18.01506042","42.81100082","1014.96002197","425.15060425","22.54603958","0","10.19019985"
"2013-10-03 14:00:00","4.78972826","2.47462703","0.17886828","0.40036341","0.48573344","1.70047078","336.90740967","3.7252171","17.48431969","45.34492111","1015.01000977","176.30630493","22.54603958","0","10.19019985"
"2013-10-03 15:00:00","4.87403025","2.46554886","0.19204326","0.36054684","0.51994634","1.80894909","336.97021484","3.48453999","17.24440002","47.19948959","1015.21899414","112.0114975","22.54603958","0","10.19019985"
"2013-10-03 16:00:00","4.97778875","2.82091891","0.19334457","0.35407465","0.45989757","1.86544445","335.36920166","4.07898188","16.72574997","44.35639191","1015.36199951","30.83638","22.54603958","0","10.19019985"
"2013-10-03 17:00:00","5.55494316","3.27875114","0.21046308","0.59407343","0.81954131","1.88334264","332.71490479","3.54025888","15.85801983","44.25022125","1015.65301514","2.76862001","22.54603958","0","10.19019985"
"2013-10-03 18:00:00","7.37330105","4.88440667","0.21465009","0.56489672","2.03426239","1.48413963","334.16189575","2.13078094","15.21123028","47.38861084","1016.17901611","0","22.54603958","0","10.19019985"
"2013-10-03 19:00:00","10.37709511","8.19558342","0.20590793","0.73666904","2.5283993","1.52771706","336.08999634","1.47093999","14.81406975","49.16469955","1016.65002441","0","22.54603958","0","10.19019985"
"2013-10-03 20:00:00","22.14193512","19.18225472","0.2895491","0.81476752","3.08738318","1.37083667","283.47839355","0.54613602","13.84817982","52.7720108","1016.97900391","0","22.54603958","0","10.19019985"
"2013-10-03 21:00:00","34.3451604","31.07032504","0.31923097","1.23268129","4.57952151","1.40725443","295.58990479","0.54407102","13.19365978","55.76081085","1017.28302002","0","22.54603958","0","10.19019985"
"2013-10-03 22:00:00","43.82344152","40.32163264","0.31784928","1.14471079","4.1185866","1.51262071","228.48820496","0.296258","12.73781967","57.19182968","1017.2800293","0","22.54603958","0","10.19019985"
"2013-10-03 23:00:00","32.81991976","29.39332896","0.28141624","1.2206156","4.1294807","1.34593441","288.52560425","0.59258199","12.98703957","55.79182053","1016.82501221","0","22.54603958","0","10.19019985"
"2013-10-04 00:00:00","25.10423496","22.35076376","0.26189899","0.99421818","3.81224789","1.37923913","234.56950378","0.39669701","12.46893024","56.76264954","1016.78100586","0","22.54603958","0","10.19019985"
"2013-10-04 01:00:00","18.18228637","15.98650924","0.24108044","1.03557042","3.06935583","1.61938639","213.14630127","0.391415","12.25220013","60.66476059","1016.91802979","0","19.26087952","0","14.06171989"
"2013-10-04 02:00:00","10.95295127","8.7947851","0.20753543","1.01418088","2.6003795","1.35247067","197.92700195","0.26716501","11.12759018","63.87768173","1016.99200439","0","19.26087952","0","14.06171989"
"2013-10-04 03:00:00","13.0384863","10.65075585","0.21290259","0.89549799","1.88187104","1.34562219","213.4078064","0.33167499","10.74610043","66.84127045","1017.13201904","0","19.26087952","0","14.06171989"
"2013-10-04 04:00:00","21.65297936","18.98641238","0.2416909","0.85897142","2.04217363","1.16461958","211.71510315","0.342527","11.09679031","67.66374969","1017.17102051","0","19.26087952","0","14.06171989"
"2013-10-04 05:00:00","59.71399704","44.7585816","0.32760732","0.9314764","3.15521402","1.21457971","267.07839966","0.51916498","10.98126984","69.90415192","1017.13800049","0.070208","19.26087952","0","14.06171989"
"2013-10-04 06:00:00","100.75415928","60.8669904","0.49594516","1.30353975","5.03578839","1.503126","260.95010376","0.52386999","11.1649704","71.23735046","1017.66900635","25.61964989","19.26087952","0","14.06171989"
"2013-10-04 07:00:00","77.97669448","45.64051072","0.47821736","2.09961481","7.4741842","1.80630489","316.89230347","0.92541099","14.50345993","60.3597908","1018.09802246","259.97650146","19.26087952","0","14.06171989"
"2013-10-04 08:00:00","17.31590754","12.00609426","0.22575137","1.9598068","9.75421277","2.30060248","333.96520996","1.98474705","17.18470955","50.3861618","1018.50201416","466.41940308","19.26087952","0","14.06171989"
"2013-10-04 09:00:00","9.82847348","6.03093174","0.19513284","0.90186035","3.25053947","2.56440313","353.87631226","2.206285","18.35700035","45.6674118","1018.5960083","598.97332764","19.26087952","0","14.06171989"
"2013-10-04 10:00:00","6.84802685","3.78457265","0.18273142","0.64463969","2.75536522","2.42480056","344.58340454","2.90067101","18.48406029","44.42686081","1018.74700928","701.33081055","19.26087952","0","14.06171989"
"2013-10-04 11:00:00","7.41999209","4.30206501","0.16854055","0.47155137","1.48604243","2.74571999","342.33880615","2.42491508","18.79072952","44.79832077","1018.68701172","708.95910645","19.26087952","0","14.06171989"
"2013-10-04 12:00:00","8.78829959","5.31500246","0.17720116","0.47407455","2.16855419","2.37515265","341.82000732","2.340446","18.9265995","44.36819077","1018.43103027","695.82312012","19.26087952","0","14.06171989"
"2013-10-04 13:00:00","5.33281656","2.81381392","0.17474068","0.43821818","2.3499402","2.74550134","338.61459351","2.60327792","18.61993027","43.43806076","1018.20001221","524.3538208","19.26087952","0","14.06171989"
"2013-10-04 14:00:00","","","","","","","345.01040649","2.30475211","17.69664955","48.46363068","1018.10601807","114.31620026","19.26087952","0","14.06171989"
"2013-10-04 15:00:00","","","","","","","336.86340332","2.56865311","17.15085983","51.25268173","1017.9420166","45.64813995","19.26087952","0","14.06171989"
"2013-10-04 16:00:00","","","","","","","337.62179565","2.34772706","16.53310013","54.26794052","1017.85601807","27.2883606","19.26087952","0","14.06171989"
"2013-10-04 17:00:00","44.9533188","43.1612968","0.2247751","0.47594176","1.67500002","3.57944134","341.61920166","2.390347","15.83115959","57.10092163","1018.11102295","1.17521405","19.26087952","0","14.06171989"
"2013-10-04 18:00:00","24.734588","23.43243952","0.25914144","0.65538938","1.33014956","3.38952777","338.04699707","1.60517704","15.09502983","59.85137177","1018.41802979","0","19.26087952","0","14.06171989"
"2013-10-04 19:00:00","18.14467542","17.10190694","0.27034175","0.77791144","1.51120301","2.80983574","336.34249878","1.018363","14.68673992","61.53594971","1018.67102051","0","19.26087952","0","14.06171989"
"2013-10-04 20:00:00","15.89053258","14.91780258","0.26153551","0.64628519","2.54642664","2.62127682","340.72311401","0.87307602","14.24059963","63.43447113","1018.81201172","0","19.26087952","0","14.06171989"
"2013-10-04 21:00:00","12.1889675","10.79342355","0.24217904","0.53316937","2.35632493","2.72030414","328.58691406","0.722426","14.02849007","63.84730148","1018.8460083","0","19.26087952","0","14.06171989"
"2013-10-04 22:00:00","12.67273982","11.78171723","0.23601153","0.47791373","1.56852825","2.68684179","328.41769409","0.77817601","13.7887001","65.12107086","1018.90002441","0","19.26087952","0","14.06171989"
"2013-10-04 23:00:00","26.30263832","24.85391592","0.28697911","0.64420136","1.57060395","2.46482256","293.57189941","0.37504601","13.11050034","67.69786072","1018.57000732","0","19.26087952","0","14.06171989"
"2013-10-05 00:00:00","44.60424496","42.7534672","0.35121605","0.91019669","2.73578085","2.73748738","283.17630005","0.32895201","12.52474976","72.63980103","1018.35101318","0","19.26087952","0","14.06171989"
"2013-10-05 01:00:00","22.99405616","21.67762504","0.2798365","1.14514912","4.3334909","2.54485741","319.22210693","0.33788201","13.35713959","71.4440918","1017.79400635","0","23.48093033","0","17.27565956"
"2013-10-05 02:00:00","","","0.27338473","0.97820348","3.86010486","2.59821736","321.69799805","0.361386","13.28713036","70.45462036","1017.2210083","0","23.48093033","0","17.27565956"
"2013-10-05 03:00:00","36.53835824","35.0014544","0.28981938","0.85348776","2.54422178","","281.43170166","0.44150299","12.18280983","74.51248169","1016.77301025","0","23.48093033","0","17.27565956"
"2013-10-05 04:00:00","29.33107424","27.92386136","","1.08339485","3.53314445","1.76823654","270.81719971","0.352139","11.84105968","77.88053131","1016.72302246","0","23.48093033","0","17.27565956"
"2013-10-05 05:00:00","40.32291368","34.8989712","0.28187641","1.22950012","4.226233","1.89471066","185.58590698","0.28568801","10.84832001","79.65846252","1017.07202148","0.45482299","23.48093033","0","17.27565956"
"2013-10-05 06:00:00","56.0305864","43.19053128","0.33757506","1.6330447","4.75785144","2.17381919","202.3032074","0.347395","11.61618996","79.07209015","1017.0670166","51.77248001","23.48093033","0","17.27565956"
"2013-10-05 07:00:00","82.00640656","53.17206992","0.4552622","1.8459506","6.04364556","2.34637053","213.67680359","0.33699599","13.89764023","68.68965149","1016.98400879","156.6605072","23.48093033","0","17.27565956"
"2013-10-05 08:00:00","68.2065848","47.76627232","0.39561187","2.36214522","7.78778022","2.64611806","278","0.52555102","16.53771019","59.66720963","1016.74200439","346.74700928","23.48093033","0","17.27565956"
"2013-10-05 09:00:00","33.88345064","25.6749096","0.27050368","1.94258594","7.08133337","3.34304477","107.60500336","1.21477997","19.24534988","48.813591","1016.13000488","580.2288208","23.48093033","0","17.27565956"
"2013-10-05 10:00:00","21.2120148","16.98388301","0.21653972","1.14262696","4.70351008","3.17061344","145.36880493","1.18664002","20.89925957","41.62841034","1016.33099365","672.04711914","23.48093033","0","17.27565956"
"2013-10-05 11:00:00","21.47919768","17.02668313","0.23130143","0.90273802","2.92124504","2.5870802","163.28320313","1.33491397","21.76527977","35.85578156","1016.09301758","675.86877441","23.48093033","0","17.27565956"
"2013-10-05 12:00:00","26.3389472","20.95261376","0.32099828","1.2755692","3.44949111","2.98414242","153.80110168","1.42995906","22.59395027","31.84778023","1016.04302979","603.85211182","23.48093033","0","17.27565956"
"2013-10-05 13:00:00","17.57011559","15.10197215","0.19000218","1.21173008","3.65829952","2.6576366","177","1.26021302","22.35090065","31.83176994","1015.35900879","352.66070557","23.48093033","0","17.27565956"
"2013-10-05 14:00:00","15.66615746","13.7777611","0.20597317","0.60643303","1.73084552","2.70719298","189.17460632","1.412292","21.56505013","40.86196136","1014.8170166","208.68840027","23.48093033","0","17.27565956"
"2013-10-05 15:00:00","26.11717432","23.41945704","0.28187641","0.74193404","2.18003917","2.62115783","189.23410034","1.27529001","21.11746979","44.08214188","1014.52301025","94.95828247","23.48093033","0","17.27565956"
"2013-10-05 16:00:00","26.11327384","24.03812288","0.31103636","0.9550586","3.02894839","2.28817373","198.41650391","0.70265698","19.59523964","54.16801071","1014.59802246","15.47719955","23.48093033","0","17.27565956"
"2013-10-05 17:00:00","44.55367256","40.11152296","0.37121094","1.1862827","4.23038337","2.72267375","193.84460449","0.97601098","19.17189026","56.38779068","1014.52600098","0.70105797","23.48093033","0","17.27565956"
"2013-10-05 18:00:00","37.7069344","34.48525264","0.33459033","1.5100833","4.78482838","2.63735864","192.85290527","1.37079406","18.79914093","53.44036102","1014.6550293","0","23.48093033","0","17.27565956"
"2013-10-05 19:00:00","41.27621776","37.59408816","0.35213407","1.7056585","4.57225403","2.11178321","165.727005","0.95062703","17.02930069","70.47251129","1014.809021","0","23.48093033","1.60000002","17.27565956"
"2013-10-05 20:00:00","41.5498632","37.62133416","0.33454956","1.6883278","5.26418015","2.32405145","135.30670166","1.43310297","15.75796986","89.29853058","1014.74401855","0","23.48093033","1.39999998","17.27565956"
"2013-10-05 21:00:00","24.90060696","23.0614924","0.2947019","1.58653627","4.59456701","2.0288672","128.99440002","1.65006697","15.34519958","97.09381104","1014.78100586","0","23.48093033","1.39999998","17.27565956"
"2013-10-05 22:00:00","19.7542104","18.49615455","0.26392959","1.23158395","3.07661925","2.45232566","121.6792984","1.74064696","15.31575966","99.19644165","1014.41101074","0","23.48093033","0.40000001","17.27565956"
"2013-10-05 23:00:00","17.29775119","15.91517634","0.27078561","0.8732318","2.37445194","1.9137906","125.44889832","1.66426003","15.59232044","99.19548035","1014.13702393","0","23.48093033","0.2","17.27565956"
"2013-10-06 00:00:00","16.48584525","14.97227546","0.21645933","0.74346971","1.94464333","2.08286278","126.28450012","1.90107095","15.73001957","99.19541168","1013.91400146","0","23.48093033","0","17.27565956"
"2013-10-06 01:00:00","9.54313998","8.59245726","0.17616781","0.5223373","1.64154682","1.93215152","137.44830322","2.61055398","15.73626041","99.19535065","1013.32000732","0","10.2287302","0","5.58431721"
"2013-10-06 02:00:00","7.22544609","6.34350358","0.18020104","0.40332491","0.9863283","1.9091124","139.15370178","2.26099896","15.75946045","99.19515228","1013.10400391","0","10.2287302","0","5.58431721"
"2013-10-06 03:00:00","6.40186738","5.3876336","0.17741785","0.34793197","0.93924933","2.05286433","132.52760315","1.98550797","15.91310024","95.98561096","1012.92401123","0","10.2287302","0","5.58431721"
"2013-10-06 04:00:00","6.17619402","5.25793499","0.1906872","0.35166131","0.84042236","2.22997692","138.8874054","2.05062699","16.14949989","95.89865112","1012.74200439","0","10.2287302","0","5.58431721"
"2013-10-06 05:00:00","7.15670586","6.33312716","0.19472043","0.3100894","0.79230504","1.91055044","127.73690033","1.52541494","16.40076065","99.19447327","1012.49902344","0","10.2287302","0","5.58431721"
"2013-10-06 06:00:00","11.17473371","9.754546","0.20863519","0.45849818","1.342081","2.14777993","142.77490234","1.60491395","16.68152046","99.19434357","1012.78302002","15.53011036","10.2287302","0","5.58431721"
"2013-10-06 07:00:00","11.88158482","10.33818591","0.23271225","0.50160576","1.508869","2.00510703","158.75700378","1.25268996","17.35313988","95.73171997","1013.184021","56.48046112","10.2287302","0","5.58431721"
"2013-10-06 08:00:00","11.78171723","9.53924906","0.21061103","0.65187971","2.09119811","1.89255157","143.978302","1.84668195","18.39730072","87.84986877","1013.45001221","234.41490173","10.2287302","0","5.58431721"
"2013-10-06 09:00:00","13.0190317","10.60147214","0.21920174","0.55162385","2.11143031","1.95770873","152.84410095","2.55335999","18.98052979","80.16503143","1013.8170166","140.46800232","10.2287302","0","5.58431721"
"2013-10-06 10:00:00","15.65837562","12.32125878","0.21637895","0.55304969","2.10805896","1.73692006","144.87780762","3.16902208","19.61034966","77.53392029","1013.53302002","265.42730713","10.2287302","0","5.58431721"
"2013-10-06 11:00:00","14.70898923","11.77523364","0.22553352","0.51136896","2.06798306","2.13206016","141.60620117","3.28455806","20.11606026","72.63430023","1013.35101318","238.02799988","10.2287302","0","5.58431721"
"2013-10-06 12:00:00","14.5909653","11.61700226","0.21984715","0.5900156","1.82324912","2.06354385","141.87210083","3.69005609","20.40353966","71.18904114","1013.09301758","207.66670227","10.2287302","0","5.58431721"
"2013-10-06 13:00:00","9.09568227","7.42647759","0.2124261","0.47747438","1.7533436","2.29921224","137.56900024","3.3669281","19.80348015","74.95082092","1012.90802002","71.75518036","10.2287302","0","5.58431721"
"2013-10-06 14:00:00","9.1968481","7.75590754","0.19536584","0.40398291","1.19293286","1.94787129","125.55750275","3.08960199","18.78442001","84.18016052","1012.63201904","89.24092865","10.2287302","0","5.58431721"
"2013-10-06 15:00:00","10.60406481","8.98414384","0.20230342","0.3761222","1.18177841","1.94750822","125.62270355","2.9972899","18.72369957","90.63191986","1012.23400879","41.35123062","10.2287302","0","5.58431721"
"2013-10-06 16:00:00","14.10070746","12.05408163","0.19976255","0.36142451","1.39733156","1.88331314","123.06610107","3.51042891","18.08708954","98.15161133","1012.29400635","9.56044006","10.2287302","0","5.58431721"
"2013-10-06 17:00:00","17.20436911","14.75438394","0.23267264","0.42668845","1.73077637","1.9111525","121.92259979","3.20323992","17.67189026","99.19434357","1012.38000488","0.010175","10.2287302","0","5.58431721"
"2013-10-06 18:00:00","17.2134492","14.83609326","0.24408614","0.64312029","2.20891688","1.97498858","122.39209747","3.59120202","18.38405991","97.42063141","1012.44000244","0","10.2287302","0","5.58431721"
"2013-10-06 19:00:00","17.34703682","14.38085562","0.23561659","0.59791261","2.24190328","1.46021165","128.49310303","4.07446384","18.68375969","90.45184326","1012.73101807","0","10.2287302","0","5.58431721"
"2013-10-06 20:00:00","10.68836871","9.00359844","0.20093105","0.53802249","1.91987124","1.81551484","127.84449768","4.02937078","18.58395958","90.93888092","1012.85400391","0","10.2287302","0.2","5.58431721"
"2013-10-06 21:00:00","7.99195733","6.88174688","0.19129184","0.35330682","1.1802224","1.880792","126.58560181","3.96825409","18.44849968","97.14636993","1012.91601563","0","10.2287302","0","5.58431721"
"2013-10-06 22:00:00","8.86482166","7.35644103","0.19230073","0.324483","1.03055864","1.71964123","133.34060669","3.82729006","18.48608971","98.06192017","1012.63299561","0","10.2287302","0.2","5.58431721"
"2013-10-06 23:00:00","7.98936466","6.86748145","0.17786172","0.31809726","1.02082697","2.14909999","135.28390503","3.46752095","18.43791962","99.19412994","1012.29302979","0","10.2287302","0.2","5.58431721"
"2013-10-07 00:00:00","5.04393439","4.11140993","0.15797866","0.26785949","0.75547235","1.84443527","120.33229828","3.42238307","18.15018082","99.19393158","1012.20501709","0","10.2287302","0.60000002","5.58431721"
"2013-10-07 01:00:00","3.8805474","3.1347871","0.14934718","0.23407577","0.55055397","1.84407525","141.87930298","3.79587412","18.47130013","99.19412994","1011.69702148","0","11.62868023","3.5999999","8.07719517"
"2013-10-07 02:00:00","","","0.16423005","0.11484371","0.34952765","1.92003193","124.73750305","4.216434","17.98283958","99.19434357","1011.94000244","0","11.62868023","20","8.07719517"
"2013-10-07 03:00:00","5.42394822","4.58610217","0.15918793","0.11210188","0.27171087","","111.76119995","1.870893","18.14636993","99.19412994","1011.74700928","0","11.62868023","9.40000057","8.07719517"
"2013-10-07 04:00:00","6.40705464","5.55234858","","0.13645292","0.47546072","1.9953062","135.29960632","2.81627011","18.32607079","99.19406128","1011.63201904","0","11.62868023","3.20000005","8.07719517"
"2013-10-07 05:00:00","9.55092182","8.14759413","0.18690678","0.12647107","0.54497776","1.93996004","132.76870728","3.42385793","18.18428993","99.19425964","1011.88201904","0","11.62868023","4.5999999","8.07719517"
"2013-10-07 06:00:00","14.45218851","12.30050784","0.19014781","0.20391155","0.70502101","2.5756125","143.35510254","4.4211812","17.79146957","99.19434357","1012.45001221","0","11.62868023","19.20000076","8.07719517"
"2013-10-07 07:00:00","27.97833424","19.71141984","0.22154922","0.35824334","1.18722546","2.31658769","103.00810242","3.433429","17.54631996","99.19434357","1013.02600098","3.5866909","11.62868023","15.19999981","8.07719517"
"2013-10-07 08:00:00","18.16024101","15.82827786","0.20392393","0.57542674","2.03906059","2.23217059","111.89810181","3.15847206","17.66773987","99.19406128","1013.10101318","12.16320038","11.62868023","12.80000019","8.07719517"
"2013-10-07 09:00:00","18.20693014","15.5896354","0.22839592","0.52091147","2.11830422","2.07126186","115.47949982","3.70824909","17.4183197","99.19434357","1013.29101563","22.09300041","11.62868023","12.39999962","8.07719517"
"2013-10-07 10:00:00","17.03965414","14.27320619","0.17588588","0.6080043","2.29040909","2.39087445","120.95140076","5.27531815","17.21895981","99.19434357","1013.31500244","47.23239136","11.62868023","5.5999999","8.07719517"
"2013-10-07 11:00:00","22.029108","17.59086844","0.21875322","0.55425686","1.87279228","2.12112537","122.16880035","4.32590389","17.46635056","99.19400024","1013.59100342","85.16178131","11.62868023","0.40000001","8.07719517"
"2013-10-07 12:00:00","24.96416184","18.75814444","0.22835515","0.64869854","2.21687287","2.30371959","126.6984024","4.50115204","17.34811974","99.19406128","1013.66601563","86.34918976","11.62868023","0","8.07719517"
"2013-10-07 13:00:00","16.85418631","13.69216086","0.16640511","0.55656037","2.02777698","1.95807078","119.5522995","4.54138279","17.40537071","99.19419098","1013.69799805","80.40293121","11.62868023","0","8.07719517"
"2013-10-07 14:00:00","15.02156108","12.22268944","0.18820342","0.34540981","1.18125974","2.01067409","119.56890106","4.1921649","17.79961967","99.19406128","1013.7880249","79.13410187","11.62868023","0","8.07719517"
"2013-10-07 15:00:00","18.68421696","15.51959884","0.18577207","0.42394662","1.52728585","1.84100798","134.00500488","3.81101108","18.29853058","93.51811218","1013.79901123","74.01403046","11.62868023","0","8.07719517"
"2013-10-07 16:00:00","20.79957728","17.33666039","0.21381012","0.54153318","2.20896061","1.86174156","121.70490265","3.87615299","17.90862083","85.28096008","1014.14300537","26.04598999","11.62868023","0","8.07719517"
"2013-10-07 17:00:00","23.79040416","20.79179544","0.23175928","0.54899186","2.58455702","2.10760232","118.83229828","3.32176304","17.84667969","82.72039032","1013.88500977","1.58526695","11.62868023","0","8.07719517"
"2013-10-07 18:00:00","21.2301788","18.11743898","0.22171115","0.67568158","3.20514669","2.17223979","119.74340057","4.18560505","17.83550072","83.85916138","1013.70501709","0","11.62868023","0","8.07719517"
"2013-10-07 19:00:00","16.52605078","13.97360535","0.16183248","0.59692612","2.73526218","1.91321294","120.76820374","4.58985806","17.21482086","91.68267059","1014.10601807","0","11.62868023","0","8.07719517"
"2013-10-07 20:00:00","11.45228537","9.68450944","0.17025427","0.41144261","1.7812277","1.88193613","121.08599854","4.57011509","17.19305038","93.68369293","1014.19799805","0","11.62868023","0","8.07719517"
"2013-10-07 21:00:00","8.89076176","7.60545991","0.15007647","0.24866464","1.07088981","1.96057362","125.96549988","4.074646","17.32979965","92.23748016","1014.29699707","0","11.62868023","0","8.07719517"
"2013-10-07 22:00:00","6.04909","4.94406681","0.13822143","0.20434988","0.89372638","2.15841876","138.06809998","4.41337109","17.30545044","91.78475952","1014.52301025","0","11.62868023","0","8.07719517"
"2013-10-07 23:00:00","5.23069855","4.11011359","0.14022989","0.13864659","0.59880045","2.24700353","135.46710205","4.3595829","17.2112999","91.08187103","1014.09399414","0","11.62868023","0","8.07719517"
"2013-10-08 00:00:00","5.00113427","4.13735003","0.14237815","0.07513698","0.43940604","2.3160497","123.37270355","4.62672901","17.11626053","91.9905014","1013.99200439","0","11.62868023","0","8.07719517"
"2013-10-08 01:00:00","3.77938348","2.8753937","0.11778733","0.0886285","0.34395042","2.38223707","115.31140137","3.53169608","17.53384972","90.69541168","1013.9130249","0","11.81982994","0","6.74847412"
"2013-10-08 02:00:00","3.55241378","2.81832624","0.11760792","0.0559411","0.33201897","2.28662178","110.55879974","2.42153001","17.66666031","93.3766098","1013.67901611","0","11.81982994","0","6.74847412"
"2013-10-08 03:00:00","4.09325166","3.35786778","0.14772666","0.09213817","0.4091869","1.44597467","118.17939758","2.59250307","18.20491982","95.41114044","1013.35400391","0","11.81982994","0","6.74847412"
"2013-10-08 04:00:00","7.18264597","6.33183082","0.13796163","0.1421349","0.52573408","2.23687726","116.73000336","2.64045691","18.61408997","98.76351929","1013.26800537","0","11.81982994","0","6.74847412"
"2013-10-08 05:00:00","12.23176762","10.92182391","0.16693169","0.18230234","0.67791491","2.17497959","119.66120148","2.26404691","18.64711952","99.19406128","1013.26202393","0","11.81982994","0","6.74847412"
"2013-10-08 06:00:00","22.09914456","19.25617264","0.22758625","0.24021845","1.31043603","2.32909679","118.6190033","2.56927109","18.91045952","99.19400024","1013.35400391","7.09503508","11.81982994","0","6.74847412"
"2013-10-08 07:00:00","44.21255264","34.5760344","0.35096091","0.62785817","3.14898897","2.22746289","113.66490173","2.43918991","19.21659088","99.19325256","1013.8460083","43.02909088","11.81982994","0","6.74847412"
"2013-10-08 08:00:00","28.4465448","22.33389992","0.25448959","1.2785307","6.0637486","2.4415719","138.34030151","3.08306003","19.91188049","96.93949127","1014.44799805","160.1882019","11.81982994","0","6.74847412"
"2013-10-08 09:00:00","20.84106768","15.36655471","0.21474212","0.79480381","3.91198305","2.72091333","148.25320435","3.43825006","21.26630974","81.96063995","1014.71600342","375.17401123","11.81982994","0","6.74847412"
"2013-10-08 10:00:00","18.66735694","14.58188712","0.20635412","0.624019","3.49644092","2.25481002","142.46490479","3.82140589","20.79528046","85.80023193","1014.37701416","167.48460388","11.81982994","0","6.74847412"
"2013-10-08 11:00:00","19.51687384","15.86589072","0.23094844","0.63465885","3.10190899","1.81461785","152.88420105","3.90023589","20.37598991","88.87709045","1014.59100342","73.0280838","11.81982994","0","6.74847412"
"2013-10-08 12:00:00","22.6425732","17.71408154","0.23273089","0.62237349","2.62748561","2.19851094","150.77270508","3.54645395","19.87965965","94.11328125","1014.13702393","157.21290588","11.81982994","0.2","6.74847412"
"2013-10-08 13:00:00","19.19003656","14.8114514","0.18836186","0.52979598","2.88454049","2.497393","135.71850586","3.125211","19.95549965","92.71746063","1013.19702148","205.9980011","11.81982994","0","6.74847412"
"2013-10-08 14:00:00","16.23682637","13.08777002","0.19617435","0.31952309","1.84581534","2.10635141","145.4125061","2.88533401","20.11964989","87.60630035","1013.16101074","147.16920471","11.81982994","0","6.74847412"
"2013-10-08 15:00:00","16.54031813","13.23173597","0.21312161","0.51235545","2.46186614","2.1032516","142.04289246","3.38096809","19.98295975","84.62406158","1013.19500732","135.81500244","11.81982994","0","6.74847412"
"2013-10-08 16:00:00","19.68677416","16.73226954","0.21773967","0.55173369","2.69155559","2.11296191","136.9723053","3.34863806","19.56632996","88.55142212","1013.4420166","32.32804108","11.81982994","0","6.74847412"
"2013-10-08 17:00:00","26.96669504","23.33255664","0.25898649","0.69498729","3.03550601","2.07567056","123.5719986","2.60984492","19.02095985","95.47348022","1013.65802002","0","11.81982994","0","6.74847412"
"2013-10-08 18:00:00","24.88634344","21.72301592","0.26068856","0.83133038","3.66971331","1.91994345","119.17739868","2.89850998","18.95833969","98.71250916","1013.51800537","0","11.81982994","0","6.74847412"
"2013-10-08 19:00:00","20.5596404","18.10317163","0.22770741","0.83824089","3.7166621","2.09842695","133.61450195","2.60721588","18.73151016","99.19364929","1013.37200928","0","11.81982994","0","6.74847412"
"2013-10-08 20:00:00","11.92568127","10.46399169","0.18812187","0.61743697","2.67223055","2.06411337","119.5562973","3.00523901","18.36053085","99.19380188","1013.684021","0","11.81982994","0","6.74847412"
"2013-10-08 21:00:00","10.5781247","9.13070246","0.180342","0.41911994","1.78797143","2.1505543","116.58789825","2.44550991","18.23876953","99.19400024","1013.85601807","0","11.81982994","0","6.74847412"
"2013-10-08 22:00:00","8.47832233","7.19820965","0.16393298","0.33871897","1.38436176","2.24789747","125.06739807","2.522367","18.32899094","99.1436615","1013.69799805","0","11.81982994","0","6.74847412"
"2013-10-08 23:00:00","6.26179426","5.21902579","0.15445221","0.29802371","1.29227851","1.91517779","124.3423996","2.23052597","18.17906952","97.91928101","1012.99102783","0","11.81982994","0","6.74847412"
"2013-10-09 00:00:00","5.08543818","4.15810097","0.16292059","0.25250279","1.08580412","2.17378665","101.19509888","0.93063402","17.58126068","99.17752075","1012.66101074","0","11.81982994","0","6.74847412"
"2013-10-09 01:00:00","5.96348976","4.99075785","0.15643737","0.26182665","1.25453764","1.8952812","90.34693146","0.474695","17.17160988","99.19434357","1012.29901123","0","11.82892036","0","3.17975903"
"2013-10-09 02:00:00","","","0.17714175","0.34398398","2.11052315","2.38426395","159.74360657","0.715213","17.38916016","99.19419098","1012.02099609","0","11.82892036","0","3.17975903"
"2013-10-09 03:00:00","6.97901988","6.29810888","0.17227904","0.33290478","1.91221934","","199.33320618","0.60940498","17.21026993","99.19406128","1011.90600586","0","11.82892036","0","3.17975903"
"2013-10-09 04:00:00","14.02937457","12.90878961","","0.40628642","1.98938828","1.80840398","190.74130249","0.48882201","16.74180984","99.19419098","1011.82702637","0","11.82892036","0","3.17975903"
"2013-10-09 05:00:00","28.09506184","25.84611008","0.25684056","0.68035673","2.61516567","2.25870208","888","0","16.40625","99.19412994","1011.82800293","0","11.82892036","0","3.17975903"
"2013-10-09 06:00:00","95.92033648","48.60671104","0.58419275","1.0737425","4.69663618","2.52311801","152.32940674","0.86760497","16.64365959","99.19447327","1011.92401123","23.37301064","11.82892036","0","3.17975903"
"2013-10-09 07:00:00","106.8330956","53.39644312","0.64604609","2.05874666","9.78144905","2.57628881","150.3052063","0.68425798","18.30124092","99.17784119","1012.20202637","231.62690735","11.82892036","0","3.17975903"
"2013-10-09 08:00:00","65.89925968","40.32291368","0.45405293","2.64152224","13.19060187","2.24357929","178.97250366","0.85425597","21.27260971","85.72621155","1012.36901855","432.1184082","11.82892036","0","3.17975903"
"2013-10-09 09:00:00","32.20903576","22.94346464","0.27383092","1.76565845","8.29981531","1.9997627","192.86990356","1.07905495","23.06973076","65.30625153","1012.53302002","554.02001953","11.82892036","0","3.17975903"
"2013-10-09 10:00:00","29.634566","21.30409672","0.2195827","0.98610049","4.63762475","2.52049822","191.47019958","1.264099","24.43655968","53.34222031","1012.44702148","639.98162842","11.82892036","0.2","3.17975903"
"2013-10-09 11:00:00","43.15812288","14.22651515","0.23422675","0.85107442","3.8700918","2.3389027","195.26170349","1.62131298","25.1475296","48.42021179","1012.03302002","680.18707275","11.82892036","0","3.17975903"
"2013-10-09 12:00:00","34.46190712","20.18869328","0.25445348","0.85995893","5.07054538","1.99208435","211.50280762","1.22918904","25.65200996","45.34812164","1011.53399658","650.15362549","11.82892036","0","3.17975903"
"2013-10-09 13:00:00","","","0.18535849","0.68687061","4.59080512","2.0650185","187.63160706","1.12898004","25.54544067","42.79996109","1010.85400391","461.62179565","11.82892036","0","3.17975903"
"2013-10-09 14:00:00","27.52698752","23.8669224","0.168692","0.19864654","1.73648275","2.11610343","243.62890625","1.04391801","24.1853199","48.14813995","1010.65600586","60.4070015","11.82892036","0","3.17975903"
"2013-10-09 15:00:00","26.55035704","22.62960984","0.19462257","0.20906672","1.60652846","2.16510452","257.48431396","0.78178102","23.53038979","53.11449051","1010.24700928","109.2661972","11.82892036","0","3.17975903"
"2013-10-09 16:00:00","38.60832768","32.3556288","0.28378235","0.39652423","2.60816159","2.02715254","194.92320251","0.933236","22.75797081","58.5702095","1010.30603027","52.42470169","11.82892036","0","3.17975903"
"2013-10-09 17:00:00","48.95171232","42.35659336","0.37116318","0.90054333","4.55072922","2.13718279","198.13600159","0.86230201","21.58300972","70.1621933","1010.25201416","5.25233984","11.82892036","0","3.17975903"
"2013-10-09 18:00:00","43.32930424","37.09735056","0.36792681","1.21293725","6.66488306","2.07252193","159.99130249","1.62809598","20.65674973","76.03932953","1010.14001465","0","11.82892036","0","3.17975903"
"2013-10-09 19:00:00","34.07669648","29.86672104","0.28604828","1.11114572","6.17891774","2.06626941","156.67680359","2.06367993","19.51099014","71.63259888","1010.12902832","0","11.82892036","0","3.17975903"
"2013-10-09 20:00:00","26.35192968","23.30532976","0.26246402","0.87312196","4.29445234","1.99583301","141.57220459","1.11590099","18.42679977","81.12895203","1010.28399658","0","11.82892036","0","3.17975903"
"2013-10-09 21:00:00","18.07463886","15.9333327","0.21824761","0.64957621","4.25904548","1.97660154","104.53469849","0.84984201","17.41378021","87.0189209","1010.45501709","0","11.82892036","0","3.17975903"
"2013-10-09 22:00:00","17.13433255","14.6752692","0.21161293","0.44116748","4.13661394","1.97684155","150.89070129","1.31105804","17.5357399","92.06905365","1009.97601318","0","11.82892036","0","3.17975903"
"2013-10-09 23:00:00","20.03047528","17.75687975","0.26319214","0.44500666","2.84822647","2.1492678","187.4803009","0.57810098","17.44709015","97.82817078","1009.61199951","0","11.82892036","0","3.17975903"
"2013-10-10 00:00:00","17.59994662","15.26149987","0.2177618","0.59111193","3.42368168","2.01429257","194.54240417","0.54266697","17.40232086","99.19406128","1009.81201172","0","11.82892036","0","3.17975903"
"2013-10-10 01:00:00","12.42501728","10.21367456","0.2145266","0.51751062","3.37258252","2.1855869","192.44270325","0.63105398","17.47665977","99.19425964","1009.68200684","0","11.54808998","0","3.42002392"
"2013-10-10 02:00:00","13.62860981","11.71686793","0.23147618","0.3993759","2.75264169","2.26382268","196.82130432","0.32400101","17.0535202","99.09455109","1009.35601807","0","11.54808998","0","3.42002392"
"2013-10-10 03:00:00","11.64164411","9.58723644","0.21137061","0.71407333","3.0731167","2.18820669","888","0","16.42868996","99.13349152","1009.40600586","0","11.54808998","0","3.42002392"
"2013-10-10 04:00:00","14.69342555","12.06834898","0.20781037","0.74368939","3.34080737","2.08353604","147.94880676","0.54190099","16.94721985","99.19332123","1009.25201416","0","11.54808998","0","3.42002392"
"2013-10-10 05:00:00","25.89280112","21.427306","0.25194523","0.69145016","4.26211174","1.93212711","159.48570251","0.66848898","16.54191971","98.98297119","1008.91900635","0","11.54808998","0","3.42002392"
"2013-10-10 06:00:00","69.86931736","42.22560224","0.45089694","0.84303096","13.46193747","2.85094491","156.61610413","0.92860001","16.75971985","98.53717041","1008.94500732","18.14101982","11.54808998","0","3.42002392"
"2013-10-10 07:00:00","84.08543888","47.98026336","0.52254095","1.49615345","13.10746212","2.61975132","161.76980591","1.28876102","18.92008972","86.03472137","1009.2210083","231.18130493","11.54808998","0","3.42002392"
"2013-10-10 08:00:00","40.59141584","26.85644912","0.33390531","2.15165266","11.17955556","2.61225095","164.72390747","1.48307097","21.16983986","72.97068024","1009.3380127","442.1184082","11.54808998","0","3.42002392"
"2013-10-10 09:00:00","29.2156468","19.92022936","0.25615321","1.21918977","5.98930318","2.33574695","179.09910583","1.48390305","22.80063057","55.532341","1009.22399902","563.53381348","11.54808998","0","3.42002392"
"2013-10-10 10:00:00","27.41156008","20.08104768","0.25684056","0.92445605","4.81076697","2.184456","188.64610291","1.65178704","23.09110069","54.35618973","1009.09802246","411.78570557","11.54808998","0","3.42002392"
"2013-10-10 11:00:00","26.6203936","18.8411501","0.26343446","0.89834966","4.73411771","2.06990112","181.0572052","2.0624609","24.24962044","50.14678955","1008.83001709","628.85632324","11.54808998","0","3.42002392"
"2013-10-10 12:00:00","34.93011768","24.55172432","0.29786138","0.82990454","4.46305568","2.45917312","196.4499054","1.90388","24.34690094","48.78482056","1008.36700439","503.42269897","11.54808998","0","3.42002392"
"2013-10-10 13:00:00","22.69704608","16.30556468","0.19624076","0.902079","4.91504201","2.4202922","193.87820435","1.60710299","24.70865059","46.45820999","1008.00402832","461.99209595","11.54808998","0","3.42002392"
"2013-10-10 14:00:00","19.03051075","14.57021436","0.21436466","0.3601075","2.64616179","2.14164843","188.5388031","1.58147502","23.77988052","50.67052078","1007.51800537","88.68742371","11.54808998","0","3.42002392"
"2013-10-10 15:00:00","22.90067408","18.54414384","0.22536809","0.37963288","2.4891014","1.79834178","158.17680359","1.80210602","23.63458061","55.10255051","1007.41601563","98.07894135","11.54808998","0","3.42002392"
"2013-10-10 16:00:00","28.11062552","23.21064752","0.27480253","0.6819341","3.74000733","2.23833971","161.51080322","2.22129297","22.85231972","63.69033051","1007.39001465","38.42082977","11.54808998","0","3.42002392"
"2013-10-10 17:00:00","31.02233384","26.54127504","0.31473058","0.901421","4.82879533","2.03774866","155.25369263","2.11072111","21.53025055","75.68531036","1007.38702393","1.32987404","11.54808998","0","3.42002392"
"2013-10-10 18:00:00","33.96903176","29.449102","0.34591996","0.98434616","4.99597182","2.52538186","157.477005","2.24007201","20.6652298","80.80708313","1007.44702148","0","11.54808998","0","3.42002392"
"2013-10-10 19:00:00","31.4425532","27.7850884","0.3310732","1.16204149","5.5578094","2.4866789","156.9355011","2.35008407","20.44993973","84.19020081","1007.32000732","0","11.54808998","0","3.42002392"
"2013-10-10 20:00:00","23.92009512","21.05247752","0.26205976","1.0047482","4.83813342","2.2910915","153","1.99968398","20.45082092","86.82594299","1007.26702881","0","11.54808998","0","3.42002392"
"2013-10-10 21:00:00","12.73758913","10.16828177","0.21671097","0.63454901","3.35144214","2.18695578","145.99740601","2.2290771","20.44511986","89.12100983","1007.28601074","0","11.54808998","0","3.42002392"
"2013-10-10 22:00:00","9.06585316","6.75853569","0.19579573","0.44116748","2.46420015","2.31395468","155.811203","2.25269794","20.50827026","94.50977325","1007.25500488","0","11.54808998","0","3.42002392"
"2013-10-10 23:00:00","7.64696178","5.78450744","0.18831177","0.30054689","1.84944704","2.31776741","160.7888031","2.29057288","20.44029999","84.72141266","1006.96899414","0","11.54808998","0","3.42002392"
"2013-10-11 00:00:00","5.8804841","3.97782231","0.17099754","0.20445971","1.4966772","2.1567102","158.5131073","2.84137988","20.48677063","83.08255005","1006.89001465","0","11.54808998","0","3.42002392"
"2013-10-11 01:00:00","6.37463094","4.35913247","0.18244599","0.13063874","1.06881412","3.35691462","161.28140259","1.87733495","20.26684952","90.71273041","1006.9420166","0","33.4190712","0","6.85117292"
"2013-10-11 02:00:00","","","0.16149114","0.12285157","0.98360477","3.17472415","161.06530762","1.65410697","20.45351982","92.36302948","1006.5670166","0","33.4190712","0","6.85117292"
"2013-10-11 03:00:00","6.26698152","4.4317617","0.16602182","0.08687316","1.00318914","","143.10270691","1.31309402","19.85223961","98.23090363","1005.76800537","0","33.4190712","0","6.85117292"
"2013-10-11 04:00:00","7.26565162","5.27868593","","0.17824451","1.25090593","1.49021519","154.55000305","1.593678","19.90245056","99.19229126","1005.90100098","0","33.4190712","0","6.85117292"
"2013-10-11 05:00:00","14.35880643","11.54826203","0.23712527","0.30230223","1.65931483","1.86612381","113.69599915","1.38708401","19.65526962","99.19197083","1006.48699951","0","33.4190712","0","6.85117292"
"2013-10-11 06:00:00","36.35807576","28.58661792","0.32778091","0.44533616","2.35551641","2.14097416","117.43669891","1.22978997","19.22771072","99.19155121","1006.84899902","14.18904972","33.4190712","0","6.85117292"
"2013-10-11 07:00:00","49.885514","35.00531664","0.45743842","0.97951948","5.05848376","2.03872397","109.33000183","0.929331","20.0596199","99.17881012","1007.72802734","128.54580688","33.4190712","0","6.85117292"
"2013-10-11 08:00:00","49.4730956","31.75770816","0.41633372","1.84671843","9.58470125","2.21043119","144.05740356","1.09508801","22.54034996","90.6595993","1007.93902588","339.90530396","33.4190712","0","6.85117292"
"2013-10-11 09:00:00","38.98573736","24.1392868","0.35211193","1.61319083","9.01585958","2.38094548","162.80470276","1.55646205","24.93350983","72.57346344","1008.02502441","521.84967041","33.4190712","0","6.85117292"
"2013-10-11 10:00:00","28.45690784","19.88262032","0.31335238","1.25648316","5.8673903","2.40896892","170.01080322","1.724648","26.13153076","59.89384079","1008.39801025","540.47821045","33.4190712","0","6.85117292"
"2013-10-11 11:00:00","27.90699752","19.16669104","0.28429262","0.93092722","5.06561801","1.57159756","169.40240479","2.14545608","26.7161808","57.53641129","1008.53601074","618.81341553","33.4190712","0","6.85117292"
"2013-10-11 12:00:00","34.5306244","23.80596784","0.33699606","0.80335983","5.47584225","2.214308","165.3506012","1.91767395","27.39458084","54.22058105","1008.35400391","509.20120239","33.4190712","0","6.85117292"
"2013-10-11 13:00:00","18.89173206","12.9995771","0.24629964","0.83122054","5.80669371","2.11563561","160.53190613","3.11485195","26.73550987","58.02251053","1008.20800781","390.92590332","33.4190712","0","6.85117292"
"2013-10-11 14:00:00","17.43263706","12.84653298","0.25191844","0.48339739","3.43016709","2.17913099","152.38920593","2.82295489","25.86866951","62.9381218","1008.05102539","148.4105072","33.4190712","0","6.85117292"
"2013-10-11 15:00:00","20.52201224","15.72322302","0.26444685","0.44127732","2.84796714","1.76566252","152.10450745","2.89656496","25.21426964","67.06320953","1008.07800293","89.54618073","33.4190712","0","6.85117292"
"2013-10-11 16:00:00","21.87735256","17.40540062","0.3096337","0.60975964","3.44845377","2.07658484","141.77690125","3.36733389","23.73760986","82.22566986","1008.30102539","30.84350967","33.4190712","0","6.85117292"
"2013-10-11 17:00:00","21.34430608","17.4793281","0.31937427","0.81904502","3.97293898","1.78504043","152.50230408","3.12763691","22.94857979","90.56539154","1008.90600586","0.43243799","33.4190712","0","6.85117292"
"2013-10-11 18:00:00","23.44280256","19.24709064","0.31209884","0.86544361","4.49612751","1.73585221","155.52670288","2.77219796","22.50196075","97.51058197","1009.90899658","0","33.4190712","0","6.85117292"
"2013-10-11 19:00:00","23.6360484","19.60895576","0.30130745","0.74752856","4.09965107","1.53612257","155.54960632","2.15887904","22.26984024","99.13240051","1010.05401611","0","33.4190712","0","6.85117292"
"2013-10-11 20:00:00","19.852774","16.53253629","0.29455744","0.76836893","4.23855395","1.65447086","152.75680542","1.90894306","22.05010986","99.1783905","1010.24700928","0","33.4190712","0","6.85117292"
"2013-10-11 21:00:00","13.57413693","10.90366565","0.27042912","0.62544483","3.51693245","1.73644614","148.6381073","1.74191701","21.81521988","99.18144989","1010.39202881","0","33.4190712","0","6.85117292"
"2013-10-11 22:00:00","9.95039025","7.5535797","0.23344736","0.49129541","2.81710017","1.79398088","148.08990479","1.951406","21.58411026","99.18383026","1010.63500977","0","33.4190712","0","6.85117292"
"2013-10-11 23:00:00","10.37968778","8.27729274","0.22483918","0.33125927","2.15306222","1.76983425","159.30200195","1.38297498","21.53697014","99.1852417","1011.0300293","0","33.4190712","0","6.85117292"
"2013-10-12 00:00:00","11.61700226","9.50293254","0.23946925","0.35572016","2.05825545","1.86552785","158.78590393","1.33284199","21.47286034","99.1841507","1011.52801514","0","33.4190712","0","6.85117292"
"2013-10-12 01:00:00","10.3057603","8.28377824","0.25345391","0.34760348","2.32866965","1.67444168","148.31280518","1.231318","21.15369987","99.18695068","1011.64001465","0","35.33237076","0","10.09035015"
"2013-10-12 02:00:00","9.19554986","7.29807723","0.23231615","0.38116855","2.1564346","1.48693536","159.49380493","1.21205699","20.76000023","99.19020081","1011.4710083","0","35.33237076","0","10.09035015"
"2013-10-12 03:00:00","5.84027666","4.18274282","0.20935866","0.34376431","1.87227361","1.66609517","152.11380005","1.22404599","20.36318016","99.19039154","1011.43200684","0","35.33237076","0","10.09035015"
"2013-10-12 04:00:00","7.03997826","5.04782531","0.21695795","0.25897498","1.60860416","1.44698963","146.23640442","1.41862094","19.99681091","99.19264221","1011.65301514","0","35.33237076","0","10.09035015"
"2013-10-12 05:00:00","11.96329414","8.88687084","0.22880018","0.32149709","2.06461068","1.30688263","147.83230591","1.52757299","19.84729958","99.19332123","1011.9630127","0","35.33237076","0","10.09035015"
"2013-10-12 06:00:00","28.82525464","21.3585696","0.27641023","0.48262955","2.35331156","1.70246512","142.63200378","1.30001795","19.91052055","99.19068146","1012.60699463","23.05249977","35.33237076","0","10.09035015"
"2013-10-12 07:00:00","45.18270144","28.05225216","0.37983777","1.01165872","4.82957333","1.67563463","145.49020386","2.24758911","21.15518951","91.16043091","1013.20001221","205.06300354","35.33237076","0","10.09035015"
"2013-10-12 08:00:00","20.07716632","13.43536014","0.27350123","1.26931668","6.18643948","1.67772253","150.90510559","2.899894","23.25105095","77.54624939","1013.19000244","388.63949585","35.33237076","0","10.09035015"
"2013-10-12 09:00:00","14.88667522","9.5405454","0.23401355","0.60383561","3.38918301","1.71140862","145.57310486","3.58528709","24.39612961","70.08702087","1013.28601074","504.15240479","35.33237076","0","10.09035015"
"2013-10-12 10:00:00","16.02152752","10.4224879","0.25280733","0.47846189","2.77909895","1.4899172","155.31900024","3.26872492","24.43501091","72.12065887","1013.9420166","393.89291382","35.33237076","0","10.09035015"
"2013-10-12 11:00:00","18.68162238","11.90233575","0.2668316","0.48978212","3.00596012","1.50154457","147.45570374","3.147892","25.03507042","72.09963989","1014.26501465","554.33862305","35.33237076","0","10.09035015"
"2013-10-12 12:00:00","18.94231402","12.30310242","0.28223057","0.68017977","3.68514628","1.42969962","155.1013031","3.45260096","25.01872063","72.20954132","1013.80200195","417.28210449","35.33237076","0","10.09035015"
"2013-10-12 13:00:00","10.82973817","6.96734712","0.231023","0.59593861","4.10263394","1.60140685","148.92390442","3.42962003","24.73266983","74.73577118","1013.27301025","276.27380371","35.33237076","0","10.09035015"
"2013-10-12 14:00:00","8.70269935","5.36558442","0.20956137","0.22398408","2.02907467","1.48902224","160.93690491","2.9527719","24.89492035","73.04557037","1013.69702148","164.37309265","35.33237076","0","10.09035015"
"2013-10-12 15:00:00","14.63376542","11.23828477","0.23664063","0.23352761","1.69018179","1.63300504","176.10490417","1.44408703","24.72303009","72.91161346","1014.09802246","73.99166107","35.33237076","0","10.09035015"
"2013-10-12 16:00:00","17.855451","13.92302339","0.27075299","0.4657382","2.78701019","1.59306033","154.20100403","2.22890997","24.07229996","77.32118988","1013.82202148","19.82192993","35.33237076","0","10.09035015"
"2013-10-12 17:00:00","22.16269944","18.07334252","0.33315622","0.68072793","3.42718322","1.47948278","142.64930725","2.40723109","23.01729012","90.2375412","1013.50201416","0.111925","35.33237076","0","10.09035015"
"2013-10-12 18:00:00","22.05763504","17.55066099","0.31569636","0.95198828","4.38238623","1.31463319","148.2243042","2.38293195","22.34683037","97.50108337","1013.49700928","0","35.33237076","0","10.09035015"
"2013-10-12 19:00:00","22.77616464","18.42222707","0.31254387","0.88946515","3.90484981","1.39213876","147.39570618","2.47705412","21.87607002","99.18321991","1013.30700684","0","35.33237076","0","10.09035015"
"2013-10-12 20:00:00","20.3676756","16.58182191","0.29160766","1.11048773","4.34568168","1.41926723","162.49850464","2.32668209","21.84465981","99.18157959","1013.67901611","0","35.33237076","0","10.09035015"
"2013-10-12 21:00:00","15.65967387","12.74147814","0.23975234","0.6066883","3.50072045","1.66162443","159.77380371","2.29405403","21.8827095","99.17919922","1013.77301025","0","35.33237076","0","10.09035015"
"2013-10-12 22:00:00","18.33662683","15.48068964","0.25688949","0.37897386","2.2337327","1.44609467","161.92730713","1.94105506","21.8744297","99.17867279","1013.74401855","0","35.33237076","0","10.09035015"
"2013-10-12 23:00:00","19.4429368","16.54031813","0.29104147","0.49118558","2.70763741","1.52121741","160.6605072","1.41311002","21.60676956","99.18199158","1013.71502686","0","35.33237076","0","10.09035015"
"2013-10-13 00:00:00","17.41318246","14.64024901","0.27750184","0.65001453","3.44261721","1.30419877","159.36540222","1.61066794","21.38536072","99.18572998","1013.53399658","0","35.33237076","0","10.09035015"
"2013-10-13 01:00:00","10.04766325","7.96861181","0.23417549","0.50050943","3.05988858","1.56950966","148.25860596","1.51391006","21.21808052","99.18605042","1013.18200684","0","26.07909012","0","10.67778969"
"2013-10-13 02:00:00","","","0.2273847","0.24043711","2.01078698","1.24845395","144.86360168","1.34501302","20.67778969","99.18817139","1012.90600586","0","26.07909012","0","10.67778969"
"2013-10-13 03:00:00","4.70931527","2.82091891","0.21829188","0.19041901","1.64673454","","146.54040527","1.321123","20.63335991","99.18904114","1012.934021","0","26.07909012","0","10.67778969"
"2013-10-13 04:00:00","4.92461221","3.08679972","","0.22025474","1.64491817","2.89073911","141.92590332","0.79334903","20.74419975","99.18383026","1012.93103027","0","26.07909012","0","10.67778969"
"2013-10-13 05:00:00","5.55753583","3.79624541","0.17633324","0.17286966","1.35336461","3.15114196","61.41558075","0.42676899","20.73538017","99.18430328","1013.00500488","0","26.07909012","0","10.67778969"
"2013-10-13 06:00:00","9.18776802","6.83635409","0.181627","0.33509845","1.99418648","3.27037199","133.98980713","0.58386099","20.82069969","99.18041992","1013.10400391","10.33679008","26.07909012","0","10.67778969"
"2013-10-13 07:00:00","8.52760795","5.74300366","0.1909202","0.34962426","2.36892251","2.62785579","99.57894135","0.86092401","21.18659973","99.1730423","1013.49102783","79.02217102","26.07909012","0","10.67778969"
"2013-10-13 08:00:00","13.48983302","9.21241178","0.20158811","0.38171671","2.08289736","3.26166545","142.55180359","1.69091702","22.19202995","98.56639862","1013.78302002","189.91340637","26.07909012","0","10.67778969"
"2013-10-13 09:00:00","12.43279912","8.34343838","0.20607336","0.46628636","2.45252804","3.10845745","139.7808075","1.80721605","23.66596985","82.63938141","1013.64300537","276.74191284","26.07909012","0","10.67778969"
"2013-10-13 10:00:00","13.14354114","8.94264006","0.17908147","0.43348913","2.42166006","2.80981133","157.97540283","1.42900395","25.00642967","70.66584015","1013.36401367","422.64550781","26.07909012","0","10.67778969"
"2013-10-13 11:00:00","14.47942495","10.10343246","0.19415308","0.34628748","1.87642399","3.44637197","160.50950623","1.64108002","26.19771957","64.32363129","1013.13702393","519.36901855","26.07909012","0","10.67778969"
"2013-10-13 12:00:00","13.21876496","8.79997235","0.16033313","0.45542684","2.2264703","2.97090922","157.11010742","1.51883399","26.63824081","61.66326141","1012.33300781","477.61380005","26.07909012","0","10.67778969"
"2013-10-13 13:00:00","6.1723031","3.89740933","0.14210903","0.29056504","1.56746345","3.37433278","304.38000488","0.76288199","26.73760986","62.5141716","1012.02301025","331.79269409","26.07909012","0","10.67778969"
"2013-10-13 14:00:00","5.58088135","3.4525462","0.14770453","0.22343592","1.05195429","3.25453018","257.94329834","0.623074","26.35687065","64.56822968","1011.72900391","128.62730408","26.07909012","0","10.67778969"
"2013-10-13 15:00:00","5.50176662","3.42790434","0.15055412","0.20424004","1.25155478","3.61091444","332.17199707","1.32028306","25.68613052","70.52557373","1011.69500732","101.7437973","26.07909012","0","10.67778969"
"2013-10-13 16:00:00","6.75464286","4.42138719","0.2011023","0.20825923","1.54655292","3.77264896","46.06613159","0.87679499","24.60378075","82.89057159","1011.67199707","35.17296982","26.07909012","0","10.67778969"
"2013-10-13 17:00:00","10.39654971","8.44589863","0.19835523","0.35890133","2.48054233","3.2455521","76.55496979","1.29202402","23.63051033","92.02420044","1012.11199951","0.35001999","26.07909012","0","10.67778969"
"2013-10-13 18:00:00","28.54770872","22.64647368","0.31213962","0.55294087","3.40669168","3.41145531","130.81530762","1.13913","22.85881996","97.36038971","1012.34399414","0","26.07909012","0","10.67778969"
"2013-10-13 19:00:00","35.66161064","28.93550056","0.31751376","1.1679645","4.99272962","2.86437948","156.90150452","0.97539997","22.35910988","99.17601013","1012.54101563","0","26.07909012","0","10.67778969"
"2013-10-13 20:00:00","37.4138248","28.61514496","0.32385719","1.32822031","6.25764168","3.66907667","158.30830383","1.00090396","21.83366966","99.18193054","1012.90100098","0","26.07909012","0","10.67778969"
"2013-10-13 21:00:00","9.88165002","7.49391957","0.16691887","1.28423506","6.96253252","3.04545735","334.04840088","1.06766295","21.38027","99.17616272","1013.08001709","0","26.07909012","0","10.67778969"
"2013-10-13 22:00:00","3.94928762","2.08164411","0.1694644","0.37952304","1.66164884","2.67169154","336.15161133","1.00498796","20.85252953","99.18070984","1013.12701416","0","26.07909012","0","10.67778969"
"2013-10-13 23:00:00","4.61463494","2.73791326","0.16837396","0.39389224","1.53558559","2.33531879","340.24920654","0.81925499","20.45638084","99.18450165","1013.27301025","0","26.07909012","0","10.67778969"
"2013-10-14 00:00:00","4.88311034","3.05956328","0.15318119","0.17934083","1.13379126","3.16813196","341.51660156","0.87625599","20.35843086","99.18531036","1013.26300049","0","26.07909012","0","10.67778969"
"2013-10-14 01:00:00","3.01027766","1.3683075","0.13196771","0.04179158","0.75209998","3.4584041","335.45761108","0.78764898","20.35095978","99.18817139","1012.99102783","0","30.21869087","0","9.44200325"
"2013-10-14 02:00:00","1.82743798","0.14396404","0.12235063","0.02435105","0.54381024","3.3351854","340.18139648","0.72188002","20.39171982","99.18640137","1012.74102783","0","30.21869087","0","9.44200325"
"2013-10-14 03:00:00","3.17499454","1.32161646","0.12053673","0.02138954","0.49180289","3.23086052","339.5632019","0.73232001","20.36630058","99.18672943","1012.62200928","0","30.21869087","0","9.44200325"
"2013-10-14 04:00:00","4.15031913","2.35141584","0.1334193","0.01393087","0.55496368","3.05646129","337.53100586","1.21087599","20.31108093","99.18775177","1012.74700928","0","30.21869087","0","9.44200325"
"2013-10-14 05:00:00","6.49395313","4.41360535","0.14493649","0.0363069","0.40931708","4.28075843","335.89041138","1.27211595","19.96010971","99.18795013","1012.65100098","0","30.21869087","0","9.44200325"
"2013-10-14 06:00:00","13.54819682","9.58464186","0.19382921","0.15531929","0.79178637","4.35110432","337.2795105","0.90347499","19.89838028","99.19026184","1012.59802246","2.68213296","30.21869087","0","9.44200325"
"2013-10-14 07:00:00","14.16426043","10.53143366","0.18877893","0.55524437","1.35193776","4.11551831","340.25909424","1.57702994","20.25451088","99.18721008","1013.46899414","43.94179153","30.21869087","0","9.44200325"
"2013-10-14 08:00:00","7.15800411","4.63538779","0.14130169","0.52815047","2.08575106","3.88325992","336.74740601","1.58474803","20.87388992","97.35285187","1014.059021","180.94520569","30.21869087","0","9.44200325"
"2013-10-14 09:00:00","4.87143758","2.38124495","0.14231174","0.21904858","1.37657967","4.06990179","332.5","1.72226799","22.08444977","81.36656952","1014.07000732","405.70410156","30.21869087","0","9.44200325"
"2013-10-14 10:00:00","5.7118763","3.04918686","0.14546307","0.14829894","1.05882819","3.63727609","339.83450317","1.79669201","22.43271065","78.40361023","1014.04400635","338.2427063","30.21869087","0","9.44200325"
"2013-10-14 11:00:00","5.8091493","2.98952672","0.14239213","0.1465436","1.22509651","3.45882717","324.51870728","1.96626902","22.11849976","80.27709961","1013.90100098","278.90820313","30.21869087","0","9.44200325"
"2013-10-14 12:00:00","11.62089318","6.94789252","0.18962705","0.36888319","1.46127035","3.30232511","331.13369751","1.66329706","22.30145073","79.40068054","1013.4710083","261.46609497","30.21869087","0","9.44200325"
"2013-10-14 13:00:00","7.79870958","3.92983302","0.14517997","0.3205106","1.67591532","3.84825274","331.63839722","1.52067697","22.13525963","80.08669281","1012.95501709","247.87530518","30.21869087","0","9.44200325"
"2013-10-14 14:00:00","8.91021636","4.50828377","0.12180891","0.08084031","0.91318057","3.75976967","45.54370117","1.72901797","22.15213966","78.70126343","1012.39599609","129.41290283","30.21869087","0","9.44200325"
"2013-10-14 15:00:00","5.10618911","2.92856834","0.16044147","0.03279723","0.62214568","3.59223418","49.9239006","1.42233396","21.69643974","82.67134094","1012.13201904","82.53256226","30.21869087","0","9.44200325"
"2013-10-14 16:00:00","8.4835115","6.42132198","0.15851456","0.08676332","1.01525076","3.57859926","50.24396133","1.20587802","20.97117043","88.79216003","1012.25402832","32.87850952","30.21869087","0","9.44200325"
"2013-10-14 17:00:00","11.25644303","9.10216778","0.18647573","0.26698182","1.97434278","3.70432589","53.32640076","0.92825103","20.27206993","97.41812134","1012.74401855","0.28286499","30.21869087","0","9.44200325"
"2013-10-14 18:00:00","21.83066152","16.93719197","0.2675306","0.49645058","2.69687246","4.15245982","48.68209076","0.93376398","19.85190964","99.19229126","1013.14801025","0","30.21869087","0","9.44200325"
"2013-10-14 19:00:00","12.80632744","10.7532161","0.20001186","1.4544717","9.31221237","3.71269986","53.91257095","0.79390699","19.47937965","99.19284058","1013.20202637","0","30.21869087","0","9.44200325"
"2013-10-14 20:00:00","14.02418731","11.9360577","0.17807142","0.50752978","3.28244479","4.15285441","77.64183044","1.11485505","19.75702095","99.19168091","1013.13201904","0","30.21869087","0","9.44200325"
"2013-10-14 21:00:00","13.42498563","11.05541153","0.18048646","0.39071106","2.66211446","3.61360643","112.04959869","0.81250101","19.65377045","99.19319153","1013.21899414","0","30.21869087","0","9.44200325"
"2013-10-14 22:00:00","12.15135463","10.17346902","0.16303942","0.28409387","2.31751519","3.58295304","121.4312973","0.678065","19.71788025","99.19290161","1013.03601074","0","30.21869087","0","9.44200325"
"2013-10-14 23:00:00","8.49648059","6.37203636","0.17170702","0.31217425","2.14463231","4.00983472","123.60739899","0.93570697","19.79154015","99.19033051","1012.8380127","0","30.21869087","0","9.44200325"
"2013-10-15 00:00:00","7.07370021","5.32537697","0.17382849","0.2763606","1.86098084","3.56768583","326.88589478","0.50972903","19.28779984","99.19251251","1012.66601563","0","30.21869087","0","9.44200325"
"2013-10-15 01:00:00","12.2667859","10.39784605","0.15552401","0.31360009","2.30623259","3.75009495","181.35710144","0.368626","18.93630028","99.19332123","1012.64202881","0","31.28055954","0","10.18653965"
"2013-10-15 02:00:00","","","0.16065583","0.45257517","3.70641684","3.81826548","34.62221146","0.76299","19.00209999","99.19235992","1012.14300537","0","31.28055954","0","10.18653965"
"2013-10-15 03:00:00","8.6391483","6.85840136","0.16639346","0.3924664","3.74195285","","888","0.000102","18.81962967","99.19216156","1011.934021","0","31.28055954","0","10.18653965"
"2013-10-15 04:00:00","14.28617529","11.92697952","","0.4480424","4.11548373","2.31006262","132.92680359","0.68971699","18.62080956","99.19358063","1011.72601318","0","31.28055954","0","10.18653965"
"2013-10-15 05:00:00","28.38298992","24.21320472","0.21041182","0.57784008","4.79537976","2.94678191","140.92790222","0.61910301","19.02618027","99.19338989","1011.48699951","0.001018","31.28055954","0","10.18653965"
"2013-10-15 06:00:00","43.81697896","32.52162864","0.30661635","0.66734625","5.68192713","2.88018163","150.47000122","0.84107703","19.21910095","99.19290161","1011.33599854","18.50630951","31.28055954","0","10.18653965"
"2013-10-15 07:00:00","71.74602184","44.51994488","0.49174417","1.15205963","14.08030398","3.38066869","144.04389954","1.09252799","19.92543983","96.49259186","1011.7130127","101.17819977","31.28055954","0","10.18653965"
"2013-10-15 08:00:00","70.63193768","45.35000144","0.48150848","2.41391764","11.96939844","2.94314207","161.30990601","0.93490201","20.9100399","89.91574097","1012.04101563","155.00100708","31.28055954","0","10.18653965"
"2013-10-15 09:00:00","37.79901632","24.67753392","0.28367867","1.9578328","11.78665371","2.45752253","179.08410645","1.30820596","22.79627991","78.21630859","1011.81799316","412.06030273","31.28055954","0","10.18653965"
"2013-10-15 10:00:00","28.75391792","21.2301788","0.30257147","0.9893915","5.22280757","3.43103561","173.10940552","1.076087","23.5296402","70.89167023","1011.51501465","270.49240112","31.28055954","0","10.18653965"
"2013-10-15 11:00:00","37.72379824","27.14047672","0.31507192","1.02526007","4.88689857","3.07634262","194.5368042","1.24217999","24.2851696","67.27735901","1010.96099854","339.72610474","31.28055954","0","10.18653965"
"2013-10-15 12:00:00","47.86613608","33.26610408","0.38688136","1.1113654","5.57389122","2.89338026","193.13760376","1.29923999","24.37014961","65.41201019","1010.15600586","287.04721069","31.28055954","0","10.18653965"
"2013-10-15 13:00:00","22.57771816","16.54680172","0.26013285","1.0417131","5.70254884","2.72513591","247.5933075","0.85161197","24.70404053","64.37898254","1009.57202148","297.51119995","31.28055954","0","10.18653965"
"2013-10-15 14:00:00","21.649098","16.65315481","0.22928132","0.52475064","3.01631115","2.76291136","193.0428009","1.19392204","23.80647087","69.33299255","1009.11401367","160.5585022","31.28055954","0","10.18653965"
"2013-10-15 15:00:00","24.6567696","19.31842736","0.28173661","0.59078344","2.83694286","2.59481957","187.8032074","1.05723","23.31439972","71.76374054","1008.53900146","77.03092957","31.28055954","0","10.18653965"
"2013-10-15 16:00:00","42.00771072","33.41005856","0.34755795","1.18902453","6.10836337","2.65534937","194.41940308","0.89430302","22.49064064","77.64875031","1008.2210083","24.13919067","31.28055954","0","10.18653965"
"2013-10-15 17:00:00","40.11152296","31.65266288","0.34246107","1.08712418","5.98074411","2.60452683","199.40440369","1.591555","21.6710701","87.65907288","1008.84802246","0.037648","31.28055954","0","10.18653965"
"2013-10-15 18:00:00","35.6175008","29.13392792","0.34173295","1.06321248","5.9059102","2.62516176","174.20880127","1.20582604","21.38372993","94.51042938","1008.54901123","0","31.28055954","0","10.18653965"
"2013-10-15 19:00:00","34.78742512","29.829112","0.34412003","1.06770965","5.61720932","2.91917138","160.96910095","1.35427594","21.1414299","98.41290283","1007.80200195","0","31.28055954","0","10.18653965"
"2013-10-15 20:00:00","31.84460856","27.18846792","0.32470065","1.24803698","6.9269965","2.66961178","161.5592041","1.31074297","20.64406967","99.19149017","1007.6630249","0","31.28055954","0","10.18653965"
"2013-10-15 21:00:00","21.01486848","17.90473662","0.25455017","1.09227936","5.38077614","2.98820025","193.17610168","0.89774001","20.37573051","99.19203186","1007.58001709","0","31.28055954","0","10.18653965"
"2013-10-15 22:00:00","14.02807823","11.69352432","0.22809186","0.88145831","3.81367373","2.93252153","193.082901","1.28129196","20.43081093","99.19052887","1006.94000244","0","31.28055954","0","10.18653965"
"2013-10-15 23:00:00","10.11510522","7.80908409","0.19107398","0.59506094","2.61827769","2.47360435","193.68380737","1.043455","20.4334507","99.19068146","1006.13702393","0","31.28055954","0","10.18653965"
"2013-10-16 00:00:00","9.58334552","7.61972534","0.21627876","0.41231926","1.93569373","2.86592126","200.11450195","1.00860906","20.10276031","99.19142151","1005.2800293","0","31.28055954","0","10.18653965"
"2013-10-16 01:00:00","7.23193159","5.43562098","0.18860651","0.35506216","1.86008181","3.1514379","201.3710022","1.14103103","20.07427025","96.47122955","1004.60699463","0","17.25028992","0","0.81454301"
"2013-10-16 02:00:00","7.30974999","5.48749927","0.18941502","0.26599533","1.7237733","3.45576193","200.54640198","1.10749996","19.96364021","93.94287109","1003.55700684","0","17.25028992","0","0.81454301"
"2013-10-16 03:00:00","6.92973617","5.07895267","0.19257101","0.17111432","1.37178147","3.06010825","195.11749268","0.64695102","19.52536964","98.27416992","1002.56500244","0","17.25028992","0","0.81454301"
"2013-10-16 04:00:00","7.75461121","5.8804841","0.18759529","0.27060234","1.31927172","3.3078464","195.92750549","0.42272601","19.16212082","95.31256104","1001.66900635","0","17.25028992","0","0.81454301"
"2013-10-16 05:00:00","16.68947134","14.35621376","0.20046039","0.33455029","1.28397776","3.04963925","211.94920349","0.385589","18.48344994","86.49179077","1001.55401611","0","17.25028992","0","0.81454301"
"2013-10-16 06:00:00","83.62242896","57.42613608","0.37814386","0.53714482","2.88155763","3.02324404","343.5447998","0.40840399","17.89266968","82.91561127","1001.57299805","13.33638","17.25028992","0","0.81454301"
"2013-10-16 07:00:00","94.989116","58.05906544","0.469615","1.16171198","5.77634541","3.89814575","276.5296936","0.43609801","19.91887093","71.50894165","1001.66900635","193.520401","17.25028992","0","0.81454301"
"2013-10-16 08:00:00","64.06664592","42.50962984","0.35091664","2.09099471","10.95271371","4.19503957","229.48620605","0.47652599","22.05623055","57.8882103","1001.40100098","383.07580566","17.25028992","0","0.81454301"
"2013-10-16 09:00:00","39.89105024","27.56847792","0.34399887","1.66178715","8.30408671","4.49557223","194.26550293","1.02943206","23.71895981","51.78802109","1000.55401611","513.1217041","17.25028992","0","0.81454301"
"2013-10-16 10:00:00","32.8912756","23.47392992","0.30196451","1.14087162","5.86194325","3.71412468","194.9723053","1.11843705","24.89764023","48.13016129","999.87542725","604.26641846","17.25028992","0","0.81454301"
"2013-10-16 11:00:00","32.89257576","23.26642056","0.25560217","0.99849569","4.46850274","3.57060666","198.1782074","1.60879695","25.20825005","45.12427139","998.67321777","580.98382568","17.25028992","0","0.81454301"
"2013-10-16 12:00:00","42.57704696","29.52301992","0.33942625","1.07407099","5.71123809","4.14846402","190.17970276","1.70809805","25.48060036","44.0001297","997.47290039","535.55841064","17.25028992","0","0.81454301"
"2013-10-16 13:00:00","29.55156608","24.11982264","0.23112552","1.17597236","6.39291387","3.77617083","198.06440735","0.89322901","22.25139046","65.93617249","997.3626709","46.77859116","17.25028992","0.80000001","0.81454301"
"2013-10-16 14:00:00","21.8047348","18.21730656","0.2316521","0.63718101","3.14406059","3.53298274","221.75660706","0.87542498","18.53668976","93.11382294","997.51031494","25.94322014","17.25028992","1.79999995","0.81454301"
"2013-10-16 15:00:00","25.10941648","21.17958728","0.20709506","0.51312328","2.75679207","3.33227271","257.75570679","0.83330399","18.05223083","99.19412994","997.2913208","45.91473007","17.25028992","1.60000002","0.81454301"
"2013-10-16 16:00:00","24.33253264","20.75028592","0.23298719","0.4847144","2.89530544","2.68053334","258.79830933","1.36605799","17.22059059","99.19419098","997.49511719","8.45136356","17.25028992","0.80000001","0.81454301"
"2013-10-16 17:00:00","35.96896464","31.3374888","0.28914019","0.45191717","2.71762435","2.50531136","258.16110229","0.99951398","16.15011024","99.19480133","998.35900879","0.20451801","17.25028992","0","0.81454301"
"2013-10-16 18:00:00","23.34553912","20.48960384","0.24136121","0.74763738","4.21676574","2.7119383","325.72579956","1.73106301","16.15940094","99.19548035","999.14227295","0","17.25028992","0","0.81454301"
"2013-10-16 19:00:00","25.57374568","22.6814824","0.23986418","0.46135086","2.9574299","2.48725758","298.26980591","1.08537304","16.24101067","99.19541168","999.74230957","0","17.25028992","0","0.81454301"
"2013-10-16 20:00:00","15.7452722","13.49502028","0.22837495","0.53462266","3.31344092","2.34237677","300.42221069","1.23870599","16.30952072","99.19487","1000.09100342","0","17.25028992","0","0.81454301"
"2013-10-16 21:00:00","8.85185256","6.96734712","0.17707651","0.42306895","2.53190083","2.35345089","328.12649536","2.98490405","16.50427055","92.2615509","1000.46899414","0","17.25028992","0","0.81454301"
"2013-10-16 22:00:00","5.6989072","3.9843059","0.17226156","0.34113129","1.20226994","2.34495385","325.25061035","2.57697511","16.52082062","67.16795349","1000.80700684","0","17.25028992","0","0.81454301"
"2013-10-16 23:00:00","3.32544218","1.63289198","0.1747302","0.29670772","0.72668006","1.86024758","333.5552063","2.31900311","16.27029991","61.54510117","1000.90100098","0","17.25028992","0","0.81454301"
"2013-10-17 00:00:00","5.37206801","3.60688666","0.16704353","0.30559223","0.57727157","2.23344896","334.54611206","3.93005896","16.1865406","55.62162018","1001.50201416","0","17.25028992","0","0.81454301"
"2013-10-17 01:00:00","5.11137637","3.52388101","0.16226936","0.44358082","0.41035442","2.57145602","333.37860107","2.28184199","15.59000969","55.14685059","1001.70800781","0","13.14041042","0",""
"2013-10-17 02:00:00","","","0.19859872","0.24603162","0.46716098","1.99177823","323.04901123","2.01601601","15.32668018","56.11117172","1001.61901855","0","13.14041042","0",""
"2013-10-17 03:00:00","12.2149076","10.32002765","0.19107398","0.24076661","0.56897082","","333.13980103","2.8737669","15.22574997","52.96607971","1001.72900391","0","13.14041042","0",""
"2013-10-17 04:00:00","12.55341764","10.70133781","","0.25447781","0.52526423","","334.40570068","3.58073997","15.11802959","53.02204132","1002.02001953","0","13.14041042","0",""
"2013-10-17 05:00:00","13.30177253","10.68836871","2.25023362","0.27652535","0.51021873","","333.06781006","2.97567201","14.96662045","54.30456161","1002.23901367","0","13.14041042","0",""
"2013-10-17 06:00:00","18.97344138","15.75305404","0.18986238","0.37206437","0.89554274","","325.02410889","1.88387704","14.81690979","57.54972076","1002.43701172","10.95543003","13.14041042","0",""
"2013-10-17 07:00:00","18.29901588","13.23173597","0.1859142","0.58091142","1.99470515","","334.85580444","3.29969001","16.17745018","54.84737015","1003.03601074","205.69380188","13.14041042","0",""
"2013-10-17 08:00:00","11.18511014","7.77666039","0.13368142","0.77846062","3.12551356","","331.94799805","5.6612711","17.25831032","51.41960144","1003.375","414.73629761","13.14041042","0",""
"2013-10-17 09:00:00","8.45757139","5.54067582","0.12831194","0.40332491","1.33144623","","331.32870483","6.03884602","17.77857971","51.55059052","1003.53900146","537.82562256","13.14041042","0",""
"2013-10-17 10:00:00","9.7999407","6.48487304","0.11713842","0.39959557","1.08295143","","331.97860718","6.35199213","18.29376984","51.83469009","1003.71099854","619.57562256","13.14041042","0",""
"2013-10-17 11:00:00","10.25388201","6.82338308","0.13265506","0.40650609","1.02601571","","334.66400146","6.03834391","18.72126961","50.90679169","1003.48901367","645.58502197","13.14041042","0",""
"2013-10-17 12:00:00","11.27070846","7.40053749","0.13727428","0.54515268","1.3550508","","336.63720703","5.82994604","18.98756981","51.14801025","1003.32800293","626.44580078","13.14041042","0",""
"2013-10-17 13:00:00","7.78444223","5.00243061","0.12703626","0.4693577","1.14783603","","332.8927002","6.24427891","19.02264977","51.413311","1003.63500977","474.19311523","13.14041042","0",""
"2013-10-17 14:00:00","6.34869084","4.08806441","0.13948429","0.36082855","0.66548005","","334.32141113","6.28882694","18.63824081","55.24148178","1004.30200195","53.46255112","13.14041042","0",""
"2013-10-17 15:00:00","6.1787867","3.8416382","0.12827233","0.36460467","0.72265884","","332.29220581","6.00699186","18.17383957","55.01668167","1004.80200195","34.09951019","13.14041042","0",""
"2013-10-17 16:00:00","9.17868984","6.93492342","0.12143727","0.39093073","0.72512303","","332.61581421","4.74487114","17.61429977","58.99517059","1005.17700195","15.21366978","13.14041042","0",""
"2013-10-17 17:00:00","10.33170041","8.10998126","0.12602155","0.53177099","0.91149439","","335.0921936","3.91987801","17.06945992","62.70301056","1005.58001709","0.117013","13.14041042","0",""
"2013-10-17 18:00:00","9.02045846","6.82857225","0.13664169","0.61217196","1.10733401","","331.42520142","3.42597508","16.86771965","65.85794067","1005.83300781","0","13.14041042","0",""
"2013-10-17 19:00:00","9.01397486","7.02571283","0.13818298","0.56017987","1.09319669","","334.34020996","2.56340504","16.66768074","67.26177216","1006.05200195","0","13.14041042","0",""
"2013-10-17 20:00:00","8.43552412","6.57955337","0.13176849","0.50434861","1.01499143","","332.73410034","2.8587501","16.70255089","68.26889038","1006.34100342","0","13.14041042","0",""
"2013-10-17 21:00:00","6.54583142","4.74173897","0.11169088","0.46167935","0.83121342","","338.02310181","2.49519706","16.54504013","70.96391296","1006.684021","0","13.14041042","0",""
"2013-10-17 22:00:00","4.77546091","3.0050904","0.12503479","0.36164317","0.69101387","","323.50930786","2.24729705","16.28890038","74.05825043","1007.01300049","0","13.14041042","0",""
"2013-10-17 23:00:00","4.44213813","2.77422787","0.11120857","0.27498968","0.569879","","334.66110229","3.32583308","16.75851059","73.19020081","1007.0960083","0","13.14041042","0",""
"2013-10-18 00:00:00","4.82863746","3.1477581","0.11986336","0.24701913","0.48791185","","332.44500732","2.23440003","16.36976051","73.74542236","1007.41900635","0","13.14041042","0",""
"2013-10-18 01:00:00","6.2047268","4.40322893","0.10204934","0.28573937","0.6435454","","334.32949829","2.018677","15.51091957","76.41663361","1007.50500488","0","","0","6.36128092"
"2013-10-18 02:00:00","6.0296354","4.18404107","0.10093444","0.3058119","0.7851718","","334.92950439","1.63051701","15.05249977","82.77310181","1007.32202148","0","","0","6.36128092"
"2013-10-18 03:00:00","6.03611899","4.0815789","0.1059719","0.32029093","0.78828484","","334.85281372","1.85059905","14.86215973","84.96253967","1007.54400635","0","","0","6.36128092"
"2013-10-18 04:00:00","6.61586798","4.64446597","0.09615328","0.28332603","0.78257845","","307.40390015","1.45588195","14.43107986","87.06790161","1007.73199463","0","","0","6.36128092"
"2013-10-18 05:00:00","22.60626432","18.59213122","0.11556334","0.41681643","1.49693654","","263.03250122","0.71168101","13.56422997","91.57875061","1007.92700195","0","","0","6.36128092"
"2013-10-18 06:00:00","84.29554856","56.42357888","0.21702436","0.78087396","4.87639296","","260.97509766","0.57770503","13.2767601","94.18592072","1008.27502441","14.29994965","","0","6.36128092"
"2013-10-18 07:00:00","110.48926024","60.13811688","0.33649278","1.88576717","7.82253924","","254.88110352","0.55739099","15.95516014","78.67453003","1009.04699707","203.51530457","","0","6.36128092"
"2013-10-18 08:00:00","12.71553994","8.52890429","0.30589522","2.18971389","9.08680347","","336.21600342","2.55774403","18.71121979","57.383461","1009.55200195","408.16540527","","0","6.36128092"
"2013-10-18 09:00:00","6.68849722","3.900002","0.18583498","0.77133043","2.35214404","","336.83270264","2.68060803","19.43811989","54.14482117","1009.69299316","525.62371826","","0","6.36128092"
"2013-10-18 10:00:00","5.13602014","2.5706037","0.15966092","0.58321492","1.20316287","","337.34030151","2.97716498","19.74603081","48.86901093","1009.8460083","627.91412354","","0","6.36128092"
"2013-10-18 11:00:00","6.24104142","3.44476436","0.11627749","0.44632265","1.18981983","","338.25961304","2.69780588","20.04001999","48.62569046","1009.73101807","669.88391113","","0","6.36128092"
"2013-10-18 12:00:00","7.87912065","4.61333861","0.13123376","0.59988762","2.25876412","","335.59420776","2.83464098","20.00004959","48.35110092","1009.31500244","638.76257324","","0","6.36128092"
"2013-10-18 13:00:00","4.34875605","2.30731747","0.11449387","0.54109383","1.46256804","","334.80200195","2.61965108","19.96030998","47.03398132","1009.51300049","479.25720215","","0","6.36128092"
"2013-10-18 14:00:00","4.13216086","2.04792217","0.10344851","0.40365442","0.70099979","","335.9822998","2.39556098","19.33263969","49.20261002","1009.69000244","41.35021973","","0","6.36128092"
"2013-10-18 15:00:00","3.95058587","2.02328031","0.1005395","0.32423994","0.6904952","","335.44540405","2.53660011","19.06858063","50.31739044","1009.79400635","28.89904976","","0","6.36128092"
"2013-10-18 16:00:00","7.93618811","6.12561206","0.11691125","0.40475075","0.87855274","","335.94949341","1.78106296","18.47842979","54.06301117","1009.96600342","11.03479004","","0","6.36128092"
"2013-10-18 17:00:00","21.88643456","19.61413728","0.13845792","0.67974043","1.47346214","","330.39300537","0.64077902","17.15954018","59.49225998","1010.59802246","0","","0","6.36128092"
"2013-10-18 18:00:00","37.39177944","33.77970552","0.2313958","1.19648423","4.2168949","","323.13650513","0.36099201","16.16596985","65.13619995","1011.17199707","0","","0","6.36128092"
"2013-10-18 19:00:00","30.68379512","28.42578048","0.2672044","1.78441498","7.37016341","","354.03091431","0.50828898","15.73680019","69.14170074","1011.50402832","0","","0","6.36128092"
"2013-10-18 20:00:00","18.43779266","16.24979546","0.19021771","1.30902443","5.04447764","","9.53768921","0.60350603","15.45454979","71.63214111","1011.85699463","0","","0","6.36128092"
"2013-10-18 21:00:00","16.14992788","14.21224781","0.14588014","1.09611853","3.31227442","","338.92221069","0.60222501","15.00887966","74.80796051","1012.3460083","0","","0","6.36128092"
"2013-10-18 22:00:00","48.39790152","44.45120848","0.21212903","1.12759977","3.27479288","","264.42840576","0.39886001","13.69108009","83.66577148","1012.76300049","0","","0","6.36128092"
"2013-10-18 23:00:00","20.30932136","18.0694516","0.21678786","1.83827225","6.35672901","","2.05981398","0.459389","14.48188972","84.57346344","1012.86199951","0","","0","6.36128092"
"2013-10-19 00:00:00","27.6294516","23.1276476","0.15922521","1.19725206","4.00601182","","321.33889771","0.363915","13.71000957","86.52584076","1013.04602051","0","","0","6.36128092"
"2013-10-19 01:00:00","51.51710008","45.3953732","0.25326751","1.5421127","5.50774656","","261.64120483","0.43796799","12.86744976","95.08683014","1013.33300781","0","26.47686958","0","15.97502995"
"2013-10-19 02:00:00","","","0.21141838","1.71465285","6.80651048","","332.7979126","0.53570902","13.11911011","99.10459137","1013.36700439","0","26.47686958","0","15.97502995"
"2013-10-19 03:00:00","28.449126","25.54261832","0.15569177","1.10335856","4.32493081","","312.74060059","0.41725099","12.87551975","99.20349121","1013.66601563","0","26.47686958","0","15.97502995"
"2013-10-19 04:00:00","27.39209592","23.38832968","","1.21326575","4.93501487","","290.96279907","0.33585101","11.89336014","99.20761871","1014.02001953","0","26.47686958","0","15.97502995"
"2013-10-19 05:00:00","","","","","","","","","","","","","26.47686958","","15.97502995"
"2013-10-19 06:00:00","","","","","","","","0.49728099","","","","","26.47686958","0","15.97502995"
"2013-10-19 07:00:00","67.43100112","47.70531776","1.48134527","0.28804288","0.99229504","","338.66650391","0.39291701","15.47130013","88.04685974","1015.5960083","159.15750122","26.47686958","0","15.97502995"
"2013-10-19 08:00:00","24.93303448","18.3029068","0.43787457","","","","355.12640381","0.74427998","18.58769989","72.83969879","1016.02001953","402.50500488","26.47686958","0","15.97502995"
"2013-10-19 09:00:00","10.34596584","7.00495998","0.08580924","","","","52.64886093","1.31250799","20.1392498","66.77391052","1016.30700684","497.97909546","26.47686958","0","15.97502995"
"2013-10-19 10:00:00","7.44852486","4.58999309","0.04365488","","","","64.55123138","1.39498496","21.48718071","58.20933151","1016.50500488","574.73242188","26.47686958","0","15.97502995"
"2013-10-19 11:00:00","9.34210848","6.26827786","0.06365211","","","","74.07260895","1.45694804","21.97212029","57.76678085","1016.45501709","581.29730225","26.47686958","0","15.97502995"
"2013-10-19 12:00:00","10.83622367","7.01792908","0.07204593","","","","57.89004135","1.43387699","22.65879059","49.33353043","1016.27301025","545.83642578","26.47686958","0","15.97502995"
"2013-10-19 13:00:00","5.9907262","3.77160164","0.05976334","","","","55.94818115","1.28603697","21.93806076","50.85686111","1016.20800781","373.13580322","26.47686958","0","15.97502995"
"2013-10-19 14:00:00","6.70017189","4.37728882","0.0504911","","","","46.5439415","1.37208295","20.86033058","54.50400162","1016.21002197","95.78347015","26.47686958","0","15.97502995"
"2013-10-19 15:00:00","8.73512496","6.0944847","0.05128447","","","","52.79639053","1.42976701","19.7979908","61.98962021","1016.36901855","59.35184097","26.47686958","0","15.97502995"
"2013-10-19 16:00:00","10.39914238","8.19039425","0.068622","","","","50.97195053","0.83575797","18.98907089","68.34011078","1016.70300293","19.72425079","26.47686958","0","15.97502995"
"2013-10-19 17:00:00","38.01172632","33.03653024","0.167993","","","","134.1072998","0.65326202","18.25105095","74.09896088","1017.11102295","0","26.47686958","0","15.97502995"
"2013-10-19 18:00:00","56.66611608","49.10861104","0.30772543","","","","130.62350464","0.54535103","17.72513962","80.43827057","1017.42602539","0","26.47686958","0","15.97502995"
"2013-10-19 19:00:00","81.25026792","61.96296792","0.40170132","","","","133.68469238","0.50334901","17.51818085","81.41290283","1017.57800293","0","26.47686958","0","15.97502995"
"2013-10-19 20:00:00","64.29621976","53.47556168","0.34786318","","","","130.38380432","0.71820998","17.0866909","77.68836975","1018.01300049","0","26.47686958","0","15.97502995"
"2013-10-19 21:00:00","54.75178344","49.1916492","0.29142242","","","","117.85479736","0.44377401","16.83955956","77.4129715","1018.46099854","0","26.47686958","0","15.97502995"
"2013-10-19 22:00:00","78.62518752","63.60491704","0.32238696","","","","111.5","0.67610902","16.23138046","74.52496338","1018.67700195","0","26.47686958","0","15.97502995"
"2013-10-19 23:00:00","98.53503472","63.36628032","0.51863121","","","","169.32780457","0.55335599","15.20722961","79.21829224","1018.75","0","26.47686958","0","15.97502995"
"2013-10-20 00:00:00","45.14377312","39.88064896","0.30776504","","","","148.728302","0.50395799","16.50452995","72.48181152","1018.68103027","0","26.47686958","0","15.97502995"
"2013-10-20 01:00:00","37.63297824","34.53972552","0.20561784","","","","143.4178009","0.54827899","16.87010002","59.7467804","1018.67401123","0","16.03689957","0","10.46912956"
"2013-10-20 02:00:00","26.15218304","23.11726544","0.1806216","","","","145.957901","0.78707099","16.69330978","68.86608124","1018.66101074","0","16.03689957","0","10.46912956"
"2013-10-20 03:00:00","16.10323684","13.94117974","0.13055107","","","","143.37590027","1.15869701","16.6591301","70.72914124","1018.62701416","0","16.03689957","0","10.46912956"
"2013-10-20 04:00:00","13.47816026","11.5275111","0.06525981","","","","140.21510315","1.19857705","16.35659981","84.80490112","1018.7130127","0","16.03689957","0","10.46912956"
"2013-10-20 05:00:00","10.42637882","8.40050393","0.0682457","","","","148.82580566","1.410272","16.51139069","93.96472168","1018.67401123","0","16.03689957","0","10.46912956"
"2013-10-20 06:00:00","13.42109471","11.03336234","0.07143081","","","","133.44290161","1.06955802","16.37693977","97.13314056","1019.04400635","14.50244045","16.03689957","0","10.46912956"
"2013-10-20 07:00:00","16.13047328","12.10336726","0.11676679","","","","148.32550049","1.542786","17.70273972","87.14964294","1019.65301514","198.69030762","16.03689957","0","10.46912956"
"2013-10-20 08:00:00","17.59216478","11.96977964","0.12646308","","","","160.48860168","1.72029603","19.8622303","70.60533142","1020.01300049","397.02990723","16.03689957","0","10.46912956"
"2013-10-20 09:00:00","12.54304122","8.26172906","0.06320824","","","","156.44970703","2.86530399","21.39566994","60.13187027","1020.10900879","522.4776001","16.03689957","0","10.46912956"
"2013-10-20 10:00:00","13.20320128","8.69621576","0.09401084","","","","155.41650391","2.99521494","22.53857994","54.59183121","1020.14001465","612.16210938","16.03689957","0","10.46912956"
"2013-10-20 11:00:00","13.15002665","8.94912556","0.10759824","","","","157.8079071","2.74638891","23.48283958","50.39513016","1019.73199463","618.25701904","16.03689957","0","10.46912956"
"2013-10-20 12:00:00","12.16821656","8.35251655","0.08979937","","","","158.30160522","2.41689491","23.96315956","46.49728012","1019.21600342","548.43902588","16.03689957","0","10.46912956"
"2013-10-20 13:00:00","8.89465268","6.21510322","0.07271814","","","","163.57200623","2.24266791","24.06435966","44.22248077","1018.91900635","399.07611084","16.03689957","0","10.46912956"
"2013-10-20 14:00:00","7.73645294","5.02318346","0.06552193","","","","153.75750732","2.53482294","23.22546959","48.91574097","1018.76800537","126.10179901","16.03689957","0","10.46912956"
"2013-10-20 15:00:00","8.54576622","5.87918586","0.06180092","","","","146.86500549","3.05384898","22.40422058","57.44586182","1018.57702637","41.50590134","16.03689957","0","10.46912956"
"2013-10-20 16:00:00","14.13832033","10.79731447","0.07166381","","","","144.79460144","2.554986","21.24024963","67.27500153","1018.74401855","16.49468994","16.03689957","0","10.46912956"
"2013-10-20 17:00:00","22.09654424","18.49226363","0.1024303","","","","142.42410278","1.85269296","20.07880974","74.86289978","1019.07800293","0.003053","16.03689957","0","10.46912956"
"2013-10-20 18:00:00","28.2065888","23.80596784","0.13162986","","","","143.36470032","1.88071597","19.19079971","82.5819397","1019.27301025","0","16.03689957","0","10.46912956"
"2013-10-20 19:00:00","32.78881152","26.98225872","0.18438688","","","","136.0124054","1.71456897","18.4562397","89.44274139","1019.32202148","0","16.03689957","0","10.46912956"
"2013-10-20 20:00:00","24.64640656","20.32228472","0.14376799","","","","139.8894043","1.66137803","18.0178299","95.04579163","1019.52099609","0","16.03689957","0","10.46912956"
"2013-10-20 21:00:00","18.40147805","15.62465368","0.13178247","","","","136.52870178","1.541978","17.76663971","98.4450531","1019.46801758","0","16.03689957","0","10.46912956"
"2013-10-20 22:00:00","18.536362","15.46382962","0.10949952","","","","139.53700256","1.58717203","17.50691986","99.19412994","1019.17102051","0","16.03689957","0","10.46912956"
"2013-10-20 23:00:00","12.84134572","10.46399169","0.09993137","","","","146.16610718","1.84630406","17.29804993","99.19419098","1018.95300293","0","16.03689957","0","10.46912956"
"2013-10-21 00:00:00","8.65989923","6.47320028","0.07844411","","","","141.56719971","1.57374799","17.17424965","99.19434357","1018.64501953","0","16.03689957","0","10.46912956"
"2013-10-21 01:00:00","5.03485622","3.52647368","0.02239014","","","","143.70230103","1.24394095","17.04490089","99.19419098","1018.13800049","0","22.24908066","0","13.33318996"
"2013-10-21 02:00:00","","","0.05695685","","","","144.14570618","1.35402298","16.92477036","99.19419098","1017.48699951","0","22.24908066","0","13.33318996"
"2013-10-21 03:00:00","7.41350658","5.62368147","0.03733709","","","","138.91220093","1.219239","16.71367073","99.19412994","1017.27001953","0","22.24908066","0","13.33318996"
"2013-10-21 04:00:00","10.7493271","8.51723153","","","","","144.21850586","1.21826601","16.65715981","99.19419098","1016.99499512","0","22.24908066","0","13.33318996"
"2013-10-21 05:00:00","19.45720032","16.15771163","","","","","141.89610291","1.04777801","16.53668976","99.19412994","1016.9710083","0","22.24908066","0","13.33318996"
"2013-10-21 06:00:00","49.5625772","37.88203536","0.77855785","","","","144.59710693","0.96422303","16.79141045","99.19434357","1017.21002197","14.41594982","22.24908066","0","13.33318996"
"2013-10-21 07:00:00","93.35622976","55.9411048","0.46797002","","","","145.50750732","1.09458399","18.30401993","93.95658112","1017.50402832","183.3657074","22.24908066","0","13.33318996"
"2013-10-21 08:00:00","64.07184656","41.18283568","0.44354346","","","","149.84150696","1.37602699","20.16123962","81.13008881","1017.70599365","309.07611084","22.24908066","0","13.33318996"
"2013-10-21 09:00:00","38.54607296","27.05487648","0.22310449","","","","156.92460632","1.52512896","22.21413994","68.91751099","1017.70800781","449.74139404","22.24908066","0","13.33318996"
"2013-10-21 10:00:00","36.51761304","27.42970496","0.19394338","","","","196.80270386","1.164428","22.75374985","64.66638184","1017.8380127","393.37710571","22.24908066","0","13.33318996"
"2013-10-21 11:00:00","25.83702808","18.57138028","0.15009627","","","","186.14070129","1.412516","24.22023964","56.35028076","1017.25201416","593.19891357","22.24908066","0","13.33318996"
"2013-10-21 12:00:00","32.64483792","23.62826656","0.15097235","","","","189.01130676","1.41822398","24.21080971","54.15879059","1016.55603027","458.46560669","22.24908066","0","13.33318996"
"2013-10-21 13:00:00","17.34184765","13.22784505","0.07756104","0.39751174","0.44342624","","242.20230103","0.93318403","24.38434029","53.79608154","1016.18902588","459.16870117","22.24908066","0","13.33318996"
"2013-10-21 14:00:00","16.35355397","13.02292262","","1.26010368","1.43001489","","189.76620483","1.05569601","23.44668007","57.13594055","1015.72802734","80.82315063","22.24908066","0","13.33318996"
"2013-10-21 15:00:00","20.37287624","16.95794482","0.18871253","0.56336105","3.54715159","","191.35890198","1.30310202","22.86413002","59.09896088","1015.58300781","56.71448135","22.24908066","0","13.33318996"
"2013-10-21 16:00:00","38.18552712","32.52290968","0.25426941","0.64310402","3.71705161","","192.3065033","0.85585999","21.7009201","65.04206085","1015.86700439","13.10439014","22.24908066","0","13.33318996"
"2013-10-21 17:00:00","64.69697496","55.55331296","0.40382395","1.20087157","6.31691244","","200.83810425","0.77425802","20.55433083","74.2898407","1016.14300537","0","22.24908066","0","13.33318996"
"2013-10-21 18:00:00","47.26305304","43.23334096","0.36072128","2.02145225","10.04732336","","277.27160645","0.35182899","19.47293091","84.20748901","1016.51702881","0","22.24908066","0","13.33318996"
"2013-10-21 19:00:00","73.6811188","67.48807432","0.4492939","1.76313527","8.95308831","","188","0.34187999","18.69420052","92.22303009","1016.70300293","0","22.24908066","0","13.33318996"
"2013-10-21 20:00:00","83.98299392","69.64492504","0.50159192","2.24148732","10.69267698","","326.5328064","0.43938199","18.32105064","96.19602966","1016.95202637","0","22.24908066","0","13.33318996"
"2013-10-21 21:00:00","78.80415072","60.52460856","0.49200047","3.06832053","13.6292238","","186.21130371","0.39701399","17.96594048","99.1770401","1016.84802246","0","22.24908066","0","13.33318996"
"2013-10-21 22:00:00","35.18819944","32.86141016","0.2998978","2.57702512","13.80574449","","161.81030273","0.253463","17.64867973","99.19406128","1016.60601807","0","22.24908066","0","13.33318996"
"2013-10-21 23:00:00","39.92087744","37.64337952","0.36766818","1.83794274","9.26254005","","888","0","17.09230995","99.19425964","1016.48602295","0","22.24908066","0","13.33318996"
"2013-10-22 00:00:00","34.23881496","31.22722376","0.32444784","2.24784968","13.3917543","","328.52490234","0.28998801","16.58959961","99.19441223","1016.26800537","0","22.24908066","0","13.33318996"
"2013-10-22 01:00:00","20.63485848","18.45465268","0.27870179","2.17232929","11.5426449","","339.92980957","0.348735","16.39266968","99.19441223","1016","0","20.63286972","0","13.42070007"
"2013-10-22 02:00:00","9.72601322","7.86226063","0.19435346","1.78638898","8.02525175","","328.0368042","0.431021","16.15567017","99.19434357","1015.79302979","0","20.63286972","0","13.42070007"
"2013-10-22 03:00:00","8.32138919","6.4576366","0.15098633","1.07999501","4.90842744","","324.9382019","0.436847","16.11849976","99.19425964","1015.54101563","0","20.63286972","0","13.42070007"
"2013-10-22 04:00:00","10.01653589","8.15148696","0.17494922","1.07516833","4.80402324","","335.46340942","0.35498399","16.93643951","99.19419098","1015.44000244","0","20.63286972","0","13.42070007"
"2013-10-22 05:00:00","12.98141884","10.36671869","0.15283053","1.22302895","3.92715669","","328.40960693","0.55116701","16.83740044","99.19412994","1015.37701416","0","20.63286972","0","13.42070007"
"2013-10-22 06:00:00","43.96613408","34.1895236","0.30269962","1.25275382","3.66660027","","298.8901062","0.22856501","16.69502068","99.19419098","1015.48602295","15.52604008","20.63286972","0","13.42070007"
"2013-10-22 07:00:00","92.20709864","51.76613808","0.45821431","2.10799692","8.18763004","","273.95980835","0.32690701","17.21442032","99.19052887","1015.74200439","143.81660461","20.63286972","0","13.42070007"
"2013-10-22 08:00:00","36.48472664","25.33740336","0.28582227","2.53796418","12.11361921","","335.46490479","0.628537","18.53679085","99.1735611","1015.94000244","218.20350647","20.63286972","0","13.42070007"
"2013-10-22 09:00:00","12.4322064","8.66457216","0.23247342","1.08130898","5.53540184","","60.87253952","0.76564002","19.98870087","92.51332092","1015.85601807","227.54530334","20.63286972","0","13.42070007"
"2013-10-22 10:00:00","9.23834998","6.34220534","0.25959812","0.51465895","2.33567271","","341.22549438","1.02754605","20.61923981","77.94458008","1015.63800049","299.05981445","20.63286972","0","13.42070007"
"2013-10-22 11:00:00","11.54826203","7.85577513","0.25138836","0.54679819","2.5461673","","340.15231323","1.09138095","22.04883957","67.35169983","1015.17901611","524.55621338","20.63286972","0","13.42070007"
"2013-10-22 12:00:00","13.31863254","10.34337317","0.28529336","0.37008935","2.06837155","","347.38800049","1.25345194","22.52448082","63.07394028","1014.54400635","568.16741943","20.63286972","0","13.42070007"
"2013-10-22 13:00:00","8.97117474","6.46282386","0.22888988","0.38884588","4.45293959","","334.82229614","1.74329603","22.00488091","64.0484314","1014.09802246","431.48339844","20.63286972","0","13.42070007"
"2013-10-22 14:00:00","4.87792117","3.00119948","0.19186618","0.31239291","23.10082956","","340.88531494","1.59472501","20.97286034","70.29534149","1014.07000732","52.777771","20.63286972","0","13.42070007"
"2013-10-22 15:00:00","7.81427326","5.64313607","0.2487042","0.2485548","1.40135176","","333.29940796","1.37692404","20.20960045","76.21501923","1014.00701904","33.4371109","20.63286972","0","13.42070007"
"2013-10-22 16:00:00","11.21104833","8.92837462","0.25146758","0.39455024","1.82415629","3.20786717","46.38108063","1.153759","19.44573021","81.34484863","1014.08300781","12.05636978","20.63286972","0","13.42070007"
"2013-10-22 17:00:00","15.81920159","13.67140993","0.27333347","0.56568184","2.91024212","2.39503093","55.88537979","0.94097602","18.42097092","88.80579376","1014.24700928","0","20.63286972","0","13.42070007"
"2013-10-22 18:00:00","18.26399569","15.05657936","0.32231706","0.91271885","4.22519566","2.63253908","53.37717056","0.86536598","17.75159073","95.10906982","1014.46899414","0","20.63286972","0","13.42070007"
"2013-10-22 19:00:00","15.76732138","13.80240487","0.28951648","1.38657373","6.52870371","2.57303034","51.80297089","0.710805","17.46619987","98.85475159","1014.70300293","0","20.63286972","0","13.42070007"
"2013-10-22 20:00:00","15.23815626","13.33549256","0.25111226","0.9720608","6.09176186","2.41516448","67.95555115","0.32234401","17.06987","99.19480133","1014.88500977","0","20.63286972","0","13.42070007"
"2013-10-22 21:00:00","44.04265232","36.69917656","0.40129707","0.83736322","5.97153517","2.61204856","274.79980469","0.42002401","16.37322044","99.1947403","1014.98699951","0","20.63286972","0","13.42070007"
"2013-10-22 22:00:00","42.307302","38.80287368","0.35191971","1.61670049","9.85602362","2.41391866","281.01620483","0.34868601","15.88562965","99.19493866","1015.04101563","0","20.63286972","0","13.42070007"
"2013-10-22 23:00:00","33.905496","31.24020624","0.32200134","1.82686456","8.05002384","2.17177909","277","0.198413","15.64231014","99.19535065","1015.09002686","0","20.63286972","0","13.42070007"
"2013-10-23 00:00:00","29.19230128","27.07174032","0.32567226","1.73439689","8.73520115","2.27690028","306","0.21978","15.53472996","99.19624329","1015.07000732","0","20.63286972","0","13.42070007"
"2013-10-23 01:00:00","28.65015368","26.39990176","0.28785869","1.60178314","9.7479867","2.47378538","888","0","15.35002041","99.19615936","1014.83001709","0","26.95182991","0","17.47101974"
"2013-10-23 02:00:00","","","0.26745255","1.34127248","9.63657943","2.3494195","888","0","15.16075993","99.19676971","1014.51501465","0","26.95182991","0.2","17.47101974"
"2013-10-23 03:00:00","49.17346608","37.27375168","0.29820039","1.21052391","8.9154766","","888","0","14.94390011","99.19792175","1014.30999756","0","26.95182991","0","17.47101974"
"2013-10-23 04:00:00","49.50678504","34.32311504","","1.61450682","12.93523317","2.35603814","139.0625","0.32356501","15.04448986","99.19644165","1014.27001953","0","26.95182991","0","17.47101974"
"2013-10-23 05:00:00","46.84541488","39.1738208","0.3438649","1.73626206","13.84338366","2.05049167","888","0","15.16246033","99.19535065","1014.11199951","0","26.95182991","0","17.47101974"
"2013-10-23 06:00:00","331.8306592","59.59208792","1.2467131","2.25377268","13.76825787","5.31106893","888","0","14.84383965","99.19664001","1014.22302246","14.11884022","26.95182991","0","17.47101974"
"2013-10-23 07:00:00","668.6784064","99.25486448","3.01993281","6.29755486","30.33896094","12.7670112","135.71420288","0.226757","16.29107094","99.18843079","1014.53399658","161.92810059","26.95182991","0","17.47101974"
"2013-10-23 08:00:00","290.9436864","79.64720888","1.44345481","14.50982376","78.75815805","5.85923905","294.18280029","0.37523499","19.07954979","92.82106018","1014.64202881","353.83590698","26.95182991","0","17.47101974"
"2013-10-23 09:00:00","99.11091","54.26410872","0.60641978","6.31203287","36.20065401","3.1438043","312.45379639","0.59521902","20.91086006","72.31610107","1014.75500488","464.11270142","26.95182991","0","17.47101974"
"2013-10-23 10:00:00","49.8621876","36.38792208","0.4131323","2.43761069","11.96563554","3.82629266","126.76029968","0.64985502","22.57826996","64.86013031","1014.63702393","564.01202393","26.95182991","0","17.47101974"
"2013-10-23 11:00:00","40.963644","31.13646112","0.3585404","1.83882041","9.00989386","3.52800656","172.59910583","0.758753","23.93243027","56.27437973","1014.33001709","591.06011963","26.95182991","0","17.47101974"
"2013-10-23 12:00:00","43.87013256","32.19869184","0.37732719","1.4018206","7.2346329","3.76881487","170.82620239","0.88777","24.54829025","52.22724152","1013.7210083","550.97570801","26.95182991","0","17.47101974"
"2013-10-23 13:00:00","24.68141528","19.08238905","0.25725181","1.27929854","6.63271942","3.57096668","62.58514023","1.62653995","24.75675011","54.02944183","1013.40899658","418.85931396","26.95182991","0","17.47101974"
"2013-10-23 14:00:00","9.64689849","7.15670586","0.16566417","0.64628519","3.43885634","2.29371943","77.54209137","1.892295","23.10663033","66.56124115","1013.31402588","53.01791","26.95182991","0","17.47101974"
"2013-10-23 15:00:00","9.64819482","7.54709611","0.18198349","0.43162497","1.7881016","1.99301388","77.0490799","1.50709999","22.32159996","66.24786377","1013.15301514","33.80952072","26.95182991","0","17.47101974"
"2013-10-23 16:00:00","24.00699552","20.34044872","0.226709","0.53330666","2.26849071","1.73950019","105.86959839","1.17095304","21.5737896","69.58580017","1013.125","11.88033962","26.95182991","0","17.47101974"
"2013-10-23 17:00:00","45.49137472","40.3320148","0.38304152","1.03688642","4.84578533","1.87079387","181.66900635","0.85530299","20.33740044","81.36534119","1013.53601074","0","26.95182991","0","17.47101974"
"2013-10-23 18:00:00","56.73613352","49.40175888","0.45728114","2.14375464","8.39423359","2.2186933","196.74690247","0.64992601","19.15830994","94.65419006","1014.14202881","0","26.95182991","0","17.47101974"
"2013-10-23 19:00:00","50.81285312","45.16193712","0.34744145","2.53797638","11.34530622","1.86171715","199.33320618","0.50624597","18.50156021","99.19400024","1014.43701172","0","26.95182991","0","17.47101974"
"2013-10-23 20:00:00","49.6222316","44.61720832","0.35981491","1.9535553","8.84375573","1.61909654","196.29100037","0.55675101","18.01823997","99.19412994","1014.72900391","0","26.95182991","0","17.47101974"
"2013-10-23 21:00:00","36.30360288","33.35558568","0.29100069","2.05929482","9.36668492","1.68504391","195.15640259","0.524813","17.59128952","99.19419098","1014.85699463","0","26.95182991","0","17.47101974"
"2013-10-23 22:00:00","34.01186056","30.57098712","0.25922415","1.84342742","8.21966452","1.62938147","163.54820251","0.88023698","17.50893974","99.19434357","1014.86700439","0","26.95182991","0","17.47101974"
"2013-10-23 23:00:00","22.41171832","20.13682072","0.18851914","1.45589754","6.27813423","1.51623818","155.5092926","0.76731098","17.14908981","99.19441223","1014.85699463","0","26.95182991","0","17.47101974"
"2013-10-24 00:00:00","14.15388401","12.06186347","0.13644364","0.91502236","4.21819259","1.80726392","158.36630249","1.18359804","17.05447006","99.19425964","1014.61999512","0","26.95182991","0","17.47101974"
"2013-10-24 01:00:00","9.03083488","7.1061239","0.09973099","0.86994078","3.24664843","1.59912978","155.86790466","1.19784796","16.85666084","99.19441223","1014.17901611","0","18.8386898","0","11.26142979"
"2013-10-24 02:00:00","8.48740242","6.60419522","0.09770273","0.51762046","2.38910691","1.36800331","157.00880432","1.01109004","16.69481087","99.19454193","1014.23101807","0","18.8386898","0.2","11.26142979"
"2013-10-24 03:00:00","5.60941604","3.74306886","0.09675442","0.43732831","2.13503488","1.35408668","151.43870544","1.07909095","16.61429977","99.19467163","1014.3170166","0","18.8386898","0","11.26142979"
"2013-10-24 04:00:00","7.65863454","5.7118763","0.09910888","0.38621389","1.85709895","1.20827228","146.97210693","0.92202598","16.4146595","99.19441223","1014.24902344","0","18.8386898","0","11.26142979"
"2013-10-24 05:00:00","17.53250464","14.90612982","0.12911928","0.43294097","2.1098743","1.3976509","145.4730072","0.79960698","16.40155983","99.19467163","1014.22900391","0","18.8386898","0","11.26142979"
"2013-10-24 06:00:00","54.1629448","41.29434352","0.25930687","0.63959435","3.1836168","1.51563408","145.02360535","0.96430099","16.35320091","99.19480133","1014.4710083","11.76231003","18.8386898","0","11.26142979"
"2013-10-24 07:00:00","91.43797752","57.52469968","0.5175862","1.48430642","7.24306281","1.71106182","145.7230072","1.19688594","17.67539978","98.18701172","1014.85400391","170.45570374","18.8386898","0","11.26142979"
"2013-10-24 08:00:00","52.16561224","35.28160064","0.29461802","2.61782919","12.12126705","1.7788286","156.16700745","1.80166197","19.47311974","85.95101166","1015.17901611","366.39291382","18.8386898","0","11.26142979"
"2013-10-24 09:00:00","35.15449088","24.00829568","0.21766511","1.4158613","8.74648476","1.67475899","158.26870728","1.90981698","21.40299988","75.29975128","1015.21801758","491.32769775","18.8386898","0","11.26142979"
"2013-10-24 10:00:00","28.59828112","19.75681072","0.21071705","0.99619218","5.27942498","1.98635762","160.08050537","1.74996996","22.71055031","67.86277008","1015.24102783","570.14141846","18.8386898","0","11.26142979"
"2013-10-24 11:00:00","25.04716176","18.21082106","0.21939164","1.01955572","5.26807119","1.62696202","178.16740417","1.69151604","23.37170982","61.95808029","1014.85400391","543.62030029","18.8386898","0","11.26142979"
"2013-10-24 12:00:00","29.34273744","20.47922168","0.2685558","1.20558841","5.52564474","1.92887881","189.77049255","1.56948996","24.29663086","55.71889114","1014.28399658","553.07281494","18.8386898","0","11.26142979"
"2013-10-24 13:00:00","19.39364544","14.30174088","0.15818254","0.97436431","5.37468025","2.11523084","191.66940308","1.52557302","24.27194023","54.79948044","1013.82501221","434.49819946","18.8386898","0","11.26142979"
"2013-10-24 14:00:00","17.86582551","13.59488786","0.16780078","0.53286732","3.22732441","1.7231631","191.60890198","1.42882705","23.19202995","60.62664032","1013.6920166","58.89194107","18.8386898","0","11.26142979"
"2013-10-24 15:00:00","25.31044416","20.5985496","0.15942093","0.50171559","2.90425504","1.39280998","194.44740295","1.46015203","22.55779076","62.78950119","1013.61199951","32.26699066","18.8386898","0","11.26142979"
"2013-10-24 16:00:00","45.07245552","38.05971752","0.28689057","0.85337792","4.0995209","1.45815324","193.86430359","1.02468503","21.70660973","65.00337982","1013.71099854","10.00203037","18.8386898","0","11.26142979"
"2013-10-24 17:00:00","62.11340408","52.09035592","0.36573428","1.39655559","7.86300364","1.55072567","178.84080505","0.55119503","20.34350967","72.74845886","1014.10900879","0","18.8386898","0","11.26142979"
"2013-10-24 18:00:00","85.02834168","69.1404056","0.51458516","1.9578328","10.05601261","1.59005408","181.54490662","0.45957899","19.38129044","78.11341095","1014.45001221","0","18.8386898","0","11.26142979"
"2013-10-24 19:00:00","61.96813032","53.04626032","0.37596997","2.72455622","14.39092629","1.40309591","159.01800537","1.08272696","19.33584023","82.37110138","1014.58300781","0","18.8386898","0","11.26142979"
"2013-10-24 20:00:00","39.61088488","34.60846192","0.25622428","2.16744769","10.16352883","1.41398493","147.34350586","1.28214598","18.66978073","92.79174042","1014.64599609","0","18.8386898","0","11.26142979"
"2013-10-24 21:00:00","23.85524008","20.79957728","0.20932021","1.59059512","7.11388652","1.69593598","146.8717041","1.27240896","18.32933044","99.16300201","1014.50201416","0","18.8386898","0","11.26142979"
"2013-10-24 22:00:00","16.55198898","13.93080523","0.14635429","1.24079797","4.94240745","1.55617069","146.11410522","1.33850801","18.03778076","99.19419098","1014.54602051","0","18.8386898","0","11.26142979"
"2013-10-24 23:00:00","11.3783598","9.10735694","0.1095834","0.7359012","3.37180451","1.34440586","154.14750671","1.34163594","17.88013077","99.19400024","1014.60400391","0","18.8386898","0","11.26142979"
"2013-10-25 00:00:00","10.84141093","8.88687084","0.09959469","0.51849813","2.72177371","1.22218585","146.09210205","0.87744999","17.68367958","99.19419098","1014.49401855","0","18.8386898","0.2","11.26142979"
"2013-10-25 01:00:00","10.4938208","8.49388792","0.12601805","0.5174018","2.83616485","1.21371628","138.31930542","0.648938","17.45557022","99.19419098","1014.41802979","0","19.14299011","0","12.54850006"
"2013-10-25 02:00:00","","","0.09866385","0.56281289","2.73085247","1.42790156","142.14030457","0.67513102","17.36189079","99.19434357","1014.22900391","0","19.14299011","0","12.54850006"
"2013-10-25 03:00:00","13.64936074","11.89455391","0.08271267","0.6799601","2.6328035","","139.69940186","0.53254402","17.2444706","99.19425964","1014.26800537","0","19.14299011","0","12.54850006"
"2013-10-25 04:00:00","15.3886039","13.58451144","","0.55403719","2.65692674","1.60742647","140.04370117","0.35008001","16.72233963","99.19425964","1014.42102051","0","19.14299011","0","12.54850006"
"2013-10-25 05:00:00","38.2931536","30.53335896","0.21902699","0.55513454","3.69746825","1.68575479","158.33320618","0.17522401","16.11190987","99.19480133","1014.24700928","0","19.14299011","0","12.54850006"
"2013-10-25 06:00:00","138.58690328","69.23248752","0.71599269","1.32997463","7.58908893","2.34617324","118.37129974","0.270713","16.4217205","99.19493866","1014.49700928","21.95055008","19.14299011","0","12.54850006"
"2013-10-25 07:00:00","140.472728","76.25690784","0.85001429","2.76887098","15.22836477","2.63515379","131.15310669","0.65328699","18.02543068","99.18457031","1014.71099854","205.10470581","19.14299011","0","12.54850006"
"2013-10-25 08:00:00","52.49633088","38.41248152","0.39695395","4.22005167","18.03416607","2.12303428","91.73271942","0.67261398","20.61857033","84.20391083","1014.98901367","374.94500732","19.14299011","0","12.54850006"
"2013-10-25 09:00:00","17.20307086","12.88544409","0.17483388","1.79351916","8.35467636","1.92735331","338.3493042","0.68593502","22.01085091","63.88237","1014.98101807","493.8348999","19.14299011","0","12.54850006"
"2013-10-25 10:00:00","10.4613971","7.35644103","0.15370661","0.61447547","4.32016718","1.96022784","349.76040649","1.04077601","22.75457954","63.24121094","1014.82501221","610.02130127","19.14299011","0","12.54850006"
"2013-10-25 11:00:00","10.44972434","7.40183382","0.16964031","0.45455018","3.17103651","1.92037262","337.8203125","1.17838097","22.64488983","64.86914063","1014.44702148","525.76000977","19.14299011","0","12.54850006"
"2013-10-25 12:00:00","12.61826694","9.06325858","0.18852147","0.42548229","2.45291654","2.08933497","337.07141113","1.62258995","22.06607056","69.73197937","1014.11199951","464.36401367","19.14299011","0","12.54850006"
"2013-10-25 13:00:00","10.30835489","7.09964031","0.14742027","0.42526262","2.19741766","2.03212567","25.86544037","1.40985405","22.19441032","67.81636047","1013.67700195","409.2460022","19.14299011","0","12.54850006"
"2013-10-25 14:00:00","9.29930836","6.6197589","0.14989356","0.20588555","1.23352642","1.99980338","346.13400269","1.62154198","21.0308609","75.17507172","1013.59100342","95.46601105","19.14299011","0","12.54850006"
"2013-10-25 15:00:00","6.97253629","4.81437011","0.14411516","0.18142466","1.08632279","1.72276139","333.96530151","1.55736101","20.03289986","83.02970123","1013.73699951","51.72465134","19.14299011","0","12.54850006"
"2013-10-25 16:00:00","7.92581169","5.65221616","0.13850802","0.18427735","1.30550765","1.74709616","338.64730835","1.28610003","19.21475983","91.93772125","1013.88201904","12.96905994","19.14299011","0","12.54850006"
"2013-10-25 17:00:00","9.6248493","7.70013833","0.15467589","0.27762168","2.0094903","1.85940144","332.26660156","0.85931402","18.44001961","98.45217133","1014.17901611","0","19.14299011","0","12.54850006"
"2013-10-25 18:00:00","12.77520008","10.53402825","0.17843839","0.4860304","2.51283614","1.73644411","335.72460938","0.77830702","17.89241028","99.19400024","1014.57202148","0","19.14299011","0","12.54850006"
"2013-10-25 19:00:00","18.65698052","16.49621976","0.18361565","0.74346971","4.10782165","1.76839926","334.70730591","0.69369799","17.42518044","99.19412994","1014.95001221","0","19.14299011","0","12.54850006"
"2013-10-25 20:00:00","11.73372986","9.94001382","0.16766098","1.06716047","3.43872617","1.7535236","336.22421265","0.88233101","17.80496979","99.19386292","1015.33502197","0","19.14299011","0","12.54850006"
"2013-10-25 21:00:00","9.12421696","7.28251355","0.16135367","0.66164189","2.10974413","1.57850096","333.40390015","1.01717603","18.06591988","99.19373322","1015.47601318","0","19.14299011","0","12.54850006"
"2013-10-25 22:00:00","9.71693314","7.84799329","0.14766725","0.48868376","1.50290328","1.72037551","332.80480957","0.80333","17.93778992","98.06987","1015.26300049","0","19.14299011","0","12.54850006"
"2013-10-25 23:00:00","12.69608534","10.90626023","0.17747261","0.58003375","1.94269781","1.78419632","334.55911255","0.458729","17.41670036","99.17385101","1015.08599854","0","19.14299011","0","12.54850006"
"2013-10-26 00:00:00","12.0138761","10.2020018","0.20266107","0.92171422","3.06650315","1.54966901","296.71060181","0.60603797","16.71211052","99.19412994","1015.02099609","0","19.14299011","0","12.54850006"
"2013-10-26 01:00:00","9.77789152","7.90765534","0.17219632","1.1686225","3.08958803","1.60568333","318.8203125","0.54565698","16.44680977","99.19419098","1015.11199951","0","26.4719696","0","13.87193012"
"2013-10-26 02:00:00","6.8532141","4.98816518","0.15347943","0.85600992","2.66613466","1.49190849","332.25061035","0.72184098","16.62792969","99.19412994","1014.84301758","0","26.4719696","0","13.87193012"
"2013-10-26 03:00:00","8.51852978","6.6910918","0.15508713","0.75904507","1.79277065","1.53736331","339.13189697","0.518534","16.5263195","99.19419098","1014.87701416","0","26.4719696","0","13.87193012"
"2013-10-26 04:00:00","7.42647568","5.65740342","0.17301998","0.91261004","1.98757192","1.45370997","332.18530273","0.63829499","16.40693092","99.19412994","1014.98101807","0","26.4719696","0","13.87193012"
"2013-10-26 05:00:00","9.74287324","7.29029539","0.1388447","0.8798128","1.69005263","1.53864879","333.26660156","0.70832199","16.35149956","99.19412994","1015.08001709","0","26.4719696","0","13.87193012"
"2013-10-26 06:00:00","8.27340182","6.35128542","0.11273589","0.62247011","1.62239976","1.68759251","336.03170776","0.823614","16.63274956","97.20491028","1015.34002686","13.82682037","26.4719696","0","13.87193012"
"2013-10-26 07:00:00","17.91251655","13.49891311","0.19078856","0.32292293","1.60069291","1.67354164","334.34390259","0.96614403","17.5676899","87.74446106","1015.74102783","142.10920715","26.4719696","0","13.87193012"
"2013-10-26 08:00:00","8.36548756","5.54197215","0.14616906","0.67623076","3.04834563","1.48832763","337.73669434","1.97321904","18.53199959","78.87979126","1016.15002441","241.28610229","26.4719696","0","13.87193012"
"2013-10-26 09:00:00","6.97383262","4.1983065","0.12828747","0.31612225","1.79990389","1.83626164","339.11459351","2.025594","19.6186409","71.14408112","1016.10900879","476.95550537","26.4719696","0","13.87193012"
"2013-10-26 10:00:00","6.02444814","3.50701908","0.14613527","0.49546409","1.57371597","1.88860053","337.7762146","2.52223992","20.05528069","68.71800995","1016.15600586","533.65582275","26.4719696","0","13.87193012"
"2013-10-26 11:00:00","6.5549096","3.96614764","0.16782291","0.30405656","1.29772556","1.61459123","336.01651001","2.463866","20.3148098","67.88828278","1015.79901123","566.34301758","26.4719696","0","13.87193012"
"2013-10-26 12:00:00","7.26824621","4.41360535","0.14675971","0.33707346","1.34726872","1.80467362","335.50671387","2.41810894","20.46302986","67.0712204","1015.34100342","566.96582031","26.4719696","0","13.87193012"
"2013-10-26 13:00:00","4.80269735","2.71197315","0.13838103","0.23056509","1.15947153","1.8293735","337.3374939","2.38155508","20.25498009","67.99606323","1014.94500732","421.72671509","26.4719696","0","13.87193012"
"2013-10-26 14:00:00","6.0036953","3.79235449","0.13318746","0.18427735","0.74730075","1.88437794","333.0802002","2.27146792","19.52569962","74.15647888","1014.85699463","59.21041107","26.4719696","0","13.87193012"
"2013-10-26 15:00:00","4.54330205","2.49667622","0.12926374","0.31425809","1.11900612","1.58125703","338.77160645","2.07153606","18.77301979","79.80525208","1014.89501953","37.7472496","26.4719696","0","13.87193012"
"2013-10-26 16:00:00","5.90901688","3.99338408","0.12131029","0.17846316","0.98879249","1.38199215","340.53250122","1.30503702","18.03120041","85.62506866","1015.04602051","12.37687969","26.4719696","0","13.87193012"
"2013-10-26 17:00:00","11.50675825","9.47050884","0.16928615","0.33082095","1.4829294","1.3558227","341.18811035","0.78813702","17.40096092","92.45068359","1015.28900146","0","26.4719696","0","13.87193012"
"2013-10-26 18:00:00","13.87373777","11.82451735","0.18022783","0.54712668","2.83811037","1.49328754","333.25320435","0.49187401","16.82477951","98.04624939","1015.58099365","0","26.4719696","0","13.87193012"
"2013-10-26 19:00:00","13.26026874","11.17732638","0.22290295","0.78186045","3.35572168","1.51651786","331.55929565","0.78887302","16.73233032","99.19425964","1015.82800293","0","26.4719696","0","13.87193012"
"2013-10-26 20:00:00","12.32904062","10.41730065","0.21445087","1.19692256","3.2803691","1.53910949","334.63650513","0.79672801","16.80373955","99.19434357","1016.28601074","0","26.4719696","0","13.87193012"
"2013-10-26 21:00:00","7.28510622","5.48360835","0.17413372","1.06573464","2.68027197","1.5906236","335.42590332","0.67361802","16.66727066","99.19425964","1016.29101563","0","26.4719696","0","13.87193012"
"2013-10-26 22:00:00","12.65069064","10.79342355","0.21882079","1.25626451","4.26410404","1.40917351","333.27191162","0.64390999","16.36535072","99.19425964","1016.16101074","0","26.4719696","0","13.87193012"
"2013-10-26 23:00:00","14.51185056","12.70516352","0.17462768","1.25428949","3.68449845","1.40384849","329.57440186","0.65702403","15.85801983","99.19434357","1016.01202393","0","26.4719696","0","13.87193012"
"2013-10-27 00:00:00","12.36146431","10.43934983","0.15970519","0.97776414","2.54020158","1.59769581","329.85220337","0.45307699","15.3070097","99.19576263","1015.79400635","0","26.4719696","0","13.87193012"
"2013-10-27 01:00:00","51.91139272","43.1723864","0.29871532","1.06244465","3.50590817","1.63956875","230.32730103","0.247226","14.72119999","99.19644165","1015.70501709","0","25.05820084","0","11.54008961"
"2013-10-27 02:00:00","","","0.23456926","1.84649876","6.73906914","1.42753951","208.36610413","0.27893901","15.01070976","99.19487","1015.46600342","0","25.05820084","0","11.54008961"
"2013-10-27 03:00:00","34.80818944","31.88869928","0.20781387","0.57882657","2.2709549","","196.6000061","0.25176999","15.52081966","99.19441223","1015.24200439","0","25.05820084","0","11.54008961"
"2013-10-27 04:00:00","14.66748545","12.60789052","","1.15535065","3.77684104","1.44292672","336.01290894","0.58868003","16.19474983","99.19406128","1015.16400146","0","25.05820084","0.2","11.54008961"
"2013-10-27 05:00:00","8.08015215","6.33312716","0.16779961","0.60449361","1.93543439","1.18086718","335.95599365","0.81977701","16.52169991","96.92436981","1015.09899902","0","25.05820084","0","11.54008961"
"2013-10-27 06:00:00","10.74024701","8.83758522","0.17820073","0.32489794","1.13884982","1.2649863","324.91610718","0.32018599","15.65227985","98.46192932","1015.12200928","11.2810297","25.05820084","0","11.54008961"
"2013-10-27 07:00:00","13.09555377","10.63778675","0.23340542","0.71648667","2.53540236","1.43150683","333.49160767","0.64806998","16.31990051","98.54782104","1015.48199463","89.50346375","25.05820084","0","11.54008961"
"2013-10-27 08:00:00","9.22408454","6.92195433","0.17783026","0.7598129","2.71554865","1.42217178","334.91891479","1.11295903","17.89920044","88.81414032","1015.56799316","136.71740723","25.05820084","0","11.54008961"
"2013-10-27 09:00:00","7.01274182","4.91553403","0.16190238","0.48964991","1.74919322","1.66790034","331.47650146","1.98824799","18.43427086","82.49449158","1015.76501465","163.29760742","25.05820084","0","11.54008961"
"2013-10-27 10:00:00","6.93232884","4.51866019","0.18947211","0.18625135","1.1069445","1.36126264","337.8380127","2.14149189","18.98921013","79.11273956","1015.77001953","275.87091064","25.05820084","0","11.54008961"
"2013-10-27 11:00:00","6.02704082","3.6146685","0.18400127","0.20105887","1.03703897","1.51648328","335.91061401","2.30190492","19.60391998","75.39330292","1015.38000488","380.21859741","25.05820084","0","11.54008961"
"2013-10-27 12:00:00","5.60422687","3.3617587","0.1945317","0.15477113","0.90747419","1.29752928","336.67599487","2.41374493","19.94654083","72.2065506","1014.89501953","507.0256958","25.05820084","0","11.54008961"
"2013-10-27 13:00:00","6.09707738","4.17107006","0.15537023","0.12230239","0.75819587","1.58550097","336.70581055","2.00041795","20.40740013","69.43791962","1014.48199463","421.09170532","25.05820084","0","11.54008961"
"2013-10-27 14:00:00","6.7689102","4.43305995","0.17700777","0.12680058","0.69568292","1.23367185","336.71960449","1.79742098","19.72541046","76.56707001","1014.25701904","50.68579102","25.05820084","0","11.54008961"
"2013-10-27 15:00:00","6.90120148","4.83901197","0.19169376","0.12438724","0.54432891","1.45680368","338.57931519","1.63543105","19.17453003","81.50102234","1014.06402588","31.38787079","25.05820084","0","11.54008961"
"2013-10-27 16:00:00","6.4900603","4.5679439","0.16314544","0.11978023","0.65508835","1.42757714","338.6026001","1.14928401","18.3027401","87.49748993","1014.02001953","9.24094486","25.05820084","0","11.54008961"
"2013-10-27 17:00:00","11.53269835","9.65597666","0.22925103","0.13886627","0.99864925","1.24902143","338.459198","0.47162399","17.50156021","95.91242981","1013.9710083","0","25.05820084","0","11.54008961"
"2013-10-27 18:00:00","19.69973752","16.45731247","0.24533502","0.72493184","3.87981839","1.38692867","327.4967041","0.41089299","17.00065994","99.19434357","1014.16900635","0","25.05820084","0","11.54008961"
"2013-10-27 19:00:00","30.17151296","27.45695096","0.33052798","0.64826021","3.22122851","1.44992571","316.53570557","0.27734199","16.52149963","99.19434357","1014.22601318","0","25.05820084","0","11.54008961"
"2013-10-27 20:00:00","110.95485136","72.48271544","0.57429957","1.29739707","6.92751517","1.69503899","278.23510742","0.282985","16.09733963","99.19419098","1014.31201172","0","25.05820084","0","11.54008961"
"2013-10-27 21:00:00","76.94170976","58.35733744","0.39161475","2.08101286","11.35373715","1.5533241","343.98300171","0.35760799","15.94824028","99.19480133","1014.31201172","0","25.05820084","0","11.54008961"
"2013-10-27 22:00:00","43.26184888","39.05447376","0.32476822","1.65300739","7.4228196","1.43924111","315.48370361","0.395841","15.69521999","99.19467163","1014.10601807","0","25.05820084","0","11.54008961"
"2013-10-27 23:00:00","83.6094656","57.35479936","0.54834337","1.37604371","6.71468657","1.82619131","274","0.17094","15.32098007","99.19467163","1013.84899902","0","25.05820084","0","11.54008961"
"2013-10-28 00:00:00","70.41920856","55.77376656","0.39453541","2.22252638","11.04821001","1.53060839","274.23590088","0.36081299","15.14671993","99.19548035","1013.80200195","0","25.05820084","0","11.54008961"
"2013-10-28 01:00:00","65.5516772","50.9658896","0.43361417","1.71980802","7.6005017","1.43039931","258.75","0.235043","14.94960022","99.19602966","1013.5300293","0","28.25464058","0","15.63817024"
"2013-10-28 02:00:00","37.33988776","31.1701888","0.3508083","1.85351911","10.08610157","1.36494723","279.59539795","0.47330901","14.82091999","99.19644165","1013.22601318","0","28.25464058","0","15.63817024"
"2013-10-28 03:00:00","39.25031992","33.71743168","0.33098","1.58741394","6.73855047","1.62172752","187.21730042","0.181027","14.6271801","99.19624329","1013.02502441","0","28.25464058","0","15.63817024"
"2013-10-28 04:00:00","28.69684472","25.0251164","0.23949371","1.32569713","7.57145008","1.35524505","193.49530029","0.30102801","14.3550396","99.1957016","1013.04302979","0","28.25464058","0","15.63817024"
"2013-10-28 05:00:00","21.6996704","16.7050331","0.23196548","1.02185923","5.94157537","1.40129582","322.54541016","0.22311001","13.97224998","99.19744873","1012.95202637","0","28.25464058","0.2","15.63817024"
"2013-10-28 06:00:00","48.66378424","33.136394","0.36162649","0.97392598","6.13754517","1.47559276","304.19830322","0.19322801","13.97889996","99.19631195","1013.05999756","12.35958004","28.25464058","0","15.63817024"
"2013-10-28 07:00:00","86.90378424","46.04648568","0.4735993","1.55889523","7.60659658","1.71788081","225.32650757","0.56056398","14.17819023","99.19434357","1013.11901855","154.53900146","28.25464058","0","15.63817024"
"2013-10-28 08:00:00","123.02192312","49.66502216","0.73645825","2.48839662","12.78621216","2.63963469","275.28939819","0.619102","16.47673035","99.16944122","1013.25500488","327.96789551","28.25464058","0","15.63817024"
"2013-10-28 09:00:00","48.72992032","26.98744024","0.3803026","4.03687166","25.65206559","2.04981537","338.59289551","1.20218897","19.88841057","82.49320984","1013.42700195","456.58410645","28.25464058","0","15.63817024"
"2013-10-28 10:00:00","12.64161246","9.365454","0.28157584","1.44243449","8.3062936","2.22419324","337.53390503","1.52555799","21.10758018","70.15357208","1013.20599365","541.86102295","28.25464058","0","15.63817024"
"2013-10-28 11:00:00","11.69222607","8.48869875","0.24981911","0.9167777","2.26498918","2.58572453","335.89230347","1.25526798","22.05311012","64.707901","1012.56500244","568.73321533","28.25464058","0","15.63817024"
"2013-10-28 12:00:00","16.77377333","12.86469124","0.31296327","0.79930098","3.15313833","2.98200672","334.70800781","1.60386801","21.88405991","67.60114288","1011.95001221","526.56677246","28.25464058","0","15.63817024"
"2013-10-28 13:00:00","13.43795473","10.06193059","0.29391669","0.94529642","2.49104692","2.18649508","344.98950195","1.60063303","21.18124962","70.48703003","1011.46502686","398.51950073","28.25464058","0","15.63817024"
"2013-10-28 14:00:00","9.17220434","6.80003756","0.26162522","0.63454901","2.10364925","1.94408195","337.49591064","1.62939799","20.22174072","77.25070953","1011.375","60.65322113","28.25464058","0","15.63817024"
"2013-10-28 15:00:00","6.97383262","4.82085562","0.21361906","0.4258118","1.53934747","1.57223624","48.83102036","1.77839994","19.49530983","81.0240097","1011.49200439","37.17948151","28.25464058","0","15.63817024"
"2013-10-28 16:00:00","9.02564762","6.9050924","0.26076079","0.30998058","1.13923832","1.58893843","45.67687988","1.32575595","18.37273979","91.42443085","1011.55700684","10.89336014","28.25464058","0","15.63817024"
"2013-10-28 17:00:00","20.01231128","17.79189994","0.25273976","0.38994323","2.06863088","1.51525576","53.04113007","0.59295797","17.62067032","98.73197174","1011.62701416","0","28.25464058","0","15.63817024"
"2013-10-28 18:00:00","27.09250464","24.88374312","0.31929738","0.84953875","4.20638929","1.45115323","54.23020172","0.547957","17.21780968","99.19434357","1011.86700439","0","28.25464058","0","15.63817024"
"2013-10-28 19:00:00","47.66508928","43.20481392","0.4404434","1.02745374","5.14615831","1.692707","156.05740356","0.36221099","16.9630909","99.19419098","1011.85900879","0","28.25464058","0","15.63817024"
"2013-10-28 20:00:00","81.04015824","63.75279112","0.59149497","1.65904125","9.47212646","1.7563173","157.5605011","0.35721099","16.83568954","99.1946106","1011.86901855","0","28.25464058","0","15.63817024"
"2013-10-28 21:00:00","114.8989632","76.64598072","0.77171115","2.80122887","13.82831172","1.78984271","181.6000061","0.16605601","16.14270973","99.19447327","1011.86401367","0","28.25464058","0","15.63817024"
"2013-10-28 22:00:00","124.70021936","67.87586616","0.76570557","3.34989122","15.99460308","2.34404872","192.15370178","0.144642","15.66646004","99.19515228","1011.76300049","0","28.25464058","0","15.63817024"
"2013-10-28 23:00:00","56.40931536","47.1735332","0.4587071","3.07007587","15.43379877","1.63277926","196.76350403","0.31960499","15.49905014","99.19508362","1011.55401611","0","28.25464058","0","15.63817024"
"2013-10-29 00:00:00","36.54355888","31.76030848","0.37293864","1.8103017","8.03835071","1.35770212","197.91740417","0.54948699","15.5397501","99.19480133","1011.40301514","0","28.25464058","0","15.63817024"
"2013-10-29 01:00:00","21.13937792","18.59732038","0.32859408","1.31790894","5.74690428","1.64321673","200.71650696","0.76692301","15.29331017","99.1947403","1011.28601074","0","29.23633003","0","16.97908974"
"2013-10-29 02:00:00","","","0.34681817","1.51710365","6.37436786","1.63167378","59.14765167","0.58640802","14.69087982","99.19535065","1011.07000732","0","29.23633003","0","16.97908974"
"2013-10-29 03:00:00","22.35982664","20.35211192","0.27832666","1.4731184","6.24441356","","104.81809998","0.35742","14.46805","99.1957016","1010.86901855","0","29.23633003","0","16.97908974"
"2013-10-29 04:00:00","14.65840727","12.8893331","","1.19067004","4.97859231","2.99793904","68.21504974","0.27702299","15.63607025","99.19441223","1010.77099609","0","29.23633003","0","16.97908974"
"2013-10-29 05:00:00","15.65189012","12.2603023","0.20953923","0.83319454","3.70667617","3.01132073","327.70410156","0.39622399","16.30694008","99.19412994","1010.70501709","0","29.23633003","0","16.97908974"
"2013-10-29 06:00:00","11.22920659","9.41992688","0.19683374","0.61743697","2.93421382","2.64549769","31.03482056","0.30810499","16.37355995","99.19380188","1010.85400391","6.47435904","29.23633003","0","16.97908974"
"2013-10-29 07:00:00","26.61651224","19.95393792","0.28589683","0.59451278","2.23736441","2.68472745","127.67610168","0.57348001","16.54117012","99.19406128","1011.21002197","56.88644028","29.23633003","0","16.97908974"
"2013-10-29 08:00:00","27.85900632","21.90719888","0.39313275","0.73820471","2.78065496","3.10761842","116.02020264","0.619627","17.16991997","99.19197083","1011.42700195","148.25590515","29.23633003","0","16.97908974"
"2013-10-29 09:00:00","20.19517496","15.31856925","0.29506538","2.56495943","18.91688139","3.68625786","888","0.50932699","18.32946014","94.76238251","1011.30700684","323.01269531","29.23633003","0","16.97908974"
"2013-10-29 10:00:00","29.70978408","22.07061752","0.30855258","1.37856689","8.0287543","3.65680859","263.97369385","0.59924799","20.61837006","74.82559967","1010.86401367","540.86981201","29.23633003","0","16.97908974"
"2013-10-29 11:00:00","17.21993279","12.96844974","0.24502513","1.20975608","5.40658557","3.64794747","322.00259399","0.84352797","21.73950958","69.52774048","1010.20300293","561.41741943","29.23633003","0","16.97908974"
"2013-10-29 12:00:00","11.38613973","8.4705424","0.23972089","0.77835078","3.35611119","3.93103553","7.21307421","1.00836694","22.94124985","64.61579132","1009.42102051","526.12731934","29.23633003","0","16.97908974"
"2013-10-29 13:00:00","14.29266079","10.24480192","0.27306785","0.64880837","2.20792327","4.21919637","53.39451981","1.11382103","22.81805992","64.45310974","1008.87402344","391.7276001","29.23633003","0","16.97908974"
"2013-10-29 14:00:00","9.96984485","7.21896058","0.22376621","0.49699976","2.06266516","3.60108208","42.50928116","1.72268105","21.36215973","71.74893951","1008.625","60.13227081","29.23633003","0","16.97908974"
"2013-10-29 15:00:00","14.69342555","11.49378915","0.20049301","0.35396482","1.29539155","3.54162826","41.52875137","1.59927702","20.1534996","77.22792053","1008.48901367","34.72119141","29.23633003","0","16.97908974"
"2013-10-29 16:00:00","16.82954254","14.07087835","0.21204748","0.36888319","1.58551826","3.4053106","88.94210052","1.21206903","19.24065971","85.28687286","1008.66601563","9.33455467","29.23633003","0","16.97908974"
"2013-10-29 17:00:00","44.21255264","38.47473624","0.35900524","0.62709034","2.917354","3.34035887","141.5585022","0.91350001","18.63599968","92.7481308","1009.09899902","0","29.23633003","0","16.97908974"
"2013-10-29 18:00:00","63.24955272","49.81289624","0.43947412","1.40423394","7.32905016","3.06453932","138.85470581","1.04767394","18.38941956","96.16204071","1009.4050293","0","29.23633003","0","16.97908974"
"2013-10-29 19:00:00","73.77838224","58.3833024","0.58577249","2.07037301","10.33900506","3.53258611","186.25700378","0.59817398","17.87322044","99.13153076","1009.38500977","0","29.23633003","0","16.97908974"
"2013-10-29 20:00:00","88.52496904","73.98719176","0.72985153","2.64371591","11.77381917","3.21772393","197.11700439","0.45138901","17.35095978","99.19434357","1009.55700684","0","29.23633003","0","16.97908974"
"2013-10-29 21:00:00","67.7876656","57.66089144","0.60394765","3.0888324","13.06908054","3.36314984","198.62860107","0.56430298","17.05858994","99.19419098","1009.65002441","0","29.23633003","0","16.97908974"
"2013-10-29 22:00:00","41.13870672","37.84960784","0.4902553","2.53402737","9.89545068","3.0453526","195.34170532","0.377514","16.4001503","99.1946106","1009.50701904","0","29.23633003","0.2","16.97908974"
"2013-10-29 23:00:00","32.29725544","29.88098456","0.41825597","2.09264022","7.50102588","2.92424926","198.27990723","0.36923099","15.96533012","99.19508362","1009.27301025","0","29.23633003","0","16.97908974"
"2013-10-30 00:00:00","40.723688","37.70431496","0.48092132","1.87205597","7.23489224","3.13089654","87.64286041","0.394209","15.60079956","99.19515228","1009.12701416","0","29.23633003","0","16.97908974"
"2013-10-30 01:00:00","24.67623376","22.04207136","0.35875826","1.96178181","8.46102608","3.31616241","139.04289246","1.15886903","15.03818989","99.19508362","1009.15802002","0","24.76420975","0","12.26984024"
"2013-10-30 02:00:00","10.71949607","8.70140302","0.28902136","1.58324628","6.53570779","3.24332589","145.31140137","0.85076398","15.76889038","99.19441223","1008.96801758","0","24.76420975","0","12.26984024"
"2013-10-30 03:00:00","7.63658727","5.92068964","0.25472842","1.10533255","3.79992694","3.0186533","162.04760742","1.03768003","15.57217026","99.19447327","1008.95800781","0","24.76420975","0","12.26984024"
"2013-10-30 04:00:00","11.04373877","9.14626614","0.22471219","0.80314016","2.6829955","2.78530061","127.66660309","0.83809298","15.24880981","99.19419098","1008.83001709","0","24.76420975","0","12.26984024"
"2013-10-30 05:00:00","9.63911474","7.41221025","0.2187905","0.84526023","2.76444398","3.21430274","147.38690186","1.62129903","14.97774982","99.1946106","1008.78100586","0","24.76420975","0","12.26984024"
"2013-10-30 06:00:00","17.03576322","14.5909653","0.25259064","0.74676073","2.25487308","3.1756242","158.39320374","0.91957301","15.46885967","99.19467163","1009.13000488","9.42511177","24.76420975","0","12.26984024"
"2013-10-30 07:00:00","41.70161864","31.26485192","0.34181683","0.92006871","3.32952376","3.42003472","142.71850586","1.39225399","16.12500954","99.19319153","1009.45300293","144.34770203","24.76420975","0","12.26984024"
"2013-10-30 08:00:00","58.88264032","38.15828112","0.45522142","1.5277435","6.34894692","3.39797803","138.8032074","1.75704098","18.33740044","98.39810181","1009.5670166","321.48141479","24.76420975","0","12.26984024"
"2013-10-30 09:00:00","33.23367656","23.17043816","0.34251583","1.85889396","8.06506832","3.44765543","146.39720154","1.78246105","20.64501953","78.69068146","1009.63800049","453.02700806","24.76420975","0","12.26984024"
"2013-10-30 10:00:00","31.16498816","23.16007512","0.29551856","1.28741522","5.30983328","3.4386926","159.0164032","1.67768896","21.59502983","71.6475296","1009.88000488","316.64221191","24.76420975","0","12.26984024"
"2013-10-30 11:00:00","26.72415784","19.09406181","0.29370932","1.05761796","4.8762638","","158.6829071","1.91336501","22.15518951","67.62393188","1009.64801025","392.45199585","24.76420975","0.2","12.26984024"
"2013-10-30 12:00:00","26.14182","19.30026336","0.2915296","0.83505972","4.09316668","2.1849167","148.07290649","1.81026196","22.62746048","64.00257111","1008.95001221","366.71340942","24.76420975","0","12.26984024"
"2013-10-30 13:00:00","33.42952272","24.187278","0.34716301","0.89264633","4.56006731","2.3165348","156.19670105","2.11210799","22.82689095","62.82036972","1008.434021","296.45700073","24.76420975","0","12.26984024"
"2013-10-30 14:00:00","23.47523008","17.86971834","0.25431717","1.08405284","5.31437215","1.99160737","141.92300415","2.32144499","21.87376022","68.75064087","1008.31500244","94.77513123","24.76420975","0","12.26984024"
"2013-10-30 15:00:00","23.72424896","16.60516743","0.23317825","0.72482302","3.53158844","2.02770884","152.77520752","2.40142298","21.04319954","74.91030884","1008.51800537","39.72119141","24.76420975","0","12.26984024"
"2013-10-30 16:00:00","","","0.30871685","0.74686955","3.74467638","2.09717401","147.13540649","1.93000901","20.07271004","81.20004272","1008.934021","4.5675621","24.76420975","0","12.26984024"
"2013-10-30 17:00:00","39.67443976","31.65782528","0.43482693","0.7179125","6.19733358","1.8915244","143.12930298","1.78088498","19.16307068","89.25695038","1009.49401855","0","24.76420975","0","12.26984024"
"2013-10-30 18:00:00","55.63761304","44.74819944","0.47310883","1.7279247","8.47192019","1.95915999","124.66750336","1.45509899","18.49069977","98.27993011","1010.10900879","0","24.76420975","0","12.26984024"
"2013-10-30 19:00:00","59.20557712","45.10746424","0.47939983","2.03132427","9.21948129","1.95047786","130.22900391","1.29661405","18.07934952","99.19406128","1010.4710083","0","24.76420975","0","12.26984024"
"2013-10-30 20:00:00","45.2397364","35.43333696","0.44111793","2.061818","9.39132683","1.95687581","143.97140503","1.69333303","17.70004082","99.19419098","1010.76702881","0","24.76420975","0","12.26984024"
"2013-10-30 21:00:00","25.26895376","21.36635144","0.32393058","2.02627792","8.70238764","1.90934733","149.52630615","1.38724995","17.68062973","99.19419098","1011.14300537","0","24.76420975","0","12.26984024"
"2013-10-30 22:00:00","15.9657583","13.63379706","0.25049364","1.23520345","5.38155415","1.85450764","154.66220093","1.11591101","17.66924095","99.19406128","1011.19299316","0","24.76420975","0","12.26984024"
"2013-10-30 23:00:00","14.37177553","11.74021536","0.21690203","0.76771093","3.48528748","1.60178517","147.23590088","1.43718696","17.63688087","99.19406128","1011.28601074","0","24.76420975","0","12.26984024"
"2013-10-31 00:00:00","16.28481374","14.21484239","0.23651364","0.55392736","2.91891001","1.99709002","117.12149811","0.733325","16.94511986","99.19419098","1011.45800781","0","24.76420975","0","12.26984024"
"2013-10-31 01:00:00","12.33811879","10.27852386","0.2090045","0.79359764","3.4074707","1.72152065","137.63310242","0.71822298","16.84844971","99.19425964","1011.64801025","0","27.28815079","0","14.93949032"
"2013-10-31 02:00:00","","","0.15892231","0.60394545","2.68001264","1.8321133","110.28559875","0.72919703","16.79751015","99.19441223","1011.69500732","0","27.28815079","0","14.93949032"
"2013-10-31 03:00:00","13.53652406","11.65591146","0.18050976","0.41122293","2.13360803","","109.49659729","0.43861499","16.60527039","99.19441223","1011.84802246","0","27.28815079","0","14.93949032"
"2013-10-31 04:00:00","12.04629979","10.22016006","","0.42986963","2.2163542","2.56101652","114.41660309","0.69857597","16.63960075","99.19425964","1012.01202393","0","27.28815079","0","14.93949032"
"2013-10-31 05:00:00","14.79977673","12.76093465","0.25867194","0.37280067","1.91695652","2.37412751","117.3687973","0.38621601","16.42239952","99.19419098","1012.10101318","0","27.28815079","0","14.93949032"
"2013-10-31 06:00:00","29.9575028","26.0185916","0.29297304","0.51191712","2.85004182","2.54925898","102.18890381","0.45609701","16.48521042","99.19447327","1012.38500977","7.17236519","27.28815079","0","14.93949032"
"2013-10-31 07:00:00","62.2288124","43.18925024","0.44833161","0.85030658","4.47252395","2.59196078","115.85630035","0.75626397","17.52182961","99.18817139","1012.81201172","147.73190308","27.28815079","0.2","14.93949032"
"2013-10-31 08:00:00","56.62590672","37.59668848","0.43710218","1.68218512","9.17720053","3.03504937","118.99720001","1.13624501","19.23571968","90.97624969","1013.19799805","304.14120483","27.28815079","0","14.93949032"
"2013-10-31 09:00:00","21.90069808","15.7582413","0.29928384","1.91296988","7.93692937","2.9721764","99.10105133","1.10325301","20.75139046","76.41696167","1013.37701416","426.49859619","27.28815079","0","14.93949032"
"2013-10-31 10:00:00","15.63113918","10.88810197","0.25736015","0.79096463","4.31105385","3.03616502","80.67816162","0.99651998","22.16246033","67.58267975","1013.39801025","529.71502686","27.28815079","0","14.93949032"
"2013-10-31 11:00:00","11.91790134","8.26432173","0.25383603","0.39773141","2.06046031","3.55339393","65.15338135","1.17720401","23.03005028","60.895401","1013.13500977","564.38342285","27.28815079","0","14.93949032"
"2013-10-31 12:00:00","10.04117774","6.68201362","0.26637609","0.36065668","1.75062007","2.90274174","63.72322083","1.453789","22.62574959","61.83699036","1012.67602539","467.58340454","27.28815079","0","14.93949032"
"2013-10-31 13:00:00","11.20456282","7.41091391","0.26801524","0.61886382","2.44539481","2.74790858","51.5546608","2.05694699","22.12969017","63.09801102","1012.49200439","379.80450439","27.28815079","0","14.93949032"
"2013-10-31 14:00:00","9.0606659","6.04001182","0.2592859","0.454659","1.5995254","2.96747277","57.12894058","2.05404496","20.5652504","73.14421082","1012.56500244","65.07427979","27.28815079","0","14.93949032"
"2013-10-31 15:00:00","9.33821756","6.26179426","0.25547518","0.34551965","0.94015751","2.35209523","48.79209137","2.01098895","19.57678032","81.83956146","1012.72302246","35.09360123","27.28815079","0","14.93949032"
"2013-10-31 16:00:00","13.18115401","10.81028357","0.2742445","0.45663402","1.08762048","2.67797762","49.41817093","0.91434503","18.7707901","88.79222107","1013.04901123","8.19291878","27.28815079","0","14.93949032"
"2013-10-31 17:00:00","17.66479592","15.5312716","0.33296982","0.7598129","3.64455273","2.57388971","29.73147964","0.311129","18.07798958","97.22077942","1013.63500977","0","27.28815079","0","14.93949032"
"2013-10-31 18:00:00","30.63452288","28.53342608","0.45263396","1.28313771","6.59588571","2.45111136","53.69425964","0.31714901","17.75078011","99.19412994","1014.16101074","0","27.28815079","0","14.93949032"
"2013-10-31 19:00:00","76.22318016","56.47805176","0.9123581","1.96660748","9.61647639","2.70916901","305.0632019","0.248528","17.23163986","99.19425964","1014.18200684","0","27.28815079","0","14.93949032"
"2013-10-31 20:00:00","76.56168064","60.25092488","0.77097487","5.38242165","25.78681809","3.11946139","331.44821167","0.33430201","16.80089951","99.19434357","1014.32501221","0","27.28815079","0","14.93949032"
"2013-10-31 21:00:00","26.33376568","23.8669224","0.41763619","3.6772025","16.46266716","2.82390187","344.68640137","0.334712","16.62656975","99.19454193","1014.58001709","0","27.28815079","0","14.93949032"
"2013-10-31 22:00:00","58.4403756","45.76633944","0.49644262","1.98953269","7.31491386","2.46670502","309.69500732","0.30078301","16.04537964","99.1946106","1014.88000488","0","27.28815079","0","14.93949032"
"2013-10-31 23:00:00","36.85221304","33.94438608","0.48459923","2.39296744","10.86517035","2.53737635","327.66400146","0.48195401","16.02618027","99.19493866","1014.75701904","0","27.28815079","0","14.93949032"
"2013-11-01 00:00:00","26.71377568","24.44017824","0.45333063","2.39669678","7.05267126","2.50965395","334.91531372","0.45928401","15.75953007","99.1946106","1014.55102539","0","27.28815079","0","14.93949032"
"2013-11-01 01:00:00","27.91217904","25.20409872","0.39198289","2.22108529","6.13287612","2.50284615","326.46279907","0.39976501","15.55391979","99.19502258","1014.37200928","0","37.9048996","0","21.0158596"
"2013-11-01 02:00:00","27.70336952","24.08611408","0.37579522","1.91911256","5.43498835","2.35989358","263.86660767","0.37444001","15.34092999","99.19515228","1014.16802979","0","37.9048996","0","21.0158596"
"2013-11-01 03:00:00","42.47588304","35.13244552","0.39272034","1.90156219","5.91447029","2.38538977","265.94110107","0.320333","15.00922012","99.19515228","1014.059021","0","37.9048996","0","21.0158596"
"2013-11-01 04:00:00","20.1316392","17.13173797","0.32210969","1.62361101","5.95247049","2.24676962","331.85180664","0.51945299","14.84086037","99.19522095","1014.0880127","0","37.9048996","0.2","21.0158596"
"2013-11-01 05:00:00","28.55549056","22.65425552","0.33669898","1.5264275","3.74714057","2.47289245","233","0.30280799","14.54687023","99.19487","1014.19500732","0","37.9048996","0","21.0158596"
"2013-11-01 06:00:00","33.2375388","23.43372056","0.36001762","1.85110577","4.76615219","2.43415391","246","0.31746","13.46926975","99.1960907","1014.50701904","4.79344702","37.9048996","0","21.0158596"
"2013-11-01 07:00:00","33.58515952","21.97463512","0.37313086","2.16053717","5.41890653","2.4811871","277.51660156","0.392755","14.50393009","99.19502258","1014.86901855","123.99349976","37.9048996","0","21.0158596"
"2013-11-01 08:00:00","20.69581304","15.07084479","0.33842085","1.9388566","6.06711995","2.65866988","332.82650757","0.65589398","17.19135094","99.17053223","1014.93200684","289.80349731","37.9048996","0","21.0158596"
"2013-11-01 09:00:00","8.88816718","6.26827786","0.24961523","1.33995649","3.8198998","2.84135155","341.19030762","1.41726601","19.19095039","90.58892059","1014.97900391","280.86169434","37.9048996","0","21.0158596"
"2013-11-01 10:00:00","8.04902479","5.51862663","0.30317727","0.7702341","1.8678639","2.9664812","337.53540039","1.47407496","19.75802994","78.77242279","1015.07202148","337.28430176","37.9048996","0","21.0158596"
"2013-11-01 11:00:00","6.52378224","4.16847739","0.2921121","0.73261019","1.43014405","3.64634163","334.01370239","1.77204204","20.50947952","71.9733429","1014.75500488","412.25469971","37.9048996","0","21.0158596"
"2013-11-01 12:00:00","5.84416758","3.54333561","0.28879302","0.72548102","1.4330425","3.63408881","336.32449341","1.69847","20.71644974","69.39112091","1014.28399658","438.25390625","37.9048996","0","21.0158596"
"2013-11-01 13:00:00","7.09445114","4.63538779","0.30149618","0.64277553","1.11719077","3.63829919","334.68310547","1.88135695","20.63281059","68.00244141","1013.95001221","347.16720581","37.9048996","0","21.0158596"
"2013-11-01 14:00:00","7.32790634","5.09062543","0.28231795","0.60010628","0.88503713","3.49695348","337.39599609","1.80525506","19.82241058","74.51422882","1013.75201416","71.77554321","37.9048996","0","21.0158596"
"2013-11-01 15:00:00","4.92591046","3.04918686","0.28453028","0.53064314","0.6769091","2.74852589","337.94470215","1.45933294","19.24114037","79.7599411","1013.57202148","36.114151","37.9048996","0","21.0158596"
"2013-11-01 16:00:00","5.71057996","4.01932418","0.26703198","0.47911989","0.85650418","2.60582147","335.9118042","0.92692202","18.30009079","87.74162292","1013.61901855","8.2671957","37.9048996","0","21.0158596"
"2013-11-01 17:00:00","11.94513778","9.96335934","0.32174155","0.80950251","1.9342679","2.71052976","334.00500488","0.52869397","17.44193077","96.6770401","1013.92401123","0","37.9048996","0","21.0158596"
"2013-11-01 18:00:00","16.70762769","14.61431082","0.41661216","0.87367012","2.86742133","2.60260267","328.57980347","0.38958099","16.86087036","99.19400024","1014.10400391","0","37.9048996","0","21.0158596"
"2013-11-01 19:00:00","46.82205024","39.24253808","0.52545694","2.11019059","4.72685531","2.79592928","279.28930664","0.34059501","16.2843399","99.19419098","1014.18701172","0","37.9048996","0","21.0158596"
"2013-11-01 20:00:00","111.55407216","70.19873584","0.62286958","2.66927312","9.30897017","3.12007871","270","0.14652","15.80198956","99.19441223","1014.35400391","0","37.9048996","0","21.0158596"
"2013-11-01 21:00:00","80.74312904","59.1407412","0.53799817","2.77578149","11.62466595","2.90162813","306.8125","0.30524999","15.57828045","99.19487","1014.28900146","0","37.9048996","0","21.0158596"
"2013-11-01 22:00:00","66.82531776","53.16168776","0.54406316","2.5035011","9.80946842","2.84259026","888","0","15.26224041","99.19515228","1014.19000244","0","37.9048996","0","21.0158596"
"2013-11-01 23:00:00","162.02582448","64.94467456","0.87506645","3.19917893","13.59641538","4.02309437","199.35400391","0.56166101","15.00481033","99.19515228","1014.10601807","0","37.9048996","0","21.0158596"
"2013-11-02 00:00:00","89.14363488","53.1007332","0.64036788","4.23990554","16.3148157","2.77390004","199.9375","0.385124","14.79901028","99.19563293","1013.99499512","0","37.9048996","0","21.0158596"
"2013-11-02 01:00:00","98.97211792","41.60305504","0.74015712","3.49171898","10.27714095","3.13295189","888","0","14.08323002","99.195961","1013.85601807","0","46.81019974","0","18.47402"
"2013-11-02 02:00:00","","","0.7194609","3.5682818","15.148215","3.44150461","888","0","13.96125984","99.19624329","1013.67401123","0","46.81019974","0","18.47402"
"2013-11-02 03:00:00","85.78708064","40.00125792","0.64721226","3.47208478","15.87047823","","888","0","13.47931004","99.19685364","1013.45202637","0","46.81019974","0.2","18.47402"
"2013-11-02 04:00:00","57.24453432","35.65252864","","2.92298309","14.03024724","2.23850751","888","0","13.50691986","99.19744873","1013.21600342","0","46.81019974","0","18.47402"
"2013-11-02 05:00:00","60.02008912","39.11672848","0.55423011","2.7146842","13.47553476","2.51979039","888","0","13.96045017","99.1973114","1013.01501465","0","46.81019974","0","18.47402"
"2013-11-02 06:00:00","68.00167576","45.98033048","0.52776947","2.98890605","15.86023704","2.38567148","888","0","14.24372005","99.195961","1013.0960083","7.5590148","46.81019974","0","18.47402"
"2013-11-02 07:00:00","82.44865216","55.57535832","0.47374376","2.23326081","13.29746823","2.26547632","119.46379852","0.47128099","15.54592037","99.19386292","1013.42602539","113.10030365","46.81019974","0","18.47402"
"2013-11-02 08:00:00","39.39297424","31.08588872","0.3644621","1.63271519","8.71950782","2.54809553","122.35600281","1.26728404","17.42502975","98.93032074","1013.53100586","286.4703064","46.81019974","0","18.47402"
"2013-11-02 09:00:00","22.36890864","16.68298392","0.33341485","1.30244342","5.16185164","2.41759003","141.68710327","1.42151999","19.27540016","83.71198273","1013.48199463","385.13110352","46.81019974","0","18.47402"
"2013-11-02 10:00:00","24.60749736","18.45465268","0.3488977","1.07977534","3.62146683","2.98824805","143.019104","1.32838202","20.66448975","70.94152069","1013.17199707","425.31640625","46.81019974","0","18.47402"
"2013-11-02 11:00:00","25.10553512","19.34955472","0.30461954","1.15710599","4.06943295","2.72677125","180.44070435","1.01171303","21.02062035","69.31317139","1012.84002686","334.52670288","46.81019974","0","18.47402"
"2013-11-02 12:00:00","20.60891264","16.61165102","0.28852274","0.77242777","3.08556783","2.90205425","167.42930603","1.14304495","21.77832031","64.2264328","1012.17901611","292.39111328","46.81019974","0","18.47402"
"2013-11-02 13:00:00","16.31075194","13.11760295","0.26615823","0.69575513","3.06180664","2.43674115","305.4552002","1.13430297","22.00683975","64.63883972","1011.78399658","317.09091187","46.81019974","0","18.47402"
"2013-11-02 14:00:00","15.47679872","11.99701608","0.23457741","0.52014363","2.32737196","2.56132772","189.05039978","1.20462501","21.73760986","62.55873108","1011.50799561","90.41107178","46.81019974","0","18.47402"
"2013-11-02 15:00:00","19.99414728","16.48843792","0.2781589","0.3607655","1.68629075","2.24249314","198.28720093","1.17978406","20.94293976","67.57482147","1011.35101318","35.02238083","46.81019974","0","18.47402"
"2013-11-02 16:00:00","27.1651224","23.15099312","0.29790215","0.69059995","3.46142357","2.37850977","196.94670105","1.12923098","20.2308197","74.11219025","1011.38201904","8.78713894","46.81019974","0","18.47402"
"2013-11-02 17:00:00","35.87430152","31.2389252","0.3803958","0.88606532","4.03298774","1.9444918","161.02130127","1.241243","19.46030998","81.87416077","1011.63201904","0","46.81019974","0","18.47402"
"2013-11-02 18:00:00","50.63517096","43.12959584","0.47173646","1.14218762","5.50813607","2.45159546","153.78190613","1.16164804","18.65382957","89.43608856","1012.03100586","0","46.81019974","0","18.47402"
"2013-11-02 19:00:00","51.08649856","42.61727544","0.4875059","1.69907749","7.53656189","2.38065869","156.36849976","1.556198","18.03507042","96.35855103","1012.125","0","46.81019974","0","18.47402"
"2013-11-02 20:00:00","49.9840776","43.1542224","0.51175421","1.7599541","7.07835051","1.96071498","159.30020142","1.53343594","17.85630989","99.19400024","1012.26501465","0","46.81019974","0","18.47402"
"2013-11-02 21:00:00","49.29799464","43.17108624","0.48672768","0.85129307","7.93757822","2.1217671","158","1.28442705","17.52075005","99.19412994","1012.41400146","0","46.81019974","0","18.47402"
"2013-11-02 22:00:00","46.01663936","41.34103456","0.41803812","1.19878672","7.91358413","2.21443817","159.87950134","0.87072402","17.34262085","99.19400024","1012.48699951","0","46.81019974","0","18.47402"
"2013-11-02 23:00:00","38.51104512","34.00145928","0.416604","0.83034287","6.31029787","2.13462707","148.14880371","0.91654801","17.20675087","99.19393158","1012.27502441","0","46.81019974","0","18.47402"
"2013-11-03 00:00:00","44.95960928","40.55120648","0.37683207","1.08789202","6.60016626","2.36583591","160.23880005","1.65472901","17.05447006","99.19406128","1011.99499512","0","46.81019974","0","18.47402"
"2013-11-03 01:00:00","32.50996544","29.3622016","0.32497675","0.94376075","5.61993285","2.02290046","163.79620361","1.36784005","16.90028","99.19419098","1011.75","0","18.08045006","0","6.65337086"
"2013-11-03 02:00:00","20.31190256","17.9008457","0.29048809","0.70167813","4.69028094","2.27266753","158.82640076","0.94303","16.88426971","99.19406128","1011.36700439","0","18.08045006","0","6.65337086"
"2013-11-03 03:00:00","17.89825112","15.60520099","0.27570191","0.58189791","3.9756625","2.15128654","160.64840698","1.07141101","16.79174995","99.19406128","1011.08599854","0","18.08045006","0","6.65337086"
"2013-11-03 04:00:00","15.73749227","13.85039225","0.23818192","0.54657851","3.28672433","2.1066016","166.81480408","0.52798897","16.55908012","99.19419098","1010.89501953","0","18.08045006","0","6.65337086"
"2013-11-03 05:00:00","13.58580969","11.39651615","0.2226583","0.3581335","3.0557382","2.16069074","158.32150269","0.92354298","16.1914196","99.19425964","1010.78900146","0","18.08045006","0","6.65337086"
"2013-11-03 06:00:00","14.76476036","12.72202545","0.23801882","0.26709166","2.69648397","2.25180377","152.88070679","0.611386","16.3801899","99.19447327","1010.79400635","5.83435106","18.08045006","0","6.65337086"
"2013-11-03 07:00:00","20.34563024","16.74394422","0.24850382","0.44434866","3.12175269","2.21091834","148.10400391","0.68424898","17.34147072","99.19068146","1011.28399658","125.33670044","18.08045006","0","6.65337086"
"2013-11-03 08:00:00","19.69065552","14.67008003","0.25694192","0.38423887","3.56790245","2.20347695","163.17660522","1.11603606","19.27330017","89.45800018","1011.40002441","306.89050293","18.08045006","0","6.65337086"
"2013-11-03 09:00:00","17.22252738","11.92049402","0.27406392","0.43864532","3.6130359","2.42142107","163.3690033","1.57034898","21.21462059","71.53681946","1011.21002197","442.4552002","18.08045006","0","6.65337086"
"2013-11-03 10:00:00","7.23711885","3.81440176","0.25628719","0.29210071","2.70491388","2.53318021","191.83590698","1.65762603","22.4160099","56.10594177","1011.11401367","530.07421875","18.08045006","0","6.65337086"
"2013-11-03 11:00:00","7.36162829","4.06082797","0.33959983","0.07952432","2.21661252","2.55566201","189.65209961","1.766271","22.83922958","51.1126709","1010.53302002","559.91760254","18.08045006","0","6.65337086"
"2013-11-03 12:00:00","7.1450331","3.99079141","0.29270043","0.11659905","2.39105243","2.8855819","205.63330078","1.57217503","23.39748955","45.7779007","1009.59802246","524.37200928","18.08045006","0","6.65337086"
"2013-11-03 13:00:00","6.05168458","3.27615846","0.2837707","0.06669079","2.5663995","2.56154638","194.14430237","2.2549181","23.17616081","44.16896057","1008.934021","409.8717041","18.08045006","0","6.65337086"
"2013-11-03 14:00:00","4.66910974","2.39421596","0.25776091","","","2.30059943","194.5151062","2.03722191","22.38244057","47.97808075","1008.52001953","41.50080109","18.08045006","0","6.65337086"
"2013-11-03 15:00:00","4.60036951","2.53558542","0.25374749","","","2.15932186","191.65890503","1.70334399","21.77526093","50.16815186","1008.12902832","34.46173096","18.08045006","0","6.65337086"
"2013-11-03 16:00:00","9.76621876","7.45760495","0.31195089","0.00921402","1.41756376","2.31143658","195.48480225","1.17173004","20.76143074","53.77193069","1007.96502686","8.08099365","18.08045006","0","6.65337086"
"2013-11-03 17:00:00","16.14992788","13.06053358","0.36663366","0.20358204","3.24353641","2.41749646","190.41220093","1.213889","19.67099953","60.92375183","1008.35900879","0","18.08045006","0","6.65337086"
"2013-11-03 18:00:00","18.65698052","15.44178044","0.40566815","0.52053721","4.78252183","2.1307045","155.94560242","1.43333602","18.92251968","71.15466309","1008.89801025","0","18.08045006","0","6.65337086"
"2013-11-03 19:00:00","45.76633944","40.4876516","0.4275818","0.77527944","5.5307033","2.61865703","152.73210144","1.73369396","18.62651062","81.40821075","1009.26501465","0","18.08045006","0","6.65337086"
"2013-11-03 20:00:00","50.07357832","44.30073408","0.42541024","1.09118303","6.07490204","2.58916708","165.31590271","1.83093202","18.47834969","85.9985733","1009.29101563","0","18.08045006","0","6.65337086"
"2013-11-03 21:00:00","43.22167776","38.84176376","0.38469698","1.00749003","6.33662597","2.55366768","153.40930176","1.82150304","18.19732094","89.8885498","1009.01702881","0","18.08045006","0","6.65337086"
"2013-11-03 22:00:00","37.95983464","34.18692328","0.35700726","0.76716276","5.41449681","2.31018974","157.38450623","1.38135898","17.7385006","95.04721069","1008.67700195","0","18.08045006","0","6.65337086"
"2013-11-03 23:00:00","27.77730656","24.39866872","0.34082774","0.6793021","4.41986776","2.54625782","159.57839966","1.22074997","17.56348991","98.91426086","1008.49200439","0","18.08045006","0","6.65337086"
"2013-11-04 00:00:00","28.50489904","25.66712776","0.31039445","0.67206208","4.41182634","2.63550262","156.82260132","1.05090296","17.41263008","99.19412994","1008.32501221","0","18.08045006","0","6.65337086"
"2013-11-04 01:00:00","26.1833104","23.97716832","0.30445528","0.48076539","3.7798239","2.37875995","152.44340515","0.49253601","16.68572044","99.19412994","1008.32800293","0","15.91860008","0","4.39926815"
"2013-11-04 02:00:00","","","0.28520482","0.5216793","4.66019198","2.27051861","164.16360474","0.63341099","16.21923065","99.19441223","1008.05999756","0","15.91860008","0","4.39926815"
"2013-11-04 03:00:00","","","0.28733444","0.34365447","4.70817913","","165.09609985","0.69622701","16.21426964","99.1946106","1007.70501709","0","15.91860008","0","4.39926815"
"2013-11-04 04:00:00","","","","0.35155249","3.53275493","1.83255773","157.26950073","0.467415","16.05982971","99.19412994","1007.30102539","0","15.91860008","0","4.39926815"
"2013-11-04 05:00:00","","","0.17427002","0.40880959","3.06948601","1.75780517","157.95410156","0.83788598","16.0428009","99.19434357","1007.06500244","0","15.91860008","0","4.39926815"
"2013-11-04 06:00:00","","","0.18603419","0.30120489","2.82721627","1.9210113","162.90640259","1.16164899","16.24180984","96.57163239","1007.184021","3.48392391","15.91860008","0","4.39926815"
"2013-11-04 07:00:00","","","0.2465373","0.49272125","3.50551967","2.14107586","161.01679993","1.791291","17.1153698","85.75193024","1007.51800537","95.93099976","15.91860008","0","4.39926815"
"2013-11-04 08:00:00","","","0.34257641","0.66921041","4.58950845","2.09465693","158.60740662","1.79198897","19.5571804","72.15093231","1007.43200684","306.32470703","15.91860008","0","4.39926815"
"2013-11-04 09:00:00","","","0.26253625","1.03042033","7.51652293","2.44362726","158.21600342","2.04600596","21.61050034","60.27336121","1007","433.89700317","15.91860008","0","4.39926815"
"2013-11-04 10:00:00","","","0.2337456","0.40573825","4.73074636","2.67580734","166.06770325","1.99561298","22.87545967","52.38677979","1006.77502441","518.85522461","15.91860008","0","4.39926815"
"2013-11-04 11:00:00","","","0.22469705","0.29232038","6.54426788","2.48547579","160.54870605","2.34013391","23.43568993","51.22887039","1006.03601074","521.43572998","15.91860008","0","4.39926815"
"2013-11-04 12:00:00","","","0.22000792","0.17275982","6.21017422","2.67897632","155.24850464","3.26550007","23.48480034","53.2193718","1004.88500977","502.34631348","15.91860008","0","4.39926815"
"2013-11-04 13:00:00","","","0.25167845","0.40310626","3.96256354","2.37623881","158.08250427","2.98510408","23.41378021","54.04944992","1003.97900391","350.1953125","15.91860008","0","4.39926815"
"2013-11-04 14:00:00","","","0.1963992","0.31689008","3.56323341","1.85418016","161.90080261","3.00029898","21.88813972","60.28041077","1003.56799316","98.21530151","15.91860008","0","4.39926815"
"2013-11-04 15:00:00","","","0.20071785","","","2.10602903","162.20480347","3.13886189","21.44869995","66.04537964","1003.15100098","49.17480087","15.91860008","0","4.39926815"
"2013-11-04 16:00:00","","","0.23074223","","","2.09381892","157.44160461","2.78505993","20.69305038","69.91242981","1002.8380127","12.03703022","15.91860008","0","4.39926815"
"2013-11-04 17:00:00","","","0.27483515","0.03723644","3.10323617","2.18106125","150.72270203","2.34015203","19.88916016","77.2374115","1002.5960083","0","15.91860008","0","4.39926815"
"2013-11-04 18:00:00","","","0.28042832","0.18274168","4.33362006","2.16446788","146.67480469","2.88970304","19.27429962","87.70166016","1002.29901123","0","15.91860008","0","4.39926815"
"2013-11-04 19:00:00","","","0.27606889","0.15049261","4.14003004","2.17397581","153.56700134","2.68044901","18.77642059","91.08242035","1001.88201904","0","15.91860008","0","4.39926815"
"2013-11-04 20:00:00","","","0.24361665","0.10277802","3.73222626","1.94682988","159.1605072","3.00706911","18.76231003","91.71334076","1001.74499512","0","15.91860008","0","4.39926815"
"2013-11-04 21:00:00","","","0.19162736","0.03970775","3.4653136","2.28442811","160.99740601","2.44276404","18.7504406","93.33306122","1001.36901855","0","15.91860008","0","4.39926815"
"2013-11-04 22:00:00","","","0.17649168","0.01020153","2.51244663","2.32124453","158.64500427","2.20222592","18.73694038","95.19155121","1000.80401611","0","15.91860008","0","4.39926815"
"2013-11-04 23:00:00","","","0.16999331","","","2.30045807","159.03230286","2.77881503","19.11849976","95.95448303","999.89471436","0","15.91860008","0","4.39926815"
"2013-11-05 00:00:00","","","0.1212532","","","2.38751429","157.75480652","2.4260819","19.00447083","98.66847992","999.0020752","0","15.91860008","0","4.39926815"
"2013-11-05 01:00:00","","","0.14675389","","","2.30567935","160.98980713","2.93441105","19.43725014","96.79634857","998.15631104","0","14.76854992","0",""
"2013-11-05 02:00:00","","","0.15189503","","","2.76118653","169.11700439","2.69701409","19.42036057","91.86772156","997.16760254","0","14.76854992","0",""
"2013-11-05 03:00:00","","","0.11799936","","","2.69090674","161.40530396","2.62904692","19.39594078","90.98709869","996.54510498","0","14.76854992","0",""
"2013-11-05 04:00:00","","","0.11272307","","","2.43598247","163.52980042","2.9713459","19.52462006","86.11382294","995.8604126","0","14.76854992","0",""
"2013-11-05 05:00:00","","","0.11582197","","","2.72334396","159.27920532","3.08107996","19.51016998","83.81121063","994.98321533","0","14.76854992","0",""
"2013-11-05 06:00:00","","","0.15547391","","","2.49955311","160.76390076","3.23601007","19.84708977","82.44817352","994.62872314","9.1422472","14.76854992","0",""
"2013-11-05 07:00:00","","","0.18068684","","","2.53413111","164.9947052","3.48373604","20.46404076","80.00353241","994.84967041","58.07794189","14.76854992","0",""
"2013-11-05 08:00:00","","","0.37520573","0.02972589","1.60458395","3.13065958","165.37030029","4.62029505","20.96973991","76.13417053","994.61560059","78.0189209","14.76854992","0",""
"2013-11-05 09:00:00","","","","0.72537118","3.03848887","3.01685321","162.86920166","4.4885602","20.90122986","76.26399994","994.19702148","60.16992188","14.76854992","4.5999999",""
"2013-11-05 10:00:00","33.24794008","28.25588016","0.32773547","0.63805868","2.45175004","2.75428822","167.59840393","1.91918004","15.5457201","96.44158173","994.29571533","10.71020985","14.76854992","4.5999999",""
"2013-11-05 11:00:00","39.29701096","32.4360284","0.36344855","0.82244587","3.71393857","2.48202816","190.52000427","2.2606771","15.24759007","99.19875336","993.76397705","6.06735802","14.76854992","7.19999981",""
"2013-11-05 12:00:00","32.52681016","26.6087304","0.37150685","0.75805858","3.60771902","3.03829157","168.83590698","2.49104309","15.12148952","99.19976044","992.62231445","66.95258331","14.76854992","0.80000001",""
"2013-11-05 13:00:00","31.24152552","24.0822136","0.33320165","0.94101891","3.7935717","2.75186471","162.39160156","3.8562901","16.52684975","99.1946106","991.41461182","192.29130554","14.76854992","0.2",""
"2013-11-05 14:00:00","23.001838","18.56619302","0.31680311","0.76069058","3.78423361","3.04490817","167.40710449","3.31918812","18.23760986","81.82946014","991.29730225","104.58280182","14.76854992","0",""
"2013-11-05 15:00:00","23.76833968","20.269112","0.30847919","0.49239275","3.02850193","2.95542946","166.88220215","2.58221507","18.65689087","72.17642975","991.20251465","53.25804138","14.76854992","0",""
"2013-11-05 16:00:00","21.38709664","17.91122022","0.3077732","0.53679396","2.53827945","2.54317224","158.14630127","3.34041595","18.03993988","72.14720154","990.65020752","14.15139961","14.76854992","0",""
"2013-11-05 17:00:00","35.44241896","30.57616864","0.35733463","0.59955811","2.54642664","2.75018767","148.52130127","2.73915601","17.28646088","81.35246277","990.24310303","0","14.76854992","0",""
"2013-11-05 18:00:00","28.10672504","23.92527664","0.34125996","0.80840516","3.91781859","2.90593614","147.13040161","3.2168119","16.89315987","82.28015137","990.48400879","0","14.76854992","0",""
"2013-11-05 19:00:00","35.53190056","30.83426952","0.33538836","0.77802127","3.73910017","2.7833673","130.22860718","2.10187602","16.65979958","85.93962097","990.85821533","0","14.76854992","0",""
"2013-11-05 20:00:00","34.96772672","30.66955072","0.37644645","1.04993961","4.73100569","2.62985623","116.19940186","2.17317891","16.92925072","91.2184906","990.87060547","0","14.76854992","0",""
"2013-11-05 21:00:00","17.24457465","14.48331587","0.2787414","0.89889884","3.9323444","2.78019934","144.21760559","2.78569889","16.53796959","95.13307953","990.8225708","0","14.76854992","0.40000001",""
"2013-11-05 22:00:00","12.23306395","10.54181009","0.27319367","0.41462276","1.93530524","2.7230653","156.70860291","1.90072405","15.93766022","99.18917084","990.71990967","0","14.76854992","0.60000002",""
"2013-11-05 23:00:00","16.17846066","14.44959584","0.27100696","0.32369076","1.6023791","2.78616608","158.77180481","1.74296105","15.61165047","99.19554901","990.83050537","0","14.76854992","1.20000005",""
"2013-11-06 00:00:00","15.06306295","13.29528702","0.27465225","0.41122293","1.9179959","2.69715112","146.87820435","1.02374399","15.15649033","99.19637299","990.81121826","0","14.76854992","1.39999998",""
"2013-11-06 01:00:00","9.89202645","8.34862563","0.26849755","0.42405646","2.15850928","2.49712756","146.57870483","0.671839","15.13531971","99.19651031","990.9050293","0","9.07868671","0","0.91276598"
"2013-11-06 02:00:00","","","0.28185894","0.39367053","2.2673598","2.99793396","310.90890503","0.93462098","14.91567993","99.19637299","990.90802002","0","9.07868671","0","0.91276598"
"2013-11-06 03:00:00","11.03725518","9.63911474","0.23837182","0.40037154","2.66691368","","334.17010498","0.48593301","14.24182034","99.19814301","991.08221436","0","9.07868671","0","0.91276598"
"2013-11-06 04:00:00","11.82322102","10.25258376","","0.32742112","1.62248112","1.75456501","284.73471069","0.71518803","14.06919003","99.19847107","991.6552124","0","9.07868671","0","0.91276598"
"2013-11-06 05:00:00","9.54313998","8.15407963","0.09136396","0.26105882","1.28553478","1.92828285","323.97930908","0.85184801","14.66110039","99.19637299","992.06420898","0","9.07868671","0","0.91276598"
"2013-11-06 06:00:00","24.48686928","21.21331496","0.14720008","0.25875531","1.12536847","2.03605332","305.0335083","1.38847899","15.24643993","99.1958313","992.78112793","0","9.07868671","0","0.91276598"
"2013-11-06 07:00:00","12.25252046","10.01783222","0.15950598","0.36098517","1.76605304","1.99300575","333.95159912","3.05629992","16.33061981","95.2909317","993.47631836","30.36425972","9.07868671","0","0.91276598"
"2013-11-06 08:00:00","11.45098903","8.85833615","0.14368528","0.49787642","1.25700183","2.0985795","331.31140137","3.47928905","16.89682007","79.55065918","994.45440674","104.03430176","9.07868671","0.2","0.91276598"
"2013-11-06 09:00:00","8.31231102","5.95830059","0.13873403","0.6966328","1.55309426","2.16971357","330.69830322","4.37781096","17.80809975","71.38400269","995.27362061","337.99240112","9.07868671","0","0.91276598"
"2013-11-06 10:00:00","8.81553603","6.05038634","0.14712902","0.43283113","1.2850151","1.83571551","337.44790649","4.59357214","18.25774956","66.67459106","995.82971191","409.10040283","9.07868671","0","0.91276598"
"2013-11-06 11:00:00","8.00881926","5.95570792","0.14072618","0.58332374","1.08904733","1.60087699","331.02999878","4.67293692","17.95713043","68.76387024","996.13531494","270.75500488","9.07868671","0","0.91276598"
"2013-11-06 12:00:00","7.72478018","5.53159764","0.11369818","0.47188088","0.9701163","1.88199816","334.07290649","5.113451","17.84276009","70.62744141","996.46801758","234.59390259","9.07868671","0","0.91276598"
"2013-11-06 13:00:00","9.9101828","6.85061952","0.13981282","0.48712775","0.88905733","1.96064277","332.581604","5.38405514","18.15418053","66.99205017","997.20147705","378.47259521","9.07868671","0","0.91276598"
"2013-11-06 14:00:00","5.78450744","4.1334572","0.13811891","0.43886398","0.89696858","1.89158542","329.92260742","5.74743223","17.93704987","68.12255859","997.7800293","91.43061066","9.07868671","0","0.91276598"
"2013-11-06 15:00:00","6.02444814","4.44343446","0.14843615","0.50127727","0.66468578","1.70205527","332.99209595","5.17350197","17.60046005","70.20478058","998.52850342","37.00244141","9.07868671","0","0.91276598"
"2013-11-06 16:00:00","8.57689358","7.13336034","0.14557025","0.53396466","0.66325892","1.73068992","334.67660522","4.17691803","17.04841995","75.83476257","998.94451904","5.73056602","9.07868671","0","0.91276598"
"2013-11-06 17:00:00","9.71693314","8.33825112","0.13722069","0.37093346","0.78301678","1.81141226","330.37350464","4.25981617","16.62556076","76.73712921","999.64532471","0","9.07868671","0","0.91276598"
"2013-11-06 18:00:00","11.77523364","10.19940913","0.14820315","0.42372695","0.86130239","2.09955684","335.31329346","4.11453104","16.37355995","79.95059967","1000.32000732","0","9.07868671","0","0.91276598"
"2013-11-06 19:00:00","10.88291471","9.42252146","0.13402859","0.39597607","0.90747419","2.76743294","334.14309692","3.858428","16.35124016","76.3966217","1000.90600586","0","9.07868671","0","0.91276598"
"2013-11-06 20:00:00","9.05158582","7.70013833","0.14685874","0.33235662","0.88322077","2.12355397","332.48410034","2.98480511","15.93196011","77.55589294","1001.82800293","0","9.07868671","0","0.91276598"
"2013-11-06 21:00:00","12.32904062","10.84141093","0.14452757","0.3764517","1.1267882","2.21673049","334.98880005","1.86924195","15.66090012","82.12203217","1002.73101807","0","9.07868671","0","0.91276598"
"2013-11-06 22:00:00","6.84802685","5.64313607","0.1244954","0.36416634","0.80618302","2.0353821","332.85391235","2.95513105","16.09110069","84.56790161","1003.42602539","0","9.07868671","0","0.91276598"
"2013-11-06 23:00:00","5.90253138","4.56535123","0.14941009","0.73403602","0.61210179","1.54232016","331.51409912","3.46130109","16.26663971","84.91236115","1003.94702148","0","9.07868671","0","0.91276598"
"2013-11-07 00:00:00","5.89215495","4.56016206","0.12978916","0.88365198","0.8552075","1.4186733","334.47689819","3.21218801","16.4405098","83.25022125","1004.4130249","0","9.07868671","0","0.91276598"
"2013-11-07 01:00:00","4.80010277","3.63931036","0.16545447","1.06683198","0.84042236","1.47558259","333.53439331","3.29215693","16.49348068","85.09442139","1004.93103027","0","17.36071968","0","7.24840593"
"2013-11-07 02:00:00","6.0944847","4.83123013","0.12786458","0.60416512","0.59880045","1.27304501","336.06600952","3.08253598","16.39146042","87.59272003","1005.41601563","0","17.36071968","0","7.24840593"
"2013-11-07 03:00:00","9.53146722","8.21633435","0.13258399","0.34310631","0.55431585","1.98463991","338.7467041","3.07631707","16.55480957","91.28916168","1005.44000244","0","17.36071968","0","7.24840593"
"2013-11-07 04:00:00","4.15161546","2.98823038","0.1212334","0.24274875","0.5189812","1.45201158","334.89959717","2.05624604","16.39051056","92.17942047","1005.84100342","0","17.36071968","0","7.24840593"
"2013-11-07 05:00:00","5.50047028","4.26964131","0.13536368","0.23879262","0.55535319","1.29136321","338.03390503","1.29190302","16.18836975","93.95082092","1006.67102051","0","17.36071968","0","7.24840593"
"2013-11-07 06:00:00","19.21338208","14.16426043","0.25404922","0.29254005","0.7576772","1.54543523","335.55639648","0.73047698","15.53262043","97.7911911","1007.11602783","3.14306092","17.36071968","0","7.24840593"
"2013-11-07 07:00:00","115.03255464","57.34053584","0.42153312","1.39809126","2.8549702","1.76158841","219.28340149","0.45919701","15.06227016","96.05493164","1008.18499756","130.66540527","17.36071968","0","7.24840593"
"2013-11-07 08:00:00","36.14666592","24.50633344","0.29450851","1.8299359","7.07017993","1.39748513","332.79589844","1.61008501","16.88095093","80.90258026","1008.90600586","304.56240845","17.36071968","0","7.24840593"
"2013-11-07 09:00:00","14.3964193","10.20719097","0.17112452","1.02328506","3.78527095","1.42514651","332.59030151","2.76682591","18.66699982","74.99993134","1009.45001221","439.04949951","17.36071968","0","7.24840593"
"2013-11-07 10:00:00","8.19817609","5.85843492","0.13644597","0.52749248","1.69524035","1.46892531","334.38360596","2.658813","19.51024055","71.15682983","1009.68499756","530.26342773","17.36071968","0","7.24840593"
"2013-11-07 11:00:00","7.64955637","5.465452","0.14740629","0.4847144","1.37087329","1.57981085","334.48330688","2.56703806","19.94824028","69.07421112","1009.65100098","554.63970947","17.36071968","0","7.24840593"
"2013-11-07 12:00:00","13.06961366","9.7675151","0.19992565","0.50720027","1.52559967","5.39167838","334.97320557","2.25374007","20.76366997","63.38827133","1009.55401611","522.44812012","17.36071968","0","7.24840593"
"2013-11-07 13:00:00","15.85162529","12.15784014","0.20135744","0.68950261","1.98394021","4.79231147","339.10040283","2.415838","20.23435974","65.37226105","1009.38201904","412.29440308","17.36071968","0","7.24840593"
"2013-11-07 14:00:00","8.392724","6.58344238","0.16617444","0.57345172","1.67487798","1.8926848","336.59820557","2.15883994","19.2883606","71.22460175","1009.74200439","34.95827103","17.36071968","0","7.24840593"
"2013-11-07 15:00:00","9.35637582","7.71440567","0.15799264","0.37173486","1.10837135","1.26913667","337.19650269","1.57646406","18.44322014","87.3716507","1009.96002197","21.12434006","17.36071968","0","7.24840593"
"2013-11-07 16:00:00","12.8569094","11.43283268","0.18274307","0.35626832","1.17101346","1.26986891","53.74671173","0.82136399","17.69074059","97.29866028","1010.10601807","4.15343904","17.36071968","0","7.24840593"
"2013-11-07 17:00:00","24.59581504","22.81507384","0.28252182","0.60361696","2.61334931","1.24214956","47.08152008","0.79842901","16.88108063","99.19447327","1010.46899414","0","17.36071968","0","7.24840593"
"2013-11-07 18:00:00","28.37390792","26.37655624","0.31124024","1.09480253","4.91543152","1.21180228","78.69297028","0.694471","16.50345993","99.19508362","1010.99200439","0","17.36071968","0","7.24840593"
"2013-11-07 19:00:00","69.69811688","57.12264432","0.49238842","1.41893264","7.14371615","1.32219763","102.08319855","0.53837103","16.32802963","99.19508362","1011.10601807","0","17.36071968","0","7.24840593"
"2013-11-07 20:00:00","129.09563968","78.8767876","0.733018","2.43914636","11.38395222","1.7816162","888","0","15.80070019","99.19576263","1011.1920166","0","17.36071968","0","7.24840593"
"2013-11-07 21:00:00","139.75031704","71.89647712","0.88209373","3.29303888","15.83878851","1.88871545","888","0","15.28693008","99.19602966","1011.47302246","0","17.36071968","0","7.24840593"
"2013-11-07 22:00:00","139.50129816","62.71260576","0.75940525","4.61087155","20.8110744","1.83260044","888","0","14.16184998","99.19847107","1011.58300781","0","17.36071968","0","7.24840593"
"2013-11-07 23:00:00","68.1469304","48.17610952","0.45066045","3.27343824","15.30514827","1.45689725","888","0","13.33557034","99.2010498","1011.76300049","0","17.36071968","0","7.24840593"
"2013-11-08 00:00:00","44.35002544","36.63692184","0.371868","2.24477834","8.55773159","1.16936491","198.977005","0.60418701","13.55317974","99.20004272","1011.7210083","0","17.36071968","0","7.24840593"
"2013-11-08 01:00:00","31.61115336","28.19752592","0.32085382","1.78353731","6.82842886","1.17681443","204.6967926","0.65860099","13.07637978","99.20139313","1011.73101807","0","28.06064034","0",""
"2013-11-08 02:00:00","","","0.283095","1.7805758","6.29317871","1.10567732","888","0","12.52577019","99.20294952","1011.66400146","0","28.06064034","0",""
"2013-11-08 03:00:00","27.26498616","25.1625892","0.23809338","1.54277069","5.60346152","","199.97210693","0.61389202","13.01918983","99.20404053","1011.47900391","0","28.06064034","0",""
"2013-11-08 04:00:00","24.39996888","22.3883728","","1.13823962","3.92534643","1.53664429","199.73910522","0.32117599","13.22418976","99.20429993","1011.35900879","0","28.06064034","0",""
"2013-11-08 05:00:00","35.74979208","31.28429696","0.22336778","1.12803809","4.12195897","1.46556311","888","0","13.17195034","99.20410156","1011.51800537","0","28.06064034","0",""
"2013-11-08 06:00:00","58.61935792","43.63281512","0.33335776","1.33304597","6.33014158","1.58839026","169","0.35001999","13.18490982","99.20281982","1011.85302734","4.00590181","28.06064034","0",""
"2013-11-08 07:00:00","178.75033704","70.99508384","0.69550384","2.10360857","8.93324461","2.31931223","888","0","14.19305038","99.195961","1012.34100342","116.77960205","28.06064034","0",""
"2013-11-08 08:00:00","154.53581304","57.323672","0.957284","3.51694669","15.52588812","1.96863843","118.90000153","1.15695405","16.82872009","97.15113068","1012.47601318","303.36880493","28.06064034","0",""
"2013-11-08 09:00:00","","","0.41480757","4.8517958","20.4178005","1.53091959","129.686203","1.25986004","19.82057953","73.98451996","1012.35601807","429.91351318","28.06064034","0",""
"2013-11-08 10:00:00","35.63956528","25.32990832","0.24174682","2.00477956","8.73533132","1.82841447","148.25050354","1.76167703","21.31229973","69.82106018","1012.19500732","445.00390625","28.06064034","0",""
"2013-11-08 11:00:00","36.41774928","27.5542144","0.21333131","1.28862239","5.57674493","1.86215954","151.72810364","1.708776","22.5454998","65.46588135","1011.42901611","482.71160889","28.06064034","0",""
"2013-11-08 12:00:00","35.25825512","26.74750336","0.18982976","0.95681394","4.53672208","2.04477817","155.89360046","2.3054359","22.63227081","61.1424408","1010.81500244","442.56921387","28.06064034","0",""
"2013-11-08 13:00:00","48.65080176","34.77706208","0.26078758","1.03030541","4.97651763","2.14375159","195.65440369","1.83923697","22.20471954","62.79072952","1010.73602295","380.55340576","28.06064034","0.2",""
"2013-11-08 14:00:00","32.13251752","25.56854504","0.18739258","1.14514912","5.60242418","1.67874461","193.73190308","1.83340001","21.12438965","65.74337006","1011.07501221","38.72710037","28.06064034","0",""
"2013-11-08 15:00:00","30.99506872","26.94723088","0.18833507","0.72515151","3.2803691","1.43938858","186.83990479","1.428864","20.48908043","67.40583038","1011.30700684","21.33801079","28.06064034","0",""
"2013-11-08 16:00:00","40.32811432","35.90154752","0.26789175","0.88266447","3.84480104","1.29617464","189.96310425","1.11584997","19.44388962","73.51280975","1011.27001953","3.89295912","28.06064034","0",""
"2013-11-08 17:00:00","68.74353176","60.24316216","0.38023736","1.4158613","5.83833868","1.62785902","188.65710449","0.53724098","18.13112068","83.09693146","1011.64801025","0","28.06064034","0",""
"2013-11-08 18:00:00","73.74857416","62.27942304","0.52669767","2.25530835","9.58729561","1.56351953","171.86830139","0.39454401","17.48344994","91.91587067","1012.05401611","0","28.06064034","0",""
"2013-11-08 19:00:00","68.53214104","54.86851104","0.59402185","3.20641896","14.95899198","1.48222767","58.14200974","0.64561301","16.44734955","98.91690063","1012.13000488","0","28.06064034","0",""
"2013-11-08 20:00:00","78.0233664","58.09149296","0.6026545","2.78645186","15.5057922","1.60464192","137.76870728","1.05137396","16.58308983","99.19425964","1012.20001221","0","28.06064034","0",""
"2013-11-08 21:00:00","47.42905288","39.09340208","0.35326645","3.18886859","16.11210726","1.43083357","145.72860718","1.14955997","16.92564964","99.19406128","1012.07000732","0","28.06064034","0",""
"2013-11-08 22:00:00","32.2505644","28.7305724","0.2977542","2.01059273","8.12433806","1.14516743","145.82400513","1.02530599","16.79758072","99.19400024","1011.93902588","0","28.06064034","0",""
"2013-11-08 23:00:00","36.49944904","31.95615464","0.30246313","1.65860191","6.5571075","1.19411564","146.23770142","0.64039898","16.53656006","99.19393158","1011.86102295","0","28.06064034","0",""
"2013-11-09 00:00:00","43.15552256","38.66148128","0.32162738","1.72968004","6.81675574","1.13416349","130","0.40413001","16.13960075","99.19406128","1011.74102783","0","28.06064034","0",""
"2013-11-09 01:00:00","45.00241896","39.78338552","0.30651034","1.74163589","7.56639152","1.5640921","121.65779877","0.36821201","16.0834198","99.19434357","1011.65002441","0","28.64631081","0","10.37742043"
"2013-11-09 02:00:00","26.1444012","24.17301448","0.21085219","1.62339235","7.04424033","1.45334995","119.18930054","0.46304101","16.15023994","99.19434357","1011.35601807","0","28.64631081","0","10.37742043"
"2013-11-09 03:00:00","14.07347102","12.45614464","0.16872346","1.07834951","4.47784083","1.46813815","137.70010376","0.67797899","15.87178993","99.19454193","1011.04602051","0","28.64631081","0","10.37742043"
"2013-11-09 04:00:00","11.95291771","10.41600431","0.1722336","1.24716032","4.47420912","1.30158203","140.94610596","0.80862802","15.96866035","99.19419098","1010.83300781","0","28.64631081","0","10.37742043"
"2013-11-09 05:00:00","10.84789643","9.33432664","0.18123789","0.97282864","3.06702182","1.28151255","153.2059021","0.97649401","16.20985985","99.19434357","1010.54101563","0","28.64631081","0","10.37742043"
"2013-11-09 06:00:00","16.14733521","13.80110854","0.26297662","0.96142095","2.20442174","1.26605618","160.81700134","1.405581","16.29968071","99.19434357","1010.39300537","4.13003683","28.64631081","0","10.37742043"
"2013-11-09 07:00:00","23.44670304","18.78538088","0.20990271","0.99443684","2.73188981","1.59653135","158.29960632","1.36945105","16.78088951","99.19303894","1010.60302734","80.75904083","28.64631081","0","10.37742043"
"2013-11-09 08:00:00","57.65699096","37.70953472","0.44215012","1.11355907","4.04699488","1.57897488","158.12030029","1.34375405","18.26584053","97.86283112","1010.70300293","239.29980469","28.64631081","0","10.37742043"
"2013-11-09 09:00:00","38.796392","26.15088288","0.27173392","1.83180006","9.21169921","1.62439206","159.84440613","1.53428602","20.02528954","82.36827087","1010.54602051","333.26300049","28.64631081","0","10.37742043"
"2013-11-09 10:00:00","28.01982464","19.89428352","0.21424001","1.09085352","6.92933153","1.78271252","162.5632019","2.04509807","21.54124069","74.18267059","1010.27001953","470.55960083","28.64631081","0","10.37742043"
"2013-11-09 11:00:00","23.03814688","17.1096907","0.20746553","0.78591929","5.29102691","1.5650135","195.70950317","1.85304499","21.85585022","70.48609161","1009.7130127","326.00421143","28.64631081","0","10.37742043"
"2013-11-09 12:00:00","30.59303248","22.1639996","0.23872481","0.8918012","4.52822606","1.87510189","196.30230713","1.75759399","22.07448006","68.50434113","1009.19000244","344.2723999","28.64631081","0","10.37742043"
"2013-11-09 13:00:00","28.58271744","20.57908544","0.24319259","0.9383859","5.63731236","1.66268415","163.65280151","2.12353802","22.58390999","61.29167175","1008.78900146","321.78149414","28.64631081","0","10.37742043"
"2013-11-09 14:00:00","21.97463512","17.42874614","0.16172763","1.02876974","5.04707099","1.53724838","188.29580688","1.33487201","21.83568954","65.55744171","1008.59301758","94.52481079","28.64631081","0","10.37742043"
"2013-11-09 15:00:00","18.46373086","15.44826594","0.17908613","0.61195331","2.84122341","1.49415301","195.7901001","1.365991","20.73583984","74.4144516","1008.40600586","32.62921143","28.64631081","0","10.37742043"
"2013-11-09 16:00:00","35.37886408","30.37254064","0.30403238","0.75696124","3.34560558","1.44689404","198.43440247","0.99687397","19.40591049","86.91133118","1008.55200195","6.88136005","28.64631081","0","10.37742043"
"2013-11-09 17:00:00","53.840008","44.41099912","0.38279803","1.32964614","6.08929869","1.37501654","199.27940369","0.82102501","18.45713043","97.54273224","1008.75701904","0","28.64631081","0","10.37742043"
"2013-11-09 18:00:00","54.53389192","46.50561424","0.38102141","1.87468898","9.44010419","1.7082905","200.22740173","0.862315","17.90312958","99.19412994","1008.91400146","0","28.64631081","0","10.37742043"
"2013-11-09 19:00:00","50.423742","42.67953016","0.40547359","1.98174451","8.60978572","1.45637248","194.42570496","0.83978897","17.52684975","99.19425964","1009.2130127","0","28.64631081","0","10.37742043"
"2013-11-09 20:00:00","54.20055384","44.2501808","0.40985166","2.11282259","7.91345498","1.68017756","192.102005","1.000368","17.1447506","99.19406128","1009.29400635","0","28.64631081","0","10.37742043"
"2013-11-09 21:00:00","49.24094056","40.50319616","0.33988409","2.24082932","9.10379347","1.42727102","195.87690735","1.00043702","16.92259979","99.19434357","1009.30200195","0","28.64631081","0","10.37742043"
"2013-11-09 22:00:00","35.00013512","31.16628832","0.27607005","1.76061209","6.83646926","1.38280676","170.34970093","1.19500005","17.17711067","96.5736618","1008.93499756","0","28.64631081","0","10.37742043"
"2013-11-09 23:00:00","29.02240096","25.65544544","0.25777256","1.40719544","5.5469153","1.54542201","165.47090149","1.38615596","17.00637054","96.51226044","1008.625","0","28.64631081","0","10.37742043"
"2013-11-10 00:00:00","27.37523208","24.56338752","0.27408722","1.19002018","5.07681925","1.54869675","158.65400696","1.54242599","17.0129509","98.10955048","1008.28900146","0","28.64631081","0","10.37742043"
"2013-11-10 01:00:00","23.798186","21.31317872","0.23427102","1.10566206","5.39579215","1.47434185","164.64720154","1.52584505","17.06801987","99.19406128","1008.10101318","0","14.97354031","0","4.20526409"
"2013-11-10 02:00:00","","","0.2109349","0.95966561","4.18873316","1.24328352","158.9907074","1.93976796","16.84132957","99.19406128","1007.65600586","0","14.97354031","0","4.20526409"
"2013-11-10 03:00:00","20.32358488","18.47410728","0.20399616","1.0374356","3.13770535","","160.91110229","1.63204205","16.63017082","99.19419098","1007.27001953","0","14.97354031","0","4.20526409"
"2013-11-10 04:00:00","20.9694776","19.17575392","","0.7548774","2.25370556","2.69273022","162.92999268","1.47668898","16.4417305","99.19419098","1007.04602051","0","14.97354031","0","4.20526409"
"2013-11-10 05:00:00","13.96841618","12.36665348","0.10341589","0.6122818","2.02336828","2.74149232","161.19630432","1.73996902","16.4478302","99.19419098","1006.97302246","0","14.97354031","0","4.20526409"
"2013-11-10 06:00:00","13.45740933","11.79079732","0.10153907","0.54657851","1.78174637","3.05560396","162.13020325","1.76674795","16.46499062","99.19419098","1007.13800049","6.58933687","14.97354031","0","4.20526409"
"2013-11-10 07:00:00","18.15245726","15.3756348","0.1182708","0.5956091","1.88602142","2.86308281","162.80180359","1.61261702","17.06748962","99.19358063","1007.22601318","81.43669891","14.97354031","0","4.20526409"
"2013-11-10 08:00:00","26.6593028","21.06546","0.15564051","0.5883701","2.2839247","2.98720664","164.02799988","1.51170897","18.91724014","94.66938019","1007.03900146","220.15260315","14.97354031","0","4.20526409"
"2013-11-10 09:00:00","26.45827512","21.1821876","0.19484975","0.71966683","3.07441439","2.98404072","162.90640259","1.56696296","19.34439087","94.42829132","1006.73101807","120.45059967","14.97354031","0","4.20526409"
"2013-11-10 10:00:00","27.13139472","20.9603956","0.22123583","0.96580829","3.97799753","2.71236137","167.34970093","1.63755405","19.72138977","93.84364319","1006.45001221","140.98080444","14.97354031","0","4.20526409"
"2013-11-10 11:00:00","24.38830568","19.28341864","0.24523134","1.08931785","4.37291796","2.98784023","168.65750122","1.642977","20.33983994","88.63282013","1005.64001465","158.16630554","14.97354031","0","4.20526409"
"2013-11-10 12:00:00","27.05877696","21.42600584","0.20231157","1.00812261","4.03859751","3.10499863","193.68130493","1.22385204","20.79412079","78.57095337","1004.92102051","165.53919983","14.97354031","0","4.20526409"
"2013-11-10 13:00:00","25.50370912","21.06676016","0.19254072","0.90668601","3.63988368","2.9992408","195.38059998","1.20729494","21.05344963","68.17539978","1003.98199463","125.27980042","14.97354031","0","4.20526409"
"2013-11-10 14:00:00","16.28221916","13.88670686","0.15164106","0.83549804","3.13044194","2.86561819","197.84480286","1.43257105","20.14249992","78.64949036","1003.17602539","30.4833107","14.97354031","0","4.20526409"
"2013-11-10 15:00:00","26.55425752","21.76712576","0.20000371","0.72405518","3.27193918","3.07206817","193.19500732","0.86318702","19.16983986","88.17697144","1002.17901611","19.20228004","14.97354031","0","4.20526409"
"2013-11-10 16:00:00","26.64503928","23.020002","0.20952758","0.76398159","2.81424647","2.82445308","198.61010742","0.912916","18.44849968","92.41609192","1001.70300293","12.2649498","14.97354031","0","4.20526409"
"2013-11-10 17:00:00","34.65515296","30.35827712","0.24883119","0.91618581","3.3433753","2.94667817","161.27470398","1.19143999","17.55060005","94.01933289","1001.95202637","0","14.97354031","0","4.20526409"
"2013-11-10 18:00:00","38.99353832","33.73559568","0.24902458","1.09940954","4.74125095","3.19239249","153.63690186","1.85815299","16.74703979","98.0242691","1001.96801758","0","14.97354031","0","4.20526409"
"2013-11-10 19:00:00","42.15814688","35.1480092","0.23913023","1.15096331","4.58367188","2.96630831","150.10940552","1.41642797","16.22826004","99.1946106","1001.74200439","0","14.97354031","0","4.20526409"
"2013-11-10 20:00:00","48.3797184","38.6498372","0.32476356","1.32624529","5.28519137","3.27851917","159.53070068","1.36984098","16.69927979","99.19441223","1001.36401367","0","14.97354031","0","4.20526409"
"2013-11-10 21:00:00","35.58377312","31.0262152","0.29895298","1.37747057","5.74651477","3.2056918","163.18850708","1.21462798","16.74683952","93.76380157","1000.48101807","0","14.97354031","0","4.20526409"
"2013-11-10 22:00:00","25.8629548","23.0589112","0.19129999","1.19758055","5.30983328","3.18479347","199.00840759","1.17356098","16.62602997","83.11904144","999.71472168","0","14.97354031","0","4.20526409"
"2013-11-10 23:00:00","24.96156152","22.49861872","0.21562869","0.70804049","3.3463846","3.40454378","158.27490234","1.40958202","16.66604996","77.03919983","998.66412354","0","14.97354031","0","4.20526409"
"2013-11-11 00:00:00","17.42355888","15.4858769","0.15873242","0.64047202","3.00243317","3.24052304","156.0552063","1.81325102","16.13504982","82.2197113","997.78167725","0","14.97354031","0","4.20526409"
"2013-11-11 01:00:00","10.14623258","8.58467542","0.13610579","0.46069185","1.94983105","3.20759054","161.86050415","1.77395403","16.59049034","86.59632111","997.22387695","0","12.62812996","0","0.937729"
"2013-11-11 02:00:00","10.16698543","8.71177944","0.10581462","0.3391573","1.38332442","3.50270258","158.91850281","2.07160091","16.6273098","93.44538116","995.94641113","0","12.62812996","0","0.937729"
"2013-11-11 03:00:00","8.86222707","7.39405198","0.10262369","0.29550155","1.22652336","3.51600189","155.59440613","2.01046109","16.54298973","94.57292175","994.82281494","0","12.62812996","0","0.937729"
"2013-11-11 04:00:00","7.83502419","6.23974508","0.13282398","0.24098629","0.99385105","3.31461759","160.37660217","2.24981904","16.87030029","80.1543808","994.34210205","0","12.62812996","0","0.937729"
"2013-11-11 05:00:00","9.96984485","8.05032113","0.09331068","0.14566694","0.70190798","3.313984","147.37750244","2.16883492","16.32999992","77.32106018","994.30871582","0","12.62812996","0","0.937729"
"2013-11-11 06:00:00","13.62731347","11.13971543","0.12993828","0.2165254","0.87984941","3.48623735","156.30830383","2.38406205","16.62121964","86.41561127","993.90551758","0","12.62812996","0","0.937729"
"2013-11-11 07:00:00","35.39702808","28.069116","0.18746947","0.39685374","1.5623032","3.59262878","196.05090332","1.75456595","15.58703041","82.80661011","995.05352783","23.85733986","12.62812996","0","0.937729"
"2013-11-11 08:00:00","71.31672048","47.52889752","0.37996941","0.68895445","2.95548438","3.63949112","198.54110718","1.73771298","17.06056976","67.32228088","995.07781982","169.33959961","12.62812996","0","0.937729"
"2013-11-11 09:00:00","27.91087888","20.14590272","0.21255775","1.51863932","6.3563395","3.48813609","202.00790405","1.41655695","17.91941071","54.8611412","995.01812744","404.12680054","12.62812996","0","0.937729"
"2013-11-11 10:00:00","29.1767376","22.89807376","0.23484187","0.63520701","2.99335542","3.32031584","200.31100464","0.94726998","17.02997971","61.9001503","995.9196167","174.08830261","12.62812996","0","0.937729"
"2013-11-11 11:00:00","35.30104568","30.86279656","0.24362364","0.68632143","3.08180696","3.14932966","231.08610535","0.60048002","14.53839016","83.4626236","996.54022217","13.54598999","12.62812996","4","0.937729"
"2013-11-11 12:00:00","37.52535176","31.64098056","0.23793378","1.07769151","4.49184797","3.11639717","55.95986176","1.01747406","13.17961979","99.1971817","996.3026123","25.0152607","12.62812996","4.4000001","0.937729"
"2013-11-11 13:00:00","32.60202824","25.67879096","0.2902749","1.12123742","4.16073718","3.49193561","61.58469009","1.25963295","13.39871979","99.19698334","996.05450439","110.22480011","12.62812996","0.60000002","0.937729"
"2013-11-11 14:00:00","12.06705264","9.72601322","0.16409258","0.86050709","3.81976962","3.38237826","76.63043213","1.52007997","14.10276031","99.19535065","996.18902588","54.64997101","12.62812996","0","0.937729"
"2013-11-11 15:00:00","17.25365282","13.94766525","0.17452399","0.39520823","1.76175622","3.99919893","92.61853027","1.55083799","14.86596012","99.19548035","996.31152344","32.61803055","12.62812996","0","0.937729"
"2013-11-11 16:00:00","30.12482192","25.38308104","0.22280276","0.46167935","1.99288981","3.42924061","119.23329926","2.41641688","15.75858021","99.19480133","996.5604248","4.89417982","12.62812996","0","0.937729"
"2013-11-11 17:00:00","31.2778344","26.37007456","0.24156275","0.76891709","3.52173065","3.64266009","117.92449951","2.62781906","16.11626053","99.19447327","997.23791504","0","12.62812996","0","0.937729"
"2013-11-11 18:00:00","30.3829228","25.57762704","0.24758231","0.93465656","4.04907058","3.59073004","136.90370178","3.02412605","16.60453033","89.55371094","998.24041748","0","12.62812996","0","0.937729"
"2013-11-11 19:00:00","31.0352972","26.66708464","0.24580918","1.02262706","4.30521728","3.35577965","117.70619965","2.88886905","17.03025055","74.12657166","999.11132813","0","12.62812996","0","0.937729"
"2013-11-11 20:00:00","26.30133816","22.67888208","0.24795278","0.98621033","3.95763516","3.06003706","121.3167038","2.61057711","17.01424026","76.20355988","1000.0960083","0","12.62812996","0","0.937729"
"2013-11-11 21:00:00","16.58311825","13.84650133","0.16821552","0.86719793","3.15871556","3.11386484","121.71269989","2.63366103","17.06953049","83.24169159","1000.96801758","0","12.62812996","0","0.937729"
"2013-11-11 22:00:00","6.91417249","5.43302639","0.12139999","0.5027031","1.77240828","2.91691364","112.47270203","3.47607899","16.12405968","97.82762146","1001.60101318","0","12.62812996","0.80000001","0.937729"
"2013-11-11 23:00:00","6.04001182","4.59258767","0.1024303","0.20073038","0.75625035","2.8915822","106.45739746","2.2916019","15.04979038","99.19508362","1002.16101074","0","12.62812996","2","0.937729"
"2013-11-12 00:00:00","8.65341564","7.29159173","0.14353965","0.14764094","0.68426913","2.74086077","104.34049988","1.78073204","14.78536987","99.19563293","1002.39801025","0","12.62812996","1","0.937729"
"2013-11-12 01:00:00","6.92843792","5.47193559","0.11024745","0.17945067","0.92978208","2.68639635","113.21379852","1.59145606","14.99287033","99.19589996","1003.02099609","0","7.75186491","0.2","1.54727995"
"2013-11-12 02:00:00","","","0.08818118","0.20836906","1.00146736","2.66486442","81.63323975","2.10495496","15.1872797","99.19493866","1003.19799805","0","7.75186491","0.2","1.54727995"
"2013-11-12 03:00:00","6.78577213","5.49268844","0.10039388","0.07941448","0.52474454","","88","2.00338602","15.07149029","99.19515228","1003.32000732","0","7.75186491","0","1.54727995"
"2013-11-12 04:00:00","7.88171523","6.51210948","","0.06921397","0.39453193","1.71829066","109.90370178","2.4844439","15.23225975","99.1947403","1003.31500244","0","7.75186491","0.40000001","1.54727995"
"2013-11-12 05:00:00","8.27729274","6.9634562","0.06984641","0.03707474","0.3084144","1.70224646","120.51959991","3.00661111","14.7709198","99.19554901","1003.50701904","0","7.75186491","1","1.54727995"
"2013-11-12 06:00:00","9.66764942","8.3667839","0.07627255","0.11868288","0.35730871","1.78743344","105.32450104","1.95405304","14.42076969","99.19644165","1003.95599365","0","7.75186491","3","1.54727995"
"2013-11-12 07:00:00","16.11102059","13.57932418","0.13230439","0.16157181","0.65936788","1.86498172","101.37709808","1.71192598","14.68959045","99.19576263","1004.42901611","10.71224976","7.75186491","0.60000002","1.54727995"
"2013-11-12 08:00:00","27.98869728","21.58164264","0.17034048","0.3944404","1.75671495","1.84588043","106.9138031","2.09062195","15.0476799","99.19480133","1004.41101074","23.70471954","7.75186491","3.4000001","1.54727995"
"2013-11-12 09:00:00","25.34935336","20.96169576","0.15976694","0.54778468","2.46407099","1.70186306","109.00499725","2.93563604","15.37071037","99.19515228","1004.65100098","31.26066971","7.75186491","2.5999999","1.54727995"
"2013-11-12 10:00:00","21.00450544","17.41836971","0.13307446","0.47308704","2.35940746","1.57006901","119.41899872","3.32272911","15.20349979","99.1946106","1005.15002441","12.13675022","7.75186491","9.80000019","1.54727995"
"2013-11-12 11:00:00","26.2494656","21.90589872","0.18316829","0.44950383","2.17705631","1.84970129","128.15480042","2.92920899","14.55039978","99.19576263","1005.41900635","39.45664978","7.75186491","5.5999999","1.54727995"
"2013-11-12 12:00:00","31.56316216","25.11071664","0.18712696","0.67118441","3.24223871","1.96163028","131.811203","2.67642212","14.47171021","99.1957016","1005.73602295","39.74663162","7.75186491","5.19999981","1.54727995"
"2013-11-12 13:00:00","37.05194056","30.40236784","0.19495343","0.85600992","3.29688009","1.77100889","153.6605072","2.28895402","13.99503994","99.19637299","1006.06201172","11.78164005","7.75186491","7.4000001","1.54727995"
"2013-11-12 14:00:00","33.25442176","29.66179288","0.18948725","0.91261004","3.58528197","1.76833316","112.30789948","1.02404702","13.77824974","99.195961","1006.34100342","10.2971096","7.75186491","2.5999999","1.54727995"
"2013-11-12 15:00:00","28.10154352","23.974568","0.18361915","0.73033414","3.37974118","1.55937424","109.3934021","1.19357896","13.73707008","99.19759369","1006.40100098","6.37159204","7.75186491","1","1.54727995"
"2013-11-12 16:00:00","","","0.14771152","0.72997819","2.968324","1.7748267","91.02094269","1.68753898","13.96315956","99.20098114","1006.98400879","6.17419577","7.75186491","0.40000001","1.54727995"
"2013-11-12 17:00:00","26.59704808","23.76575848","0.19252208","0.66602923","2.81294979","1.62851702","87.65914154","1.33959305","14.17181969","99.19651031","1007.52301025","0","7.75186491","0","1.54727995"
"2013-11-12 18:00:00","50.16694128","44.6392728","0.34762901","0.87796085","4.27964482","1.6071234","118.93569946","1.02446699","15.17195034","99.19508362","1007.73901367","0","7.75186491","0.2","1.54727995"
"2013-11-12 19:00:00","76.84830856","63.80594472","0.44821162","1.78353731","8.42030235","1.79392698","176.98820496","0.71478802","14.76828003","99.19508362","1007.93103027","0","7.75186491","0.60000002","1.54727995"
"2013-11-12 20:00:00","65.23004056","52.75185056","0.44506495","2.42949401","10.58995998","1.61743782","341.03320313","0.74435502","14.4339304","99.19487","1008.08502197","0","7.75186491","1.20000005","1.54727995"
"2013-11-12 21:00:00","39.59792152","34.39575192","0.28882797","2.47534342","8.09554679","1.45126307","154.10960388","1.00279701","14.46831989","99.19528961","1008.19500732","0","7.75186491","1.20000005","1.54727995"
"2013-11-12 22:00:00","20.06808432","18.04869875","0.1548786","1.21743443","4.19290184","1.81837668","106.79869843","1.50302398","14.36452961","99.1957016","1007.89202881","0","7.75186491","0.80000001","1.54727995"
"2013-11-12 23:00:00","9.31876296","7.93618811","0.09043196","0.49019807","2.22737747","1.62622368","112.53009796","1.94447803","14.15907001","99.19676971","1007.58001709","0","7.75186491","0.40000001","1.54727995"
"2013-11-13 00:00:00","6.8856378","5.60033595","0.0928773","0.20781988","1.07705487","1.28852476","110.08570099","1.93210006","14.3070097","99.19624329","1007.65100098","0","7.75186491","0","1.54727995"
"2013-11-13 01:00:00","6.06335543","4.77286633","0.09395376","0.16442348","0.85222464","1.3496485","112.85739899","1.66603899","14.5717001","99.19589996","1007.44799805","0","10.42381954","0","1.73667097"
"2013-11-13 02:00:00","5.70798538","4.55497481","0.08214415","0.05052659","0.64132325","1.51391434","112.07589722","1.251544","14.42490959","99.19589996","1007.48602295","0","10.42381954","0.2","1.73667097"
"2013-11-13 03:00:00","4.64446597","3.55889929","0.0669642","0.03547906","0.66833782","1.38135652","88.83280182","0.70553499","14.36392021","99.19657135","1007.07800293","0","10.42381954","0","1.73667097"
"2013-11-13 04:00:00","5.14509831","3.85979646","0.07631682","0.02698304","0.8111114","1.47265566","109.25060272","1.01534796","14.78407955","99.19467163","1006.65802002","0","10.42381954","0.2","1.73667097"
"2013-11-13 05:00:00","4.41101077","3.28134572","0.06777504","0.03597739","0.72097266","1.426432","96.30107117","1.77012396","14.71020985","99.19522095","1006.4630127","0","10.42381954","0.2","1.73667097"
"2013-11-13 06:00:00","5.76116192","4.56535123","0.09168783","0.00723901","0.45548786","1.56892387","69.90885162","2.51806092","14.31427002","99.19563293","1005.64300537","1.20573902","10.42381954","0","1.73667097"
"2013-11-13 07:00:00","18.61288406","15.07992488","0.12191609","0.04343709","0.46871903","1.72287326","110.6867981","1.82521105","14.85204983","99.19644165","1006.13299561","35.18925095","10.42381954","0","1.73667097"
"2013-11-13 08:00:00","48.06458256","34.55138872","0.26654967","0.35604967","1.92155743","1.82983623","112.34420013","1.453192","15.61184978","97.91255951","1006.82000732","97.8540802","10.42381954","0","1.73667097"
"2013-11-13 09:00:00","23.57899432","18.68032604","0.19395969","1.0822975","5.34160741","1.58382088","110.24919891","2.35226393","16.66827965","88.70429993","1006.9630127","116.80690002","10.42381954","0","1.73667097"
"2013-11-13 10:00:00","23.77872184","17.87231102","0.15573953","0.71034399","3.53068025","1.66519004","115.88030243","2.95696592","17.29948044","82.60839081","1007.00402832","172.33410645","10.42381954","0","1.73667097"
"2013-11-13 11:00:00","28.52954472","21.6789252","0.18292248","0.73666904","3.6859253","1.79583894","121.74569702","3.32153296","17.6510601","79.49552155","1006.809021","186.04389954","10.42381954","0","1.73667097"
"2013-11-13 12:00:00","23.48043072","18.536362","0.16787184","0.78306763","4.28498509","1.3125941","110.8348999","2.67462206","17.35713959","79.07386017","1006.56799316","125.25219727","10.42381954","0","1.73667097"
"2013-11-13 13:00:00","22.06023536","18.29123404","0.17210196","0.82979471","3.38840501","1.63845005","99.75476074","1.54025805","16.8599205","81.94682312","1006.02600098","54.68254089","10.42381954","0","1.73667097"
"2013-11-13 14:00:00","15.14736686","12.49764842","0.09736954","0.62665099","2.88324382","1.74082941","58.97267151","1.454193","16.86067009","82.48087311","1005.93902588","83.80950928","10.42381954","0","1.73667097"
"2013-11-13 15:00:00","10.1306689","8.48091691","0.12593068","0.30657974","2.02946316","1.81073596","60.77048111","1.51490903","16.96471977","82.75817108","1005.88000488","47.21712112","10.42381954","0","1.73667097"
"2013-11-13 16:00:00","18.35867602","16.22774628","0.15805788","0.29572021","1.55283493","1.82678015","87.67958069","1.69021904","16.58111954","87.9557724","1006.16400146","4.69474983","10.42381954","0","1.73667097"
"2013-11-13 17:00:00","42.03233728","36.59413128","0.2775764","0.56873589","2.98583267","1.87835324","158.96240234","0.89970702","14.93887997","88.48989105","1006.47601318","0","10.42381954","0.2","1.73667097"
"2013-11-13 18:00:00","42.99726632","38.78342864","0.30791766","1.25154766","5.87608057","1.79278286","51.39937973","0.86165601","14.36087036","97.25823975","1006.58599854","0","10.42381954","3.5999999","1.73667097"
"2013-11-13 19:00:00","81.19187544","60.57389992","0.48514794","1.55011954","7.16926624","1.71446979","125.79229736","0.64582503","14.55420017","99.19637299","1006.46502686","0","10.42381954","0","1.73667097"
"2013-11-13 20:00:00","25.49850848","22.7385556","0.23980011","2.39197993","10.08895425","1.81455683","338.34350586","0.78908098","14.41697025","99.19563293","1006.54101563","0","10.42381954","0.2","1.73667097"
"2013-11-13 21:00:00","28.88232784","23.56991232","0.22427182","1.26920685","5.00699508","1.55899083","133.0796051","1.58951604","14.55325031","99.19589996","1007.13702393","0","10.42381954","3.4000001","1.73667097"
"2013-11-13 22:00:00","15.70506475","13.85298683","0.13252807","0.75465773","2.6979098","1.49748674","113.63349915","1.06034803","14.55006027","99.19541168","1006.91900635","0","10.42381954","0.80000001","1.73667097"
"2013-11-13 23:00:00","15.2005434","13.4470329","0.09625929","0.42482429","1.72545949","1.59871993","134.3513031","0.65670103","14.28326988","99.19563293","1006.6630249","0","10.42381954","0","1.73667097"
"2013-11-14 00:00:00","20.99800464","19.31842736","0.21830819","0.43381864","2.35071719","1.6204939","325.52850342","0.740973","14.08228016","99.19515228","1006.35101318","0","10.42381954","0.2","1.73667097"
"2013-11-14 01:00:00","6.70276456","5.17363109","0.12306245","0.77385361","4.0218343","1.69995415","314.20581055","0.55519599","13.77458954","99.19637299","1006.20300293","0","27.02930069","0","13.64970016"
"2013-11-14 02:00:00","","","0.09581543","0.4330508","1.74776637","1.49404928","327.69219971","0.74133003","13.58411026","99.19631195","1005.80999756","0","27.02930069","0","13.64970016"
"2013-11-14 03:00:00","16.30167567","14.9865428","0.10237671","0.31019924","1.13560763","","331.1072998","0.50020099","13.42381954","99.1960907","1005.41400146","0","27.02930069","0","13.64970016"
"2013-11-14 04:00:00","16.05784405","14.48591046","","1.00255453","1.11446725","2.86604431","334.4855957","0.509565","13.64177036","99.19535065","1005.26702881","0","27.02930069","0","13.64970016"
"2013-11-14 05:00:00","14.61431082","13.01514078","0.19593087","1.10401655","1.3340406","2.87300059","337.78201294","0.58858502","14.17459965","99.19493866","1005.07501221","0","27.02930069","0","13.64970016"
"2013-11-14 06:00:00","15.6804229","13.99695087","0.18679843","0.81707102","1.31938461","2.99305846","351.22210693","0.45506501","14.78211975","99.19508362","1005.13299561","0.019333","27.02930069","0","13.64970016"
"2013-11-14 07:00:00","35.86912","26.31172032","0.32283548","0.64683437","1.53727178","2.99782514","70.5","0.34187999","14.8544302","99.19487","1005.45202637","17.74011993","27.02930069","0","13.64970016"
"2013-11-14 08:00:00","76.42420784","43.86887064","0.70042247","1.3838319","6.57267065","3.35181233","17.77775955","0.50196701","15.8669796","99.19412994","1005.7130127","73.85633087","27.02930069","0","13.64970016"
"2013-11-14 09:00:00","52.63900432","36.17907432","0.47775369","3.03760814","14.45460066","3.15807281","888","0","16.48426056","97.3207016","1005.88500977","91.33087921","27.02930069","0","13.64970016"
"2013-11-14 10:00:00","26.72155752","20.12125704","0.30720351","2.08726538","9.87002975","2.65452662","342.06509399","0.48229599","17.5807209","88.00563049","1005.92901611","204.06680298","27.02930069","0","13.64970016"
"2013-11-14 11:00:00","14.06050193","10.43416066","0.22990926","1.13209694","5.36261863","3.22634504","341.48699951","1.28573","18.92674065","66.27484894","1005.42602539","375.73150635","27.02930069","0","13.64970016"
"2013-11-14 12:00:00","16.51697261","12.41723544","0.25870456","0.68661738","3.15323799","3.36855723","52.36697006","0.85313302","19.08764076","63.04063034","1005.21099854","250.65220642","27.02930069","0","13.64970016"
"2013-11-14 13:00:00","15.3561802","12.23565854","0.23986418","0.84764408","3.29765911","3.14467485","339.58621216","0.89710498","18.7005806","64.35292053","1005.09399414","183.42990112","27.02930069","0","13.64970016"
"2013-11-14 14:00:00","9.88294636","8.19558342","0.18568819","0.71045383","2.95911507","3.35451755","335.96560669","1.011724","18.07332039","72.07447052","1004.96600342","96.74195099","27.02930069","0","13.64970016"
"2013-11-14 15:00:00","14.32767907","12.23565854","0.21370178","0.60142329","1.72429197","2.59449819","338.31030273","0.35675699","17.24094009","79.46057129","1005.13000488","24.31418991","27.02930069","0","13.64970016"
"2013-11-14 16:00:00","35.85615664","31.82644456","0.37347337","0.8190857","2.97011494","2.86166409","327.42520142","0.528732","16.6332798","85.15744019","1005.2880249","2.88156295","27.02930069","0","13.64970016"
"2013-11-14 17:00:00","39.2905484","36.12722088","0.38544491","1.55823723","7.02595365","2.86745998","324.8677063","0.281335","16.07732964","92.47409058","1005.42901611","0","27.02930069","0","13.64970016"
"2013-11-14 18:00:00","54.23298136","43.085486","0.53386358","1.83136173","8.22005302","3.16361139","296.72329712","0.25303301","15.81989956","95.58119965","1005.53100586","0","27.02930069","0","13.64970016"
"2013-11-14 19:00:00","109.01069152","58.03702008","0.851968","2.64508581","11.08850355","3.12251747","288.42590332","0.222946","15.38827038","98.55892944","1005.85400391","0","27.02930069","0","13.64970016"
"2013-11-14 20:00:00","170.94123192","63.24435208","0.94600447","3.99924775","17.78976063","4.18384037","248.14700317","0.226963","14.76379967","99.1947403","1006.08001709","0","27.02930069","0","13.64970016"
"2013-11-14 21:00:00","156.83795664","62.27682272","0.71708313","4.10191695","18.43428438","4.06945126","275.77490234","0.34584901","14.29778957","99.19493866","1006.09100342","0","27.02930069","0","13.64970016"
"2013-11-14 22:00:00","45.62756648","35.11946304","0.44875218","3.00272708","13.30538049","2.91331956","302.6585083","0.43975899","14.49993038","99.1946106","1005.99200439","0","27.02930069","0","13.64970016"
"2013-11-14 23:00:00","30.97694296","24.74106968","0.37627054","2.16108534","7.3082993","2.9434614","305.96490479","0.44512999","13.90489006","99.19576263","1005.92401123","0","27.02930069","0","13.64970016"
"2013-11-15 00:00:00","32.99113936","23.77224016","0.3448435","1.51644565","4.10016974","2.92916442","261.64990234","0.50427401","13.52861977","99.19676971","1005.7130127","0","27.02930069","0","13.64970016"
"2013-11-15 01:00:00","36.43719432","27.26628632","0.37729923","1.67055776","3.96204487","2.65607348","288.79980469","0.31746","13.13173008","99.19866943","1005.71099854","0","18.5489006","0","9.28367996"
"2013-11-15 02:00:00","34.0040596","25.87723744","0.41251136","1.83103223","4.59988388","2.87300059","888","0","13.0357399","99.19888306","1005.6920166","0","18.5489006","0.2","9.28367996"
"2013-11-15 03:00:00","32.72785696","24.30140528","0.4573091","2.25223701","5.80811954","3.04947959","187.5","0.17094","13.10968018","99.19676971","1005.56799316","0","18.5489006","0","9.28367996"
"2013-11-15 04:00:00","43.03101312","23.37146584","0.45455271","2.1024024","6.11925747","3.11015381","888","0","12.83977032","99.19753265","1005.72900391","0","18.5489006","0","9.28367996"
"2013-11-15 05:00:00","44.65483648","20.58816744","0.53003772","2.13410229","8.34261474","2.97012714","888","0","12.41765022","99.20017242","1005.97302246","0","18.5489006","0","9.28367996"
"2013-11-15 06:00:00","96.71668448","27.73189656","0.63900716","2.50430148","10.18856025","3.83590433","888","0","12.24711037","99.20146179","1006.34100342","1.59238899","18.5489006","0","9.28367996"
"2013-11-15 07:00:00","159.63809976","46.10355888","0.81239528","3.37950727","14.03335926","4.16851011","149.23910522","0.64181203","13.08403969","99.19698334","1007.01702881","81.54762268","18.5489006","0","9.28367996"
"2013-11-15 08:00:00","121.24246296","55.72061296","0.75274728","3.39749597","15.00048558","4.04433034","155.06140137","0.91431898","15.50434017","96.96343994","1007.38800049","246.62590027","18.5489006","0","9.28367996"
"2013-11-15 09:00:00","55.10066608","32.14810032","0.43953819","3.25281653","14.30714583","2.98056055","145.39450073","1.49642003","17.70458031","75.30667114","1007.70800781","378.86340332","18.5489006","0","9.28367996"
"2013-11-15 10:00:00","29.032764","19.07201262","0.3229182","1.89607751","8.26739233","2.98069174","135.38380432","1.90152395","19.09822083","62.69115067","1007.8170166","458.03610229","18.5489006","0","9.28367996"
"2013-11-15 11:00:00","27.096386","18.98641238","0.31555423","1.29531324","5.1551069","3.09701417","129.92900085","1.92815602","19.01111984","62.22940063","1007.61401367","310.26251221","18.5489006","0","9.28367996"
"2013-11-15 12:00:00","29.61252064","19.43905544","0.31999754","1.12540508","4.28576309","2.90443199","127.11940002","2.22425199","19.5748806","60.10168076","1007.36999512","436.1546936","18.5489006","0","9.28367996"
"2013-11-15 13:00:00","35.2698992","22.85138272","0.36306643","1.25878667","4.80998998","3.09301939","125.75720215","2.5529561","19.27404022","59.09856033","1007.42602539","330.02340698","18.5489006","0","9.28367996"
"2013-11-15 14:00:00","20.78919512","15.25760895","0.26458665","1.14602679","4.75396142","2.59849094","116.04419708","1.98369706","18.5156002","61.23735046","1007.69000244","62.57835007","18.5489006","0","9.28367996"
"2013-11-15 15:00:00","16.18235158","13.15780849","0.2301143","0.7032138","2.7372077","2.47392572","106.83650208","1.74085701","17.78277969","60.13187027","1008.14801025","22.0298996","18.5489006","0","9.28367996"
"2013-11-15 16:00:00","31.88998032","28.02632544","0.36026926","0.92423638","3.19515975","2.41673066","94.19937134","0.67589498","16.57052994","64.22364044","1008.75500488","2.25885201","18.5489006","0","9.28367996"
"2013-11-15 17:00:00","39.80024936","37.11939592","0.4065885","1.51820099","6.50458148","2.49350603","60.9607811","0.44778001","15.24575996","73.55216217","1009.23400879","0","18.5489006","0","9.28367996"
"2013-11-15 18:00:00","33.97035104","30.69549656","0.39235569","1.89509102","8.04976349","2.59127837","54.9830513","0.51174402","14.66380978","82.27153015","1009.60699463","0","18.5489006","0","9.28367996"
"2013-11-15 19:00:00","31.60075208","27.35448688","0.38881759","1.80306167","7.00131174","2.30736452","58.20753098","0.47584501","14.46893024","88.14910126","1009.9420166","0","18.5489006","0","9.28367996"
"2013-11-15 20:00:00","31.89648112","29.33625576","0.35821187","1.44712286","5.4173495","2.73684056","58.05960083","0.49608201","14.26183033","92.3660202","1010.0960083","0","18.5489006","0","9.28367996"
"2013-11-15 21:00:00","21.6101888","19.85537432","0.305929","1.36748871","4.57926217","2.17403988","68.36946106","0.38248199","14.20559978","91.67237091","1010.32800293","0","18.5489006","0","9.28367996"
"2013-11-15 22:00:00","17.64923033","16.16678981","0.29510965","1.12024991","3.03057762","2.78978457","68.81781006","0.38518399","14.09869003","93.85063171","1010.35601807","0","18.5489006","0","9.28367996"
"2013-11-15 23:00:00","13.63379706","12.17210748","0.23394016","1.03568026","2.83888838","2.55482401","59.86746979","0.57539099","14.3885498","97.09352875","1010.30401611","0","18.5489006","0","9.28367996"
"2013-11-16 00:00:00","12.82059478","11.12415175","0.25356225","0.93553423","2.47613261","2.59900757","107.48339844","0.861678","14.47449017","92.16802216","1010.35601807","0","18.5489006","0","9.28367996"
"2013-11-16 01:00:00","7.52764151","6.17489578","0.2201186","0.96218879","2.86495714","1.92954698","86.55036926","0.88915402","15.20987034","79.18891144","1010.27600098","0","11.81412983","0","4.11870909"
"2013-11-16 02:00:00","","","0.23385861","0.624677","1.43792613","2.2289172","90.5","1.10556901","15.15954018","75.1180191","1010.20599365","0","11.81412983","0","4.11870909"
"2013-11-16 03:00:00","18.88784114","17.56233375","0.20210071","0.55776653","1.05805019","","118.63310242","0.95674199","15.01315975","74.03507233","1010.33300781","0","11.81412983","0","4.11870909"
"2013-11-16 04:00:00","14.63117083","13.25767416","","0.61732815","1.32262681","2.10049858","110.40859985","0.86200899","15.06641006","80.23143005","1010.51300049","0","11.81412983","0","4.11870909"
"2013-11-16 05:00:00","14.90094256","13.38607452","0.1957433","0.65615721","1.49174882","2.32696617","110.00800323","0.86866897","15.00331974","79.6207428","1010.61700439","0","11.81412983","0","4.11870909"
"2013-11-16 06:00:00","16.94237922","15.10845766","0.22623834","0.68544478","1.51187627","2.28526612","111.12180328","1.00690305","15.23320961","76.18267059","1010.64001465","0.965608","11.81412983","0","4.11870909"
"2013-11-16 07:00:00","26.29485648","21.60240696","0.26799078","0.9727188","2.38508671","2.34191607","107.5401001","0.83414","15.53215027","74.29228973","1011.13299561","48.3658905","11.81412983","0","4.11870909"
"2013-11-16 08:00:00","35.06238984","25.06532576","0.33745507","1.10895206","3.19619709","2.2991675","87.05374908","1.45115304","16.25979996","69.81970215","1011.48199463","81.75315094","11.81412983","0","4.11870909"
"2013-11-16 09:00:00","20.19777528","16.30556468","0.2364717","1.63995521","5.50515321","2.00739325","86.14363098","1.43336904","16.86322975","64.53188324","1011.75","88.20919037","11.81412983","0","4.11870909"
"2013-11-16 10:00:00","17.35352232","14.26153343","0.26624211","1.03304724","3.03498734","2.00634472","89.95236969","1.66049302","17.06410027","63.70674133","1011.86700439","75.25743103","11.81412983","0","4.11870909"
"2013-11-16 11:00:00","24.72162464","19.54928224","0.27232924","0.93070857","2.61231197","2.16934338","122.77149963","2.97215295","16.96072006","66.03913116","1011.82000732","92.75946045","11.81412983","0","4.11870909"
"2013-11-16 12:00:00","21.59980664","17.20696178","0.26127805","1.04708795","3.22460088","2.16200064","93.50959015","2.07864594","16.95746994","66.16734314","1011.67102051","103.25700378","11.81412983","0","4.11870909"
"2013-11-16 13:00:00","27.09898632","20.77883208","0.27147063","1.05739829","3.06128696","1.96779127","107.53780365","2.18552589","17.42943954","64.7276535","1011.23400879","113.62419891","11.81412983","0","4.11870909"
"2013-11-16 14:00:00","18.35089418","14.74011659","0.24932515","1.06913549","3.63638113","1.88792931","118.29070282","2.34253097","16.97429085","66.37193298","1011.21801758","82.57630157","11.81412983","0","4.11870909"
"2013-11-16 15:00:00","20.04083832","17.02798138","0.25554741","0.85184225","2.09275412","2.10679279","124.1867981","1.38406599","16.44091034","71.74330139","1011.27801514","47.93650055","11.81412983","0","4.11870909"
"2013-11-16 16:00:00","21.94090744","18.63493325","0.26221937","0.99717969","2.53216016","2.19071767","124.78079987","2.01918411","15.54360962","83.11518097","1011.53302002","1.54151404","11.81412983","0.2","4.11870909"
"2013-11-16 17:00:00","23.947322","20.7658496","0.3117074","1.15502114","3.2961926","1.73843844","92.69553375","1.35190105","14.70464993","98.52616882","1011.875","0","11.81412983","0.2","4.11870909"
"2013-11-16 18:00:00","24.76053384","21.06676016","0.31616935","1.19911622","3.77087531","1.77751565","63.11827087","0.75465798","14.56186008","99.1960907","1012.28900146","0","11.81412983","0","4.11870909"
"2013-11-16 19:00:00","21.49734256","19.48054584","0.27666886","1.37001087","4.69083012","1.95703751","47.78318024","0.51768303","14.3604002","99.19502258","1012.71801758","0","11.81412983","0","4.11870909"
"2013-11-16 20:00:00","40.00905888","35.4022096","0.41997668","1.39392359","4.67419912","2.21445445","88.11981964","0.48648301","14.71455002","99.19441223","1012.95599365","0","11.81412983","0.2","4.11870909"
"2013-11-16 21:00:00","39.82357576","34.52802408","0.36312002","1.90309786","7.08431623","1.90983142","137.49290466","1.10222197","14.89723015","99.1947403","1012.99200439","0","11.81412983","0","4.11870909"
"2013-11-16 22:00:00","28.90567336","25.84611008","0.37187965","1.53607985","4.54191081","1.70486931","118.20800018","0.83087498","14.62922001","99.19454193","1013.05200195","0","11.81412983","0","4.11870909"
"2013-11-16 23:00:00","31.6876716","27.60868728","0.3282038","1.28412522","3.45584634","1.97133246","123.02619934","0.756378","14.38739014","99.19502258","1013.10400391","0","11.81412983","0","4.11870909"
"2013-11-17 00:00:00","27.35448688","25.40772672","0.32537984","1.28149221","4.31689041","1.75496164","91.73358154","0.45087501","14.32063961","99.1947403","1013.01501465","0","11.81412983","0","4.11870909"
"2013-11-17 01:00:00","17.89565654","15.84254711","0.28870331","0.98818534","3.95620831","1.80033306","69.95999146","0.26536399","14.00317955","99.19454193","1013.16101074","0","15.43887997","0","8.31067753"
"2013-11-17 02:00:00","32.95741168","30.12352176","0.43131446","0.94759992","4.04738439","1.89042197","174.375","0.16330899","14.06274033","99.19467163","1013.23602295","0","15.43887997","0","8.31067753"
"2013-11-17 03:00:00","55.19404816","39.98961384","0.44928458","2.10459607","11.14984899","2.05919312","179.3085022","0.475135","14.24853992","99.19515228","1012.98101807","0","15.43887997","0","8.31067753"
"2013-11-17 04:00:00","33.89511384","31.0262152","0.37642315","1.64069762","8.24824019","1.84308266","306.88659668","0.448468","13.86413002","99.19487","1013.13702393","0","15.43887997","0","8.31067753"
"2013-11-17 05:00:00","21.63871584","19.29898232","0.33458917","1.30035857","6.33040091","1.67510273","350.04580688","0.48212701","13.66436005","99.19467163","1013.09100342","0","15.43887997","0","8.31067753"
"2013-11-17 06:00:00","15.10975399","13.30566345","0.2221457","1.01812989","4.00614098","1.93238543","59.38460159","0.84342998","13.8484602","99.19535065","1013.49200439","0.023403","15.43887997","0","8.31067753"
"2013-11-17 07:00:00","11.40559624","9.6767276","0.21571839","0.95386057","3.19479872","1.84282129","40.11764145","0.35193601","14.35313988","99.19454193","1013.93200684","28.42592049","15.43887997","0","8.31067753"
"2013-11-17 08:00:00","26.14960184","19.4040276","0.30994709","0.81103818","2.49130625","1.67483831","328.94110107","0.39502999","15.21693039","99.19386292","1014.23901367","110.67150116","15.43887997","0","8.31067753"
"2013-11-17 09:00:00","16.31464286","12.06964531","0.32034471","1.5660244","4.33530625","1.72899662","152.0625","0.32814401","16.62121964","89.72866058","1014.37200928","259.62130737","15.43887997","0","8.31067753"
"2013-11-17 10:00:00","14.1824187","9.92055922","0.2559971","1.48255209","4.05010792","2.12646361","115.77770233","0.79365098","18.76468086","66.48255157","1014.15600586","467.33810425","15.43887997","0","8.31067753"
"2013-11-17 11:00:00","8.61191186","6.48098212","0.22124515","0.87959313","2.6388994","1.95323596","49.59722137","1.17131305","17.45446968","76.71250916","1013.56201172","143.81660461","15.43887997","0","8.31067753"
"2013-11-17 12:00:00","11.96588872","9.44067782","0.21612847","0.64869854","1.85281942","1.70736096","58.78639984","0.783575","17.04570961","85.50665283","1013.38000488","115.14440155","15.43887997","0","8.31067753"
"2013-11-17 13:00:00","8.92448179","7.06851104","0.1972578","0.69685145","2.5692532","1.92123809","52.30244064","1.01386404","17.16889954","80.34838104","1013.07800293","115.07929993","15.43887997","0","8.31067753"
"2013-11-17 14:00:00","7.8453987","6.03222998","0.2287361","0.64946637","1.16284289","2.08161696","47.29713058","0.94540399","16.71869087","85.16339874","1012.79901123","72.71469116","15.43887997","0","8.31067753"
"2013-11-17 15:00:00","12.16562198","10.31224581","0.2733125","0.78909945","1.2742054","2.1393134","342.92230225","0.417456","15.99483967","87.31745148","1012.78900146","38.44118118","15.43887997","0","8.31067753"
"2013-11-17 16:00:00","14.41457565","12.82189112","0.29422891","1.25823138","2.21346185","1.74866743","354.01040649","0.34950399","15.41670036","87.45014191","1012.76501465","4.50142479","15.43887997","0","8.31067753"
"2013-11-17 17:00:00","19.53243752","18.22249382","0.3291859","1.56427007","3.27518138","1.86747337","10.34712982","0.30936301","14.85245991","89.45319366","1012.94702148","0","15.43887997","0","8.31067753"
"2013-11-17 18:00:00","27.83047928","26.24298392","0.37949293","1.59070496","4.946688","1.86314705","11.96022987","0.398074","14.39377022","89.32920074","1012.95001221","0","15.43887997","0","8.31067753"
"2013-11-17 19:00:00","26.530912","24.345496","0.38415992","1.75282493","5.73484266","1.9510067","348.13650513","0.27757999","13.57929039","92.54396057","1013.01800537","0","15.43887997","0","8.31067753"
"2013-11-17 20:00:00","26.34024736","24.20412272","0.39345196","2.15812383","5.05290755","2.06076642","35.45985031","0.41496199","13.60507011","89.6531601","1013.11700439","0","15.43887997","0","8.31067753"
"2013-11-17 21:00:00","26.02897376","23.55953016","0.38252193","1.69841949","5.74729379","2.04109561","15.54469967","0.38913199","13.64081955","84.44342041","1013.27600098","0","15.43887997","0","8.31067753"
"2013-11-17 22:00:00","82.08162464","59.02919512","0.62501202","1.82872872","5.87180002","2.03886431","888","0","11.96288967","96.63539124","1013.3380127","0","15.43887997","0","8.31067753"
"2013-11-17 23:00:00","78.49807776","53.63117936","0.77396775","3.77427718","10.71927153","2.0708632","888","0","11.45637989","99.20980072","1013.30401611","0","15.43887997","0","8.31067753"
"2013-11-18 00:00:00","43.06472168","36.81978552","0.54379987","4.31833252","15.34223826","2.09918665","15.5","0.20757","11.22778034","99.21347046","1012.96600342","0","15.43887997","0","8.31067753"
"2013-11-18 01:00:00","36.95077664","28.9523644","0.51248583","3.29932496","10.71641376","2.12147929","291.21670532","0.27715299","11.41499996","99.21421051","1012.69299316","0","22.22059059","0","13.46547031"
"2013-11-18 02:00:00","","","0.58137694","2.7140262","10.29231459","2.07033843","279.05050659","0.37222001","10.6854496","99.21469116","1012.60900879","0","22.22059059","0","13.46547031"
"2013-11-18 03:00:00","46.40054984","41.57062752","0.41498232","2.56090058","9.5294517","","277.56430054","0.312751","10.41487026","99.21774292","1012.184021","0","22.22059059","0","13.46547031"
"2013-11-18 04:00:00","37.07012368","32.58776472","","1.84035608","6.05181614","1.77043123","273.09890747","0.32202199","10.30762005","99.2175293","1011.81500244","0","22.22059059","0","13.46547031"
"2013-11-18 05:00:00","45.57437464","37.95465312","0.3530451","1.76664494","5.68452048","1.73638512","271.48800659","0.442177","10.7126503","99.21292114","1011.63800049","0","22.22059059","0","13.46547031"
"2013-11-18 06:00:00","65.08866728","43.35006856","0.41213157","1.6553109","5.08027298","2.11690787","278.55160522","0.38061601","10.85408974","99.21060944","1011.69000244","0.99308097","22.22059059","0","13.46547031"
"2013-11-18 07:00:00","202.985568","61.96683016","1.06755358","2.19155161","7.45184579","3.33658275","276.26470947","0.283703","11.67521","99.20349121","1011.91400146","74.08730316","22.22059059","0.2","13.46547031"
"2013-11-18 08:00:00","119.7483688","55.36392936","0.78462634","4.97141839","20.79938907","2.42132547","339.33670044","0.35232699","14.57094955","89.97943115","1011.57702637","231.14770508","22.22059059","0","13.46547031"
"2013-11-18 09:00:00","29.14300992","19.509092","0.40543049","3.38992745","12.53109771","2.06683893","68.30857086","1.35789299","16.80550957","74.56105042","1011.24401855","337.95159912","22.22059059","0","13.46547031"
"2013-11-18 10:00:00","13.03978264","9.90888646","0.28329422","1.69249547","4.77717647","2.54149012","57.52661133","1.50637996","17.86046028","61.88182068","1010.85900879","457.63430786","22.22059059","0","13.46547031"
"2013-11-18 11:00:00","30.51001344","10.05803776","0.24651866","1.04162462","2.05943009","2.68969244","68.14286041","1.39615405","18.88982964","58.83074951","1010.21002197","488.33520508","22.22059059","0","13.46547031"
"2013-11-18 12:00:00","46.10355888","4.14772454","0.25125905","0.94781959","1.9884801","2.21103529","86.07975006","1.05979896","18.59259033","62.54462051","1009.89001465","242.57220459","22.22059059","0","13.46547031"
"2013-11-18 13:00:00","38.0804436","31.6370992","0.41499164","1.27820221","5.36235929","2.23707253","159.36520386","1.23079801","18.43827057","62.74568176","1009.16101074","217.63330078","22.22059059","0","13.46547031"
"2013-11-18 14:00:00","","","0.33257372","1.58423989","5.97802058","2.29515238","159.15640259","1.92317104","18.08642006","62.89173126","1009.00201416","109.60820007","22.22059059","0","13.46547031"
"2013-11-18 15:00:00","58.08889264","54.03065352","0.32865116","1.27086252","4.86773626","1.98672781","155.36210632","1.94232595","17.0298996","68.54836273","1009.10601807","39.39255142","22.22059059","0","13.46547031"
"2013-11-18 16:00:00","66.96409072","59.32232384","0.45622099","1.41476396","4.62673065","1.93065246","146.44520569","1.18765199","16.35124016","72.91574097","1009.27801514","3.03520608","22.22059059","0","13.46547031"
"2013-11-18 17:00:00","70.181872","59.48832368","0.53643241","2.03428578","7.65730827","2.24508344","131.89990234","1.58908403","15.89200974","78.98696136","1009.06500244","0","22.22059059","0","13.46547031"
"2013-11-18 18:00:00","55.04747424","46.63398592","0.45376983","2.6927465","9.30054026","2.17298322","127.27220154","1.84181702","15.47021961","82.27506256","1008.93200684","0","22.22059059","0","13.46547031"
"2013-11-18 19:00:00","53.1098152","44.97389192","0.43632163","1.9771375","7.23294671","2.1769902","138.80900574","1.53864801","15.21374035","76.94403076","1008.74401855","0","22.22059059","0","13.46547031"
"2013-11-18 20:00:00","63.68143528","54.36139128","0.50002499","1.71575019","6.45374064","2.28513798","119.31620026","1.04164505","14.91526985","76.89308167","1008.79602051","0","22.22059059","0","13.46547031"
"2013-11-18 21:00:00","42.04788184","37.52923312","0.40587901","2.13563796","8.05793508","2.09688009","121.11009979","1.54194105","14.8550396","80.56858063","1008.54101563","0","22.22059059","0","13.46547031"
"2013-11-18 22:00:00","19.44811832","18.51042381","0.30049661","1.6046348","5.47506425","2.15896489","120.61019897","1.83632195","14.9259901","85.76583099","1007.79901123","0","22.22059059","0","13.46547031"
"2013-11-18 23:00:00","13.78683928","13.20190494","0.26899268","1.04511395","3.02707508","1.98072039","121.17040253","2.625916","15.67975044","86.35848999","1007.35601807","0","22.22059059","0","13.46547031"
"2013-11-19 00:00:00","9.33951581","8.80516152","0.24108394","0.58402547","1.71650989","2.14294206","124.9897995","3.31462002","16.17906952","88.11450195","1006.9710083","0","22.22059059","0","13.46547031"
"2013-11-19 01:00:00","7.92192077","7.4757613","0.16900422","0.46464086","1.20590165","1.83251806","122.26679993","2.45549607","15.98126984","98.94680023","1006.48901367","0","18.24718094","0",""
"2013-11-19 02:00:00","5.66907618","5.31759513","0.19172289","0.38577454","0.95468333","1.91062468","129.25410461","3.10910106","16.09313011","99.04103088","1005.77301025","0","18.24718094","0",""
"2013-11-19 03:00:00","4.43046537","4.32022327","0.16630725","0.29681755","0.73070026","2.0047521","137.07220459","3.95879412","16.03722954","96.05004883","1005.30603027","0","18.24718094","0",""
"2013-11-19 04:00:00","4.40582351","4.19960284","0.20112094","0.28233852","0.61994083","2.05482104","142.06500244","4.28056288","15.99693966","98.78807068","1004.85601807","0","18.24718094","2",""
"2013-11-19 05:00:00","4.77156999","4.53681846","0.17770794","0.31294209","0.57882758","1.96870453","143.11590576","4.54910183","15.13634014","99.19502258","1004.70001221","0","18.24718094","1.60000002",""
"2013-11-19 06:00:00","8.39012942","7.61453809","0.18865894","0.28233852","0.6143636","2.20502889","141.727005","3.92963696","14.17358017","99.19657135","1004.88500977","0","18.24718094","2",""
"2013-11-19 07:00:00","17.90473471","15.51441158","0.21705698","0.29714604","0.99761191","2.09688009","118.06829834","2.40762496","13.78794956","99.19637299","1004.70599365","0.06105","18.24718094","4.80000019",""
"2013-11-19 08:00:00","39.02854704","30.26359488","0.35476114","0.44687183","2.03452172","1.88658992","101.23200226","1.83460498","13.94775963","99.19676971","1004.01000977","8.38420868","18.24718094","1.60000002",""
"2013-11-19 09:00:00","22.49341808","18.65698052","0.2498692","1.03535075","4.09057232","2.373259","139.45080566","4.45184994","15.50352001","99.19480133","1003.36901855","9.056777","18.24718094","3.20000005",""
"2013-11-19 10:00:00","30.11443976","26.74750336","0.26376183","0.70672347","2.81074494","2.0788558","160.14280701","1.77855802","12.38895035","99.19915009","1004.23400879","1.19454598","18.24718094","20",""
"2013-11-19 11:00:00","27.62555112","25.32600784","0.25661106","0.69553545","3.74986409","2.13893711","888","1.33353698","11.08817959","99.20619965","1003.52001953","1.07549906","18.24718094","20",""
"2013-11-19 12:00:00","26.49588416","20.66858616","0.26368028","0.64123986","3.05781288","2.30316329","310.00860596","1.95952904","10.93480968","99.20742035","1001.72802734","0.01221","18.24718094","20",""
"2013-11-19 13:00:00","63.947318","53.35753392","0.471013","0.86950144","3.25767271","2.38928285","111.95439911","1.53519702","11.27696037","99.20619965","1001.56500244","2.46031809","18.24718094","10",""
"2013-11-19 14:00:00","20.1822116","17.81913638","0.19033421","1.44898702","5.11075146","2.42132547","135.13780212","3.89063811","13.82044029","99.20065308","1000.22900391","80.79872131","18.24718094","4.80000019",""
"2013-11-19 15:00:00","13.6415789","11.59884399","0.1732122","0.68017977","2.06940991","","144.65260315","3.91273093","15.63241005","99.19441223","1000.07501221","56.41534042","18.24718094","0.2",""
"2013-11-19 16:00:00","20.67116736","18.0824207","0.22118457","0.60175178","1.77954152","1.37755396","160.85020447","2.52790594","15.71271992","99.19425964","999.434021","5.74989796","18.24718094","0",""
"2013-11-19 17:00:00","31.34787096","27.83306048","0.26118834","0.85425559","2.9120361","1.08794795","163.20230103","1.81734395","16.21813965","99.19406128","1000.11700439","0","18.24718094","0",""
"2013-11-19 18:00:00","39.96626832","34.9443812","0.35230998","1.1329736","4.09731706","1.17347054","165.26330566","1.62234199","15.93412971","96.62744141","1000.45001221","0","18.24718094","0",""
"2013-11-19 19:00:00","33.77580504","30.03922168","0.33257372","1.41191229","5.07391775","1.30647278","159.14950562","1.84323096","15.8224802","88.19908142","1000.58300781","0","18.24718094","0",""
"2013-11-19 20:00:00","40.89230728","37.16608696","0.36121757","1.45232075","4.2878276","1.08848798","157.65530396","1.51431501","15.44281006","93.23841858","1000.66400146","0","18.24718094","0",""
"2013-11-19 21:00:00","26.19887408","24.41295136","0.25109478","1.39085225","4.39198366","1.22077222","163.81990051","2.02435899","15.67045975","91.72241974","1000.5300293","0","18.24718094","0",""
"2013-11-19 22:00:00","13.15261932","11.93476136","0.232421","0.99476635","2.64758864","1.26213971","163.42840576","2.76734209","15.70248032","89.76991272","1000.54602051","0","18.24718094","0",""
"2013-11-19 23:00:00","9.93093565","8.82850704","0.19061963","0.77045276","1.7703275","0.97068277","164.56500244","2.24301696","15.55792999","85.96559143","1000.4420166","0","18.24718094","0",""
"2013-11-20 00:00:00","6.77280112","6.02704082","0.18996607","0.61513347","1.60276759","1.1754486","162.87420654","2.24404001","15.39200974","79.4263916","1000.24401855","0","18.24718094","0",""
"2013-11-20 01:00:00","5.38503902","4.60426043","0.18436824","0.41451293","1.16069396","1.5096226","166.85670471","1.99247599","15.09272957","78.34587097","1000.28601074","0","29.80463982","0","4.22493601"
"2013-11-20 02:00:00","5.57309951","4.81955737","0.18951638","0.40606776","1.10590716","1.57517842","163.02020264","2.10997701","14.94709015","79.11118317","1000.31201172","0","29.80463982","0","4.22493601"
"2013-11-20 03:00:00","4.94925598","4.18793199","0.17917817","0.33301462","0.97452601","","169.56880188","2.24201202","15.17825985","78.99491119","999.85351563","0","29.80463982","0","4.22493601"
"2013-11-20 04:00:00","4.96611599","4.18663374","","0.35034531","0.87284534","1.22380492","161.72520447","2.065413","14.73313999","82.65431976","999.42980957","0","29.80463982","0","4.22493601"
"2013-11-20 05:00:00","8.42903862","7.44852486","0.17634605","0.42219128","0.91940563","1.09844645","163.60180664","1.09110904","14.45285034","85.72708893","999.4276123","0","29.80463982","0","4.22493601"
"2013-11-20 06:00:00","16.34058296","14.65451635","0.23594745","0.41144261","1.1850206","1.07550089","160.65730286","1.43337297","14.23130989","87.52481079","999.60852051","0.115995","29.80463982","0","4.22493601"
"2013-11-20 07:00:00","27.22737712","21.94350776","0.25817216","0.61831464","2.19832584","1.35042854","163.90550232","2.72645402","15.05128002","84.40924072","999.97802734","67.65670013","29.80463982","0","4.22493601"
"2013-11-20 08:00:00","43.53553256","29.67607552","0.33731294","0.87586379","3.19243622","1.37174486","171.61860657","2.33462","16.77301979","75.37876892","1000","240.67140198","29.80463982","0","4.22493601"
"2013-11-20 09:00:00","30.63452288","21.43508784","0.3195164","1.33348532","5.79994897","1.4183621","178.54530334","2.83614802","18.34276009","68.4034729","1000.17700195","345.05990601","29.80463982","0","4.22493601"
"2013-11-20 10:00:00","23.5374848","16.85548265","0.25964821","1.03666776","4.04012098","1.31287073","197.40330505","3.02616811","19.35305977","62.16984177","1000.08001709","452.40740967","29.80463982","0","4.22493601"
"2013-11-20 11:00:00","25.15740768","17.75687975","0.25849952","0.89933717","3.2597362","1.41769698","197.74290466","3.61389399","19.1794796","61.1557312","999.8348999","393.75039673","29.80463982","0","4.22493601"
"2013-11-20 12:00:00","29.80058496","20.68414984","0.25784363","0.9544006","3.29995346","1.53786062","197.55760193","3.26633191","19.25510979","63.44688034","999.55871582","379.06280518","29.80463982","0","4.22493601"
"2013-11-20 13:00:00","39.61996688","27.91607952","0.36326914","0.993011","3.488011","1.26830579","198.85870361","2.63695693","19.16768074","64.00888062","999.32611084","256.6585083","29.80463982","0","4.22493601"
"2013-11-20 14:00:00","30.79406016","24.33771416","0.31656429","1.09579004","4.83307486","1.37730073","196.66850281","2.14848208","18.76704979","65.54972076","999.52471924","126.64730072","29.80463982","0","4.22493601"
"2013-11-20 15:00:00","41.67827312","33.60328528","0.37848287","1.03909738","3.89313702","1.22211466","195.07150269","1.35884297","18.22466087","70.12358093","999.64782715","57.89479065","29.80463982","0","4.22493601"
"2013-11-20 16:00:00","72.8251164","56.22901376","0.50145911","1.46412405","5.15666392","1.27953957","194.72380066","0.76864898","16.94709015","76.91161346","999.69641113","3.65181088","29.80463982","0","4.22493601"
"2013-11-20 17:00:00","52.80500416","43.75212392","0.44183674","1.7756403","7.74368513","1.40236062","175.30960083","0.485425","15.93949032","79.61985016","999.7802124","0","29.80463982","0","4.22493601"
"2013-11-20 18:00:00","82.16202424","62.98757048","0.55402857","1.78573098","7.22944518","1.25212328","194.02400208","0.61005902","15.2112999","84.19921112","1000.309021","0","29.80463982","0","4.22493601"
"2013-11-20 19:00:00","79.72372712","61.9862752","0.55390508","2.30919206","10.05831001","1.24687048","190.8105011","0.65585202","15.35387993","84.54450226","1000.44000244","0","29.80463982","0","4.22493601"
"2013-11-20 20:00:00","50.44452544","38.88069208","0.38311608","2.14221897","8.78733765","1.1994081","197.85600281","0.530788","14.8706398","81.60629272","1000.42199707","0","29.80463982","0","4.22493601"
"2013-11-20 21:00:00","68.7214864","58.32751024","0.51232506","1.58862112","6.86046335","1.22102546","195.88180542","0.67155099","13.93317986","80.56362152","1000.71600342","0","29.80463982","0","4.22493601"
"2013-11-20 22:00:00","37.26205024","34.39185144","0.4416317","1.94620544","7.26952109","1.03015286","200.71600342","0.79422897","14.12697983","84.53710175","1000.67102051","0","29.80463982","0","4.22493601"
"2013-11-20 23:00:00","24.18855904","22.43764504","0.29298585","1.55593373","5.24744948","1.15671749","202.84550476","0.95834899","14.14346027","85.85157013","1000.49700928","0","29.80463982","0","4.22493601"
"2013-11-21 00:00:00","19.15112736","17.73612882","0.29983372","1.06436169","3.1080415","1.08673162","182.12750244","0.864573","13.90814972","87.25157928","1000.13500977","0","29.80463982","0","4.22493601"
"2013-11-21 01:00:00","13.30566345","12.0787254","0.24714194","0.9180937","2.83901855","1.11094639","192.05810547","0.67443502","13.40237999","94.82083893","1000.08300781","0","16.22059059","0","7.71659184"
"2013-11-21 02:00:00","10.81806541","9.62095838","0.25751626","0.87805746","2.66159579","1.05267534","185.74349976","0.72615999","13.16897011","98.36325073","999.7097168","0","16.22059059","0","7.71659184"
"2013-11-21 03:00:00","7.3979429","6.44726018","0.24476301","0.73999971","2.3676238","1.20744139","177.56750488","0.88235497","13.0938797","98.06130981","998.98602295","0","16.22059059","0","7.71659184"
"2013-11-21 04:00:00","6.77150478","5.67556168","0.23045215","0.60548112","2.14683717","1.24216075","201.19520569","1.39639294","13.36262989","90.83332062","998.73602295","0","16.22059059","0","7.71659184"
"2013-11-21 05:00:00","8.65341564","7.82075685","0.17870285","0.51235545","1.62494531","1.26335605","159.14070129","1.55030298","13.32505035","85.79376984","998.69372559","0","16.22059059","0","7.71659184"
"2013-11-21 06:00:00","15.27057996","13.29009977","0.25095498","0.56215387","2.44954518","1.01082884","157.88900757","1.70571101","13.26692009","87.78076172","998.81341553","0.19536","16.22059059","0","7.71659184"
"2013-11-21 07:00:00","44.41618064","33.53586816","0.33866667","0.78131228","3.14600509","1.22060442","158.26460266","1.507864","13.90760994","85.2053299","999.09881592","68.94789124","16.22059059","0","7.71659184"
"2013-11-21 08:00:00","75.16484992","47.0568056","0.52606274","1.43551482","5.39815464","1.51129149","162.4499054","1.76190495","15.56890965","73.68286133","998.93682861","254.07200623","16.22059059","0","7.71659184"
"2013-11-21 09:00:00","51.45484536","34.94568136","0.36294177","2.1177591","9.00379796","1.54595187","187.27980042","1.85439599","17.38887978","66.83415222","998.61376953","360.93600464","16.22059059","0","7.71659184"
"2013-11-21 10:00:00","27.689106","19.54670104","0.26563515","1.27798254","5.37091938","1.39879807","187.3881073","2.97746611","18.78022003","55.78557968","998.00469971","481.04800415","16.22059059","0","7.71659184"
"2013-11-21 11:00:00","32.13123648","22.8669464","0.31283279","0.87937346","3.3645411","1.49154644","194.05290222","2.51512599","18.96702957","53.8827095","997.3125","431.96670532","16.22059059","0","7.71659184"
"2013-11-21 12:00:00","28.41541744","21.96815344","0.30057233","1.04774594","4.42985369","1.51956377","239.95680237","1.20290899","18.26122093","58.49497986","996.71112061","235.53919983","16.22059059","0","7.71659184"
"2013-11-21 13:00:00","23.6905404","17.35870958","0.3101265","0.91267106","3.75855436","1.12447249","210.12420654","1.63013601","17.03878975","61.83197021","996.83190918","250.19230652","16.22059059","0","7.71659184"
"2013-11-21 14:00:00","21.78008912","17.56752101","0.25526082","0.93443791","4.04582838","1.20109937","248.14280701","0.81098199","15.43799973","64.47679138","997.23022461","85.96559143","16.22059059","0","7.71659184"
"2013-11-21 15:00:00","21.3378244","18.04610417","0.24021135","0.66493291","2.4616068","1.29028824","269.52670288","1.13557506","14.3885498","68.06532288","997.38922119","19.48106956","16.22059059","0","7.71659184"
"2013-11-21 16:00:00","58.71143984","48.60671104","0.45782869","0.91600987","3.37193367","1.31232765","183.81809998","0.53733701","13.44423962","70.63960266","997.5894165","1.85490406","16.22059059","0","7.71659184"
"2013-11-21 17:00:00","88.43938792","66.69302648","0.55411012","1.85702878","7.37042274","1.16510978","184.86790466","0.56791198","12.70553017","76.95928955","997.84552002","0","16.22059059","0","7.71659184"
"2013-11-21 18:00:00","135.28094056","76.5422356","0.81334825","2.52250985","10.44456966","1.77390225","188.92900085","0.62531","12.17975044","84.64971161","998.27331543","0","16.22059059","0","7.71659184"
"2013-11-21 19:00:00","192.4577136","80.1011368","1.14639612","3.92586611","16.18292097","2.33481029","165.33540344","0.56449598","11.84173965","90.91853333","998.55401611","0","16.22059059","0","7.71659184"
"2013-11-21 20:00:00","159.57586416","74.68755736","1.08378086","5.11818268","22.14693441","2.24230092","147.28370667","0.62153298","11.88609982","87.70214081","998.88952637","0","16.22059059","0","7.71659184"
"2013-11-21 21:00:00","123.79620664","67.89011056","0.98298856","4.7218771","16.99001217","1.88802796","170.081604","0.51431602","11.0536499","90.84425354","998.70751953","0","16.22059059","0","7.71659184"
"2013-11-21 22:00:00","133.38863416","66.24816144","1.04318527","4.48681382","14.37990201","1.79437243","168.17880249","0.349206","10.57258034","98.80036163","998.38122559","0","16.22059059","0","7.71659184"
"2013-11-21 23:00:00","101.9538628","61.8462212","0.8933919","4.56173113","15.81224481","1.60748546","167.95050049","0.37162","10.28658962","97.38420105","998.39361572","0","16.22059059","0","7.71659184"
"2013-11-22 00:00:00","81.8287244","56.75039704","0.75302921","4.06988755","13.87980243","1.51394891","152.29570007","0.349619","10.04436016","95.89269257","998.33062744","0","16.22059059","0","7.71659184"
"2013-11-22 01:00:00","80.185456","53.35361432","0.75356161","3.75903032","12.89826522","1.475667","139.80610657","0.334135","10.0417099","96.54389191","998.44287109","0","13.5261097","0","4.12793398"
"2013-11-22 02:00:00","36.47480336","30.98082432","0.43322506","3.2304405","11.29848354","1.51932478","119.29740143","0.563052","10.79331017","82.04016113","998.11157227","0","13.5261097","0","4.12793398"
"2013-11-22 03:00:00","18.21341564","15.45864046","0.37097911","1.84412407","6.31297055","","139.51750183","1.07044399","10.81196022","83.28652954","997.79351807","0","13.5261097","0","4.12793398"
"2013-11-22 04:00:00","14.38085562","12.82837662","","1.57337426","4.03895448","1.43380423","134.80250549","0.93537998","10.84051991","83.42993164","997.35412598","0","13.5261097","0","4.12793398"
"2013-11-22 05:00:00","13.15651215","11.71816618","0.29273538","1.31659295","3.19386308","1.17112737","145.41000366","1.14937794","10.83306026","81.97470093","997.22180176","0","13.5261097","0","4.12793398"
"2013-11-22 06:00:00","20.90462256","17.88917103","0.27354899","1.15995766","3.40020729","1.12491387","145.01780701","1.84603798","11.24359035","79.01194","997.34680176","0.361213","13.5261097","0","4.12793398"
"2013-11-22 07:00:00","48.1320188","35.43979952","0.31904341","0.97798381","3.37517587","1.46908803","143.31159973","1.77452195","11.74425983","79.00610352","997.50701904","74.44342041","13.5261097","0","4.12793398"
"2013-11-22 08:00:00","63.38960672","40.73667048","0.44239594","1.24364964","4.47213444","1.55277086","159.57380676","2.50240588","13.46296024","69.49057007","997.39361572","247.52830505","13.5261097","0","4.12793398"
"2013-11-22 09:00:00","42.3643752","28.84341864","0.35074655","2.07476034","11.03366691","1.60174754","163.21270752","2.59509706","15.74147987","61.62060165","997.57287598","369.0881958","13.5261097","0","4.12793398"
"2013-11-22 10:00:00","28.69556368","19.67769216","0.28482969","2.03055644","16.50391668","1.6000461","177.43510437","3.12690711","16.99077034","58.2947998","997.4498291","459.32629395","13.5261097","0","4.12793398"
"2013-11-22 11:00:00","28.28830768","19.34825456","0.27601879","1.45412287","11.76330339","1.98399614","153.07000732","3.18059301","17.67962074","52.32675171","996.85107422","466.43060303","13.5261097","0","4.12793398"
"2013-11-22 12:00:00","28.77466312","20.30672104","0.32493132","2.02660743","24.0371001","1.96337749","180.10270691","3.02055407","17.54631996","53.95238113","996.50292969","343.41259766","13.5261097","0","4.12793398"
"2013-11-22 13:00:00","32.86793008","23.94084032","0.31509173","3.0345368","42.46360443","1.81326015","162.54980469","2.88918304","17.09089088","55.49776077","996.45471191","223.59570313","13.5261097","0","4.12793398"
"2013-11-22 14:00:00","22.60756448","17.9786641","0.25905639","2.66642145","34.34277807","1.61938639","164.57870483","2.66695905","16.48431969","58.82899094","996.49737549","114.21839905","13.5261097","0","4.12793398"
"2013-11-22 15:00:00","32.52941048","27.72671504","0.28643506","1.69359281","18.98030151","1.66754337","151.10020447","1.98499894","15.88053989","64.50215912","996.40332031","40.39173126","13.5261097","0","4.12793398"
"2013-11-22 16:00:00","51.33295536","43.6276336","0.39018996","1.20646507","4.90414791","1.71758486","142.50610352","1.572662","15.15425014","69.3835907","996.28131104","1.512007","13.5261097","0","4.12793398"
"2013-11-22 17:00:00","46.25917656","40.75353432","0.38150255","1.88960634","7.23502139","1.6551553","159.06140137","1.93650806","14.99647045","70.44004059","996.20770264","0","13.5261097","0","4.12793398"
"2013-11-22 18:00:00","40.574552","35.01181744","0.38166682","1.73900593","6.14789924","1.77023393","147.42120361","2.53629589","14.84146976","72.28279114","996.09020996","0","13.5261097","0","4.12793398"
"2013-11-22 19:00:00","45.42393848","37.8677336","0.43226743","1.91231188","5.81680981","1.51010974","148.68510437","2.07053089","14.00080967","82.00318146","996.25152588","0","13.5261097","2","4.12793398"
"2013-11-22 20:00:00","28.17806176","24.61267888","0.28454193","1.87501748","5.41306996","1.29057809","145.38870239","2.95155001","12.4602499","98.94171143","996.3024292","0","13.5261097","0.80000001","4.12793398"
"2013-11-22 21:00:00","16.1992135","14.27190794","0.21936601","0.96624763","2.91540848","1.27715877","144.83880615","3.28350997","12.71963978","99.20451355","995.75622559","0","13.5261097","0.2","4.12793398"
"2013-11-22 22:00:00","11.98404698","10.17606361","0.22270024","0.77484111","1.84516751","1.62728136","145.32510376","3.2072289","13.00413036","98.89559174","995.49261475","0","13.5261097","0.2","4.12793398"
"2013-11-22 23:00:00","10.44583342","8.86741624","0.2102394","0.62193415","1.43909263","1.55058227","141.89720154","2.59492493","13.35604954","99.20085144","995.07861328","0","13.5261097","0","4.12793398"
"2013-11-23 00:00:00","9.84533541","8.49648059","0.19853697","0.52793182","1.23313793","1.65652316","144.4750061","2.0976119","13.51031017","98.39791107","994.76501465","0","13.5261097","0","4.12793398"
"2013-11-23 01:00:00","9.98151761","8.684543","0.21034891","0.4810949","1.26595041","1.59977253","144.26029968","1.300547","13.1932497","98.90354156","994.29650879","0","17.48324013","0.2","5.99647284"
"2013-11-23 02:00:00","7.60156899","6.53156408","0.18133691","0.454659","1.37333748","1.69119778","157.50900269","1.57810402","13.75736046","91.87239075","994.00421143","0","17.48324013","0","5.99647284"
"2013-11-23 03:00:00","4.84809206","3.91426934","0.15636164","0.43809614","1.13093858","1.58413514","164.44140625","1.64958596","14.28524017","78.05039978","993.58172607","0","17.48324013","0","5.99647284"
"2013-11-23 04:00:00","6.69628097","5.78580378","0.17588005","0.58990577","1.02809039","1.81307912","166.35580444","1.64198506","14.05494022","81.40673065","993.578125","0","17.48324013","0","5.99647284"
"2013-11-23 05:00:00","5.61719788","4.62371503","0.16199092","0.76431008","0.9418437","1.30755182","161.84620667","3.2598691","12.52651978","85.55867004","994.16650391","0","17.48324013","2","5.99647284"
"2013-11-23 06:00:00","12.8439403","11.44320719","0.19499188","0.38599421","0.54796062","1.50358162","171.28030396","1.23302603","11.40678978","99.12602997","994.18377686","0.005088","17.48324013","2.20000005","5.99647284"
"2013-11-23 07:00:00","61.04859216","47.50298992","0.39381311","0.71868034","2.39883451","1.87817729","154.47160339","0.58266801","11.62738991","99.20748901","994.55761719","33.6365509","17.48324013","0","5.99647284"
"2013-11-23 08:00:00","91.9541984","57.42353576","0.50785962","1.55889523","6.32689938","1.83618435","295.75320435","0.59495097","12.0975399","99.19786072","995.35522461","97.82762146","17.48324013","0.40000001","5.99647284"
"2013-11-23 09:00:00","57.8593188","42.71585816","0.39883542","1.84551125","7.51555169","1.53388313","308.42840576","0.455735","11.94375992","99.19956207","996.02062988","118.44930267","17.48324013","0","5.99647284"
"2013-11-23 10:00:00","25.73066352","18.75165894","0.29063488","1.36290916","5.74586694","1.20917435","242.40060425","0.58382899","14.53880024","77.05953979","996.32470703","471.26870728","17.48324013","0","5.99647284"
"2013-11-23 11:00:00","29.91989376","21.31317872","0.30479779","0.93794757","3.5422232","1.83858243","196.8132019","1.27826202","16.11993027","57.99776077","996.10083008","491.44070435","17.48324013","0","5.99647284"
"2013-11-23 12:00:00","27.02244896","18.80353914","0.31311472","1.00156703","4.12999937","1.62063323","197.20370483","1.65879405","16.35231972","50.86635971","996.08831787","454.01501465","17.48324013","0","5.99647284"
"2013-11-23 13:00:00","34.08057784","23.29754792","0.33246654","1.28675722","4.5690159","1.5489449","196.58920288","1.90206397","16.54001999","46.21210098","996.34570313","354.67840576","17.48324013","0","5.99647284"
"2013-11-23 14:00:00","16.07470406","12.4029681","0.27383675","1.23070628","4.21935909","1.3758098","198.57060242","1.49523604","15.31630039","52.09136963","996.62701416","68.26210022","17.48324013","0","5.99647284"
"2013-11-23 15:00:00","19.06941804","16.06821856","0.25905639","0.75520589","1.93050601","1.36518419","191.85620117","1.07918596","14.73923969","52.04611969","996.88623047","18.21121979","17.48324013","0","5.99647284"
"2013-11-23 16:00:00","44.614608","38.71469224","0.40830571","0.94639376","2.65783492","1.49826677","188.17160034","1.00244904","13.57250977","60.99742126","997.56817627","0.63797301","17.48324013","0","5.99647284"
"2013-11-23 17:00:00","75.22192312","60.38969784","0.58365801","1.68481712","5.6013848","1.47567514","183.33920288","0.64120001","12.38766003","66.26956177","998.1137085","0","17.48324013","0","5.99647284"
"2013-11-23 18:00:00","55.396376","47.37069864","0.51267689","2.62484954","8.50447334","1.26719827","298.66220093","0.30572599","11.52542973","73.31562042","998.48657227","0","17.48324013","0","5.99647284"
"2013-11-23 19:00:00","83.23333696","64.16650968","0.58308134","2.64568991","9.19159617","1.4425189","280.96551514","0.27914599","10.64645004","82.90895081","998.97497559","0","17.48324013","0","5.99647284"
"2013-11-23 20:00:00","47.76237184","43.42010512","0.45655884","2.56133993","9.17097446","1.31420198","268.84030151","0.38890201","10.39118958","80.97409058","999.0512085","0","17.48324013","0","5.99647284"
"2013-11-23 21:00:00","103.4894856","72.5138428","0.71573872","2.29227325","8.12939662","1.63359896","194.9499054","0.289377","9.84194946","84.41996002","998.88061523","0","17.48324013","0","5.99647284"
"2013-11-23 22:00:00","100.57259576","73.28814544","0.65080978","2.6796933","9.33244558","1.82582925","161.30000305","0.32722801","9.26468658","90.74906921","998.82720947","0","17.48324013","0","5.99647284"
"2013-11-23 23:00:00","125.1865748","71.44773072","0.97376525","3.18546774","10.88241867","1.76176436","120.02770233","0.41106999","8.94553089","95.23625183","998.6519165","0","17.48324013","0","5.99647284"
"2013-11-24 00:00:00","90.23699296","60.074562","0.85099056","4.57774583","13.60394118","1.69502373","108.64910126","0.63320702","8.56084728","95.11151123","998.34490967","0","17.48324013","0","5.99647284"
"2013-11-24 01:00:00","74.53063952","50.32649768","0.75765193","3.65504512","10.71122706","1.766469","122.19499969","0.362131","8.39438438","94.42910004","998.16333008","0","23.25205994","0","13.6475296"
"2013-11-24 02:00:00","125.47708408","60.17440664","0.90574906","3.27497391","10.21293774","1.94181912","212.25","0.25641","7.70092297","99.22412109","997.89581299","0","23.25205994","0","13.6475296"
"2013-11-24 03:00:00","112.85103912","61.16011912","0.78618511","3.77647085","13.21653537","","278.76690674","0.45663601","8.02849102","99.1995697","997.27911377","0","23.25205994","0","13.6475296"
"2013-11-24 04:00:00","65.2702308","51.61180144","","3.31852083","12.34901403","2.99997609","168.21420288","0.21716399","8.4384079","97.60153961","996.81341553","0","23.25205994","0","13.6475296"
"2013-11-24 05:00:00","57.63884608","47.46276144","0.47824182","2.30795844","9.09886509","2.81982776","177.09350586","0.33069301","8.22608852","97.58547211","996.55291748","0","23.25205994","0","13.6475296"
"2013-11-24 06:00:00","44.07117936","39.11804776","0.46537323","2.03636961","7.73899981","2.63233161","335.89880371","0.31597999","8.15249062","98.1140213","996.29821777","0","23.25205994","0","13.6475296"
"2013-11-24 07:00:00","34.65255264","29.40371112","0.43808078","2.24082932","8.24145273","2.78857841","329.92080688","0.895401","8.42185688","94.85198975","996.1184082","25.7600708","23.25205994","0","13.6475296"
"2013-11-24 08:00:00","18.80743006","16.43526329","0.38923233","2.23435815","6.57915504","2.67828679","66.22428131","0.473566","9.34649372","88.62181091","995.97570801","45.93610001","23.25205994","0","13.6475296"
"2013-11-24 09:00:00","26.42324728","21.68152552","0.35419379","2.17655187","6.43234092","2.67828679","116.10350037","1.01038802","11.18803024","86.59558105","995.57440186","154.8921051","23.25205994","0","13.6475296"
"2013-11-24 10:00:00","24.0822136","18.92804858","0.27350356","1.45842071","4.60636827","2.43196532","118.17199707","1.61492395","12.08288956","77.13153076","994.894104","213.44410706","23.25205994","0","13.6475296"
"2013-11-24 11:00:00","16.13825703","13.04108089","0.2485877","1.23871414","3.88189409","2.9227685","96.5403595","1.43918896","12.40659046","75.7828598","994.29650879","177.05830383","23.25205994","0","13.6475296"
"2013-11-24 12:00:00","16.51308169","14.31730265","0.22588418","0.85535192","2.71930952","2.49997821","87.22045898","0.92161602","11.79119968","80.77600098","993.83312988","60.47924042","23.25205994","0","13.6475296"
"2013-11-24 13:00:00","22.7087284","20.01361144","0.25584099","0.88365198","2.56445398","2.80144651","84.79144287","0.85287303","11.62683964","86.83914948","993.62921143","54.57569122","23.25205994","0","13.6475296"
"2013-11-24 14:00:00","13.46519117","11.94643412","0.21547491","1.05553413","2.65251703","2.72240425","92.38311005","0.89862502","11.94410038","83.24140167","993.69702148","63.67520142","23.25205994","0","13.6475296"
"2013-11-24 15:00:00","16.05135854","14.26412802","0.22994071","0.78504162","1.794586","2.78122753","180.63540649","2.071527","10.2986002","83.48432159","994.68103027","2.90598297","23.25205994","2","13.6475296"
"2013-11-24 16:00:00","21.66724288","19.33139072","0.28575703","1.00277319","1.77590981","2.58086022","344.49090576","1.09253705","8.29575443","99.23258972","994.95922852","6.13349581","23.25205994","2","13.6475296"
"2013-11-24 17:00:00","54.59354632","48.2967376","0.47024992","1.51183864","3.01436563","2.84188751","150.45100403","1.40784001","8.2776432","99.23435974","995.3505249","0","23.25205994","0","13.6475296"
"2013-11-24 18:00:00","77.18422784","61.26776472","0.67896433","2.18269455","4.89844152","2.77755006","197.45440674","0.72520101","7.63383579","99.23612976","996.0802002","0","23.25205994","0","13.6475296"
"2013-11-24 19:00:00","111.1935072","77.73805776","0.82989474","3.73764077","9.35903301","3.03673963","163.44760132","0.80516303","7.65160799","99.23721313","996.46331787","0","23.25205994","0","13.6475296"
"2013-11-24 20:00:00","129.60537888","84.35520296","0.95381929","3.96875504","10.39983183","3.32533982","168.33320618","0.56166101","7.83862495","99.23558044","997.10131836","0","23.25205994","0","13.6475296"
"2013-11-24 21:00:00","124.38762648","77.647276","0.91144591","4.19032578","11.55994407","3.41173499","194.61520386","0.64318597","8.35816097","99.23036194","997.67962646","0","23.25205994","0.2","13.6475296"
"2013-11-24 22:00:00","76.1648068","64.17949216","0.78387375","4.10005177","10.70902017","2.91725433","193.769104","0.47900799","7.80321598","99.23210907","997.7387085","0","23.25205994","0","13.6475296"
"2013-11-24 23:00:00","61.46881152","52.95157808","0.6502366","4.08842441","13.28021991","2.53122859","194.70300293","0.64560401","8.28022099","99.23355103","998.21411133","0","23.25205994","0","13.6475296"
"2013-11-25 00:00:00","59.87223416","49.65075864","0.65220312","2.84400694","7.04903955","2.36578811","197.85710144","0.300017","7.47768402","99.2360611","998.22851563","0","23.25205994","0","13.6475296"
"2013-11-25 01:00:00","32.39581904","30.11185856","0.48824102","2.82163091","7.81281164","2.28490712","888","0","6.80545378","99.23979187","998.22113037","0","20.42667007","0","12.84167004"
"2013-11-25 02:00:00","24.32345064","22.61534632","0.52262366","2.37179757","5.06600651","2.48159696","337.66650391","0.35001999","6.63987303","99.24101257","998.19110107","0","20.42667007","0","12.84167004"
"2013-11-25 03:00:00","20.90722288","19.48574648","0.44148258","2.44638638","4.03272841","2.49997821","888","0","6.48216105","99.24060059","997.97827148","0","20.42667007","0","12.84167004"
"2013-11-25 04:00:00","24.2858416","22.04207136","0.42213892","2.12993463","3.59332237","2.4301276","888","0","6.21197987","99.2411499","998.24157715","0","20.42667007","0","12.84167004"
"2013-11-25 05:00:00","33.11174832","29.18710064","0.40656636","1.96123263","3.42290368","2.43747848","230.33320618","0.39072001","6.0914402","99.24079132","998.53942871","0","20.42667007","0.2","12.84167004"
"2013-11-25 06:00:00","53.33288824","38.88719288","0.44205576","1.80799819","3.4458594","2.67644704","888","0","5.85185194","99.24121094","998.70751953","0.096663","20.42667007","0","12.84167004"
"2013-11-25 07:00:00","122.51482248","54.7011728","0.6738826","2.03000828","4.51739806","3.14335682","270","0.41514","6.16001987","99.24073029","999.05700684","23.80340958","20.42667007","0","12.84167004"
"2013-11-25 08:00:00","136.934572","58.0603656","0.80006142","3.16199436","10.07533662","3.23710388","272.51220703","0.78799301","8.15154076","97.51200104","999.61151123","224.65800476","20.42667007","0","12.84167004"
"2013-11-25 09:00:00","69.5749076","39.69390392","0.4888142","3.36809958","10.89747027","2.61027288","280.24630737","0.73047698","11.2232399","76.32437134","999.73431396","355.30819702","20.42667007","0","12.84167004"
"2013-11-25 10:00:00","31.37769816","21.74117992","0.26723353","2.22933722","6.48011958","2.62865516","331.97720337","2.08051205","12.78619003","69.26969147","999.44219971","430.06289673","20.42667007","0","12.84167004"
"2013-11-25 11:00:00","9.69358953","7.50559233","0.18498569","1.16204149","3.53781349","2.71872779","334.1625061","2.31374788","12.6649704","70.36277008","999.28320313","382.90280151","20.42667007","0","12.84167004"
"2013-11-25 12:00:00","14.26801894","10.84011459","0.19690714","0.67820476","1.66683656","2.8804908","328.97311401","2.14423609","13.13451004","66.22466278","998.90490723","361.76940918","20.42667007","0","12.84167004"
"2013-11-25 13:00:00","11.4691473","8.5483608","0.22383495","0.7119895","1.80950132","2.61946453","334.06710815","2.14530206","12.30266953","68.88007355","998.85571289","193.61210632","20.42667007","0","12.84167004"
"2013-11-25 14:00:00","6.64829168","4.97389783","0.19752575","0.71034399","1.86163884","2.79041816","337.78540039","1.67551696","12.16347027","68.14862061","999.01672363","97.53153992","20.42667007","0","12.84167004"
"2013-11-25 15:00:00","8.41088035","6.86229228","0.18493676","0.67809492","1.18407174","2.68563767","334.07589722","1.47876799","11.49993038","74.35056305","999.13061523","48.65893173","20.42667007","0","12.84167004"
"2013-11-25 16:00:00","48.57688384","42.06996544","0.45685009","0.88354214","1.75464027","2.50916986","292.38330078","0.451529","10.30117989","80.75592041","999.28363037","3.39438295","20.42667007","0","12.84167004"
"2013-11-25 17:00:00","191.07937192","87.57430352","0.95820435","2.66839545","7.07757251","3.71504303","275.7875061","0.38285899","9.31752872","90.62637329","999.46661377","0","20.42667007","0","12.84167004"
"2013-11-25 18:00:00","125.81950416","71.64097656","0.81477304","4.86929837","15.70616154","3.04960773","284.79519653","0.71358103","9.03032207","93.46337128","999.54162598","0","20.42667007","0","12.84167004"
"2013-11-25 19:00:00","54.32378224","42.01029192","0.60974819","4.16520689","12.31878879","2.71137387","291.4151001","0.979729","8.56152534","88.68186188","999.659729","0","20.42667007","0","12.84167004"
"2013-11-25 20:00:00","30.40756848","26.66060296","0.46402183","3.52276088","7.61087714","2.52203796","285.64630127","1.01990902","8.31074524","91.5497818","999.86981201","0","20.42667007","0","12.84167004"
"2013-11-25 21:00:00","21.59720632","18.86190294","0.37476652","2.91881441","5.08105201","2.4301276","309.23260498","0.99686998","8.41792202","97.57575989","999.91821289","0","20.42667007","0","12.84167004"
"2013-11-25 22:00:00","12.82837662","11.33685602","0.32140952","2.0297886","3.49566291","2.27387877","304.71420288","1.03914797","8.77208042","91.76699066","999.82171631","0","20.42667007","0","12.84167004"
"2013-11-25 23:00:00","9.42641238","8.20336526","0.28346198","1.7596256","2.15889879","2.27939295","310.1065979","1.28026795","8.31257725","92.82092285","999.63146973","0","20.42667007","0.40000001","12.84167004"
"2013-11-26 00:00:00","5.54716132","4.32670686","0.17163363","1.37747057","1.8035356","2.08821627","276.03900146","2.0660429","7.78958082","96.20838165","999.44873047","0","20.42667007","0","12.84167004"
"2013-11-26 01:00:00","4.17496098","3.25929654","0.20480351","0.64968604","1.0130459","2.37497976","325.56671143","2.0605309","6.84113503","94.53308868","999.05047607","0","14.23523998","0","6.67779207"
"2013-11-26 02:00:00","3.83904553","2.60691831","0.1737749","0.51954869","0.75093246","2.35659749","274.25680542","1.93725502","6.52475977","92.7602005","999.35632324","0","14.23523998","0","6.67779207"
"2013-11-26 03:00:00","3.1347871","2.28656654","0.133742","0.44621384","0.552889","","278.18719482","2.16900897","6.14089108","89.98345184","999.17010498","0","14.23523998","0","6.67779207"
"2013-11-26 04:00:00","3.31376942","2.39810688","","0.46527547","0.69671009","1.58412497","295.09170532","2.2166779","5.65655994","90.82533264","998.78851318","0","14.23523998","0","6.67779207"
"2013-11-26 05:00:00","3.62245034","2.66398578","0.18471891","0.46167935","0.57441787","1.5936451","280.644104","2.03787494","5.47029018","91.88121033","998.75012207","0","14.23523998","0","6.67779207"
"2013-11-26 06:00:00","8.50685702","7.0477601","0.21866351","0.44094883","0.6294091","1.49615752","284.13259888","1.91720402","5.415277","93.70845032","999.25152588","0","14.23523998","0","6.67779207"
"2013-11-26 07:00:00","15.36525838","12.37443532","0.22589583","0.71176982","1.32729585","1.41545958","275.25750732","1.79886794","5.32207394","93.91696167","999.81719971","16.39499092","14.23523998","0","6.67779207"
"2013-11-26 08:00:00","25.5905904","18.50782922","0.29366039","0.81139718","1.92306157","1.70880408","299.84210205","1.71211505","5.86243391","85.77085114","1000.125","102.44589996","14.23523998","0","6.67779207"
"2013-11-26 09:00:00","20.6971132","14.71288015","0.24315531","1.13593612","3.28581615","1.6851212","302.54190063","2.10326004","7.00759792","79.68179321","1000.19500732","243.93960571","14.23523998","0","6.67779207"
"2013-11-26 10:00:00","22.88771072","16.37300857","0.29555118","1.0430291","3.52458436","1.62559823","277.65161133","1.84625006","7.60324287","78.63809967","1000.36199951","158.79930115","14.23523998","0","6.67779207"
"2013-11-26 11:00:00","24.12502328","17.04743406","0.30570183","1.18716037","4.60260741","1.75190759","273.99450684","1.87189102","7.86046696","71.82003021","1000.2130127","194.60710144","14.23523998","0","6.67779207"
"2013-11-26 12:00:00","34.06373312","25.58280856","0.32628971","1.21644692","3.64481206","1.64715151","265.27890015","1.281937","7.75559711","73.97782135","1000.33099365","84.06694031","14.23523998","0","6.67779207"
"2013-11-26 13:00:00","65.874614","42.19835624","0.49403689","1.77190995","4.70273207","1.89813999","284.54510498","0.93092901","7.85789013","76.01165009","1000.14001465","134.92349243","14.23523998","0","6.67779207"
"2013-11-26 14:00:00","25.4349536","19.01105424","0.32978238","2.07344435","5.71629665","1.56231845","271.86349487","1.53811502","8.51533127","67.80307007","1000.05999756","105.95829773","14.23523998","0","6.67779207"
"2013-11-26 15:00:00","21.3679384","17.40289398","0.27856665","1.25209582","2.70698856","1.11560324","276.88299561","1.05069494","7.79568577","70.35095978","1000.21801758","27.28123093","14.23523998","0","6.67779207"
"2013-11-26 16:00:00","39.40207536","33.23107624","0.36216472","1.44942535","3.92196999","1.30468896","240.42790222","0.577438","6.80043507","75.59680176","1000.37902832","1.556777","14.23523998","0","6.67779207"
"2013-11-26 17:00:00","52.93471424","41.99342808","0.53439249","1.82916806","4.1849906","1.56795772","243.11520386","0.88475001","5.87946081","79.29901123","1000.42901611","0","14.23523998","0","6.67779207"
"2013-11-26 18:00:00","50.54698952","37.1894516","0.48709233","2.18017138","4.89558782","1.67597329","221.2848053","0.91336399","5.24460793","78.05316925","1000.82202148","0","14.23523998","0","6.67779207"
"2013-11-26 19:00:00","39.97014968","30.57876896","0.45491503","2.2096776","5.05589041","1.43688777","240.55960083","0.84909499","4.50678396","81.43222046","1001.41601563","0","14.23523998","0","6.67779207"
"2013-11-26 20:00:00","38.05839824","30.30250408","0.45236717","2.10799692","4.04440153","1.26484188","246.37460327","0.84207499","4.02082491","85.47083282","1001.69500732","0","14.23523998","0","6.67779207"
"2013-11-26 21:00:00","26.13403816","21.95388992","0.35690474","1.93479775","3.55713751","1.23877922","228.56809998","0.72387898","4.04795885","91.19915009","1002.02301025","0","14.23523998","0","6.67779207"
"2013-11-26 22:00:00","17.24846557","15.12791226","0.3053733","1.67308094","3.08673535","1.21158668","239.54730225","0.55764103","3.06057596","96.47006989","1002.56201172","0","14.23523998","0","6.67779207"
"2013-11-26 23:00:00","14.97227546","12.84783122","0.28371595","1.31490879","1.95617916","1.33539016","195.23440552","0.61819297","3.06389999","99.2427597","1003.15899658","0","14.23523998","0.2","6.67779207"
"2013-11-27 00:00:00","9.49644894","7.78703682","0.2806753","1.24518531","1.6768235","1.51683211","190.23120117","0.81637698","3.77893209","99.24243164","1003.38201904","0","14.23523998","0","6.67779207"
"2013-11-27 01:00:00","10.37450053","8.83888346","0.32908454","1.15962815","1.32548051","1.499417","180.81880188","1.18958497","4.03310299","98.40924072","1004.11199951","0","30.60247993","0","23.28449059"
"2013-11-27 02:00:00","8.3862385","7.22803876","0.32608467","1.0620053","0.99813058","1.16259067","199.90080261","1.10764694","3.84690094","95.68952179","1004.75701904","0","30.60247993","0","23.28449059"
"2013-11-27 03:00:00","5.68074894","4.12697361","0.2446768","0.96361462","0.74470435","1.16647561","236.29170227","1.30719697","3.70845294","94.88304138","1005.52502441","0","30.60247993","0","23.28449059"
"2013-11-27 04:00:00","4.93628497","3.66395413","0.18693707","0.85239041","0.73731483","1.02275114","260.52920532","1.46152794","3.41371703","94.39974213","1006.15100098","0","30.60247993","0","23.28449059"
"2013-11-27 05:00:00","9.29671378","7.51985967","0.20882975","0.88123864","0.89800693","1.20344254","237.74780273","1.07309103","3.04639912","97.8927536","1006.76000977","0","30.60247993","0","23.28449059"
"2013-11-27 06:00:00","18.91378124","14.9735737","0.28108538","0.92895323","1.28125423","0.82200856","213.36289978","0.59107798","2.63193607","99.21360016","1008.0880127","0.017298","30.60247993","0","23.28449059"
"2013-11-27 07:00:00","52.44057696","30.70584048","0.37856209","1.12016041","1.89669686","0.88090303","200.89810181","0.53078997","3.11891198","97.86161041","1009.13800049","51.05514145","30.60247993","0","23.28449059"
"2013-11-27 08:00:00","75.33476936","39.16601984","0.49280432","1.73494505","4.70273207","1.66156341","218.76530457","0.635185","5.30925322","79.93080139","1010.42199707","232.31570435","30.60247993","0","23.28449059"
"2013-11-27 09:00:00","42.71842024","24.7825792","0.37473973","2.46843291","7.37055292","1.38664085","271.79519653","1.35928798","7.62121916","67.40686035","1011.26000977","351.31750488","30.60247993","0","23.28449059"
"2013-11-27 10:00:00","30.99898832","19.48962784","0.33964527","1.79691899","5.05539005","1.63863108","287.13540649","1.29933703","9.34703636","61.27655029","1012.02301025","446.65130615","30.60247993","0","23.28449059"
"2013-11-27 11:00:00","22.83581904","14.5131469","0.29904385","1.63699371","4.33595509","1.94325106","303.93951416","1.57951903","10.09041977","59.54523087","1012.25201416","476.03359985","30.60247993","0","23.28449059"
"2013-11-27 12:00:00","15.54942795","10.79861081","0.24114219","1.34719651","3.16040174","2.26817035","329.64089966","1.503245","10.34961033","58.29623032","1012.60601807","388.20800781","30.60247993","0","23.28449059"
"2013-11-27 13:00:00","19.8022016","14.63895267","0.25014181","1.20811057","2.35408956","3.11273597","333.49710083","1.13840795","9.80586147","60.79730988","1013.01800537","258.1552124","30.60247993","0","23.28449059"
"2013-11-27 14:00:00","16.12528602","12.99698252","0.2627576","1.18814788","2.27251091","2.02582942","330.23880005","1.01573706","9.86711502","58.3742218","1013.36700439","99.89315033","30.60247993","0","23.28449059"
"2013-11-27 15:00:00","15.2589072","13.11241378","0.26300458","1.16014275","1.99228469","1.36132874","332.19009399","1.03818297","9.12026978","65.97631073","1013.98199463","37.77064133","30.60247993","0","23.28449059"
"2013-11-27 16:00:00","21.09658736","18.94101768","0.3739184","1.38465872","1.96410159","0.96373157","330.64050293","0.54669398","8.33462334","72.14434052","1014.49499512","3.51444888","30.60247993","0","23.28449059"
"2013-11-27 17:00:00","47.28639856","39.20494816","0.58551386","2.17019054","5.53887388","0.81148362","309.853302","0.42474601","7.81339121","76.83943176","1015.21502686","0","30.60247993","0","23.28449059"
"2013-11-27 18:00:00","77.28671104","55.7517212","0.84366854","4.02316047","9.17240131","1.07400183","293.18051147","0.50400198","7.69054508","79.24073029","1015.98199463","0","30.60247993","0","23.28449059"
"2013-11-27 19:00:00","154.71477624","65.99522296","1.04186766","5.31178185","10.77529806","1.59991287","286.67340088","0.34885699","6.82465076","85.38889313","1016.49401855","0","30.60247993","0","23.28449059"
"2013-11-27 20:00:00","130.29924368","60.58816344","0.90884446","5.43726643","13.64375673","1.28727385","296.01739502","0.39286199","6.06084681","92.38066864","1017.17901611","0","30.60247993","0","23.28449059"
"2013-11-27 21:00:00","118.75617464","60.57778128","1.24918873","5.42838191","11.20562127","1.31433826","293.5","0.38715899","5.83048487","92.48670959","1017.75201416","0","30.60247993","0","23.28449059"
"2013-11-27 22:00:00","132.21875784","59.62059584","1.14078198","7.2279329","13.54831128","1.31446335","305.68170166","0.31709","5.09327221","95.98439026","1018.30102539","0","30.60247993","0","23.28449059"
"2013-11-27 23:00:00","60.76844592","42.10235472","0.8513121","6.36238048","11.76850026","1.01397849","334.93051147","0.277778","5.11837006","98.46804047","1018.48199463","0","30.60247993","0","23.28449059"
"2013-11-28 00:00:00","55.7167316","35.5461832","0.81925829","4.53310258","7.83122849","0.7571026","305.80700684","0.40842801","4.99857616","97.60520172","1018.72601318","0","30.60247993","0","23.28449059"
"2013-11-28 01:00:00","60.056398","40.38778784","0.7707675","4.44995876","7.91579001","0.82188347","282.22210693","0.44091699","4.29982424","99.23239136","1018.84802246","0","28.57278061","0","23.7065506"
"2013-11-28 02:00:00","","","0.55954135","3.78952201","6.95637153","0.75384311","888","0","3.9749701","99.24237061","1018.81799316","0","28.57278061","0","23.7065506"
"2013-11-28 03:00:00","35.72126504","32.9029388","0.51084551","2.70755503","4.87561496","","286.53320313","0.32071599","3.85795689","99.24243164","1019.01300049","0","28.57278061","0","23.7065506"
"2013-11-28 04:00:00","39.39817488","33.79266888","","2.67684163","7.7854462","1.926856","888","0","3.51288891","99.2427597","1019.03900146","0","28.57278061","0","23.7065506"
"2013-11-28 05:00:00","45.59642","35.30494616","0.5197333","2.4974591","5.75385853","1.81288691","888","0","3.55481005","99.24269104","1019.30401611","0","28.57278061","0","23.7065506"
"2013-11-28 06:00:00","83.16720088","42.75216704","0.64558592","2.28262091","6.96785041","2.33250476","888","0","3.57020807","99.24284363","1019.53100586","0.03663","28.57278061","0","23.7065506"
"2013-11-28 07:00:00","340.695456","66.84996344","1.45946424","2.79815753","10.20321522","5.31021363","888","0","4.31074476","99.24182129","1019.86700439","44.05067062","28.57278061","0","23.7065506"
"2013-11-28 08:00:00","466.9624064","101.37020568","2.40466369","5.67068318","24.82174611","8.51340768","145.90310669","0.447438","8.85795784","76.89282227","1020.0380249","232.29640198","28.57278061","0","23.7065506"
"2013-11-28 09:00:00","166.21247352","65.27543144","1.05562631","9.55190706","42.3599823","5.26533241","142.90510559","0.77493501","11.63580036","51.02381134","1020.19000244","351.75100708","28.57278061","0","23.7065506"
"2013-11-28 10:00:00","41.50705352","24.19505984","0.44550299","3.97445837","19.05460353","3.01708305","94.19947052","1.03384495","12.70722961","47.94458008","1020.24700928","442.56100464","28.57278061","0","23.7065506"
"2013-11-28 11:00:00","23.51025792","15.64670286","0.35796955","1.96375581","8.30176185","2.69791692","147.97790527","1.06780005","13.33170033","44.22587967","1019.86199951","470.08950806","28.57278061","0","23.7065506"
"2013-11-28 12:00:00","15.97354014","11.49249282","0.32422067","1.37516706","4.32648784","1.71319244","86.55357361","0.91156501","13.53750992","44.42856979","1019.38299561","375.68780518","28.57278061","0","23.7065506"
"2013-11-28 13:00:00","15.6415137","11.79728091","0.3335663","1.31110826","3.29126422","3.1988118","48.47803116","1.26580298","12.82287979","50.33916092","1019.05401611","223.9743042","28.57278061","0","23.7065506"
"2013-11-28 14:00:00","10.32651315","8.01530285","0.2621518","1.07516833","2.46147663","2.8488682","51.72652054","1.44833696","12.25362968","54.4643898","1018.80401611","78.98451996","28.57278061","0","23.7065506"
"2013-11-28 15:00:00","14.97746271","12.71683628","0.32483346","0.83845955","1.62507549","2.45381048","66.03466034","1.116418","11.43535042","62.05664063","1018.51501465","18.44729042","28.57278061","0","23.7065506"
"2013-11-28 16:00:00","45.13857248","38.01430752","0.54078951","1.20251707","2.88609752","1.9470404","52.21276093","0.401631","9.80606461","72.19950104","1018.60699463","0.998169","28.57278061","0","23.7065506"
"2013-11-28 17:00:00","53.42757048","45.2916472","0.64558592","2.67836815","9.56478432","2.0381697","56.9429512","0.51124197","9.19488621","77.90515137","1018.47900391","0","28.57278061","0","23.7065506"
"2013-11-28 18:00:00","67.5957008","53.48852504","0.71638763","3.0335493","7.93329766","2.11691601","126.66660309","0.26455","9.02984715","76.06681061","1018.59899902","0","28.57278061","0","23.7065506"
"2013-11-28 19:00:00","107.54900576","72.9120168","0.91218568","3.33848353","10.61429679","2.52867185","73.35185242","0.40519199","9.43854332","71.28150177","1018.56799316","0","28.57278061","0","23.7065506"
"2013-11-28 20:00:00","85.58343352","67.95368456","0.86435777","4.00868144","13.69757637","2.18410717","48.75999069","0.44542101","8.94085026","73.15119171","1018.60400391","0","28.57278061","0","23.7065506"
"2013-11-28 21:00:00","57.71536432","51.49507384","0.66072509","4.22849786","10.29659616","2.00420699","71.47058105","0.32607901","8.57332897","74.08905029","1018.53601074","0","28.57278061","0","23.7065506"
"2013-11-28 22:00:00","59.74252408","50.83879896","0.67141746","3.74729312","8.74176486","2.18254709","57.5581398","0.26265699","8.61497879","77.40950012","1018.59100342","0","28.57278061","0","23.7065506"
"2013-11-28 23:00:00","29.67735656","27.49456","0.57164104","3.5208957","8.24223074","1.88598887","59.2972908","0.39567","9.62481403","69.27330017","1018.27301025","0","28.57278061","0","23.7065506"
"2013-11-29 00:00:00","21.66336152","20.00452944","0.50304234","2.6986695","4.53996529","1.53604731","336.61990356","0.481563","9.25613976","72.64942169","1017.85900879","0","28.57278061","0","23.7065506"
"2013-11-29 01:00:00","15.56110262","13.71031913","0.47455809","2.3042291","4.0121067","1.89740876","888","0","8.23992729","78.58084106","1017.31500244","0","31.72826004","0","25.27186966"
"2013-11-29 02:00:00","23.0407472","19.71660136","0.44031991","1.82456105","3.38866434","1.74131147","888","0","7.42009306","84.64855957","1017.07501221","0","31.72826004","0","25.27186966"
"2013-11-29 03:00:00","35.73940992","28.70722688","0.51434634","1.74284307","4.48328788","1.7991086","888","0","7.36487579","90.33277893","1016.95300293","0","31.72826004","0","25.27186966"
"2013-11-29 04:00:00","29.42833768","26.23260176","0.56115371","2.48730029","7.54071227","1.94498199","888","0","7.84581518","86.15322113","1016.7880249","0","31.72826004","0","25.27186966"
"2013-11-29 05:00:00","46.4796684","34.321834","0.53336263","3.23120833","6.3450569","1.938043","888","0","8.22968483","84.43080139","1016.66400146","0","31.72826004","0","25.27186966"
"2013-11-29 06:00:00","91.3913056","48.90888352","0.62636458","2.9602775","7.58895875","2.12800233","888","0","7.70940304","89.20043182","1016.58001709","0","31.72826004","0","25.27186966"
"2013-11-29 07:00:00","387.7836184","83.72101168","1.43306068","3.41351067","10.98202365","5.96010308","281.23510742","0.79149598","7.67100906","94.38732147","1016.85699463","23.33535957","31.72826004","0","25.27186966"
"2013-11-29 08:00:00","261.1675368","71.43994888","1.40882052","6.39462853","25.44933681","5.03636198","50.25841141","0.947442","10.02915955","81.83550262","1017.01300049","176.19850159","31.72826004","0","25.27186966"
"2013-11-29 09:00:00","43.88961584","23.83319472","0.46109186","6.021358","26.1483921","2.27118677","48.79290009","1.72674096","12.8682003","63.81481171","1017.06201172","336.49859619","31.72826004","0","25.27186966"
"2013-11-29 10:00:00","12.47300657","8.97247108","0.27361889","1.84430509","6.40990387","1.90391553","49.94504166","1.75173402","13.25444031","59.21625137","1016.94702148","331.52920532","31.72826004","0","25.27186966"
"2013-11-29 11:00:00","12.86598949","9.41214504","0.33360707","1.19527705","2.70815608","1.93339429","41.27809143","1.35256803","13.11151028","61.74541092","1016.36901855","252.22520447","31.72826004","0","25.27186966"
"2013-11-29 12:00:00","12.63772154","9.34081214","0.30610259","1.17992035","3.0799906","2.39744021","10.70131969","1.35527897","13.37036991","60.96736145","1015.6920166","304.72210693","31.72826004","0","25.27186966"
"2013-11-29 13:00:00","16.49492342","12.11504002","0.34140092","1.22719661","2.57716445","1.89750945","41","1.38995099","13.38101959","61.20383072","1015.09399414","234.35380554","31.72826004","0","25.27186966"
"2013-11-29 14:00:00","9.45494516","7.46279221","0.29773672","1.21809243","3.03135563","1.90434674","340.09100342","1.39713597","12.84459019","62.60704041","1014.68902588","94.4291687","31.72826004","0","25.27186966"
"2013-11-29 15:00:00","12.90489869","10.97240587","0.28112732","0.99307406","2.25683996","1.78699104","1.31579602","0.871939","12.14420986","69.80319977","1014.40899658","29.87586021","31.72826004","0","25.27186966"
"2013-11-29 16:00:00","22.047272","19.76459256","0.36139698","1.14909813","2.42347642","1.70349839","353.62411499","0.55871099","10.98913956","74.98052979","1014.24700928","0.96153802","31.72826004","0","25.27186966"
"2013-11-29 17:00:00","20.12773872","18.29901588","0.38718775","1.42332201","3.98846552","1.78343968","359.09390259","0.75014001","10.38739014","76.86222076","1014.05603027","0","31.72826004","0","25.27186966"
"2013-11-29 18:00:00","46.3214504","41.22302592","0.57392677","1.5683279","3.68151559","2.15147469","888","0","9.87159348","78.28307343","1014.13800049","0","31.72826004","0","25.27186966"
"2013-11-29 19:00:00","53.76217048","45.59123848","0.61783562","3.21036695","12.25394487","2.05533259","69.80644989","0.41041401","9.43257427","78.55046082","1013.96600342","0","31.72826004","0","25.27186966"
"2013-11-29 20:00:00","101.25737856","68.60087744","0.96311366","3.08850289","9.60493446","2.33379838","348.6000061","0.47619101","8.69447899","84.54463959","1013.59301758","0","31.72826004","0","25.27186966"
"2013-11-29 21:00:00","307.6641264","99.12647368","1.94430578","5.31222119","15.25287447","5.20912688","200.03990173","0.51379699","7.80857515","92.22431183","1013.60601807","0","31.72826004","0","25.27186966"
"2013-11-29 22:00:00","140.90329128","64.79941992","1.35217939","8.43867751","25.18567956","3.16889878","888","0","7.68193007","95.55840302","1013.434021","0","31.72826004","0","25.27186966"
"2013-11-29 23:00:00","121.3164","55.93332296","1.30076095","6.82778917","13.34519604","2.77131788","289.5","0.29304001","7.31515503","97.54524994","1012.88201904","0","31.72826004","0","25.27186966"
"2013-11-30 00:00:00","71.14553912","42.96357688","1.15042352","7.09301667","12.2652234","2.55151164","888","0","6.74827099","99.23789215","1012.12402344","0","31.72826004","0","25.27186966"
"2013-11-30 01:00:00","59.1134952","41.60953672","1.04077256","6.55521283","9.61569941","2.39441768","888","0","7.10019112","99.23484039","1011.49700928","0","14.22031975","0","11.90380955"
"2013-11-30 02:00:00","","","1.26391083","8.05487594","10.07066758","2.84730812","888","0","7.39417982","99.22859955","1011.02301025","0","14.22031975","0","11.90380955"
"2013-11-30 03:00:00","59.73994288","47.94525464","1.00845196","8.08328482","12.4701489","","888","0","7.53568077","99.13410187","1010.16101074","0","14.22031975","0","11.90380955"
"2013-11-30 04:00:00","21.3469064","18.8606047","","5.18180111","9.33192691","2.22211652","81.41699982","0.993411","9.73212624","82.37641144","1009.47601318","0","14.22031975","0","11.90380955"
"2013-11-30 05:00:00","12.81540753","11.24606852","0.18007289","2.39077377","3.57360884","2.25792509","78.68235016","0.63712299","10.28495979","72.24501038","1008.93701172","0","14.22031975","0","11.90380955"
"2013-11-30 06:00:00","23.3701848","18.00849322","0.17904419","1.12979344","1.93335971","1.99267827","85.7789917","0.629659","10.62691021","70.70681","1008.7210083","0","14.22031975","0","11.90380955"
"2013-11-30 07:00:00","25.88760048","23.20676616","0.31013698","0.98127482","2.03089001","2.17834993","91.58821869","0.72254503","10.39756966","73.20056915","1008.45300293","25.16687012","14.22031975","0","11.90380955"
"2013-11-30 08:00:00","42.28785696","32.39710008","0.35837614","1.37001087","4.60079206","2.30368298","82.35944366","1.00977397","11.93554974","69.65276337","1008.08502197","124.44120026","14.22031975","0","11.90380955"
"2013-11-30 09:00:00","26.16774672","20.91112336","0.24979697","1.77158146","5.45275635","2.8016855","81.56069946","1.10570395","13.48141003","67.67832184","1008.02502441","172.05230713","14.22031975","0","11.90380955"
"2013-11-30 10:00:00","23.50375712","18.84504293","0.23942498","1.19988406","3.79188552","2.56760363","81.18730164","1.30082703","14.17961979","72.74893951","1007.36401367","181.02149963","14.22031975","0","11.90380955"
"2013-11-30 11:00:00","30.22080432","23.79428552","0.27860859","1.16215133","3.58074208","2.74067771","110.1072998","1.26839304","14.48717976","73.32160187","1006.7210083","122.71459961","14.22031975","0","11.90380955"
"2013-11-30 12:00:00","30.5865508","24.90450744","0.26432685","1.2268671","3.72937256","2.13060686","71.66223907","0.684569","13.97591972","78.44850159","1006.10101318","96.76740265","14.22031975","0","11.90380955"
"2013-11-30 13:00:00","36.3840216","29.4011108","0.33096369","1.51929732","4.36539623","2.51123844","88.29299164","0.97400099","13.32668018","79.25919342","1005.56201172","41.33292007","14.22031975","0.40000001","11.90380955"
"2013-11-30 14:00:00","16.68558042","14.36010277","0.19768885","1.53371228","4.43549498","2.40911842","88.45623016","1.85268295","12.13755989","86.96694946","1005.14202881","19.49123955","14.22031975","1","11.90380955"
"2013-11-30 15:00:00","8.50555877","7.36551921","0.14070754","0.92851388","1.90119506","2.20023374","78.84468079","2.70636392","10.91629028","99.20722961","1004.68200684","4.58282518","14.22031975","2.20000005","11.90380955"
"2013-11-30 16:00:00","8.47572966","6.58863154","0.18441135","0.80368832","1.22392899","2.36601491","72.89717102","3.02073789","11.23633003","99.20696259","1004.21801758","0","14.22031975","4.4000001","11.90380955"
"2013-11-30 17:00:00","7.05554194","5.47193559","0.18192524","0.73831454","1.14160284","2.24333725","51.73625183","2.81145597","10.55568981","99.20947266","1004.32000732","0","14.22031975","6","11.90380955"
"2013-11-30 18:00:00","10.33040407","8.60931727","0.16879569","0.84164072","1.46282738","2.24864395","352.37310791","1.37061703","10.65703011","99.207901","1003.98699951","0","14.22031975","10.19999981","11.90380955"
"2013-11-30 19:00:00","14.02548365","12.07483448","0.18530024","0.77231794","1.2708788","2.42304318","92.34928131","2.79791594","12.50236988","99.19921112","1003.12200928","0","14.22031975","4.5999999","11.90380955"
"2013-11-30 20:00:00","11.71427526","9.91926289","0.16245692","0.8608366","1.70704264","2.3786135","91.91223145","3.22415805","12.67901039","99.19834137","1002.69500732","0","14.22031975","7.4000001","11.90380955"
"2013-11-30 21:00:00","11.77263906","9.86608634","0.2182278","0.71911867","1.15674699","2.3441311","108.23699951","3.63772798","12.66592026","99.19927979","1002.19500732","0","14.22031975","1.20000005","11.90380955"
"2013-11-30 22:00:00","8.36418931","6.69239005","0.14270784","0.77264643","1.30239461","2.32888118","109.14430237","3.10134292","12.86548042","99.19644165","1002.0670166","0","14.22031975","0","11.90380955"
"2013-11-30 23:00:00","9.12291871","7.47965222","0.17257378","0.69740063","0.9790659","2.30036552","119.13349915","3.07561707","13.14630985","99.19712067","1002.21801758","0","14.22031975","1.39999998","11.90380955"
"2013-12-01 00:00:00","10.63000491","9.09438594","0.14328452","0.65045388","1.056364","2.28246225","118.6289978","1.96285999","13.11110973","99.19644165","1001.91400146","0","14.22031975","0.60000002","11.90380955"
"2013-12-01 01:00:00","6.70665548","5.37855351","0.13423713","0.44771289","1.30576495","2.21283233","113.4552002","2.46471691","13.30998993","99.19712067","1001.90100098","0","16.32546043","5.19999981","3.61524892"
"2013-12-01 02:00:00","4.04137337","2.9726667","0.14783617","0.52025347","0.91006754","2.26455695","91.23809052","2.13097191","13.4284296","99.1960907","1001.17102051","0","16.32546043","0.60000002","3.61524892"
"2013-12-01 03:00:00","4.42008894","3.2061219","0.1185306","0.48844374","0.67765558","2.14121621","75.45989227","2.74692607","13.56110954","99.19615936","1000.29101563","0","16.32546043","0.2","3.61524892"
"2013-12-01 04:00:00","3.3487877","2.35141584","0.14696359","0.4121006","0.47079167","2.95950865","61.97790146","2.87589598","13.08668995","99.19637299","999.79040527","0","16.32546043","0.2","3.61524892"
"2013-12-01 05:00:00","3.59651024","2.59524555","0.1575581","0.58485941","0.55989206","2.29771319","68.32141113","2.74893498","13.90917015","99.19637299","999.46130371","0","16.32546043","0","3.61524892"
"2013-12-01 06:00:00","6.72221916","5.67815435","0.10769843","0.58617643","0.51320261","2.86998722","68.61813354","2.4811151","14.86975956","99.19535065","999.74871826","0.094628","16.32546043","0","3.61524892"
"2013-12-01 07:00:00","6.46541844","5.25663866","0.09589348","0.60273929","0.60904672","2.73404788","78.69252014","2.09105802","15.62277031","90.48506165","999.88690186","25.39377022","16.32546043","0","3.61524892"
"2013-12-01 08:00:00","5.38633535","3.86239105","0.11450552","0.44083899","0.93224627","2.60871789","84.10884857","2.80644798","16.64340019","77.70178986","999.94171143","127.72579956","16.32546043","0","3.61524892"
"2013-12-01 09:00:00","6.93621976","5.19827486","0.14269153","0.41879145","0.88633381","2.45089576","77.57575989","3.00231791","16.83374023","77.14021301","1000.02001953","101.92610168","16.32546043","0","3.61524892"
"2013-12-01 10:00:00","8.81683428","5.9647861","0.15289111","0.50917427","1.16206488","2.36667799","112.08139801","4.14981222","18.87829971","62.08892059","999.95501709","375.08950806","16.32546043","0","3.61524892"
"2013-12-01 11:00:00","11.71816618","7.93748445","0.15922987","0.60877213","1.45634197","2.36932931","116.90139771","5.13516378","19.45516014","55.78171158","999.50970459","382.97000122","16.32546043","0","3.61524892"
"2013-12-01 12:00:00","13.16429208","9.73768598","0.19109495","0.67403709","1.61197653","1.83419204","119.30020142","4.22076321","18.5069809","62.3207016","999.16333008","186.80810547","16.32546043","0","3.61524892"
"2013-12-01 13:00:00","15.00859007","12.29531867","0.18871602","0.76573693","1.66878208","1.73538643","119.93319702","2.89404392","17.29249001","72.23545074","998.90887451","59.76699066","16.32546043","1","3.61524892"
"2013-12-01 14:00:00","7.29029539","5.7378164","0.19653667","0.81871653","1.63259722","1.79440395","93.23255157","2.3397789","16.63376045","88.44532013","998.29931641","51.0083313","16.32546043","0","3.61524892"
"2013-12-01 15:00:00","12.97752792","11.14490269","0.19785428","0.63773019","0.92057315","2.37264676","100.03019714","2.23571396","16.93412971","79.80673981","998.48010254","6.66259718","16.32546043","0.60000002","3.61524892"
"2013-12-01 16:00:00","16.72189503","14.40549747","0.21217679","0.87696113","1.61262436","2.01522415","147.289505","2.52420306","15.04368019","97.99761963","999.34680176","0","16.32546043","2.79999995","3.61524892"
"2013-12-01 17:00:00","14.9995119","12.8244857","0.16731381","0.96515029","1.68525341","2.07622991","123.32949829","4.086061","14.75749016","99.19447327","999.86572266","0","16.32546043","4.19999981","3.61524892"
"2013-12-01 18:00:00","15.9852129","13.33289989","0.20295698","0.88365198","1.44726422","1.95620662","124.81719971","3.63839793","15.35517025","99.19467163","1000.23400879","0","16.32546043","0","3.61524892"
"2013-12-01 19:00:00","15.98910382","13.80110854","0.18661669","0.83867922","1.44013099","2.19559316","126.19280243","3.0220089","15.81637001","99.19412994","1000.76000977","0","16.32546043","0.2","3.61524892"
"2013-12-01 20:00:00","16.35744489","13.95804167","0.19892375","0.8245297","1.53882779","2.16840367","125.12969971","3.3580389","15.69929028","99.19454193","1001.49102783","0","16.32546043","2.5999999","3.61524892"
"2013-12-01 21:00:00","16.78674242","14.55465068","0.17175828","0.84511785","1.72474149","1.92968021","124.45210266","2.90194392","15.23130989","99.1946106","1002.31799316","0","16.32546043","0","3.61524892"
"2013-12-01 22:00:00","11.83359744","10.03858316","0.1609832","0.72109368","1.54271883","1.85010606","118.02330017","3.00625706","15.45604038","99.19434357","1002.79602051","0","16.32546043","0","3.61524892"
"2013-12-01 23:00:00","8.83888346","7.05424561","0.14977939","0.53396466","1.05156478","2.30301684","136.68910217","3.1274159","15.94260979","99.19434357","1003.27600098","0","16.32546043","0","3.61524892"
"2013-12-02 00:00:00","5.76505284","4.11011359","0.13685488","0.59012544","1.16297306","2.04439984","142.15640259","3.83719993","15.55148029","99.19400024","1003.46801758","0","16.32546043","0.2","3.61524892"
"2013-12-02 01:00:00","4.69893885","3.29301848","0.15294819","0.54975969","0.82070883","1.80169889","148.61050415","3.10618997","15.40482998","99.19467163","1003.92700195","0","12.26346016","0","4.61253595"
"2013-12-02 02:00:00","","","0.1391278","0.48635991","0.69295939","1.92702889","146.8921051","3.3550539","15.4039402","99.19406128","1004.59301758","0","12.26346016","0","4.61253595"
"2013-12-02 03:00:00","10.48214995","9.37064126","0.14125975","0.4621187","0.6714295","","142.22790527","3.75815296","14.95969963","99.16795349","1004.99200439","0","12.26346016","0","4.61253595"
"2013-12-02 04:00:00","9.43808514","7.86874422","","0.40233842","0.57195368","2.47534037","125.18450165","3.10079503","14.62514973","97.85056305","1005.44000244","0","12.26346016","0","4.61253595"
"2013-12-02 05:00:00","11.38613973","9.70915321","0.20889499","0.43217313","0.64898635","2.07358062","132.02070618","1.96115005","14.33312988","99.19447327","1005.90301514","0","12.26346016","0","4.61253595"
"2013-12-02 06:00:00","20.20167576","17.97088035","0.23343688","0.4683702","0.93717465","2.26917108","116.98090363","2.20851493","14.52801037","99.19467163","1006.69500732","0","12.26346016","0.2","4.61253595"
"2013-12-02 07:00:00","25.27803576","20.96817744","0.24369703","0.62182533","1.27412099","2.68977279","116.0164032","2.23067498","14.42945004","99.19480133","1007.56500244","5.09869814","12.26346016","0.40000001","4.61253595"
"2013-12-02 08:00:00","36.19595728","28.24939848","0.34555881","0.86292043","2.13386737","2.38633762","107.89060211","1.76931202","14.53777981","99.19508362","1008.37701416","34.86669159","12.26346016","4","4.61253595"
"2013-12-02 09:00:00","41.8014824","32.97427552","0.32877349","1.29564275","3.7988479","2.34163945","141.57820129","1.85909605","14.58567047","99.19454193","1008.89501953","45.16992188","12.26346016","0.60000002","4.61253595"
"2013-12-02 10:00:00","43.77156896","35.32309104","0.43326234","1.39959642","4.74511758","2.63594705","126.7582016","1.59749901","14.40727043","99.19447327","1009.35101318","54.26638031","12.26346016","1.60000002","4.61253595"
"2013-12-02 11:00:00","38.6705824","27.23905944","0.37999271","1.69304465","6.85034725","2.82552093","120.88459778","1.71876204","15.76570034","99.19094086","1008.93103027","420.3742981","12.26346016","0","4.61253595"
"2013-12-02 12:00:00","36.45663936","26.66968496","0.36726975","1.57304475","5.08857374","2.68990296","131.34860229","1.48012102","16.7427597","88.61997986","1008.66802979","212.84170532","12.26346016","0","4.61253595"
"2013-12-02 13:00:00","44.89735456","31.35695296","0.37276855","1.27304602","4.42972453","2.51388772","114.80780029","1.52257204","16.84037971","83.94586182","1008.6550293","179.05470276","12.26346016","0","4.61253595"
"2013-12-02 14:00:00","21.49994288","18.14337908","0.31297376","1.47498358","4.4613695","2.07721742","111.16989899","1.39136899","16.24440002","88.85327148","1008.69702148","56.04497147","12.26346016","0","4.61253595"
"2013-12-02 15:00:00","34.13637","28.72019024","0.37215343","1.03699625","2.89556477","2.23174446","135.99450684","1.67224395","15.30986023","97.96669006","1009.32702637","10.62779045","12.26346016","0","4.61253595"
"2013-12-02 16:00:00","37.32302392","31.92372712","0.38795432","1.41048645","3.74714057","1.98815161","120.82759857","0.99692202","14.49083996","99.19425964","1009.74401855","0.006105","12.26346016","0.2","4.61253595"
"2013-12-02 17:00:00","50.05153296","43.99207992","0.49338682","1.72265969","4.56214301","2.00475006","107.26760101","0.67034698","13.70221043","99.19576263","1009.94500732","0","12.26346016","0","4.61253595"
"2013-12-02 18:00:00","61.91625776","55.11622976","0.67187065","2.79684153","8.0137088","2.09698993","34.66666031","0.21978","13.31624031","99.19602966","1010.3170166","0","12.26346016","0","4.61253595"
"2013-12-02 19:00:00","87.18133016","66.91869984","0.86119014","3.37533961","10.78113564","2.39123142","43.0625","0.52197802","13.53703022","99.1957016","1010.85900879","0","12.26346016","0","4.61253595"
"2013-12-02 20:00:00","46.33959528","42.35527408","0.49153913","3.20384798","13.53609711","1.91502117","53.05263138","0.46526599","13.19332027","99.19602966","1011.04602051","0","12.26346016","0","4.61253595"
"2013-12-02 21:00:00","36.01957528","33.65389592","0.44122395","2.2113231","6.34790958","2.32762112","7.64285278","0.315716","13.07590008","99.19651031","1011.2880249","0","12.26346016","0","4.61253595"
"2013-12-02 22:00:00","20.83588616","19.26395448","0.42874796","2.02843701","4.52744704","1.86781203","1.11111498","0.469136","12.89628029","99.1958313","1011.53302002","0","12.26346016","0","4.61253595"
"2013-12-02 23:00:00","13.47945851","11.76874814","0.36037528","1.98975236","3.67723504","1.86338096","358.79980469","0.66422498","12.64638042","99.1957016","1011.51702881","0","12.26346016","0","4.61253595"
"2013-12-03 00:00:00","8.31101468","7.11001482","0.29113933","1.6120945","2.90619954","2.07840832","38.67771149","0.76303899","12.86989021","99.19615936","1011.39300537","0","12.26346016","0","4.61253595"
"2013-12-03 01:00:00","5.61719788","4.40193259","0.27443672","1.41575146","1.69926055","2.14737516","44.41833115","1.24758995","13.21380997","99.14360046","1011.17700195","0","26.6473999","0","16.90678978"
"2013-12-03 02:00:00","4.0750934","3.1023634","0.2315088","1.33820114","1.16699326","1.95879488","47.40274048","1.69147098","13.33238029","99.1958313","1011.02801514","0","26.6473999","0.2","16.90678978"
"2013-12-03 03:00:00","4.08676616","3.1477581","0.24636488","1.03151157","0.91681228","1.86139781","47.10026169","2.80952692","13.61320972","92.31719208","1010.90600586","0","26.6473999","0","16.90678978"
"2013-12-03 04:00:00","3.9194566","2.8883628","0.25900513","1.12136861","0.77275728","2.08131796","54.59307098","2.86747003","13.76624012","80.30863953","1010.71099854","0","26.6473999","0","16.90678978"
"2013-12-03 05:00:00","4.56664757","3.06085962","0.23364192","1.07462017","0.69256988","2.05129815","49.50267029","2.64931202","13.33590984","76.73191071","1010.51702881","0","26.6473999","0","16.90678978"
"2013-12-03 06:00:00","5.81433846","4.43046537","0.26011305","1.10807438","0.70177882","2.14109112","44.2466507","2.47342801","13.23999023","77.86331177","1010.81201172","0","26.6473999","0","16.90678978"
"2013-12-03 07:00:00","8.17742515","5.98813162","0.28219329","1.2608705","0.85196531","1.96890997","54.9784317","2.31746697","13.5296402","74.93440247","1011.10900879","8.55921841","26.6473999","0","16.90678978"
"2013-12-03 08:00:00","22.21587216","13.77646477","0.35064869","1.37604371","1.41406223","2.1719052","60.62834167","1.93766999","13.60709953","73.99403381","1011.80603027","25.79261971","26.6473999","0","16.90678978"
"2013-12-03 09:00:00","21.6880072","17.19140002","0.41680555","1.84178192","2.82565924","1.65509631","46.05554962","1.17378902","13.73544979","81.73773956","1012.434021","42.67296982","26.6473999","0.2","16.90678978"
"2013-12-03 10:00:00","35.51115536","23.32607496","0.49966617","2.15658816","4.66071065","1.87964686","112.08450317","1.63390601","15.39620972","82.90068054","1012.64300537","267.06750488","26.6473999","0","16.90678978"
"2013-12-03 11:00:00","33.81339496","23.14969296","0.41815928","2.27285872","5.21256231","1.76300815","154.61210632","1.96079302","15.48900986","67.33740234","1012.68701172","146.71040344","26.6473999","0","16.90678978"
"2013-12-03 12:00:00","53.78681616","38.19719032","0.45829702","1.9437921","4.52595815","1.95819892","161.51040649","0.83638602","14.99083996","72.22073364","1012.88201904","76.58628082","26.6473999","0","16.90678978"
"2013-12-03 13:00:00","53.95803576","38.98833768","0.50688917","2.20254843","5.71979818","2.0965933","337.82550049","0.72124302","14.33333015","76.60417938","1012.85101318","29.96945953","26.6473999","0","16.90678978"
"2013-12-03 14:00:00","18.85671378","15.76472871","0.33714634","2.80024136","7.16719156","1.41930791","47.83105087","0.82950002","13.94838047","78.25498962","1012.80401611","33.2661705","26.6473999","0","16.90678978"
"2013-12-03 15:00:00","10.9672167","8.54057896","0.31285027","2.05479765","4.0088645","2.19531349","62.26860046","1.14023304","13.72187996","64.23287201","1013.25701904","18.63043976","26.6473999","0","16.90678978"
"2013-12-03 16:00:00","13.16040116","11.03076967","0.32631184","1.88190968","3.41706712","2.28960363","54.93384171","0.96843898","13.18354988","61.75870132","1013.34399414","0.02442","26.6473999","0","16.90678978"
"2013-12-03 17:00:00","69.18191512","39.38003","0.62803985","1.84123375","2.74395143","2.04078644","204","0.58375502","12.41256046","70.77735901","1013.69000244","0","26.6473999","0","16.90678978"
"2013-12-03 18:00:00","61.89291224","43.6353772","0.60054236","3.50082317","8.04678062","1.98504467","287.15380859","0.53598797","12.10324001","89.95230103","1014.38500977","0","26.6473999","0","16.90678978"
"2013-12-03 19:00:00","57.28346264","43.4499132","0.64453742","3.24943297","8.24304434","2.03311623","293.94580078","0.59004098","11.30632973","98.4546814","1014.7210083","0","26.6473999","0","16.90678978"
"2013-12-03 20:00:00","39.750958","31.39324272","0.53943345","3.64243127","8.0056684","1.44714422","353.08880615","0.52285999","10.43006039","84.08654022","1014.99700928","0","26.6473999","0","16.90678978"
"2013-12-03 21:00:00","89.745456","56.63756992","0.76942309","2.98221521","5.25977043","1.91429402","290.47039795","0.52143902","9.15615368","79.48390961","1015.07299805","0","26.6473999","0","16.90678978"
"2013-12-03 22:00:00","94.25112224","57.21214504","0.85388442","4.56469263","10.42122951","1.91852779","317.34649658","0.62287301","8.60894108","85.92179108","1015.02099609","0","26.6473999","0","16.90678978"
"2013-12-03 23:00:00","11.46525638","8.87649442","0.30657092","4.0265603","7.41892856","1.59518993","26.76387978","1.39516401","10.42545033","76.83834076","1014.91601563","0","26.6473999","0","16.90678978"
"2013-12-04 00:00:00","6.2566051","4.92850313","0.25576294","1.45935025","2.06462492","1.71791233","46.77705002","1.23725498","10.38488007","70.50759125","1014.82000732","0","26.6473999","0","16.90678978"
"2013-12-04 01:00:00","6.72870466","5.36428617","0.25198717","1.11279123","1.31432707","1.68855358","4.33898878","0.47681099","9.5250988","70.14476013","1015.00201416","0","26.84506989","0","13.15995026"
"2013-12-04 02:00:00","","","0.24119345","1.0017867","1.36646357","1.63413696","356.30450439","0.78033102","8.95841885","65.07156372","1014.95501709","0","26.84506989","0","13.15995026"
"2013-12-04 03:00:00","13.26026874","11.6636933","0.2153386","0.85381625","1.08424811","1.83164141","355.94790649","1.03998399","8.96934032","62.86500168","1014.61401367","0","26.84506989","0","13.15995026"
"2013-12-04 04:00:00","7.43425943","6.19045946","","0.77111076","0.7115054","2.0126847","26.44750977","1.83521199","9.87993526","56.31175995","1014.45599365","0","26.84506989","0","13.15995026"
"2013-12-04 05:00:00","8.27599449","6.99717814","0.2074201","0.78295779","0.77405599","2.25872344","15.9148798","1.12479305","9.62074375","56.01160049","1014.3380127","0","26.84506989","0","13.15995026"
"2013-12-04 06:00:00","34.34906088","28.76818144","0.30024497","0.87114695","0.86493409","1.99496246","323.34240723","0.42985901","8.22941303","68.24758148","1014.54602051","0","26.84506989","0","13.15995026"
"2013-12-04 07:00:00","20.06938448","17.14341073","0.24554938","1.27162019","2.62177922","1.63552415","350.11270142","0.93209201","9.7743187","72.52413177","1014.84802246","36.80810165","26.84506989","0","13.15995026"
"2013-12-04 08:00:00","20.04732","15.82049793","0.25901678","1.26525885","2.20818261","1.88678722","329.23471069","1.36985695","11.78353977","65.53568268","1015.17199707","185.24310303","26.84506989","0","13.15995026"
"2013-12-04 09:00:00","10.0658196","7.53931427","0.25662154","1.4201388","2.72903712","1.89353196","338.48309326","2.41485405","12.63743019","60.47666168","1015.45501709","338.18560791","26.84506989","0","13.15995026"
"2013-12-04 10:00:00","8.21373977","5.9842407","0.21539336","1.17235184","1.90365925","2.29879426","334.94970703","2.70976591","13.05969048","59.98126984","1015.37701416","389.9703064","26.84506989","0","13.15995026"
"2013-12-04 11:00:00","7.57173797","5.43043372","0.20461128","1.08372435","1.37113262","1.90239206","336.27160645","2.90184999","13.35781956","59.72574997","1014.78900146","443.53170776","26.84506989","0","13.15995026"
"2013-12-04 12:00:00","7.48743406","5.29554786","0.21155119","0.97085464","1.44674454","2.06015927","338.41189575","3.53070593","13.76902008","56.02978134","1014.26202393","436.97180176","26.84506989","0","13.15995026"
"2013-12-04 13:00:00","8.1333287","5.8350894","0.2152687","0.87224429","1.21757477","1.88645771","335.22460938","3.76336002","13.73048973","59.8077507","1014.00402832","304.47579956","26.84506989","0","13.15995026"
"2013-12-04 14:00:00","6.77799029","4.85717023","0.20246302","0.82727153","1.06855478","1.95489469","335.83740234","2.96721601","13.2353096","68.26374054","1013.74499512","81.69821167","26.84506989","0","13.15995026"
"2013-12-04 15:00:00","7.0477601","5.26182591","0.21076598","0.81882535","0.7960659","2.04217363","332.24810791","2.869807","12.95055008","63.48460007","1013.63000488","19.38237","26.84506989","0","13.15995026"
"2013-12-04 16:00:00","9.14626614","7.60805258","0.21568228","0.79568961","0.96627102","1.88678722","332.69750977","1.98168194","11.93690968","62.07427979","1013.66601563","1.15282905","26.84506989","0","13.15995026"
"2013-12-04 17:00:00","21.56607896","19.11740733","0.31519891","1.00518653","1.28475678","1.80056494","331.63980103","1.54416895","11.4657402","73.50405884","1013.72302246","0","26.84506989","0","13.15995026"
"2013-12-04 18:00:00","23.30142928","21.1938508","0.35089218","1.83333573","3.30215832","1.82708118","331.98629761","1.06280899","11.17555046","83.17697144","1013.78601074","0","26.84506989","0","13.15995026"
"2013-12-04 19:00:00","49.02174888","42.5615024","0.63799944","2.43530718","5.43589653","2.0468681","288.32049561","0.65710402","10.05303955","89.06281281","1013.84399414","0","26.84506989","0","13.15995026"
"2013-12-04 20:00:00","97.34831368","65.37917656","0.86355625","3.94045498","7.51412484","2.08700502","274.40490723","0.54898697","9.29344845","95.21733093","1013.9420166","0","26.84506989","0","13.15995026"
"2013-12-04 21:00:00","72.45936992","50.77914456","0.67575825","4.18275726","9.39456903","1.76188436","230.27110291","0.45404699","8.25342655","98.95787048","1014.01800537","0","26.84506989","0","13.15995026"
"2013-12-04 22:00:00","44.094544","34.27124248","0.5713661","3.55808027","7.46471084","1.34465299","224.30290222","0.45658001","7.67338324","99.22846222","1013.93103027","0","26.84506989","0","13.15995026"
"2013-12-04 23:00:00","40.38130616","33.28554912","0.49502365","2.92254476","5.19842499","1.51941529","244.52940369","0.51102501","7.57814503","99.23233032","1013.72399902","0","26.84506989","0","13.15995026"
"2013-12-05 00:00:00","27.36356888","23.12634744","0.45668816","2.56243625","5.4104756","1.49918004","248.91650391","0.60114002","7.24847507","99.23332977","1013.49401855","0","26.84506989","0","13.15995026"
"2013-12-05 01:00:00","25.98098256","22.34426296","0.43603271","2.27066505","3.75531115","1.44535735","281.06939697","0.76424098","7.27011299","99.23416138","1013.39202881","0","40.46004105","0","23.89648056"
"2013-12-05 02:00:00","15.64929554","13.78813753","0.35799751","1.83629723","3.47996958","1.58560267","280.36700439","0.74614602","7.3713212","99.23280334","1013.38201904","0","40.46004105","0","23.89648056"
"2013-12-05 03:00:00","14.9216935","12.96196424","0.34787599","1.55779789","3.32576289","1.78026562","277.38290405","0.68566602","7.2232399","99.23280334","1013.16400146","0","40.46004105","0","23.89648056"
"2013-12-05 04:00:00","15.11105224","13.27453609","0.33102077","1.36477739","2.7747828","1.37427617","274.02630615","0.68054801","6.51166821","99.23674011","1012.91900635","0","40.46004105","0","23.89648056"
"2013-12-05 05:00:00","20.75546744","16.679093","0.31003563","1.36507537","2.98868638","1.49065148","270.57501221","0.74542099","6.91615915","99.2363205","1012.87701416","0","40.46004105","0","23.89648056"
"2013-12-05 06:00:00","65.89667848","36.24913","0.45140022","1.31889645","3.09412792","1.2641849","272","0.48491201","5.78212023","99.23979187","1013.0960083","0","40.46004105","0","23.89648056"
"2013-12-05 07:00:00","144.99657736","55.4767756","0.61428819","2.03878295","5.92562372","2.32709432","272.70001221","0.48547","6.72405386","99.23721313","1013.30999756","32.80524063","40.46004105","0","23.89648056"
"2013-12-05 08:00:00","141.34559424","57.52990032","0.83496832","2.71358788","9.32284714","2.65386862","281.2243042","0.78879201","9.08859158","97.3742218","1013.50402832","179.22250366","40.46004105","0","23.89648056"
"2013-12-05 09:00:00","132.98527864","49.06972096","0.71814212","3.62751289","13.41470799","2.70094758","282","0.94667202","11.60365009","78.45800018","1013.61700439","314.45449829","40.46004105","0","23.89648056"
"2013-12-05 10:00:00","49.58462256","29.84467568","0.41149431","3.23460816","10.96944336","1.88394368","281.95800781","1.279796","13.36493969","69.58818054","1013.59100342","394.03430176","40.46004105","0","23.89648056"
"2013-12-05 11:00:00","25.46089944","18.29253229","0.34576967","2.10569342","7.14021462","1.68504899","332.39691162","1.63","13.76121998","69.58560181","1013.23400879","368.69760132","40.46004105","0.2","23.89648056"
"2013-12-05 12:00:00","17.43652798","13.37699634","0.27504602","1.5078998","5.02967418","1.52351583","329.37350464","2.68433905","13.33469009","73.07034302","1012.80200195","248.87550354","40.46004105","0","23.89648056"
"2013-12-05 13:00:00","17.56103742","13.16688666","0.31148139","1.31845711","2.85445153","1.58533825","336.11340332","2.94324589","13.36894035","73.31575012","1012.47900391","276.42041016","40.46004105","0","23.89648056"
"2013-12-05 14:00:00","15.91517634","12.7985456","0.29561759","1.27096219","2.27264108","1.86410812","334.88900757","2.48888111","13.07460976","78.85028076","1012.44702148","105.8852005","40.46004105","0","23.89648056"
"2013-12-05 15:00:00","11.90103942","9.9101828","0.27079027","1.19264505","2.10274106","1.71334905","330.03720093","2.458951","12.64027977","84.52780151","1012.36199951","37.82152176","40.46004105","0","23.89648056"
"2013-12-05 16:00:00","15.12402134","13.21746862","0.34804142","1.29147406","2.04256314","1.52543186","331.34631348","1.51617503","11.70662022","92.23007965","1012.33001709","2.05840492","40.46004105","0","23.89648056"
"2013-12-05 17:00:00","55.0487744","43.27873184","0.69500871","1.92134183","3.87274719","1.4697562","284.39080811","0.61022002","10.56639957","99.02095032","1012.37402344","0","40.46004105","0","23.89648056"
"2013-12-05 18:00:00","108.80320128","61.85142184","0.80373816","3.7927042","8.04353843","1.95443094","230.2263031","0.49116501","9.73009205","99.21414185","1012.32800293","0","40.46004105","0","23.89648056"
"2013-12-05 19:00:00","83.20611008","51.61958328","0.77882813","4.30105165","11.45446083","1.89068843","248.59080505","0.614941","8.97422409","99.21936035","1012.40100098","0","40.46004105","0","23.89648056"
"2013-12-05 20:00:00","69.09889608","48.29543744","0.78729652","4.57313983","8.67891325","1.83389101","259.09289551","0.69114399","8.69183254","99.22370148","1012.47601318","0","40.46004105","0","23.89648056"
"2013-12-05 21:00:00","69.76423384","50.67666136","0.66923076","4.57653966","7.78376002","1.80565604","210.26750183","0.43440101","8.44817638","99.2292099","1012.62200928","0","40.46004105","0","23.89648056"
"2013-12-05 22:00:00","41.8974648","35.05850848","0.61746864","3.70890239","7.70931562","1.57918845","208.86010742","0.47947299","8.06376457","99.23069","1012.41400146","0","40.46004105","0","23.89648056"
"2013-12-05 23:00:00","46.69497872","39.08430096","0.56046053","3.28517544","5.73626951","1.51564527","202.09660339","0.345819","7.56301785","99.23355103","1012.18701172","0","40.46004105","0","23.89648056"
"2013-12-06 00:00:00","33.20643056","29.15079176","0.53373194","2.73892541","5.0413646","1.48060047","235.81809998","0.36519","7.23701","99.23374176","1011.45501709","0","40.46004105","0","23.89648056"
"2013-12-06 01:00:00","33.29201168","29.996412","0.60222462","2.60378951","4.08629278","1.71057264","193.61289978","0.534877","7.0817399","99.23599243","1011.12200928","0","40.66395187","0","26.12928963"
"2013-12-06 02:00:00","","","0.63543877","2.84444628","4.77445295","1.6224323","204.44430542","0.30932","6.75688601","99.23651886","1010.98199463","0","40.66395187","0","26.12928963"
"2013-12-06 03:00:00","34.88860816","32.9029388","0.57293535","2.84740779","4.71362618","1.48013773","193.14280701","0.28257501","6.47354603","99.2376709","1010.43902588","0","40.66395187","0","26.12928963"
"2013-12-06 04:00:00","25.92650968","24.06276856","","2.65486223","4.89805201","1.60246351","184.72000122","0.46349201","6.76692486","99.23802185","1009.76702881","0","40.66395187","0","26.12928963"
"2013-12-06 05:00:00","23.93435864","22.17048128","0.34611451","2.22755747","4.09576003","1.80492889","159.69500732","0.44670799","7.76414394","99.2361908","1009.39001465","0","40.66395187","0","26.12928963"
"2013-12-06 06:00:00","37.05844136","33.35298536","0.32803954","1.53278884","3.37621321","1.46651603","156.09120178","1.20039701","8.69529343","96.28726959","1009.2210083","0","40.66395187","0","26.12928963"
"2013-12-06 07:00:00","68.6320048","50.53268776","0.42265851","1.5270855","3.63910466","1.75877743","157.12710571","1.606107","8.9354229","92.98657227","1008.96600342","15.22385025","40.66395187","0","26.12928963"
"2013-12-06 08:00:00","112.2414744","64.30530176","0.65821918","1.97340816","4.94085144","2.40200857","161.13580322","1.79463506","9.70655346","90.66271973","1008.90002441","76.79792023","40.66395187","0","26.12928963"
"2013-12-06 09:00:00","79.66015312","49.6883868","0.57974012","3.36410684","9.344256","2.02908281","159.25250244","1.73609495","11.63084984","82.66265106","1008.58001709","216.80200195","40.66395187","0","26.12928963"
"2013-12-06 10:00:00","52.18505728","34.7887444","0.4608274","2.78082683","7.78155516","2.06637314","164.84120178","1.92633998","14.08302021","68.68138123","1008.13000488","401.86599731","40.66395187","0","26.12928963"
"2013-12-06 11:00:00","41.02199824","29.37516496","0.34681468","2.25081118","6.56631542","2.15398566","187.91700745","2.01032591","15.19536018","62.00453186","1007.20300293","444.76290894","40.66395187","0","26.12928963"
"2013-12-06 12:00:00","42.27617464","31.68379024","0.39260151","1.86481697","5.26202105","2.11014788","170.07200623","1.58106804","15.63002968","61.15587997","1006.48400879","364.79550171","40.66395187","0","26.12928963"
"2013-12-06 13:00:00","49.57684072","34.9443812","0.38453039","2.00943538","5.340985","2.23240755","175.00900269","1.57846904","15.74785995","57.19955063","1005.78900146","279.93170166","40.66395187","0","26.12928963"
"2013-12-06 14:00:00","42.94541288","33.36206736","0.32729743","1.78211147","5.94339173","2.46065896","191.1381073","1.36956406","15.0421896","58.83427048","1005.02001953","84.5298996","40.66395187","0","26.12928963"
"2013-12-06 15:00:00","44.4174808","37.78215248","0.37753107","1.39992593","4.39900096","1.57832807","192.33140564","0.755826","13.84350014","66.69676971","1005.05401611","17.4063797","40.66395187","0","26.12928963"
"2013-12-06 16:00:00","82.8312816","68.77984064","0.56187018","1.94050211","6.38565045","1.93022939","189.73620605","0.65399498","12.41411972","78.50434113","1004.72302246","0.92897803","40.66395187","0","26.12928963"
"2013-12-06 17:00:00","98.86965384","77.42030248","0.63919589","2.71962072","9.89285631","1.84691675","190.19850159","0.59829098","11.37837029","85.74617004","1004.75500488","0","40.66395187","0","26.12928963"
"2013-12-06 18:00:00","132.21099512","85.3123884","0.91687947","3.54480842","11.13052599","2.44538667","200.97390747","0.750678","10.77350044","90.79695892","1004.98602295","0","40.66395187","0","26.12928963"
"2013-12-06 19:00:00","186.56460456","94.52996832","1.27378188","4.9600107","15.39995301","3.07883427","190.50810242","0.48359701","10.1912899","97.06320953","1004.809021","0","40.66395187","0","26.12928963"
"2013-12-06 20:00:00","144.01864672","85.40967096","1.02595026","5.49222002","16.51753431","2.70828524","193.22210693","0.52367401","9.71883106","99.1760788","1005.15600586","0","40.66395187","0","26.12928963"
"2013-12-06 21:00:00","177.55583416","84.64833168","1.15322185","5.53477944","16.10730702","2.67423404","210","0.189255","9.30491161","99.22052002","1005.83599854","0","40.66395187","0","26.12928963"
"2013-12-06 22:00:00","95.33019768","66.01598728","1.08474781","5.78182196","14.44146102","2.16245015","194.5","0.34187999","8.6216259","99.22451019","1005.875","0","40.66395187","0","26.12928963"
"2013-12-06 23:00:00","77.1505384","55.01764704","0.99877547","6.65974619","10.9690569","1.96362258","212.9375","0.42124501","7.82695818","99.20825195","1006.26300049","0","40.66395187","0","26.12928963"
"2013-12-07 00:00:00","81.57320472","55.23425752","0.7308511","5.92735466","8.87293651","1.85009081","282.37030029","0.37444001","7.57231092","93.71035004","1006.23101807","0","40.66395187","0","26.12928963"
"2013-12-07 01:00:00","53.42757048","43.53553256","0.504678","4.01570179","7.6469186","2.11061061","276.6427002","0.47095799","6.90747595","90.30097961","1006.46502686","0","16.24908066","0","8.27038479"
"2013-12-07 02:00:00","41.44998032","36.07144784","0.4137649","2.71227086","5.1850667","1.40482583","272.74349976","0.49654099","6.51926517","92.2857132","1006.55999756","0","16.24908066","0","8.27038479"
"2013-12-07 03:00:00","19.77107424","17.41707146","0.29999915","2.29161525","4.2460767","1.62514363","280.51409912","0.79581398","6.77913523","86.14862061","1006.51300049","0","16.24908066","0","8.27038479"
"2013-12-07 04:00:00","10.2668511","8.50166976","0.22888988","1.51118064","2.68403284","1.64524463","311.15710449","0.954449","7.67758799","77.50936127","1006.625","0","16.24908066","0","8.27038479"
"2013-12-07 05:00:00","9.86089718","8.55354806","0.21756725","1.02043339","1.70911732","1.53144945","300.24890137","0.86675602","8.06145763","74.57691956","1007.29400635","0","16.24908066","0","8.27038479"
"2013-12-07 06:00:00","20.20167576","18.17191186","0.26479402","0.96789314","1.73752009","1.58732241","283.88580322","0.69961202","7.76862097","75.29113007","1008.13000488","0","16.24908066","0","8.27038479"
"2013-12-07 07:00:00","78.74707752","52.03072064","0.51999542","1.30803692","2.87455457","1.90629328","288.92379761","0.86452198","7.69990587","78.69866943","1009.04901123","9.53805447","16.24908066","0","8.27038479"
"2013-12-07 08:00:00","29.44780184","22.5465908","0.29324681","2.0877037","6.66960804","1.57052666","335.23370361","2.3072331","8.90021801","97.23796082","1010.45001221","17.82051086","16.24908066","2.5999999","8.27038479"
"2013-12-07 09:00:00","21.0862052","17.66349767","0.22518402","1.28763489","3.33082043","1.54579729","333.82070923","1.55400205","9.21747494","99.21488953","1011.63201904","76.68701172","16.24908066","1.39999998","8.27038479"
"2013-12-07 10:00:00","16.29908109","12.55990314","0.2392246","1.19077988","2.85717506","1.57634492","357.86080933","1.45972097","10.12283993","96.4545517","1012.58502197","341.49771118","16.24908066","0","8.27038479"
"2013-12-07 11:00:00","9.96335934","7.23711885","0.19014431","1.0148226","2.8306283","1.34643986","1.82968104","2.1972661","12.13457966","57.53805161","1013.20202637","459.01190186","16.24908066","0","8.27038479"
"2013-12-07 12:00:00","9.30449562","6.80263214","0.15426464","0.77637577","1.7573638","1.2532074","342.62030029","2.388592","12.16469955","48.94960022","1013.61602783","425.94110107","16.24908066","0","8.27038479"
"2013-12-07 13:00:00","10.4224879","7.18005138","0.1796931","0.68445727","1.30602632","1.31238663","345.00799561","2.40364695","11.7962904","46.11063004","1014.20300293","327.99639893","16.24908066","0","8.27038479"
"2013-12-07 14:00:00","5.92976782","4.14253729","0.13174636","0.72800318","1.41691491","1.36700258","337.64120483","2.28416705","11.06863976","47.28245163","1014.90301514","88.89092255","16.24908066","0","8.27038479"
"2013-12-07 15:00:00","7.41350658","5.61071238","0.18816847","0.61743697","0.72836625","1.04737169","335.21240234","1.37992406","10.23727989","53.15010071","1015.51300049","17.55698013","16.24908066","0","8.27038479"
"2013-12-07 16:00:00","7.94267362","6.1917577","0.18746831","0.83878906","1.23508345","1.09154","335.12969971","1.936535","9.77330112","46.65018082","1016.21801758","1.06125402","16.24908066","0","8.27038479"
"2013-12-07 17:00:00","10.27593119","8.51204427","0.20249681","0.84240856","1.15168945","1.08175442","337.18701172","1.74771297","9.21625328","46.71469116","1016.77301025","0","16.24908066","0","8.27038479"
"2013-12-07 18:00:00","10.25906926","8.35122022","0.20669663","0.9494651","1.49382452","1.10754148","335.03570557","1.72911298","8.98812962","44.51784134","1017.33502197","0","16.24908066","0","8.27038479"
"2013-12-07 19:00:00","11.47174188","9.41214504","0.22222608","0.98840399","1.50355111","1.06350334","343.00320435","1.58722198","8.90476227","45.48785019","1017.96502686","0","16.24908066","0","8.27038479"
"2013-12-07 20:00:00","12.74926189","10.88161838","0.21802043","0.97875165","1.81806141","0.94600425","346.20880127","1.02838695","8.51444912","45.88304138","1018.98901367","0","16.24908066","0","8.27038479"
"2013-12-07 21:00:00","13.10722653","11.2940559","0.21155585","1.31604478","2.77569098","0.90871289","342.08380127","1.03641903","7.93562698","48.54721069","1019.39501953","0","16.24908066","0","8.27038479"
"2013-12-07 22:00:00","13.63120439","10.63389583","0.21085801","1.07549682","1.72960885","0.95876861","333.72311401","1.41982603","7.62033701","49.23347092","1020.00799561","0","16.24908066","0","8.27038479"
"2013-12-07 23:00:00","127.89723632","69.97434352","0.72117578","1.65048523","2.62372474","1.50989414","290.66650391","0.38868499","5.2130661","64.21311951","1020.57202148","0","16.24908066","0","8.27038479"
"2013-12-08 00:00:00","196.411156","79.58235384","0.94858378","3.74784128","8.96709545","1.57032733","888","0","4.60805893","71.15541077","1020.66900635","0","16.24908066","0","8.27038479"
"2013-12-08 01:00:00","153.94437408","69.69291624","0.88953925","4.15792924","12.13085736","1.47161019","888","0","4.31006718","74.23165131","1020.83099365","0","46.22805023","0","33.86853027"
"2013-12-08 02:00:00","","","0.96237738","4.21533482","13.09695651","1.28580632","290.33331299","0.49654099","3.60595608","79.62419128","1021.17102051","0","46.22805023","0","33.86853027"
"2013-12-08 03:00:00","104.87723432","59.69585216","0.77832602","4.73416144","12.95734275","1.15409262","888","0","3.13919497","84.56797028","1021.18499756","0","46.22805023","0","33.86853027"
"2013-12-08 04:00:00","71.89647712","50.27330584","","3.66276516","8.41707744","1.02455936","888","0","3.05216503","85.70587158","1020.99700928","0","46.22805023","0","33.86853027"
"2013-12-08 05:00:00","64.74626632","47.0153152","0.56035452","3.11011211","7.40894263","0.69963498","888","0","2.96465898","88.24887085","1021.06402588","0","46.22805023","0","33.86853027"
"2013-12-08 06:00:00","68.1378484","45.43172032","0.54156307","2.87252667","7.42100425","0.76364089","888","0","2.782866","91.26740265","1021.54101563","0","46.22805023","0","33.86853027"
"2013-12-08 07:00:00","99.3534472","51.8102288","0.72604664","2.80386086","7.09339499","1.06231345","274","0.55119503","3.53764796","88.43997192","1022.01202393","25.79973984","46.22805023","0","33.86853027"
"2013-12-08 08:00:00","112.62668504","49.03341208","0.89847946","3.83877329","14.28769062","1.40330542","286.29980469","0.45909601","6.26787519","69.54945374","1022.46801758","203.65690613","46.22805023","0","33.86853027"
"2013-12-08 09:00:00","60.73471824","34.29328784","0.65263766","4.00999744","12.70372329","1.05358556","195.30290222","0.57572103","8.68043804","58.90021133","1022.79602051","330.74160767","46.22805023","0","33.86853027"
"2013-12-08 10:00:00","40.71462512","27.68392448","0.47195315","3.08445116","7.98680102","1.00544993","285.54980469","0.52381003","11.2094698","51.47380066","1022.71899414","407.17340088","46.22805023","0","33.86853027"
"2013-12-08 11:00:00","12.0203616","9.50293254","0.23951002","2.20364475","5.5772636","1.26147358","336.02209473","0.95871198","12.17012024","45.38739014","1022.18103027","452.81030273","46.22805023","0","33.86853027"
"2013-12-08 12:00:00","9.4497579","7.15930045","0.20981184","1.06957382","1.99405631","1.08433252","46.88404083","1.07247603","12.47062016","44.34146118","1021.75701904","421.60150146","46.22805023","0","33.86853027"
"2013-12-08 13:00:00","7.1450331","5.23199489","0.17390305","0.78515146","1.30628463","0.87637941","54.26359177","1.07294798","12.75368977","43.06444168","1021.58502197","329.69061279","46.22805023","0","33.86853027"
"2013-12-08 14:00:00","6.95308169","5.12175279","0.17835568","0.71100199","1.07711487","1.07937464","51.55081177","1.071118","11.42558002","49.93534088","1021.60601807","89.38034058","46.22805023","0","33.86853027"
"2013-12-08 15:00:00","9.6378184","7.80130225","0.24629149","0.67502358","0.82745256","0.64971248","66.92513275","0.73952198","10.44029999","55.82728958","1021.98101807","16.10297012","46.22805023","0","33.86853027"
"2013-12-08 16:00:00","16.7050331","15.24074894","0.29792778","0.97655798","1.4125052","0.49882325","43.61289978","0.48525","8.66063023","65.4719696","1022.37200928","0.89641798","46.22805023","0","33.86853027"
"2013-12-08 17:00:00","34.7498352","32.97687584","0.47865307","1.7050005","2.75173351","0.79432175","888","0","7.29602623","74.45413971","1022.73901367","0","46.22805023","0","33.86853027"
"2013-12-08 18:00:00","56.41061552","48.85572992","0.78470905","4.08272108","9.15644966","0.81356339","888","0","6.98121119","75.54382324","1023.27001953","0","46.22805023","0","33.86853027"
"2013-12-08 19:00:00","348.822412","103.4324124","1.67608084","4.69456455","9.9697649","2.91207373","888","0","6.28944588","82.11714172","1023.45001221","0","46.22805023","0","33.86853027"
"2013-12-08 20:00:00","541.2155","135.58701352","2.61271405","9.71281985","29.11114701","4.34823944","888","0","5.85232687","90.10227966","1023.5300293","0","46.22805023","0","33.86853027"
"2013-12-08 21:00:00","462.9988304","120.90008112","2.55695249","12.07671228","32.31888705","3.92744145","888","0","5.6821332","91.02033997","1023.71801758","0","46.22805023","0","33.86853027"
"2013-12-08 22:00:00","568.0706872","127.86350864","3.07008373","12.16589301","31.37626026","5.65375217","888","0","5.3418808","95.73518372","1023.99200439","0","46.22805023","0","33.86853027"
"2013-12-08 23:00:00","619.9279512","122.1698212","3.42544717","13.61597229","38.22726042","6.24924533","888","0","4.96696615","98.35619354","1024.08898926","0","46.22805023","0","33.86853027"
"2013-12-09 00:00:00","412.2755736","93.08646568","2.6795466","14.6901582","40.52738898","3.61719848","888","0","4.85185194","99.24243164","1023.82000732","0","46.22805023","0","33.86853027"
"2013-12-09 01:00:00","307.804276","76.73548144","2.16004398","11.62885599","31.05565101","2.33344141","888","0","4.73137999","99.24214935","1023.78302002","0","56.43141174","0","42.28855133"
"2013-12-09 02:00:00","124.63794552","58.15762904","1.51900739","9.18576571","25.73687322","1.03844345","203","0.60532099","4.07421017","96.10616302","1023.82202148","0","56.43141174","0","42.28855133"
"2013-12-09 03:00:00","77.045474","51.17599928","1.17704261","7.66635855","14.11791264","0.9277552","888","0","4.04775476","99.09056091","1023.39300537","0","56.43141174","0","42.28855133"
"2013-12-09 04:00:00","68.8265508","47.26823456","0.82931807","5.85254719","10.42615179","0.86308824","888","0","4.43718719","99.24256134","1023.27801514","0","56.43141174","0","42.28855133"
"2013-12-09 05:00:00","82.8221996","49.46919512","0.79185749","4.42330421","9.61595772","1.13471775","888","0","4.47496986","99.24243164","1023.30102539","0","56.43141174","0","42.28855133"
"2013-12-09 06:00:00","163.73524808","63.62306192","0.98250974","4.33016023","11.03483646","1.27608584","171","0.29304001","4.72934484","99.24256134","1023.32501221","0","56.43141174","0","42.28855133"
"2013-12-09 07:00:00","392.88732","95.81917256","1.69997849","5.01726882","14.12505198","3.22258316","888","0","5.44580221","99.23918152","1023.56402588","22.05533981","56.43141174","0","42.28855133"
"2013-12-09 08:00:00","519.1592416","136.27701608","2.46814221","8.26569801","33.67016478","5.16669663","131.2243042","0.57809299","9.26997757","75.6421814","1023.82501221","186.32260132","56.43141174","0","42.28855133"
"2013-12-09 09:00:00","153.92492904","75.15318672","0.90820255","8.74021089","37.81652463","1.9017961","154.47090149","0.89618701","11.54300022","60.9190712","1023.83300781","307.26589966","56.43141174","0","42.28855133"
"2013-12-09 10:00:00","73.887328","46.59121448","0.60958043","4.72516811","17.04006891","0.95493147","132.71420288","0.86141598","13.18274021","55.27193069","1023.73901367","375.62780762","56.43141174","0","42.28855133"
"2013-12-09 11:00:00","42.05566368","30.3738408","0.39629689","3.87058301","10.50435909","0.86599889","143.79710388","1.14463603","13.87851048","56.32640076","1022.85101318","365.10681152","56.43141174","0","42.28855133"
"2013-12-09 12:00:00","59.44941448","44.34356288","0.40042215","2.01991658","5.94728277","1.05728947","161.30880737","0.917041","13.6854496","63.46485138","1022.25","191.55050659","56.43141174","0","42.28855133"
"2013-12-09 13:00:00","91.69351632","60.68932736","0.60296206","2.28821237","7.55639543","0.9528151","169.63630676","0.69789898","13.97517014","65.58782959","1021.59399414","157.49180603","56.43141174","0","42.28855133"
"2013-12-09 14:00:00","64.1211188","51.54174576","0.45120101","3.06632721","9.65175409","0.88715758","196.4382019","0.666031","13.70133018","73.12438965","1021.11401367","83.03620911","56.43141174","0","42.28855133"
"2013-12-09 15:00:00","45.58603784","39.74447632","0.52011658","2.52107486","6.72636274","0.86527174","199.55360413","0.71887702","13.07672024","78.73680115","1021.01702881","41.09584045","56.43141174","0","42.28855133"
"2013-12-09 16:00:00","53.68177088","47.1320428","0.5284906","2.51022449","6.00966555","0.73580459","266.83331299","0.45421201","12.06830025","82.32897949","1020.97601318","0.436508","56.43141174","0","42.28855133"
"2013-12-09 17:00:00","77.53833024","61.63353032","0.6284942","2.91617428","7.28287836","0.82744849","272.37130737","0.38793001","11.51735973","86.17404938","1020.84100342","0","56.43141174","0","42.28855133"
"2013-12-09 18:00:00","83.6924464","63.4648248","0.74728925","3.44839173","8.31914034","0.83683947","270.84359741","0.45825699","11.09815025","85.79134369","1020.78601074","0","56.43141174","0","42.28855133"
"2013-12-09 19:00:00","87.338248","62.25087688","0.81734886","4.19405512","9.5840524","0.78122991","206.1000061","0.37199801","10.7843504","86.19068146","1020.89001465","0","56.43141174","0","42.28855133"
"2013-12-09 20:00:00","96.54808432","60.85660824","0.95975613","4.72165743","9.25320196","0.79485161","276.7755127","0.57710999","10.14678955","89.27410126","1020.96801758","0","56.43141174","0","42.28855133"
"2013-12-09 21:00:00","98.02531464","57.63364544","0.97887494","5.65006249","9.8945425","0.86520563","273.39990234","0.351648","9.08241844","98.00508118","1021.02502441","0","56.43141174","0","42.28855133"
"2013-12-09 22:00:00","108.9160284","55.93978552","1.09791464","5.87975092","10.05380775","1.10370739","888","0","8.3254652","99.22927094","1020.97802734","0","56.43141174","0","42.28855133"
"2013-12-09 23:00:00","68.33629488","45.44468368","0.99121113","6.17580064","10.61382897","0.67953499","278.60971069","0.46457601","7.92090702","99.23158264","1021.08300781","0","56.43141174","0","42.28855133"
"2013-12-10 00:00:00","40.92599672","31.77327184","0.69757404","5.73123129","8.87488203","0.6919668","288.5","0.76447499","8.44776917","99.22988129","1020.81201172","0","56.43141174","0","42.28855133"
"2013-12-10 01:00:00","22.7593008","20.45069464","0.43122475","3.54425924","6.09798794","0.66360064","307.14620972","0.85720998","8.42782593","99.22689056","1020.68701172","0","19.92904091","0","13.52013969"
"2013-12-10 02:00:00","","","0.34380315","2.35369904","4.17539317","0.84206278","302.61291504","0.85607898","8.22941303","99.23036194","1020.4420166","0","19.92904091","0","13.52013969"
"2013-12-10 03:00:00","22.13157208","20.57908544","0.27603161","1.62909569","2.93408466","0.8209702","309.78170776","1.22891903","8.32743263","99.23049164","1020.55401611","0","19.92904091","0.2","13.52013969"
"2013-12-10 04:00:00","16.18883899","14.7466021","","1.27337553","2.26006079","0.69136982","315.84429932","1.61802995","8.34255981","99.2305603","1020.27801514","0","19.92904091","0","13.52013969"
"2013-12-10 05:00:00","14.70639465","13.35883808","0.21148595","1.16697801","1.85398693","0.72753739","309.05569458","1.89716303","9.54734802","99.21875","1020.26000977","0","19.92904091","0","13.52013969"
"2013-12-10 06:00:00","15.11364491","13.37829268","0.24014495","1.17575268","1.88264904","0.69685755","307.38070679","2.10600996","9.99213219","97.40013123","1020.28100586","0","19.92904091","0","13.52013969"
"2013-12-10 07:00:00","19.01235249","16.62462012","0.22729849","1.13450927","1.93634258","0.59033596","315.93719482","2.09519792","10.08275032","91.73387146","1020.52301025","6.74094391","19.92904091","0","13.52013969"
"2013-12-10 08:00:00","27.08470368","21.50124304","0.34230613","1.27995654","2.69765047","0.67721928","333.81350708","2.00016689","10.95277977","93.73674011","1020.84301758","93.96011353","19.92904091","0","13.52013969"
"2013-12-10 09:00:00","19.33010968","15.23037251","0.26279255","1.64423272","3.83027523","0.84728711","335.88180542","2.83887601","12.50597","83.40917206","1020.8380127","283.47171021","19.92904091","0","13.52013969"
"2013-12-10 10:00:00","20.0538208","15.43270226","0.23965099","1.27721471","5.47908445","1.12334362","334.47680664","3.19015503","13.61857033","75.77783966","1020.83300781","320.95541382","19.92904091","0","13.52013969"
"2013-12-10 11:00:00","14.19279321","11.38484339","0.23269244","1.18101769","49.50163089","0.88160374","338.87030029","3.29024291","13.78707027","75.62142181","1020.79400635","224.91650391","19.92904091","0","13.52013969"
"2013-12-10 12:00:00","8.74679772","6.64958802","0.17594995","1.20141973","4.59002712","0.82698474","334.13650513","4.47400188","14.34533978","64.96884918","1020.71600342","349.44241333","19.92904091","0","13.52013969"
"2013-12-10 13:00:00","9.35637582","6.75853569","0.196539","0.82123869","1.85502427","0.89866188","332.12631226","4.66088295","14.36513996","66.1554718","1020.45599365","258.77380371","19.92904091","0","13.52013969"
"2013-12-10 14:00:00","6.46930936","4.70542435","0.16120571","0.89297482","1.53182472","0.85846089","333.95300293","4.69496822","14.11063004","66.38326263","1020.33502197","96.40415192","19.92904091","0","13.52013969"
"2013-12-10 15:00:00","5.81174388","3.98690049","0.15666454","0.85425559","0.98075209","0.51786555","334.58041382","4.70101595","13.73021984","69.00447083","1020.42102051","18.32518959","19.92904091","0","13.52013969"
"2013-12-10 16:00:00","6.1269084","4.32800511","0.16409142","0.77922845","0.82265333","0.60732799","335.78869629","3.65859199","13.35951042","62.97090149","1020.80102539","1.30850601","19.92904091","0","13.52013969"
"2013-12-10 17:00:00","6.0296354","4.23332478","0.16649015","0.72405518","0.91642277","0.54332411","339.20770264","4.22209692","13.23931026","60.98825073","1021.12701416","0","19.92904091","0","13.52013969"
"2013-12-10 18:00:00","6.42650924","4.57832033","0.16981506","0.7708921","0.92783656","0.5605165","338.13900757","4.23781776","13.20228004","62.00141144","1021.29901123","0","19.92904091","0","13.52013969"
"2013-12-10 19:00:00","7.4368521","5.52511214","0.17220331","0.91491354","1.26296755","0.73778875","337.97650146","3.55904388","13.03166962","63.14305115","1021.57299805","0","19.92904091","0","13.52013969"
"2013-12-10 20:00:00","7.97898823","6.04909","0.18426805","1.01516838","1.88005468","0.77507909","338.11221313","3.24113488","12.83767033","62.47063065","1021.85101318","0","19.92904091","0","13.52013969"
"2013-12-10 21:00:00","8.30712185","6.46671669","0.19135009","0.9740348","1.64556702","0.78162654","351.17880249","1.71061897","12.4663496","60.8478508","1022.20501709","0","19.92904091","0","13.52013969"
"2013-12-10 22:00:00","7.97250273","6.27216878","0.17800851","0.98467466","1.30758233","0.58425226","24.53230095","1.64328003","11.48460007","64.61917114","1022.73699951","0","19.92904091","0","13.52013969"
"2013-12-10 23:00:00","6.46930936","4.9726015","0.15126943","1.01823972","1.26685859","0.41445089","12.98034","1.34351301","10.98262978","60.32946014","1023.34301758","0","19.92904091","0","13.52013969"
"2013-12-11 00:00:00","4.46418731","3.33192768","0.16119872","0.88661348","1.02458885","0.65983062","359.41140747","1.39890802","10.65919971","58.15275955","1023.58502197","0","19.92904091","0","13.52013969"
"2013-12-11 01:00:00","3.21001282","2.17632444","0.13707856","0.76474942","0.84690675","0.60369425","357.01150513","1.435812","10.37166023","55.34690094","1024.13598633","0","18.9773407","0","10.66666031"
"2013-12-11 02:00:00","2.76774428","1.58879361","0.13896819","0.66229989","0.67661722","0.66855749","353.84631348","1.40165102","10.02313042","53.86547089","1024.43103027","0","18.9773407","0","10.66666031"
"2013-12-11 03:00:00","","","","","","","","","","","","","18.9773407","","10.66666031"
"2013-12-11 04:00:00","2.9467266","1.90395813","0.10591132","0.44193532","0.40905774","0.64713541","30.26123047","2.13208795","9.63471794","54.58058167","1023.87402344","0","18.9773407","0","10.66666031"
"2013-12-11 05:00:00","4.65484239","3.46032804","0.12954334","0.4690282","0.44524158","0.54927458","351.33630371","1.01128995","9.29399109","55.90422058","1024.29101563","0","18.9773407","0","10.66666031"
"2013-12-11 06:00:00","7.2358206","5.67037251","0.13618151","0.53009396","0.52183796","0.66551768","4.89236498","1.05243504","9.07570267","53.93432999","1024.58105469","0","18.9773407","0","10.66666031"
"2013-12-11 07:00:00","14.1279439","12.15524746","0.1797863","0.56193521","0.8985256","0.47779779","359.38031006","0.80273002","8.92131424","54.86595154","1024.81005859","20.30830002","18.9773407","0","10.66666031"
"2013-12-11 08:00:00","22.34168176","16.90995553","0.24307958","0.73644936","1.64128748","0.66611059","350.45300293","0.84611601","10.51132011","52.21509171","1025.22497559","197.70230103","18.9773407","0","10.66666031"
"2013-12-11 09:00:00","13.59359153","10.18384545","0.20937031","1.44613535","4.09407486","0.59880045","345.37460327","1.48414695","11.80531025","45.89220047","1025.49499512","326.05599976","18.9773407","0","10.66666031"
"2013-12-11 10:00:00","8.76106315","5.96348976","0.13437926","0.98632016","2.60167618","0.69017993","347.19400024","2.08557701","12.21434975","42.56892014","1025.73706055","404.62130737","18.9773407","0","10.66666031"
"2013-12-11 11:00:00","6.77409937","4.35913247","0.14605023","0.68796694","1.90547561","0.78671764","345.33520508","2.32906008","12.25098038","40.20796967","1025.55505371","455.80880737","18.9773407","0","10.66666031"
"2013-12-11 12:00:00","9.01656754","6.18656854","0.1590027","0.66701674","1.49823423","0.6510356","345.27731323","2.13275099","12.44911957","38.39810181","1025.16296387","423.11050415","18.9773407","0","10.66666031"
"2013-12-11 13:00:00","9.88943186","7.07629288","0.16032847","0.72361584","1.75541828","0.57717801","336.66000366","1.92678106","12.19277954","39.47822189","1024.93603516","327.75320435","18.9773407","0","10.66666031"
"2013-12-11 14:00:00","7.5535797","5.48231202","0.13502583","0.90460218","1.62066578","0.49088861","344.09381104","1.67359495","11.75185966","39.05086136","1024.74597168","99.31522369","18.9773407","0","10.66666031"
"2013-12-11 15:00:00","10.54699734","8.36289298","0.15015569","0.62972233","1.29655805","0.53433078","348.27301025","0.95219302","11.06890965","41.9071312","1024.79504395","15.24520969","18.9773407","0","10.66666031"
"2013-12-11 16:00:00","16.0824859","14.12146031","0.17743183","0.85644926","1.70976616","0.41187381","3.11971998","0.683761","9.74053764","47.69427109","1024.96899414","0.81094801","18.9773407","0","10.66666031"
"2013-12-11 17:00:00","26.503666","24.16523264","0.28741715","1.40324643","2.64499428","0.43613943","339.01940918","0.77113402","8.86216354","46.48297119","1025.23901367","0","18.9773407","0","10.66666031"
"2013-12-11 18:00:00","113.32833168","67.05875384","0.72961853","1.7965905","3.91068536","0.65434289","286.76190186","0.60875601","8.09537411","54.35028076","1025.31201172","0","18.9773407","0","10.66666031"
"2013-12-11 19:00:00","263.4024736","98.21987976","1.16959709","4.30878899","11.69016075","1.26517546","297.39990234","0.456166","7.11158705","61.75037003","1025.46801758","0","18.9773407","0","10.66666031"
"2013-12-11 20:00:00","126.82722376","66.87719032","0.82066095","6.41437257","15.16104954","0.55383583","329.98010254","0.73632002","7.72229099","60.27845001","1025.58898926","0","18.9773407","0","10.66666031"
"2013-12-11 21:00:00","34.01186056","27.60608696","0.33781738","4.44655893","9.57834703","0.58193859","333.18209839","0.87195802","8.5899477","57.15885162","1025.69104004","0","18.9773407","0","10.66666031"
"2013-12-11 22:00:00","41.55246352","36.27377568","0.50903277","2.65786543","3.91781859","0.48890546","316.84091187","0.736763","6.91676903","67.31529236","1025.78503418","0","18.9773407","0","10.66666031"
"2013-12-11 23:00:00","23.7138668","21.43768816","0.3584472","2.84532395","4.34814689","0.55211811","335.96389771","0.70572102","6.85856819","72.79833221","1025.57202148","0","18.9773407","0","10.66666031"
"2013-12-12 00:00:00","49.3589492","41.40979008","0.4615963","2.34887235","2.99413343","0.42165837","179.5","0.23198999","5.85151291","79.64990997","1025.31103516","0","18.9773407","0","10.66666031"
"2013-12-12 01:00:00","29.28568336","27.2040316","0.39797798","2.39105345","4.21004337","0.51211442","294.83331299","0.49247101","5.57319307","83.02536011","1025.01904297","0","27.86623001","0","18.59449005"
"2013-12-12 02:00:00","","","0.37981796","2.23907398","4.10094775","0.48903869","271.3125","0.473138","4.65635681","86.70126343","1025.02099609","0","27.86623001","0","18.59449005"
"2013-12-12 03:00:00","23.27290224","21.49864272","0.34325327","2.42595282","4.52121385","0.49835949","222.92300415","0.32247001","4.42762184","90.13220978","1024.55603027","0","27.86623001","0","18.59449005"
"2013-12-12 04:00:00","25.58540888","23.15229328","","2.04251229","3.51161557","0.39388817","196","0.15262499","4.52584505","92.81400299","1024.10705566","0","27.86623001","0","18.59449005"
"2013-12-12 05:00:00","37.41252464","32.0378544","0.35516307","1.93326208","4.2319404","0.54656428","888","0","4.50359583","94.95426941","1023.81201172","0","27.86623001","0","18.59449005"
"2013-12-12 06:00:00","72.6033244","47.1138788","0.44700468","2.0883617","5.34744499","0.54914135","888","0","4.37382984","97.29994965","1023.81500244","0","27.86623001","0","18.59449005"
"2013-12-12 07:00:00","186.67875096","64.0757088","0.73786324","2.93877812","7.47145559","0.77812297","888","0","4.5776701","99.24047089","1023.65100098","18.2804203","27.86623001","0","18.59449005"
"2013-12-12 08:00:00","226.9108064","74.7316672","1.04454949","3.9366158","11.843982","1.3982794","271.72720337","0.70078099","7.57631302","85.51416016","1023.47900391","176.6157074","27.86623001","0","18.59449005"
"2013-12-12 09:00:00","59.48444232","35.87172032","0.44036767","5.01485548","16.24672755","0.73501133","280.65960693","1.14414299","10.9284296","70.77471161","1023.17901611","293.57751465","27.86623001","0","18.59449005"
"2013-12-12 10:00:00","26.27151096","18.78538088","0.26476489","2.26375454","7.71009362","0.60713171","332.81750488","1.86757505","12.40746975","72.84703064","1022.64001465","364.11270142","27.86623001","0","18.59449005"
"2013-12-12 11:00:00","16.67390574","12.56249582","0.19149804","1.46708555","4.17834348","0.7897605","334.46200562","2.90821505","13.0096302","74.37184906","1022.06799316","349.04949951","27.86623001","0","18.59449005"
"2013-12-12 12:00:00","13.84650133","10.64038134","0.1831881","0.99630202","2.69051723","0.50008026","335.05090332","3.16423106","13.21245003","76.04753876","1021.45001221","312.27410889","27.86623001","0","18.59449005"
"2013-12-12 13:00:00","10.24999109","7.62750718","0.16824115","1.01231672","2.20999897","0.71530593","332.37939453","3.51418209","13.35828972","65.40605164","1020.64801025","289.67019653","27.86623001","0","18.59449005"
"2013-12-12 14:00:00","6.35647268","4.60166585","0.16131522","0.65264755","2.03970944","0.52745281","333.88330078","3.249192","13.09422016","65.34465027","1020.19799805","103.8003006","27.86623001","0","18.59449005"
"2013-12-12 15:00:00","7.86485522","6.11653198","0.15800196","0.79557164","1.99353764","0.56864741","335.08630371","2.75989699","12.64686012","76.22940063","1019.98400879","25.6389904","27.86623001","0","18.59449005"
"2013-12-12 16:00:00","17.60643212","15.65318646","0.26938179","0.94068941","1.23106223","0.43184261","335.90670776","1.53946495","11.68959045","88.47897339","1019.68701172","2.64245009","27.86623001","0","18.59449005"
"2013-12-12 17:00:00","20.90334152","18.7827863","0.30120493","1.49483643","2.60751274","0.62921688","333.8788147","1.47483206","11.5120697","97.75849915","1019.5960083","0","27.86623001","0","18.59449005"
"2013-12-12 18:00:00","23.7229488","20.87609552","0.34444623","1.55132672","3.17687307","0.49835949","333.09970093","1.31200194","11.7845602","94.71292114","1019.45501709","0","27.86623001","0","18.59449005"
"2013-12-12 19:00:00","30.35049528","27.1560404","0.4446141","1.99063004","3.85491714","0.53479352","334.04949951","0.94501799","11.11192036","96.77438354","1019.24200439","0","27.86623001","0","18.59449005"
"2013-12-12 20:00:00","56.94106168","47.46926224","0.68621296","2.66707945","4.84059761","0.59423717","285.39581299","0.77533603","10.10208988","99.21835327","1019.15301514","0","27.86623001","0","18.59449005"
"2013-12-12 21:00:00","57.4131536","45.80264832","0.73040141","4.15643222","7.36886673","0.70135473","280.91870117","0.66529697","9.95963955","99.21781158","1019.14001465","0","27.86623001","0","18.59449005"
"2013-12-12 22:00:00","40.72240696","34.16229672","0.64832949","4.31964851","7.43708607","0.62008931","284.47961426","0.62737602","10.1012001","99.21333313","1019.02801514","0","27.86623001","0","18.59449005"
"2013-12-12 23:00:00","28.1080252","24.66325128","0.46200871","3.48250496","6.69562087","0.53281037","279.7131958","0.87212199","10.08953953","99.21697998","1018.67102051","0","27.86623001","0","18.59449005"
"2013-12-13 00:00:00","15.73100486","13.97619802","0.30895451","2.25816002","4.38497958","0.4584219","310.83129883","1.52186704","10.66327","99.20301056","1018.25701904","0","27.86623001","0","18.59449005"
"2013-12-13 01:00:00","13.42887464","11.68833515","0.29254781","1.54562236","2.90166067","0.42774206","337.24160767","1.32844901","9.86256981","99.21794128","1017.86102295","0","35.31188965","0","20.09086037"
"2013-12-13 02:00:00","11.97756148","10.90885482","0.28747773","1.40313761","2.55057701","0.413261","336.64300537","1.22791398","9.44322395","99.2184906","1017.48199463","0","35.31188965","0","20.09086037"
"2013-12-13 03:00:00","11.0061259","9.88683728","0.26513536","1.33326564","2.47639195","0.52778639","335.20849609","1.65566397","9.39451981","99.22290039","1016.99102783","0","35.31188965","0","20.09086037"
"2013-12-13 04:00:00","9.94649933","8.72993579","0.26868046","1.25615467","2.28599938","0.40294659","333.36349487","1.68678498","9.46316719","99.22337341","1016.8380127","0","35.31188965","0","20.09086037"
"2013-12-13 05:00:00","11.12933901","9.79086253","0.26699121","1.27710487","2.2446268","0.49254225","329.78140259","1.28607297","9.25471497","99.22045135","1016.8460083","0","35.31188965","0","20.09086037"
"2013-12-13 06:00:00","24.75793352","19.97470224","0.30932498","1.32449097","2.44202243","0.51376806","286.59820557","0.91393697","8.62793446","99.22853088","1016.88299561","0","35.31188965","0","20.09086037"
"2013-12-13 07:00:00","29.7992848","24.44017824","0.35565819","1.53498251","3.50162863","0.49346671","304.45840454","1.23075497","8.79493999","99.22792053","1016.98400879","19.64896011","35.31188965","0","20.09086037"
"2013-12-13 08:00:00","38.40599984","27.87457","0.42420912","1.5973958","3.95594897","0.31857423","302.79220581","1.27055502","9.82851791","99.0736618","1017.13201904","101.53230286","35.31188965","0","20.09086037"
"2013-12-13 09:00:00","24.98232584","17.9332694","0.34902119","2.17731971","6.08644499","0.5332731","336.20559692","1.62239695","11.72838974","86.64955902","1017.17901611","258.00970459","35.31188965","0","20.09086037"
"2013-12-13 10:00:00","23.77354032","17.02279221","0.28467474","1.60507415","4.90285123","0.85700454","335.51660156","2.25366807","13.16707039","76.10227966","1016.96899414","355.55960083","35.31188965","0","20.09086037"
"2013-12-13 11:00:00","22.6633184","16.64277838","0.23261206","1.26514902","3.01527279","1.24143868","332.75820923","3.10500908","13.52359962","73.01734924","1016.44500732","378.99261475","35.31188965","0","20.09086037"
"2013-12-13 12:00:00","21.04859616","16.29519017","0.27540018","1.17202334","2.65321876","0.82057357","334.85180664","2.91793489","12.97449017","78.13282013","1015.95300293","207.08380127","35.31188965","0","20.09086037"
"2013-12-13 13:00:00","24.00309504","18.27826494","0.26744439","1.24244348","2.73188981","1.35556439","331.2131958","3.40235591","13.03275967","75.55779266","1015.59802246","235.48840332","35.31188965","0","20.09086037"
"2013-12-13 14:00:00","21.88125304","18.00979146","0.23125134","1.15469265","2.32451927","1.24844683","332.75540161","2.92054105","12.73538017","76.83190155","1015.56799316","101.23609924","35.31188965","0","20.09086037"
"2013-12-13 15:00:00","17.34703682","14.73622567","0.26736168","1.10566206","1.94503182","0.79815787","311.41790771","2.04527998","11.97502995","81.56884003","1015.63500977","26.63105011","35.31188965","0","20.09086037"
"2013-12-13 16:00:00","22.69186456","20.1705484","0.34844451","1.37648306","2.3745811","0.66207717","313.21200562","1.20219004","11.07448006","87.03894043","1015.82702637","1.56593394","35.31188965","0","20.09086037"
"2013-12-13 17:00:00","31.36991632","28.04447032","0.42000464","1.9025497","3.54961578","0.65659046","285.04980469","1.08318305","10.47198009","92.02632141","1016.02001953","0","35.31188965","0","20.09086037"
"2013-12-13 18:00:00","44.73393592","38.97795552","0.53934025","2.50583715","4.97509078","0.59304626","286.29190063","0.85881102","9.59659576","98.52333069","1016.13201904","0","35.31188965","0","20.09086037"
"2013-12-13 19:00:00","43.22425896","37.8119988","0.55380955","3.28418793","7.01207669","0.62167888","315.65350342","1.24864805","9.54965496","98.81461334","1016.46002197","0","35.31188965","0","20.09086037"
"2013-12-13 20:00:00","57.91507272","38.19070864","0.5381869","3.12821064","6.64789306","0.63027355","323.94680786","1.380638","9.39356995","95.17725372","1016.64300537","0","35.31188965","0","20.09086037"
"2013-12-13 21:00:00","96.53768304","60.23279912","0.75447497","3.1761449","6.84917973","0.53552067","272.52209473","0.420838","7.96581316","99.16985321","1016.96801758","0","35.31188965","0","20.09086037"
"2013-12-13 22:00:00","77.02082832","53.3821796","0.67306244","4.12593849","9.46966227","0.6560606","244.11749268","0.380665","7.29358292","99.23712921","1017.27801514","0","35.31188965","0","20.09086037"
"2013-12-13 23:00:00","54.52999144","41.28009912","0.61510602","3.58056716","7.1544811","0.48037487","210.80540466","0.369692","6.95468807","99.2361908","1017.43499756","0","35.31188965","0","20.09086037"
"2013-12-14 00:00:00","45.6080832","36.15442864","0.56489802","3.27365791","5.22955231","0.45518174","212.11410522","0.265829","6.56953001","99.23686981","1017.53601074","0","35.31188965","0","20.09086037"
"2013-12-14 01:00:00","49.53014968","37.46829768","0.53868086","3.20586978","4.51752824","0.53221339","191.78030396","0.292445","6.37790108","99.23693085","1017.71099854","0","59.49571991","0","46.41378021"
"2013-12-14 02:00:00","","","0.44663421","2.93274527","4.84617382","0.43613943","241.33320618","0.32153001","6.26319408","99.23883057","1017.82299805","0","59.49571991","0","46.41378021"
"2013-12-14 03:00:00","42.38123904","37.87813488","0.41773755","2.43234568","3.91107487","0.58802228","239","0.15466","6.20445108","99.23972321","1017.86901855","0","59.49571991","0","46.41378021"
"2013-12-14 04:00:00","33.552732","28.68648168","","2.11073875","3.6729555","0.5144942","210","0.22792","5.91507292","99.23931122","1018.00402832","0","59.49571991","0","46.41378021"
"2013-12-14 05:00:00","45.5095196","35.66939248","0.39390514","1.83574907","3.30475167","0.43461902","238.25","0.23198999","5.61389303","99.24085999","1018.20001221","0","59.49571991","0","46.41378021"
"2013-12-14 06:00:00","71.37731176","48.50644576","0.51641188","1.87781931","4.00183601","0.62376881","262.42840576","0.31746","5.87905979","99.24057007","1018.62200928","0","59.49571991","0","46.41378021"
"2013-12-14 07:00:00","122.0465928","54.44699152","0.76493434","2.73091857","7.69206628","0.6173129","274.33331299","0.30932","5.54999399","99.24092865","1018.98400879","15.26556015","59.49571991","0","46.41378021"
"2013-12-14 08:00:00","120.60177088","54.91520208","0.91416036","3.34901354","9.60190482","0.76231778","283.56060791","0.43697","7.50033998","95.46472168","1019.46801758","127.48149872","59.49571991","0","46.41378021"
"2013-12-14 09:00:00","94.07344008","47.5003896","0.79884167","4.59880688","12.74574573","0.70148795","285.56030273","0.62060499","10.34634972","76.17134094","1020","272.60681152","59.49571991","0","46.41378021"
"2013-12-14 10:00:00","27.7189332","21.4247248","0.46404047","3.50345516","10.23926787","0.53631393","285.94351196","0.86307102","12.4223299","65.27098083","1020.18200684","373.94790649","59.49571991","0","46.41378021"
"2013-12-14 11:00:00","20.658204","16.84899906","0.4085189","2.29535171","4.92889152","0.60190738","334.08081055","0.63958901","13.5975399","60.64719009","1019.86901855","418.9559021","59.49571991","0","46.41378021"
"2013-12-14 12:00:00","26.88497616","21.19515096","0.40713488","1.76258711","4.6018294","0.58332883","285.64059448","0.85256702","14.28544044","58.1307106","1019.53601074","388.00970459","59.49571991","0","46.41378021"
"2013-12-14 13:00:00","21.62315216","17.45727891","0.37351182","1.71629835","3.50759435","0.51846152","333.6762085","0.88792801","14.34838963","54.36386108","1019.434021","281.75720215","59.49571991","0","46.41378021"
"2013-12-14 14:00:00","12.84523664","10.97240587","0.3198624","1.48869477","2.89517628","0.44969503","338.52380371","1.05766499","13.32925987","66.13092041","1019.78601074","105.26339722","59.49571991","0","46.41378021"
"2013-12-14 15:00:00","12.73499454","10.81806541","0.3415582","1.1486598","1.86423219","0.4194108","337.78179932","0.88059002","12.2186203","76.11823273","1020.28900146","22.38095093","59.49571991","0","46.41378021"
"2013-12-14 16:00:00","23.12244696","21.029132","0.50287342","1.26339368","2.02916925","0.42212212","355.43170166","0.30081001","10.69338989","86.14978027","1020.57501221","1.27594602","59.49571991","0","46.41378021"
"2013-12-14 17:00:00","102.53880096","63.36496104","1.18989722","2.16942169","5.19492346","0.60739511","888","0","9.45163536","97.24671173","1020.96600342","0","59.49571991","0","46.41378021"
"2013-12-14 18:00:00","252.0692848","96.82563024","1.73030111","5.15273423","14.96949759","1.10205374","888","0","8.82770348","99.22702026","1021.36102295","0","59.49571991","0","46.41378021"
"2013-12-14 19:00:00","228.2817104","92.60527264","1.30566327","7.46771303","23.49964611","1.1728044","888","0","8.41446304","99.23149872","1021.62701416","0","59.49571991","0","46.41378021"
"2013-12-14 20:00:00","244.77902","94.33284112","1.57138812","6.64866801","19.67572611","1.03408052","888","0","8.08228302","99.23171997","1021.86199951","0","59.49571991","0","46.41378021"
"2013-12-14 21:00:00","122.40975808","72.77842536","1.26390035","7.12592272","20.88253899","0.39322508","280.42840576","0.30350599","7.63492107","99.23313141","1022.21600342","0","59.49571991","0","46.41378021"
"2013-12-14 22:00:00","126.6404596","70.77589216","1.72484658","7.72076399","13.97071206","0.48559818","224.80000305","0.15140399","7.16198683","99.23497009","1022.51800537","0","59.49571991","0","46.41378021"
"2013-12-14 23:00:00","181.12636032","74.95732144","2.05171063","10.37358306","15.69954087","0.82857227","197.88130188","0.34415701","7.11043406","99.23748016","1022.5300293","0","59.49571991","0","46.41378021"
"2013-12-15 00:00:00","151.89646912","67.77988376","1.94819688","11.75247234","19.36575468","0.70618141","888","0","6.67148399","99.2361908","1022.30700684","0","59.49571991","0","46.41378021"
"2013-12-15 01:00:00","130.60401648","63.48300792","1.76705802","10.66239072","18.09864387","0.54008395","189","0.19536","6.48066807","99.2376709","1022.27801514","0","56.43521118","0","43.58499146"
"2013-12-15 02:00:00","85.95828112","54.55593728","1.26862209","8.975384","15.72592185","0.55694581","888","0","6.10690594","99.2388916","1022.28302002","0","56.43521118","0","43.58499146"
"2013-12-15 03:00:00","62.4207772","42.54853904","1.30725116","7.00065883","11.80688184","0.47779779","888","0","5.22154522","99.2411499","1022","0","56.43521118","0","43.58499146"
"2013-12-15 04:00:00","91.05798664","41.98824656","1.36505264","7.1493961","12.16432683","0.6758321","888","0","5.23117685","99.24101257","1021.7880249","0","56.43521118","0","43.58499146"
"2013-12-15 05:00:00","83.52384624","46.6171412","1.11679114","7.05319908","14.47263207","0.5919896","888","0","5.77431917","99.23972321","1021.8380127","0","56.43521118","0","43.58499146"
"2013-12-15 06:00:00","90.11250264","44.80917312","1.17219155","5.51097757","12.59789427","0.51317108","888","0","5.797925","99.23841858","1021.89001465","0","56.43521118","0","43.58499146"
"2013-12-15 07:00:00","114.41778928","53.48720576","1.09444411","5.46797881","14.33048598","0.65771322","888","0","6.12806988","99.23841858","1022.13800049","16.30035973","56.43521118","0","43.58499146"
"2013-12-15 08:00:00","158.31520608","61.47139272","1.43889267","5.43792443","16.60118256","0.85766763","888","0","8.06790161","99.20919037","1022.39599609","150.88110352","56.43521118","0","43.58499146"
"2013-12-15 09:00:00","64.18465456","43.29559568","0.83124265","5.6573015","18.64582038","0.36948932","888","0","10.41792011","99.11408997","1022.67102051","207.97000122","56.43521118","0","43.58499146"
"2013-12-15 10:00:00","81.00124904","48.51330984","0.91806777","4.10301328","10.48192407","0.55515894","310.875","0.53113598","11.06402969","92.5951004","1022.76300049","246.53729248","56.43521118","0","43.58499146"
"2013-12-15 11:00:00","26.25724744","20.12903888","0.49469162","4.56107313","9.38847313","0.36294188","332.65820313","1.04315996","12.67784977","69.59584045","1022.36901855","418.27841187","56.43521118","0","43.58499146"
"2013-12-15 12:00:00","15.71803576","12.62604878","0.38694427","2.20792327","3.95581982","0.50980074","333.34899902","1.05006099","13.23550987","63.61693954","1021.74700928","379.89920044","56.43521118","0","43.58499146"
"2013-12-15 13:00:00","16.10583142","13.79591937","0.34921108","1.79582267","2.90217934","0.5856425","329.76870728","0.87851","13.53534031","62.09197998","1021.14300537","235.82710266","56.43521118","0","43.58499146"
"2013-12-15 14:00:00","17.68165594","15.44826594","0.35955046","1.4341795","2.05462476","0.49207952","338.125","1.03415596","12.69474983","67.96031952","1021.00201416","114.80349731","56.43521118","0","43.58499146"
"2013-12-15 15:00:00","14.19019862","12.38221716","0.39345778","1.60858382","2.30532441","0.3128231","335.82620239","0.98873103","11.79228973","80.66664886","1021.12200928","37.3941803","56.43521118","0","43.58499146"
"2013-12-15 16:00:00","24.9862072","23.01870184","0.49644145","1.82905823","3.63145275","0.49531968","312.67160034","0.62179899","10.68212986","92.17147064","1021.25701904","1.203704","56.43521118","0","43.58499146"
"2013-12-15 17:00:00","22.15879896","20.3378484","0.43827417","2.64689708","4.45255007","0.40823702","331.79180908","1.08748305","10.14591026","91.8538208","1021.59301758","0","56.43521118","0","43.58499146"
"2013-12-15 18:00:00","45.25011856","40.41631488","0.61192324","1.84145342","3.41628911","0.46602601","315.29400635","0.533889","9.90232086","92.65283203","1021.56500244","0","56.43521118","0","43.58499146"
"2013-12-15 19:00:00","53.265452","47.30972496","0.66915503","3.33047669","6.49213035","0.50907155","314.24349976","0.74286097","9.86657238","90.68627167","1021.5960083","0","56.43521118","0","43.58499146"
"2013-12-15 20:00:00","33.12083032","30.28045872","0.50043158","3.70791488","6.47462168","0.28095337","320.92651367","1.08737397","9.63214016","93.90286255","1021.75201416","0","56.43521118","0.40000001","43.58499146"
"2013-12-15 21:00:00","31.42957072","27.99259776","0.45801626","2.37399124","4.11275003","0.34132046","294.51400757","1.30612898","9.14435005","99.21691895","1021.89001465","0","56.43521118","0","43.58499146"
"2013-12-15 22:00:00","19.89946504","17.96439676","0.44112376","1.91068773","3.50870695","0.41266707","305.69140625","1.13486302","8.77248764","99.22377014","1022.0880127","0","56.43521118","0","43.58499146"
"2013-12-15 23:00:00","14.66618911","12.80632744","0.37281981","1.71322701","2.45356538","0.28591023","317.95220947","1.277318","9.0185194","99.22138977","1022.18701172","0","56.43521118","0","43.58499146"
"2013-12-16 00:00:00","11.6312696","9.92834106","0.35222261","1.37977305","2.1422983","0.41240062","314.36871338","1.20932496","9.18613529","99.07521057","1021.90100098","0","56.43521118","0","43.58499146"
"2013-12-16 01:00:00","10.59498663","9.26429008","0.34159897","1.2386043","2.11969242","0.47931719","329.65280151","1.84710896","9.11457157","99.13899231","1021.79699707","0","20.42830086","0","11.45950031"
"2013-12-16 02:00:00","","","0.33642987","1.22960995","1.94360599","0.32042721","315.06860352","1.59964597","9.13193703","99.21678162","1021.84100342","0","20.42830086","0","11.45950031"
"2013-12-16 03:00:00","20.9396504","19.4338548","0.32332245","1.16149333","1.82726933","0.38628406","321.67880249","1.35329902","9.37505054","99.18437195","1021.84899902","0","20.42830086","0","11.45950031"
"2013-12-16 04:00:00","15.54813162","14.15128942","","1.12551492","1.73246255","0.42245163","325.5776062","0.88481098","9.55135059","99.20716095","1021.8170166","0","20.42830086","0","11.45950031"
"2013-12-16 05:00:00","17.95791126","16.05784405","0.21344548","1.13878778","1.83271638","0.22448343","322.33770752","0.50556099","9.80864239","98.87612152","1022.04400635","0","20.42830086","0","11.45950031"
"2013-12-16 06:00:00","17.69981229","15.7128485","0.24409546","1.56810925","2.36213098","0.47045708","330.83551025","0.95861799","10.08831978","87.32518005","1022.22802734","0","20.42830086","0","11.45950031"
"2013-12-16 07:00:00","29.412774","25.39476336","0.28809984","1.87743082","2.38301101","0.40611963","333.01980591","0.51330602","10.12602997","88.79045105","1022.4130249","11.32376003","20.42830086","0","11.45950031"
"2013-12-16 08:00:00","57.97086488","36.68103168","0.44936497","2.08572971","3.03401305","0.51343754","317.5953064","0.65835297","10.8490696","83.27349091","1022.59399414","122.55180359","20.42830086","0","11.45950031"
"2013-12-16 09:00:00","40.723688","31.32970696","0.32992567","2.94141113","6.46632093","0.4580924","323.98770142","1.47945297","10.69122028","87.00888062","1023.09301758","79.63471985","20.42830086","0","11.45950031"
"2013-12-16 10:00:00","19.09535814","15.16033786","0.18903989","2.05194598","5.08234868","0.47852393","329.72491455","2.59976006","11.5735302","81.86013031","1023.01702881","217.80830383","20.42830086","0","11.45950031"
"2013-12-16 11:00:00","10.18773637","7.88820074","0.16985234","1.32163828","2.4106368","0.64455528","332.33511353","2.90108609","12.98880005","63.55337143","1022.50701904","380.65820313","20.42830086","0","11.45950031"
"2013-12-16 12:00:00","10.05025783","7.81038234","0.19269683","1.41464497","2.01592181","0.57645086","335.86340332","2.9466629","12.55650043","66.77832031","1021.94000244","266.49261475","20.42830086","0","11.45950031"
"2013-12-16 13:00:00","11.417269","8.54317163","0.1986127","1.47333807","1.71274902","0.4832845","336.34970093","3.07813406","12.24995995","64.97531128","1021.93200684","188.42590332","20.42830086","0","11.45950031"
"2013-12-16 14:00:00","8.14759413","6.25790334","0.1593755","1.35037667","1.39720138","0.14388211","335.71530151","2.0688889","12.05751991","65.33325958","1021.70501709","104.58180237","20.42830086","0","11.45950031"
"2013-12-16 15:00:00","9.22148996","7.44333761","0.11641263","1.14262696","1.04041134","0.39957523","333.81640625","2.15981603","11.75152016","65.82913208","1021.46099854","18.32518959","20.42830086","0","11.45950031"
"2013-12-16 16:00:00","13.69475545","11.75707538","0.1818833","0.84515141","1.21303489","0.36446229","337.39550781","1.53459704","10.56715012","74.68701172","1021.66802979","1.33089101","20.42830086","0","11.45950031"
"2013-12-16 17:00:00","14.26931527","12.40815726","0.17679574","1.35368294","2.12423739","0.35110705","339.58270264","1.15411794","10.00909042","75.99002075","1021.9630127","0","20.42830086","0","11.45950031"
"2013-12-16 18:00:00","14.33805358","12.34849522","0.19684656","1.47362995","2.79621201","0.33570255","334.76431274","1.39046597","10.03439045","70.31072998","1022.16601563","0","20.42830086","0","11.45950031"
"2013-12-16 19:00:00","13.55597866","11.37965614","0.20514252","1.37538572","2.75043684","0.38125805","336.23291016","1.65653801","10.31107998","68.20954132","1022.38800049","0","20.42830086","0","11.45950031"
"2013-12-16 20:00:00","13.41850013","11.33555777","0.20703565","1.32887831","2.64006691","0.35732193","334.59790039","1.21481395","10.15859032","67.2118988","1022.48199463","0","20.42830086","0","11.45950031"
"2013-12-16 21:00:00","10.82455091","8.99841118","0.1974209","1.54233237","2.16512384","0.52156947","337.12780762","1.04210997","10.07155991","72.80123138","1022.8460083","0","20.42830086","0","11.45950031"
"2013-12-16 22:00:00","10.08786878","8.27988541","0.17375509","1.39523959","1.61210569","0.34423009","333.65100098","1.11532795","9.90360928","76.99443054","1022.8460083","0","20.42830086","0","11.45950031"
"2013-12-16 23:00:00","10.05674142","8.73253038","0.18517792","1.48397792","1.51327871","0.32135166","11.90124035","0.56497699","9.64129734","75.84484863","1022.76800537","0","20.42830086","0","11.45950031"
"2013-12-17 00:00:00","11.58457665","9.20852086","0.1739613","1.41366763","1.72390246","0.27466933","9.82223511","0.49491301","9.17494297","74.17311096","1022.51501465","0","20.42830086","0","11.45950031"
"2013-12-17 01:00:00","17.0746705","15.16941604","0.22527838","1.47103457","1.75619628","0.31527","287.25","0.28388301","7.58018017","82.07923126","1022.73400879","0","26.17309952","0","16.38027"
"2013-12-17 02:00:00","10.7532161","9.0995751","0.20510408","1.65443424","2.63474902","0.23321132","334.90890503","0.34854001","7.72432613","81.55316925","1022.81402588","0","26.17309952","0","16.38027"
"2013-12-17 03:00:00","14.3769647","12.72591637","0.24828713","1.54008378","2.54763077","0.41041747","287.03430176","0.46987501","6.65364313","90.11985016","1022.49902344","0","26.17309952","0","16.38027"
"2013-12-17 04:00:00","6.42780558","5.29684419","0.15538304","1.51984548","2.75834808","0.26706522","3.88012695","0.92310798","8.66883945","76.7253418","1022.4630127","0","26.17309952","0","16.38027"
"2013-12-17 05:00:00","6.21250864","5.04652898","0.13684906","1.1143269","1.29552071","0.31798031","7.91830397","0.75255197","8.61117935","71.55316925","1022.57702637","0","26.17309952","0","16.38027"
"2013-12-17 06:00:00","11.24347394","9.57426734","0.12808476","1.11103589","1.10889002","0.3454871","342.3125","0.76846802","8.47144318","68.80007935","1022.72802734","0","26.17309952","0","16.38027"
"2013-12-17 07:00:00","16.095455","12.66625432","0.14905243","1.18880588","1.50251377","0.30627565","347.5256958","1.10258496","8.97904015","74.56069946","1022.92401123","11.52318954","26.17309952","0","16.38027"
"2013-12-17 08:00:00","18.98252146","14.33675725","0.18586527","0.95560778","1.64660436","0.41313083","352.34069824","1.63820505","11.14360046","62.35876083","1023.42102051","178.34550476","26.17309952","0","16.38027"
"2013-12-17 09:00:00","10.09565062","7.34606461","0.13331561","1.18595319","2.89478677","0.3444935","343.73629761","2.50869989","12.4502697","52.73918152","1023.62402344","310.70089722","26.17309952","0","16.38027"
"2013-12-17 10:00:00","8.1527833","5.37336626","0.11887427","0.80019289","1.62791088","0.35276069","347.61010742","2.44876409","12.77003956","48.62651062","1023.38500977","391.97290039","26.17309952","0","16.38027"
"2013-12-17 11:00:00","7.08796564","4.97519417","0.09143503","0.73187185","1.4773298","0.27268618","336.67520142","2.87538004","12.74223042","51.27235031","1022.6550293","442.98010254","26.17309952","0.2","16.38027"
"2013-12-17 12:00:00","6.3538781","4.04137337","0.10552104","0.71451166","1.19734156","0.51456132","335.34280396","4.3274579","12.72377968","52.85158157","1022.04901123","415.51791382","26.17309952","0","16.38027"
"2013-12-17 13:00:00","10.92960575","7.56525246","0.13506195","0.75279357","1.34298918","0.33827963","354.32580566","2.1923151","12.89764023","50.12731171","1021.83599854","318.12680054","26.17309952","0","16.38027"
"2013-12-17 14:00:00","6.50692222","4.63668413","0.39373389","0.89571767","1.7711116","0.34770213","339.9822998","1.66989899","12.56227016","52.43548965","1021.75201416","113.41149902","26.17309952","0","16.38027"
"2013-12-17 15:00:00","7.63010177","5.88567136","0.63027083","0.87564412","1.46088185","0.37725005","334.63650513","1.36776602","11.6192503","57.2360611","1021.93200684","17.95685005","26.17309952","0","16.38027"
"2013-12-17 16:00:00","14.85295327","12.81670386","0.67871386","0.99849569","2.23204651","0.30558409","340.80621338","0.91880298","10.29656029","60.0591507","1021.8460083","1.09279597","26.17309952","0","16.38027"
"2013-12-17 17:00:00","20.66858616","17.88009286","0.69677136","1.61911383","3.41032339","0.32515829","1.60464501","0.70846498","9.48473835","64.00128174","1021.70800781","0","26.17309952","0","16.38027"
"2013-12-17 18:00:00","39.23733744","34.19992488","0.86118431","1.63019303","3.64520056","0.38834755","355.64910889","0.44041699","8.9399004","67.14875031","1021.79901123","0","26.17309952","0","16.38027"
"2013-12-17 19:00:00","131.80115792","69.52819744","1.35521538","2.6773898","6.57020646","0.51181644","327.37030029","0.42961201","8.55040073","69.895401","1022.07202148","0","26.17309952","0","16.38027"
"2013-12-17 20:00:00","252.6920232","96.7011208","1.73513236","5.00366746","14.24981754","0.95913372","888","0","7.12264299","77.05731964","1022.13000488","0","26.17309952","0","16.38027"
"2013-12-17 21:00:00","168.56388936","83.20999144","1.41464319","7.00537568","17.02126458","0.6693833","254.35710144","0.69160998","6.64116192","80.60053253","1021.92102051","0","26.17309952","0","16.38027"
"2013-12-17 22:00:00","103.52191312","64.39868384","1.28187979","6.20004083","13.15169145","0.44280689","323.94320679","0.45384401","7.16965199","85.27606964","1021.80700684","0","26.17309952","0","16.38027"
"2013-12-17 23:00:00","45.77670248","35.95083888","0.88046739","4.760158","8.76684612","0.29701078","326.7677002","0.66195703","8.08248615","85.32234192","1021.47399902","0","26.17309952","0","16.38027"
"2013-12-18 00:00:00","48.56390136","41.28528064","0.96083608","2.51702517","5.07067556","0.27888988","271.17630005","0.44674301","7.18911982","89.59597015","1021.059021","0","26.17309952","0","16.38027"
"2013-12-18 01:00:00","26.92518552","23.81114936","0.7981217","2.517793","5.33265882","0.24160869","317.74591064","0.57006699","6.6355319","91.23416138","1020.86602783","0","37.61904144","0","27.9039402"
"2013-12-18 02:00:00","","","0.76362721","1.86141612","3.70291531","0.32950902","294.41891479","0.69168103","6.50169706","94.99159241","1020.66601563","0","37.61904144","0","27.9039402"
"2013-12-18 03:00:00","23.67755792","21.75284312","0.68910566","1.49626328","2.90334686","0.34167946","302.05419922","0.55104297","6.86915016","99.23828125","1020.34002686","0","37.61904144","0","27.9039402"
"2013-12-18 04:00:00","19.3651184","17.59086844","","1.24847632","2.4194552","0.2319655","278.95831299","0.66341102","6.57604218","99.2375412","1020.05102539","0","37.61904144","0","27.9039402"
"2013-12-18 05:00:00","32.01320872","25.5192728","0.72976532","1.22884212","2.61308997","0.39839348","270.69549561","0.53759402","6.59815502","99.23857117","1019.77600098","0","37.61904144","0","27.9039402"
"2013-12-18 06:00:00","72.62666992","44.16846192","0.82352918","1.44964502","3.17246336","0.37630526","250.46150208","0.46711099","6.15500021","99.23979187","1019.70800781","0","37.61904144","0","27.9039402"
"2013-12-18 07:00:00","103.11593816","49.97501472","0.99094551","2.17946965","6.0197125","0.53348667","275.83331299","0.53630102","6.27594709","99.23979187","1019.81402588","12.75030041","37.61904144","0","27.9039402"
"2013-12-18 08:00:00","98.8592908","48.24872728","1.14674562","3.08488339","9.12402567","0.50625141","284.39089966","0.53530598","7.46181107","99.21530151","1020.03601074","173.53770447","37.61904144","0","27.9039402"
"2013-12-18 09:00:00","69.52819744","39.09470224","1.0579598","3.72261358","10.57089123","0.62364169","288.09140015","0.57427001","10.32763004","87.05506897","1020.15100098","305.58590698","37.61904144","0","27.9039402"
"2013-12-18 10:00:00","24.87596128","17.40021336","0.71554067","3.20170211","10.46921157","0.60366476","341.70550537","1.11268699","13.04930973","60.81595993","1019.99200439","388.56719971","37.61904144","0","27.9039402"
"2013-12-18 11:00:00","11.0839443","8.59505184","0.64425898","1.51918748","3.97981288","0.47928566","335.61260986","1.75787497","13.81746006","52.94972992","1019.11700439","448.18670654","37.61904144","0","27.9039402"
"2013-12-18 12:00:00","10.82584725","8.39402034","0.64137444","0.94409025","3.48009976","0.40949098","341.59640503","1.82071996","13.8401804","54.56212997","1018.35699463","418.31689453","37.61904144","0","27.9039402"
"2013-12-18 13:00:00","13.36013633","9.99189212","0.64583872","0.86588194","2.62541093","0.40023018","334.68930054","1.69847906","13.63090992","55.43426132","1017.9130249","323.24990845","37.61904144","0","27.9039402"
"2013-12-18 14:00:00","8.40050393","6.49265488","0.57475508","0.88496798","3.94872319","0.48377978","335.35110474","1.30668998","13.00088024","49.79825974","1017.84899902","116.08260345","37.61904144","0","27.9039402"
"2013-12-18 15:00:00","10.1112143","8.40828577","0.61675799","0.76036208","1.66240142","0.44358998","330.27600098","0.80234402","12.22140026","59.20919037","1017.86999512","16.42753983","37.61904144","0","27.9039402"
"2013-12-18 16:00:00","21.56867928","19.29248152","0.72913273","0.86643112","1.83959028","0.29462795","335.51611328","0.675883","10.84811974","69.51512146","1017.96801758","1.03072906","37.61904144","0","27.9039402"
"2013-12-18 17:00:00","33.0469124","30.41405016","0.88394375","1.8995882","4.37045377","0.33600256","332.89990234","0.440781","9.86141682","75.97306061","1018.22601318","0","37.61904144","0","27.9039402"
"2013-12-18 18:00:00","74.090956","55.91905944","1.31182961","2.65073626","7.51983123","0.4134583","888","0","8.65676403","82.57604218","1018.42102051","0","37.61904144","0","27.9039402"
"2013-12-18 19:00:00","274.6744784","100.87478736","2.27499802","4.85262567","14.07200526","0.97355885","888","0","7.80348682","90.37220001","1018.66900635","0","37.61904144","0","27.9039402"
"2013-12-18 20:00:00","182.76318528","85.58215248","1.95241418","10.19216043","23.70326985","0.67149459","334.78930664","0.458839","7.72351217","98.21562958","1018.74401855","0","37.61904144","0","27.9039402"
"2013-12-18 21:00:00","131.0047908","71.91334096","1.79250512","9.01684506","16.73995221","0.46646027","291.125","0.344933","7.4094429","99.23564148","1018.70300293","0","37.61904144","0","27.9039402"
"2013-12-18 22:00:00","132.83870472","67.14047272","1.81376287","7.99180567","14.22542988","0.62298674","888","0","6.99057198","99.23680115","1018.61199951","0","37.61904144","0","27.9039402"
"2013-12-18 23:00:00","100.55703208","60.98891864","1.61197089","7.81279333","13.1029263","0.36083872","888","0","6.67948818","99.23863983","1018.52001953","0","37.61904144","0","27.9039402"
"2013-12-19 00:00:00","84.44600384","56.02670504","1.4513104","6.27473948","11.14829298","0.46871598","297.5","0.13431001","6.2638731","99.23911285","1018.20001221","0","37.61904144","0","27.9039402"
"2013-12-19 01:00:00","87.11647512","53.79331696","1.3103687","5.28227664","10.41533091","0.43103613","888","0","5.6990242","99.24018097","1018.25201416","0","42.73463058","0","29.11993027"
"2013-12-19 02:00:00","54.0487984","40.55378768","1.23146092","4.42451342","10.59138378","0.4398942","888","0","5.01139688","99.24053955","1018.33300781","0","42.73463058","0","29.11993027"
"2013-12-19 03:00:00","34.44116192","28.9731096","1.11948112","4.33445603","9.25566615","0.2305122","275.82589722","0.29091701","4.65160799","99.24223328","1018.16101074","0","42.73463058","0","29.11993027"
"2013-12-19 04:00:00","24.07703208","21.86178888","0.957517","3.77800652","6.72233847","0.2917173","254","0.47211999","4.6077199","99.24230194","1017.99200439","0","42.73463058","0","29.11993027"
"2013-12-19 05:00:00","58.63622176","38.64593672","0.95147181","2.85552446","5.13176166","0.338242","888","0","4.74549007","99.24230194","1018.08599854","0","42.73463058","0","29.11993027"
"2013-12-19 06:00:00","123.21776928","46.11260264","1.22079185","2.94371464","7.68648905","0.45073847","888","0","3.89418101","99.24243164","1018.16802979","0","42.73463058","0","29.11993027"
"2013-12-19 07:00:00","309.4357856","69.46204224","2.06510463","4.70981141","13.23495324","1.24045626","888","0","4.20404291","99.24250031","1018.2800293","10.32559967","42.73463058","0","29.11993027"
"2013-12-19 08:00:00","812.400196","135.79972352","4.19884407","8.07791099","27.54002439","6.09055468","888","0","6.85429478","99.21942902","1018.46600342","162.56500244","42.73463058","0","29.11993027"
"2013-12-19 09:00:00","333.174604","87.84926824","2.49137114","15.18133869","58.72149864","2.0657904","201.14280701","0.51630902","9.64631653","84.09915924","1018.57800293","303.60900879","42.73463058","0","29.11993027"
"2013-12-19 10:00:00","94.04233184","47.92060896","1.00042861","7.76551809","30.78680706","0.74103095","888","0","11.84181023","62.98114014","1018.30200195","385.76199341","42.73463058","0","29.11993027"
"2013-12-19 11:00:00","45.25921968","32.2025732","0.76572188","2.60729917","7.89880001","0.46791458","143.08320618","1.039886","13.50298023","49.0904808","1017.71600342","441.48950195","42.73463058","0","29.11993027"
"2013-12-19 12:00:00","36.12852104","26.73842136","0.71988612","1.56558607","4.92373126","0.46673181","143.44670105","1.06177104","14.06830025","44.94620132","1017.059021","410.90240479","42.73463058","0","29.11993027"
"2013-12-19 13:00:00","38.87811088","27.5905424","0.75177334","1.48288058","4.41390102","0.43407391","147.71420288","1.12748504","14.19373035","38.01634979","1016.60101318","323.07879639","42.73463058","0","29.11993027"
"2013-12-19 14:00:00","24.72162464","19.98248408","0.70376485","1.30112641","3.9926525","0.44386151","166.18110657","0.72959298","13.38772964","40.34344101","1016.57202148","115.1332016","42.73463058","0","29.11993027"
"2013-12-19 15:00:00","34.95734456","31.023634","0.75517164","1.16950017","3.19697611","0.26144222","190.13780212","0.52460998","11.9538002","49.79724121","1016.64801025","18.27532959","42.73463058","0","29.11993027"
"2013-12-19 16:00:00","51.24865528","42.32024624","0.92563095","1.37428939","3.63923483","0.39773548","50.08332062","0.65323597","10.60385036","65.17996216","1016.85601807","1.507936","42.73463058","0","29.11993027"
"2013-12-19 17:00:00","258.2027896","100.43252264","1.97940141","2.79925385","10.2825819","0.97949304","888","0","8.75437641","76.31575012","1017.05200195","0","42.73463058","0","29.11993027"
"2013-12-19 18:00:00","","","","","","","","","","","","","42.73463058","","29.11993027"
"2013-12-19 19:00:00","348.0170776","113.12732312","2.2908327","13.09522761","49.67955504","","150.79100037","0.61706102","8.39688015","80.07762146","1017.43200684","0","42.73463058","0","29.11993027"
"2013-12-19 20:00:00","195.480012","97.80354176","1.60153948","2.27636839","8.62521971","0.89754115","148.41020203","0.68689102","8.82763577","70.54177094","1017.62902832","0","42.73463058","0","29.11993027"
"2013-12-19 21:00:00","164.97257976","97.11613952","1.46565388","","","0.79232233","148.67640686","0.38641101","8.28646088","80.83815002","1017.81500244","0","42.73463058","0","29.11993027"
"2013-12-19 22:00:00","99.3534472","80.25805464","1.18341283","","","0.38292694","144.76150513","0.61389703","8.83665752","74.31230164","1017.97601318","0","42.73463058","0","29.11993027"
"2013-12-19 23:00:00","69.06778784","59.60505128","1.04009919","","","0.46789831","135.79260254","0.73216099","8.97510624","76.07794189","1018.10601807","0","42.73463058","0","29.11993027"
"2013-12-20 00:00:00","37.74066208","34.7433344","0.89579879","","","0.45894464","141.8269043","0.78872001","9.56613827","74.61550903","1018.05102539","0","42.73463058","0","29.11993027"
"2013-12-20 01:00:00","35.62140128","33.21031192","0.94720442","","","0.50071588","145.40490723","1.18931603","8.9757843","77.74317169","1018.04602051","0","33.76231003","0",""
"2013-12-20 02:00:00","","","1.0211726","","","0.32515829","143.16520691","0.90933502","8.36236668","83.03356171","1018.34802246","0","33.76231003","0",""
"2013-12-20 03:00:00","28.40633544","26.57760304","0.80649921","","","0.27214005","143.27130127","0.82836199","9.17216206","74.96791077","1018.35101318","0","33.76231003","0",""
"2013-12-20 04:00:00","24.00699552","22.17048128","","","","0.25760305","133.85960388","0.56166101","9.22107029","72.29315948","1018.4420166","0","33.76231003","0",""
"2013-12-20 05:00:00","22.92011912","21.0771232","0.80428571","","","0.39522552","133.15060425","0.75407898","9.45319557","69.79392242","1018.85400391","0","33.76231003","0",""
"2013-12-20 06:00:00","41.18931736","37.16348664","0.87655532","","","0.26289857","136.66789246","0.78052902","9.92931843","68.73313141","1019.35601807","0","33.76231003","0",""
"2013-12-20 07:00:00","70.87705608","57.16933536","0.93361236","","","0.37617711","132.07000732","0.96013099","10.21720028","70.98603058","1019.84100342","5.71835613","33.76231003","0",""
"2013-12-20 08:00:00","93.94373","61.6905844","1.01643105","","","0.4065966","136.14860535","1.72507596","11.12724972","69.67282867","1020.39801025","150.24420166","33.76231003","0",""
"2013-12-20 09:00:00","71.80829568","47.2669344","0.91373746","","","0.42772376","142.25270081","2.02874088","12.84451962","61.81806183","1021.08300781","298.71069336","33.76231003","0",""
"2013-12-20 10:00:00","36.5694856","25.69825512","0.75544775","","","0.63291775","139.01660156","2.44650507","14.17574978","54.52320099","1021.29901123","379.30911255","33.76231003","0",""
"2013-12-20 11:00:00","33.2531216","24.17301448","0.77951199","","","0.46407744","138.79620361","1.85349905","14.73293972","51.57678986","1021.24200439","411.34100342","33.76231003","0",""
"2013-12-20 12:00:00","36.9015044","27.29871384","0.78042069","","","0.43620147","136.5776062","2.12966609","14.5157299","53.25017166","1021.04602051","282.87130737","33.76231003","0",""
"2013-12-20 13:00:00","47.81812576","33.42820344","0.78709847","","","0.20249182","138.26420593","1.74965799","14.70769978","51.9847908","1020.86401367","265.83331299","33.76231003","0",""
"2013-12-20 14:00:00","29.05352832","22.98237384","0.73284675","","","0.30902155","151.96270752","1.614519","14.45081997","51.46173096","1021.25","130.6053009","33.76231003","0",""
"2013-12-20 15:00:00","30.21042216","25.33899032","0.72790715","","","0.23236518","133.06550598","1.560794","13.70030975","55.56044006","1021.84100342","32.71062088","33.76231003","0",""
"2013-12-20 16:00:00","71.71101312","57.90342864","0.95799115","","","0.31802607","117.49289703","0.80450398","12.56931973","60.72167969","1022.46600342","2.05535197","33.76231003","0",""
"2013-12-20 17:00:00","125.5549216","81.37217704","1.33581463","","","0.40474058","134.25770569","0.69158298","11.60832977","66.32865143","1022.9710083","0","33.76231003","0",""
"2013-12-20 18:00:00","127.77662736","84.14639344","1.4761249","","","0.32752587","136.32150269","0.59410697","11.18883991","66.75688171","1023.59100342","0","33.76231003","0",""
"2013-12-20 19:00:00","128.8375388","86.04778184","1.4018014","","","0.48443473","142.06059265","0.72801399","10.71028042","67.24507141","1024.10900879","0","33.76231003","0",""
"2013-12-20 20:00:00","187.63069752","99.39233728","1.53373532","","","0.4864189","140.87260437","0.646909","9.78164482","71.24108124","1024.51696777","0","33.76231003","0",""
"2013-12-20 21:00:00","256.4907848","106.8149316","1.80317419","","","0.72411112","888","0","8.3631134","80.59680176","1025.03100586","0","33.76231003","0",""
"2013-12-20 22:00:00","234.8276336","95.9138548","1.80072419","","","0.62495362","185.33320618","0.29304001","7.65764523","86.69068146","1025.52905273","0","33.76231003","0",""
"2013-12-20 23:00:00","244.6469008","86.78705664","2.16744406","","","0.71920104","888","0","6.65608501","92.94254303","1025.90698242","0","33.76231003","0",""
"2013-12-21 00:00:00","223.7085888","82.43308848","2.07273072","","","0.60315321","888","0","6.49844122","97.69773102","1025.90698242","0","33.76231003","0",""
"2013-12-21 01:00:00","168.9153532","74.41129248","1.76136933","","","0.34193472","888","0","6.37539101","99.20845032","1026.07202148","0","59.95278168","0",""
"2013-12-21 02:00:00","107.99907144","66.12751424","1.37232457","","","0.18715241","888","0","6.07583904","99.24066162","1026.17700195","0","59.95278168","0",""
"2013-12-21 03:00:00","106.09768304","60.43122648","1.35059266","","","0.33904136","888","0","6.09299994","99.2411499","1025.97998047","0","59.95278168","0",""
"2013-12-21 04:00:00","135.87364144","57.7698372","1.53618531","","","0.26937381","888","0","5.66700602","99.24092865","1026.06201172","0","59.95278168","0",""
"2013-12-21 05:00:00","128.1916652","50.06059584","1.51208146","","","0.3119495","888","0","4.93929005","99.24101257","1026.29199219","0","59.95278168","0",""
"2013-12-21 06:00:00","131.9062032","54.40676304","1.54396868","","","0.3062543","200","0.36629999","4.66470098","99.2412796","1026.97900391","0","59.95278168","0",""
"2013-12-21 07:00:00","222.1950496","65.65804176","1.85378994","","","0.50770572","888","0","4.89377403","99.24053955","1027.30603027","10.09564018","59.95278168","0",""
"2013-12-21 08:00:00","487.4393528","104.83316272","2.79886124","","","2.07065268","888","0","7.95604515","92.34403992","1027.72302246","134.54910278","59.95278168","0",""
"2013-12-21 09:00:00","164.74558712","67.72671104","1.48967851","","","0.56323494","281.25909424","0.42237601","11.12596035","67.11755371","1028.4630127","283.43490601","59.95278168","0",""
"2013-12-21 10:00:00","81.18671304","43.74432296","0.98094864","","","0.26118696","279.32620239","0.67233002","13.75131989","57.81880951","1028.52697754","370.5625","59.95278168","0",""
"2013-12-21 11:00:00","22.45580904","15.29392548","0.72494455","","","0.24863006","329.26000977","1.05335796","14.36229038","53.07318115","1027.94104004","430.26150513","59.95278168","0",""
"2013-12-21 12:00:00","13.49112936","10.66372494","0.70285615","","","0.21597215","333.64239502","1.17184901","14.42477036","52.51248169","1027.50805664","392.32989502","59.95278168","0",""
"2013-12-21 13:00:00","14.30433355","11.18640647","0.69590227","","","0.30294498","330.90341187","1.18433297","14.26644993","53.08140182","1027.30700684","312.51831055","59.95278168","0",""
"2013-12-21 14:00:00","11.77263906","9.68191677","0.69372954","","","0.11208052","334.71279907","1.19403899","13.22879982","65.72737122","1027.30700684","119.68659973","59.95278168","0",""
"2013-12-21 15:00:00","13.37570001","11.47174188","0.67950489","","","0.15622239","340.33929443","0.843077","12.2810297","73.44335175","1027.55102539","21.12331963","59.95278168","0",""
"2013-12-21 16:00:00","20.95909544","18.92675225","0.77868134","","","0.23990013","329.53640747","0.49733499","11.13613987","80.14453888","1027.61303711","1.56695199","59.95278168","0",""
"2013-12-21 17:00:00","41.34625432","36.5124124","0.9722158","","","0.17367004","326.1000061","0.63573498","9.87491608","88.55615997","1027.71899414","0","59.95278168","0",""
"2013-12-21 18:00:00","119.58365","72.52162464","1.66993663","","","0.21584401","888","0.000136","9.19068146","98.18292999","1027.91601563","0","59.95278168","0",""
"2013-12-21 19:00:00","215.4351736","87.74160352","2.07537877","","","0.38079938","888","0","8.71652508","99.22206879","1028.07104492","0","59.95278168","0",""
"2013-12-21 20:00:00","120.280096","65.15352232","1.44107704","","","0.14208507","235.55000305","0.40048799","7.78103399","99.22518921","1027.95605469","0","59.95278168","0",""
"2013-12-21 21:00:00","133.85686384","64.71123848","1.48537151","","","0.2860221","888","0","6.89777613","99.2294693","1027.63903809","0","59.95278168","0",""
"2013-12-21 22:00:00","137.00458944","66.89793552","1.55606021","","","0.27888988","888","0","6.76889181","99.23368073","1027.4630127","0","59.95278168","0",""
"2013-12-21 23:00:00","144.85128448","72.10270544","1.45913454","","","0.25350759","210.5","0.20757","6.91432714","99.23219299","1027.30200195","0","59.95278168","0",""
"2013-12-22 00:00:00","110.56705952","65.46089544","1.27219864","","","0.19548672","267.20001221","0.224664","7.0037322","99.23313141","1026.98400879","0","59.95278168","0",""
"2013-12-22 01:00:00","83.83773928","57.13690784","1.14247822","","","0.13613359","252.66650391","0.38800699","6.93121815","99.23348236","1026.97399902","0","55.16727066","0",""
"2013-12-22 02:00:00","","","1.07020861","","","0.20170568","235.66650391","0.60236102","6.395401","99.23104095","1026.9630127","0","55.16727066","0",""
"2013-12-22 03:00:00","78.54216848","53.03069664","1.10268765","","","0.22919926","888","0","6.08180809","99.23509979","1026.8170166","0","55.16727066","0",""
"2013-12-22 04:00:00","33.6785416","27.53735056","","","","0.07823781","303.88870239","0.35544699","7.13648081","99.23287201","1026.52001953","0","55.16727066","0",""
"2013-12-22 05:00:00","29.67995688","25.58280856","0.82246204","","","0.18054699","888","0","6.85680389","99.23104095","1026.48498535","0","55.16727066","0",""
"2013-12-22 06:00:00","48.60931136","37.19331384","0.87323624","","","0.16151587","888","0","6.4191432","99.23265076","1026.68798828","0","55.16727066","0",""
"2013-12-22 07:00:00","77.17776528","46.3421956","1.00082354","","","0.1779089","276","0.549981","6.27275896","99.2363205","1026.61499023","11.88237","55.16727066","0",""
"2013-12-22 08:00:00","79.35149896","47.85055328","1.04594749","","","0.15278289","273","0.41514","7.86474085","99.20919037","1026.54003906","137.46740723","55.16727066","0",""
"2013-12-22 09:00:00","73.64349064","42.64970296","1.17072947","","","0.29926547","281","0.33545399","10.39383984","90.43250275","1026.52001953","281.84759521","55.16727066","0",""
"2013-12-22 10:00:00","66.856426","40.31253152","1.0548376","","","0.2319655","279.57440186","0.63440102","13.32810974","73.38922119","1026.39501953","354.894104","55.16727066","0",""
"2013-12-22 11:00:00","25.72418184","19.72956472","0.8134531","","","0.18478585","281.72250366","1.08845603","13.82763004","68.12236023","1025.55200195","355.06900024","55.16727066","0",""
"2013-12-22 12:00:00","17.33147314","14.33675725","0.72727572","","","0.30916495","329.73190308","0.93752801","13.78740978","63.56850052","1024.65905762","271.08770752","55.16727066","0",""
"2013-12-22 13:00:00","13.84131407","11.709088","0.68981747","","","0.25602161","345.47790527","0.98757499","13.54673004","65.93264008","1024.08703613","219.80450439","55.16727066","0",""
"2013-12-22 14:00:00","11.42504893","9.60669104","0.68321891","","","0.1469626","334.19900513","1.09256995","13.06566048","69.25946045","1023.73699951","130.54420471","55.16727066","0",""
"2013-12-22 15:00:00","14.22262423","11.40689258","0.72458806","","","0.21782716","330.65710449","0.66073602","12.02408028","76.68437195","1023.6550293","40.12311172","55.16727066","0",""
"2013-12-22 16:00:00","18.62455682","16.48454891","0.79978182","","","0.20592928","341.88461304","0.43862101","10.67541027","90.24793243","1023.50201416","2.32091999","55.16727066","0",""
"2013-12-22 17:00:00","55.6298312","38.81195568","1.01279625","","","0.13389517","326.83331299","0.40700001","9.745965","99.17858887","1023.63201904","0","55.16727066","0",""
"2013-12-22 18:00:00","161.37084976","74.66033048","1.66452288","","","0.19692476","888","0","8.89431667","99.21523285","1023.7210083","0","55.16727066","0",""
"2013-12-22 19:00:00","195.2475128","83.53034704","1.52575274","","","0.40275743","888","0","8.27119827","99.22045135","1023.79101563","0","55.16727066","0",""
"2013-12-22 20:00:00","165.80649856","71.64485792","1.81771455","","","0.3061109","888","0","7.58838701","99.22241974","1023.47399902","0","55.16727066","0",""
"2013-12-22 21:00:00","172.81279312","71.51646712","1.89152429","","","0.29238852","323.5","0.43956","7.528965","99.22370148","1023.11102295","0","55.16727066","0",""
"2013-12-22 22:00:00","193.0506248","72.00412272","2.1405745","","","0.3728678","888","0","7.46167517","99.22119141","1022.875","0","55.16727066","0",""
"2013-12-22 23:00:00","170.98664192","65.59834912","1.69886009","","","0.37961457","888","0","7.36704683","99.22241974","1022.58001709","0","55.16727066","0",""
"2013-12-23 00:00:00","116.85352432","52.98526752","1.68700621","","","0.24426611","888","0","7.08519888","99.22499084","1021.94000244","0","55.16727066","0",""
"2013-12-23 01:00:00","148.6488224","52.93989576","1.86023006","","","0.41307489","888","0","6.59462786","99.22615051","1021.78900146","0","74.75254059","0",""
"2013-12-23 02:00:00","69.67993376","39.96236784","1.52685949","","","0.21637387","888","0","5.9191432","99.23171997","1021.63201904","0","74.75254059","0",""
"2013-12-23 03:00:00","65.74752336","37.92740712","1.41326034","","","0.24637537","888","0","5.87600088","99.23219299","1021.25500488","0","74.75254059","0",""
"2013-12-23 04:00:00","56.34055984","33.81211392","1.24793752","","","0.24479393","888","0","5.38773584","99.23448944","1021.04602051","0","74.75254059","0",""
"2013-12-23 05:00:00","71.50868528","35.90932936","1.3250279","","","0.15582271","888","0","4.46628809","99.23911285","1020.95300293","0","74.75254059","0",""
"2013-12-23 06:00:00","90.31871184","37.8444072","1.39970673","","","0.17552606","888","0","3.67677498","99.24073029","1020.98699951","0","74.75254059","0",""
"2013-12-23 07:00:00","277.2851232","63.09651624","1.99828839","","","0.54748059","888","0","4.07997608","99.24033356","1020.96600342","7.81135607","74.75254059","0",""
"2013-12-23 08:00:00","382.1015368","80.59659336","2.49469023","","","1.16815061","888","0","5.78741121","99.21842194","1021.07501221","136.30540466","74.75254059","0",""
"2013-12-23 09:00:00","214.68414","67.46602896","2.13215854","","","0.46449238","888","0","8.53798771","98.96513367","1021.22302246","249.27340698","74.75254059","0",""
"2013-12-23 10:00:00","127.0957068","59.26135016","1.52836117","","","0.3588576","285.34609985","0.44989201","11.38352966","76.15390015","1021.07702637","372.68411255","74.75254059","0",""
"2013-12-23 11:00:00","54.8840556","36.1298212","0.98513682","","","0.27015893","187.25","0.64641201","12.97076035","61.36737061","1020.36901855","432.13760376","74.75254059","0",""
"2013-12-23 12:00:00","23.88248608","18.39628888","0.77378252","1.31900629","4.93540439","0.27850647","279.77270508","0.61993599","13.59910011","57.41072083","1019.53601074","403.05639648","74.75254059","0",""
"2013-12-23 13:00:00","12.31996244","10.21886373","0.6935711","4.22443901","14.8190121","0.20500279","338.38720703","1.06811798","13.63471031","55.67731094","1019.15600586","317.72470093","74.75254059","0.2",""
"2013-12-23 14:00:00","11.23179926","9.47180709","0.72624819","1.18880588","2.29073758","0.42482938","48.05821991","0.80000699","12.19122028","67.42552185","1019.00701904","106.7723999","74.75254059","0",""
"2013-12-23 15:00:00","23.22881152","20.54795808","0.80096663","1.13659412","1.63169006","0.18094667","50.10184097","0.56866997","11.02760029","75.9239502","1019.04101563","18.81664085","74.75254059","0",""
"2013-12-23 16:00:00","35.46144336","33.34736408","0.88319582","1.73794723","4.36024715","0.48923294","888","0","9.79722977","88.60643005","1019.15100098","1.20951402","74.75254059","0",""
"2013-12-23 17:00:00","52.50931336","49.36413072","1.05843396","3.36458992","6.4567235","0.07783813","356.39990234","0.32722801","9.31400204","94.03636169","1019.04699707","0","74.75254059","0",""
"2013-12-23 18:00:00","71.56705864","57.18099856","1.05677383","4.21768308","9.64738404","0.13468029","888","0","8.39384174","98.71469116","1019.13000488","0","74.75254059","0",""
"2013-12-23 19:00:00","285.7596808","95.82697352","2.19988348","3.89712773","10.10438825","0.86357335","888","0","7.76916409","99.22554016","1019.01800537","0","74.75254059","0",""
"2013-12-23 20:00:00","616.0576808","137.57010168","3.36903321","8.88181898","33.51882501","2.16158774","888","0","7.28503704","99.23123169","1019.01202393","0","74.75254059","0",""
"2013-12-23 21:00:00","754.5979504","147.97700296","3.8661457","13.78324845","44.70617079","3.54203506","888","0","6.90516901","99.23184967","1018.79101563","0","74.75254059","0",""
"2013-12-23 22:00:00","322.03338","93.30173776","2.99832206","15.72584049","50.93618058","1.05880379","888","0","6.17772388","99.23062134","1018.66400146","0","74.75254059","0",""
"2013-12-23 23:00:00","217.0924952","77.58758336","2.48765712","14.05011942","26.20481526","0.52952139","888","0","5.94356298","99.23416138","1018.39300537","0","74.75254059","0",""
"2013-12-24 00:00:00","157.88202336","67.07303648","2.02543405","12.16566927","20.88513234","0.19877977","888","0","6.19251204","99.23165131","1017.99401855","0","74.75254059","0",""
"2013-12-24 01:00:00","96.2757008","57.74649168","1.50074135","9.07465134","16.93566369","0.57182351","888","0.00017","6.78598595","99.23204041","1017.98101807","0","51.41690063","0","43.42037964"
"2013-12-24 02:00:00","","","1.12536903","6.07664111","12.11594814","0.39892028","295","0.19536","6.90618706","99.22872162","1017.87902832","0","51.41690063","0","43.42037964"
"2013-12-24 03:00:00","54.6480192","49.18904888","1.01832767","4.10487845","7.19974472","0.23183735","333.5","0.26862001","6.81827497","99.23029327","1017.34100342","0","51.41690063","0","43.42037964"
"2013-12-24 04:00:00","30.87706008","28.65145384","","3.57935998","6.95527012","0.22919926","327.35699463","0.35932299","6.859653","99.23171997","1016.95800781","0","51.41690063","0","43.42037964"
"2013-12-24 05:00:00","42.39290224","37.75362544","0.88607803","2.39921996","4.34749804","0.18729682","888","0","6.45977497","99.23416138","1017.06201172","0","51.41690063","0","43.42037964"
"2013-12-24 06:00:00","77.63299336","51.20196424","1.03413322","2.57636712","6.10239765","0.33441909","888","0","5.96852589","99.23809052","1017.28100586","0","51.41690063","0","43.42037964"
"2013-12-24 07:00:00","157.63298536","64.88243896","1.21545848","3.63727508","11.16722952","0.43685642","293.14990234","0.52747297","6.28625822","99.23564148","1017.11102295","5.6023612","51.41690063","0","43.42037964"
"2013-12-24 08:00:00","132.72327728","65.84350576","1.25402231","3.88341653","12.94975593","0.38621999","330.44430542","0.30660701","7.50393486","99.22817993","1017.28900146","35.55046082","51.41690063","0","43.42037964"
"2013-12-24 09:00:00","55.23293824","42.9116852","1.1209432","3.91555577","12.32047701","0.50201256","6","0.45409599","8.97436047","99.21381378","1017.27801514","57.6068306","51.41690063","0","43.42037964"
"2013-12-24 10:00:00","54.62465456","44.13863472","1.09486467","5.53664462","9.84525868","1.0068717","7","0.18314999","10.16129971","98.18267059","1017.23901367","103.02899933","51.41690063","0","43.42037964"
"2013-12-24 11:00:00","61.9862752","48.59502872","1.16144442","4.18538926","8.50641886","0.95503826","888","0","10.70221043","92.48580933","1016.70202637","94.1137619","51.41690063","0","43.42037964"
"2013-12-24 12:00:00","55.94238584","45.62626632","1.05890811","4.40542535","10.57361679","1.0487904","48.17647171","0.58823502","11.27954006","89.77233887","1016.23400879","83.79528046","51.41690063","0","43.42037964"
"2013-12-24 13:00:00","29.59695696","25.54261832","0.83194514","3.91676193","8.2832138","0.31353093","53.20957184","0.63111901","11.63138962","89.83448029","1015.61901855","103.52760315","51.41690063","0","43.42037964"
"2013-12-24 14:00:00","25.72418184","22.57253664","0.8459333","2.87022317","4.12662802","0.24584755","80.72080994","0.74586397","11.8249197","93.13320923","1015.30200195","73.54701233","51.41690063","0","43.42037964"
"2013-12-24 15:00:00","33.11953016","29.23769216","0.83913669","2.43563669","3.57231217","0.27070201","80.98506165","0.51865202","11.57075024","90.65344238","1015.34100342","14.86161995","51.41690063","0","43.42037964"
"2013-12-24 16:00:00","40.50191512","37.7120968","0.88145531","2.54018734","4.44146986","0.27426761","108.56600189","0.72292501","11.35402012","94.80883026","1015.16400146","0.243183","51.41690063","0.2","43.42037964"
"2013-12-24 17:00:00","52.34459456","43.65616064","0.898801","2.41413731","5.13617137","0.13495183","109.27349854","0.86472601","11.37627029","99.20146179","1015.13201904","0","51.41690063","0.2","43.42037964"
"2013-12-24 18:00:00","84.42135816","63.18469768","1.11948112","2.67267397","6.54817417","0.21928351","128.53320313","0.59177899","11.34947014","96.28102112","1015.15301514","0","51.41690063","0","43.42037964"
"2013-12-24 19:00:00","85.88176288","65.46737712","1.17934348","3.34857522","8.11772451","0.25893125","157.97880554","0.539554","11.18572044","90.5507431","1014.97601318","0","51.41690063","0","43.42037964"
"2013-12-24 20:00:00","110.29471424","73.0339068","1.34438903","3.96096685","9.39158617","0.45961484","145.14280701","0.45177001","10.93066978","92.35043335","1014.91400146","0","51.41690063","0","43.42037964"
"2013-12-24 21:00:00","132.08256608","70.0625632","1.62425931","5.29127099","11.19031542","0.28167442","888","0","10.15927029","98.5216217","1014.95300293","0","51.41690063","0","43.42037964"
"2013-12-24 22:00:00","109.6578844","63.67235328","1.57439382","6.75890471","11.78419257","0.36309443","888","0","9.96934032","99.2026825","1014.80700684","0","51.41690063","0","43.42037964"
"2013-12-24 23:00:00","81.84685016","58.66604896","1.61631751","6.91751501","11.13688224","0.2903891","888","0","10.21821976","99.20368958","1014.35699463","0","51.41690063","0","43.42037964"
"2013-12-25 00:00:00","73.2803636","58.13688384","1.67823376","6.83897719","11.57044968","0.35252373","97.59999084","0.31746","10.53656006","99.20220184","1013.45300293","0","51.41690063","0","43.42037964"
"2013-12-25 01:00:00","62.87862472","49.75064152","1.0893717","7.16760446","10.09543865","0.31446047","133.8065033","1.23671198","11.05208969","94.49002075","1013.17602539","0","11.03065968","0","8.48387146"
"2013-12-25 02:00:00","26.69691184","23.22232984","0.88426063","3.19088733","6.60674829","0.25536362","138.21420288","1.21456099","10.7762804","98.39945984","1013.25201416","0","11.03065968","0","8.48387146"
"2013-12-25 03:00:00","19.6193188","17.72834698","0.72972571","2.0141024","3.35403651","0.41189009","141.92260742","0.86469102","10.83230972","99.20178986","1012.71600342","0","11.03065968","0","8.48387146"
"2013-12-25 04:00:00","16.20958802","14.32249182","0.70313342","1.18035969","2.42542194","0.28325586","141.47720337","0.95782","10.84370995","99.20178986","1012.32800293","0","11.03065968","0","8.48387146"
"2013-12-25 05:00:00","16.56755457","14.89445706","0.73343973","0.7905263","1.84179514","0.28973415","138.17480469","0.763044","10.68315029","99.20307922","1012.20800781","0","11.03065968","0","8.48387146"
"2013-12-25 06:00:00","15.72192668","13.99824721","0.66986335","0.8055535","2.23113935","0.304143","147.98480225","1.20849705","11.09381008","99.20329285","1012.17102051","0","11.03065968","0","8.48387146"
"2013-12-25 07:00:00","24.71124248","22.52196424","0.7497975","0.60778463","1.48824729","0.38028884","145.00320435","0.84690601","10.85068989","99.20098114","1011.95599365","3.23463607","11.03065968","0","8.48387146"
"2013-12-25 08:00:00","27.46603296","23.83579504","0.73675882","0.79677882","2.11480268","0.2251038","156.61450195","0.68734503","11.20662022","99.19860077","1012.00201416","41.50894165","11.03065968","0","8.48387146"
"2013-12-25 09:00:00","27.6592788","23.3247748","0.75533008","0.93882524","2.74771331","0.27361266","138.28210449","1.04785299","11.87695026","99.19664001","1012.07000732","89.20735168","11.03065968","0","8.48387146"
"2013-12-25 10:00:00","22.36890864","16.85029539","0.76311345","1.2575805","3.41460394","0.20738562","139.96040344","1.99916506","13.30646992","95.64984131","1011.70300293","243.4329071","11.03065968","0","8.48387146"
"2013-12-25 11:00:00","18.02146231","13.82964131","0.75205061","1.36683071","3.43872617","0.31589851","157.07620239","2.56629801","14.54897022","84.11408997","1010.95001221","206.30630493","11.03065968","0","8.48387146"
"2013-12-25 12:00:00","25.8902008","20.66080432","0.76919824","1.15578897","2.44798816","0.31418588","160.38110352","1.738047","14.75850964","82.20269012","1010.44000244","130.8657074","11.03065968","0","8.48387146"
"2013-12-25 13:00:00","21.68670704","17.07337417","0.70740082","1.35289985","3.06364945","0.33414755","150.96850586","2.85330701","14.85348034","79.93785095","1009.49700928","162.62510681","11.03065968","0","8.48387146"
"2013-12-25 14:00:00","11.35371603","9.35507758","0.69815421","1.075388","1.95436076","0.16468179","151.34030151","3.01809597","14.29323959","85.47544098","1009.09301758","69.8392334","11.03065968","0","8.48387146"
"2013-12-25 15:00:00","12.42112636","9.99189212","0.68673488","0.93959308","1.37969271","0.24941518","154.48260498","2.77883101","14.2311697","84.97692108","1009.27001953","50.26760101","11.03065968","0","8.48387146"
"2013-12-25 16:00:00","19.64786496","17.04484139","0.75856995","0.85611975","1.49577004","0.33323632","153.53610229","2.00401306","13.49993038","90.2884903","1009.18701172","1.82844901","11.03065968","0","8.48387146"
"2013-12-25 17:00:00","30.14556712","25.97320072","0.86865313","1.34127248","2.34436196","0.30995007","144.24719238","1.84721005","13.24596024","92.92720032","1008.86401367","0","11.03065968","0","8.48387146"
"2013-12-25 18:00:00","31.08196912","26.8629308","0.81882724","1.76796195","3.16935032","0.31365907","144.81440735","1.99430203","13.36161995","93.63275146","1008.7130127","0","11.03065968","0","8.48387146"
"2013-12-25 19:00:00","41.2839996","35.85615664","0.88335193","1.61856567","2.9484803","0.23660403","145.20239258","1.81584799","12.95182991","98.98860168","1008.32202148","0","11.03065968","0","8.48387146"
"2013-12-25 20:00:00","46.05296736","39.76650256","0.9294638","2.08934921","3.79123667","0.30930835","156.89100647","1.55442297","12.93365955","99.19541168","1008.02801514","0","11.03065968","0","8.48387146"
"2013-12-25 21:00:00","32.84976608","28.97440976","0.81740478","2.24368099","4.12079145","0.35873048","164.40870667","2.40995097","12.60079956","99.1969223","1007.60400391","0","11.03065968","0","8.48387146"
"2013-12-25 22:00:00","22.76968296","20.02527464","0.74790088","1.56032106","3.27219852","0.30876527","157.1999054","2.84646297","12.48460007","99.19644165","1007","0","11.03065968","0","8.48387146"
"2013-12-25 23:00:00","18.69070246","16.37171223","0.71320834","1.08896597","2.1939802","0.16455365","155.54020691","2.57952905","12.48528004","99.19792175","1006.44702148","0","11.03065968","0","8.48387146"
"2013-12-26 00:00:00","15.11234858","13.16558842","0.70336992","0.91074486","1.85956314","0.27201191","163.65170288","2.41451406","12.61701012","99.18347168","1005.9710083","0","11.03065968","0","8.48387146"
"2013-12-26 01:00:00","10.77396895","8.88427626","0.66314596","0.74379922","1.57164129","0.46753117","157.95930481","3.09843898","12.80395985","95.66287231","1005.434021","0","5.53059292","0",""
"2013-12-26 02:00:00","","","0.64544379","0.54107756","1.06224836","0.24228296","159.71960449","3.29482508","13.04185009","93.41480255","1004.76501465","0","5.53059292","0",""
"2013-12-26 03:00:00","19.14462656","17.47803176","0.62414642","0.42043695","0.80229198","0.34748653","157","3.77237701","13.14420986","95.87254333","1004.06799316","0","5.53059292","0",""
"2013-12-26 04:00:00","12.56249582","11.29016498","","0.36416634","0.470153","0.36098517","161.45680237","3.86295104","13.19419956","91.60289001","1003.03601074","0","5.53059292","0",""
"2013-12-26 05:00:00","10.80379806","9.41863054","0.64331067","0.42383678","0.43253213","0.3700985","158.67100525","3.69768906","13.2927599","86.33644104","1002.74700928","0","5.53059292","0",""
"2013-12-26 06:00:00","10.49900997","9.12162238","0.64500924","0.40946759","0.32475556","0.28669637","151.96670532","3.99036908","13.38603973","83.79167175","1002.44000244","0","5.53059292","0",""
"2013-12-26 07:00:00","10.99964231","9.34081214","0.62363266","0.44720033","0.46871699","0.4455894","158.15190125","4.77357483","13.69480991","81.6115799","1001.70202637","5.30830288","5.53059292","0",""
"2013-12-26 08:00:00","10.58590654","8.6391483","0.65093676","0.45751169","0.48479882","0.35728939","155.02180481","5.02736902","14.14725971","80.39505005","1001.41101074","15.15058994","5.53059292","0",""
"2013-12-26 09:00:00","10.9283075","9.00489478","0.64896092","0.45166699","0.59573724","0.67058132","158.54670715","4.98038721","14.36684036","80.96302032","1001.23101807","54.28570175","5.53059292","0",""
"2013-12-26 10:00:00","11.86602114","9.50033986","0.65595442","0.51751062","0.83419628","0.58186638","157.97120667","5.91987419","14.90217972","76.57772064","1000.375","91.35836029","5.53059292","0.2",""
"2013-12-26 11:00:00","13.19801402","10.38487695","0.68827618","0.57501892","1.00962472","0.39811889","157.65750122","6.16202593","15.05453014","75.64109039","999.51220703","95.78752899","5.53059292","0",""
"2013-12-26 12:00:00","16.48714158","13.07609917","0.6928989","0.73974038","1.47008977","0.28060149","158.31820679","4.97893095","14.95767021","77.69467163","998.50280762","83.98148346","5.53059292","0",""
"2013-12-26 13:00:00","13.57154234","10.51068273","0.67903074","0.80061698","1.39110548","0.60581063","159.60240173","5.25631714","15.21605015","76.07733154","997.51672363","115.96050262","5.53059292","0",""
"2013-12-26 14:00:00","9.56778184","7.64566545","0.66812517","0.74116621","1.15887557","0.33545948","158.24710083","5.4630518","15.25002956","76.14028168","996.35192871","55.49755096","5.53059292","0",""
"2013-12-26 15:00:00","10.69874322","8.50426243","0.67270828","0.67206208","0.7519698","0.40618166","159.2848053","5.43423223","14.5296402","81.43637085","995.88110352","11.8610096","5.53059292","0",""
"2013-12-26 16:00:00","13.98268353","11.55993479","0.69131916","0.72975852","0.94093552","0.4582541","158.65209961","4.54398298","13.4579401","92.05583191","995.44482422","0.18314999","5.53059292","0.2",""
"2013-12-26 17:00:00","15.87886173","13.28750518","0.69613876","0.85425559","1.16141603","0.61334253","153.93280029","4.32161522","13.83508968","90.79521179","994.85211182","0","5.53059292","0.40000001",""
"2013-12-26 18:00:00","17.23809106","14.38604287","0.73434843","0.85228058","1.14157335","0.45867005","151.03860474","4.89012623","12.76352978","95.1354599","994.70172119","0","5.53059292","0.80000001",""
"2013-12-26 19:00:00","20.31580304","17.57400651","0.73363662","0.86116509","1.17477535","0.47942906","159.44340515","3.31490588","12.79568005","90.02719116","994.60412598","0","5.53059292","1.20000005",""
"2013-12-26 20:00:00","18.35867602","15.82438885","0.69930057","0.94716159","1.4958992","0.5485698","171.4691925","2.66764402","10.84105968","99.17288971","994.41442871","0","5.53059292","3.79999995",""
"2013-12-26 21:00:00","16.58311825","14.38993379","0.70246122","0.82979471","1.24792307","0.44689929","159.5769043","3.07535791","11.06247044","99.20316315","992.98822021","0","5.53059292","0.40000001",""
"2013-12-26 22:00:00","13.06053358","11.18511014","0.6788723","0.74345039","1.17570692","0.50255564","154.48730469","3.69932508","11.41411972","99.20207214","992.12231445","0","5.53059292","0",""
"2013-12-26 23:00:00","10.1890327","8.48091691","0.7055042","0.59791261","0.79269455","0.53295885","160.89750671","3.69729996","11.93507957","96.50032043","992.24230957","0","5.53059292","0",""
"2013-12-27 00:00:00","11.76356088","9.9101828","0.67507906","0.60570079","0.84392389","0.50677822","194.71850586","2.09278297","11.16543961","92.25492096","992.94842529","0","5.53059292","0",""
"2013-12-27 01:00:00","12.99438794","11.19289198","0.69491435","0.65802239","1.08087574","0.52186135","173.16000366","1.06674802","10.02692986","99.21012878","993.92260742","0","23.90476036","0.40000001","13.6248703"
"2013-12-27 02:00:00","10.79342355","9.45364882","0.69376799","0.65890006","1.21536992","0.46014267","148.38200378","1.11142194","9.78605461","99.21211243","994.87072754","0","23.90476036","0","13.6248703"
"2013-12-27 03:00:00","8.28766916","6.68720088","0.68641917","0.61129531","1.08211953","0.38900555","133.22250366","1.36799097","9.65038776","99.21183014","995.29772949","0","23.90476036","0.2","13.6248703"
"2013-12-27 04:00:00","9.69099494","8.32528011","0.67326166","0.50193527","0.85053846","0.45496105","263.84960938","1.25276601","8.16293621","99.21964264","995.91802979","0","23.90476036","0","13.6248703"
"2013-12-27 05:00:00","13.54560224","12.05797255","0.69210903","0.48570089","0.74159437","0.41598453","162.55360413","0.68728399","7.92395878","99.23117065","996.23699951","0","23.90476036","0","13.6248703"
"2013-12-27 06:00:00","46.45762304","36.5214944","0.77927433","0.74494335","1.22952758","0.30043502","159.87150574","0.70213002","7.69868517","99.23191071","997.13250732","0","23.90476036","0","13.6248703"
"2013-12-27 07:00:00","63.48560824","47.91800864","0.94989207","0.86114475","2.51112148","0.3814706","149.73170471","0.58042198","7.60744905","99.23265076","998.22662354","9.28469658","23.90476036","0","13.6248703"
"2013-12-27 08:00:00","98.39498072","59.0771672","1.13066279","2.09132321","5.97438887","0.39759208","174.71420288","0.438398","8.75769997","98.76541901","999.1630249","106.84049988","23.90476036","0","13.6248703"
"2013-12-27 09:00:00","98.64918112","56.59607952","1.18139854","2.5121995","9.19652455","0.52145963","278.75","0.50264502","10.97529984","82.83589935","999.79931641","225.63380432","23.90476036","0","13.6248703"
"2013-12-27 10:00:00","57.69693264","42.83184008","1.59549313","2.90291056","11.00147886","5.41270486","276.25","0.576487","11.57726002","77.42456055","1000.04101563","175.60940552","23.90476036","0","13.6248703"
"2013-12-27 11:00:00","34.70444432","28.60736312","0.92499835","1.34050465","8.66451761","1.12704652","48.625","0.63779402","11.98174953","77.68830109","1000.06402588","210.56370544","23.90476036","0","13.6248703"
"2013-12-27 12:00:00","18.17580278","15.58704273","0.71514457","1.58631762","6.5639814","0.95158453","47.95135117","0.73669302","11.96275997","75.11408997","1000.28302002","127.91699982","23.90476036","0","13.6248703"
"2013-12-27 13:00:00","23.60103968","20.12643856","0.74169725","1.03622842","3.68423912","1.33022481","44.33332062","1.15710998","12.4976902","74.2964325","1000.28399658","215.29400635","23.90476036","0","13.6248703"
"2013-12-27 14:00:00","12.97752792","11.03725518","0.68120346","1.08152967","5.45833358","","57.35071182","1.61207604","12.27845001","70.99002075","1001.04101563","121.15579987","23.90476036","0","13.6248703"
"2013-12-27 15:00:00","11.0800553","9.23186638","0.6425208","0.73206203","2.2961165","6.3844148","60.4879303","1.53669405","11.28339958","80.00582123","1001.76702881","48.57957077","23.90476036","0","13.6248703"
"2013-12-27 16:00:00","13.92042881","12.34849522","0.70965276","0.66986841","1.3481769","6.97921945","73.66925049","1.03580797","10.77437973","86.03546143","1002.18103027","10.23503971","23.90476036","0","13.6248703"
"2013-12-27 17:00:00","28.79152696","26.64373912","0.8278758","0.91600987","3.24950213","6.81675269","888","0","9.96031857","95.10330963","1002.94500732","0","23.90476036","0","13.6248703"
"2013-12-27 18:00:00","59.52593272","51.65979264","1.17147973","1.78200164","5.99695509","7.06744115","888","0","9.3711853","99.20892334","1003.64001465","0","23.90476036","0","13.6248703"
"2013-12-27 19:00:00","141.0524464","77.01304648","1.71241253","4.66922701","11.42791713","8.19840414","888","0","8.89092445","99.2184906","1004.23101807","0","23.90476036","0","13.6248703"
"2013-12-27 20:00:00","121.62637344","74.37112136","1.56815058","7.29769504","16.32985713","7.60360559","888","0","8.5995121","99.22541046","1004.73400879","0","23.90476036","0","13.6248703"
"2013-12-27 21:00:00","221.9472544","85.96348176","1.98086348","6.11382568","12.54822399","9.75211267","888","0","8.10358238","99.22798157","1005.14300537","0","23.90476036","0","13.6248703"
"2013-12-27 22:00:00","195.3840296","78.93257976","1.96339897","8.21491208","18.42429744","9.81403169","888","0","7.56858015","99.23075867","1005.44702148","0","23.90476036","0","13.6248703"
"2013-12-27 23:00:00","118.55512784","64.10167376","1.67906324","7.65692588","16.18538211","8.08525373","888","0","7.27669287","99.23178101","1005.59399414","0","23.90476036","0","13.6248703"
"2013-12-28 00:00:00","117.96500816","60.0356528","1.63536176","6.65239735","11.64813831","7.91484216","888","0","7.2990098","99.23158264","1005.56500244","0","23.90476036","0","13.6248703"
"2013-12-28 01:00:00","71.36859304","48.86999344","1.2914025","5.59850873","11.83620195","6.62990334","888","0","7.839643","99.22634888","1005.71600342","0","25.95697975","0","7.51311493"
"2013-12-28 02:00:00","","","1.12623812","3.58484466","8.27426624","7.00387662","888","0","7.33971024","99.2292099","1005.78601074","0","25.95697975","0","7.51311493"
"2013-12-28 03:00:00","52.24599272","43.93630688","0.99714913","2.88492085","7.32736398","6.30907951","283.66650391","0.35205501","7.204247","99.23400879","1005.87902832","0","25.95697975","0","7.51311493"
"2013-12-28 04:00:00","24.20672304","21.92534376","","2.23304114","5.72083552","6.07209003","300.04980469","0.48229501","7.66849899","99.23355103","1006.05200195","0","25.95697975","0","7.51311493"
"2013-12-28 05:00:00","25.77865472","23.16525664","0.79974221","1.45655554","3.66984247","6.13154385","287.72540283","0.624865","7.74576092","99.22898865","1006.48901367","0","25.95697975","0","7.51311493"
"2013-12-28 06:00:00","19.87353832","17.81913638","0.7565545","1.22017626","3.35922321","5.9134604","298.51559448","0.90132999","8.44634438","99.22579956","1006.74700928","0","25.95697975","0","7.51311493"
"2013-12-28 07:00:00","22.9240196","19.60635544","0.76919824","0.96350478","2.63435951","6.01401018","303.09860229","1.14946103","8.82268429","99.22100067","1007.26300049","5.68070793","25.95697975","0","7.51311493"
"2013-12-28 08:00:00","20.47792152","17.2458729","0.77022577","1.08811169","3.01981268","6.5129158","333.77859497","1.34611905","9.79019165","99.20892334","1007.52001953","98.5256424","25.95697975","0","7.51311493"
"2013-12-28 09:00:00","22.90455544","18.0435115","0.79918884","1.11268139","2.72320056","11.99349117","314.74349976","1.11190403","11.78157043","98.07984161","1007.81201172","221.40100098","25.95697975","0","7.51311493"
"2013-12-28 10:00:00","19.26007312","15.56888446","0.74869191","1.27315586","3.84285552","9.2066315","335.81170654","2.18546104","12.66726971","93.97612","1007.96502686","194.90420532","25.95697975","0","7.51311493"
"2013-12-28 11:00:00","14.5364905","11.70519517","0.72490494","1.28895089","3.93221525","7.96826822","335.31460571","3.28986597","13.37341976","89.02983093","1007.98101807","234.00990295","25.95697975","0","7.51311493"
"2013-12-28 12:00:00","13.97619802","11.39262523","0.75185256","1.04050694","1.878758","7.28990685","334.21481323","3.65914512","13.32695007","88.93154144","1007.96600342","187.69830322","25.95697975","0","7.51311493"
"2013-12-28 13:00:00","11.88547574","9.63263114","0.70190784","0.96558963","1.61145684","5.73702209","333.27279663","3.44029498","13.39519024","85.92057037","1007.82299805","187.93040466","25.95697975","0","7.51311493"
"2013-12-28 14:00:00","9.50552712","7.63788361","0.70649212","0.85271992","1.25479697","5.79674643","328.65750122","3.38086891","13.11789036","86.67018127","1008.05700684","90.91982269","25.95697975","0","7.51311493"
"2013-12-28 15:00:00","9.37712676","7.61324175","0.71858249","0.76957509","1.06842562","6.06031114","333.12130737","2.85799909","12.92679977","89.79100037","1008.41601563","21.62495041","25.95697975","0","7.51311493"
"2013-12-28 16:00:00","9.94001382","8.19039425","0.75738398","1.13955562","1.19565639","5.95811891","331.15301514","2.48318005","12.21245003","97.96405029","1008.77600098","2.47150993","25.95697975","0","7.51311493"
"2013-12-28 17:00:00","13.70383362","11.806361","0.75244554","1.33414331","1.98095735","5.77236386","332.03421021","2.01619411","11.65071964","99.19969177","1009.16101074","0","25.95697975","0","7.51311493"
"2013-12-28 18:00:00","24.96026136","22.53880896","0.86707222","1.17641068","2.2005307","5.76962406","324.16769409","0.92305899","11.05873966","99.20194244","1009.64801025","0","25.95697975","0","7.51311493"
"2013-12-28 19:00:00","34.32051472","31.190934","0.94029014","1.91966072","4.16787042","5.63893753","327.73739624","0.69051498","10.40590954","99.20709229","1009.83001709","0","25.95697975","0","7.51311493"
"2013-12-28 20:00:00","64.9356308","49.81549656","1.21435173","2.53600137","5.41631216","6.24551802","310.5","0.50020999","9.96262455","99.21102142","1009.96801758","0","25.95697975","0","7.51311493"
"2013-12-28 21:00:00","119.67831312","66.03805176","1.42709005","4.22597468","9.43529378","6.84908108","269.35699463","0.270365","9.32363415","99.21501923","1009.93499756","0","25.95697975","0","7.51311493"
"2013-12-28 22:00:00","106.0756568","61.95516696","1.23272495","4.78856789","12.63446559","6.24058659","284.7947998","0.352525","8.63688946","99.21977997","1010.03399658","0","25.95697975","0.2","7.51311493"
"2013-12-28 23:00:00","102.20418184","56.71150696","1.25157232","4.24484105","10.48958208","6.66962838","888","0","8.01010799","99.22579956","1009.97302246","0","25.95697975","0","7.51311493"
"2013-12-29 00:00:00","92.2447268","53.64802408","1.15697898","3.68323534","7.38494855","6.23318792","888","0","7.46350622","99.23143005","1009.95300293","0","25.95697975","0","7.51311493"
"2013-12-29 01:00:00","67.31295424","45.29294736","1.1652365","3.06634653","6.61119054","5.3992113","888","0","7.40808582","99.23110962","1010.14001465","0","53.24094009","0","34.00046158"
"2013-12-29 02:00:00","52.38998544","38.83660136","1.08123301","3.23395016","7.75976695","5.99894027","288.27990723","0.57045197","7.15798521","99.23226166","1010.26000977","0","53.24094009","0","34.00046158"
"2013-12-29 03:00:00","51.04632744","39.61866672","1.19131619","2.86572599","5.12385042","6.06770676","195","0.31746","6.87620401","99.23355103","1010.35400391","0","53.24094009","0","34.00046158"
"2013-12-29 04:00:00","67.77210192","43.06862216","1.22020003","3.22243264","5.33447519","6.41921654","205.09080505","0.38406","6.96120024","99.23531342","1010.43200684","0","53.24094009","0","34.00046158"
"2013-12-29 05:00:00","36.75754992","30.2752772","1.10138401","3.22703965","5.42941214","5.55701919","221.5","0.235043","6.87342405","99.23442078","1010.80401611","0","53.24094009","0","34.00046158"
"2013-12-29 06:00:00","36.7549496","30.40106768","1.09557532","2.78806584","5.01581552","5.40140192","888","0","6.23721409","99.23828125","1011.38702393","0","53.24094009","0","34.00046158"
"2013-12-29 07:00:00","50.56125304","35.33607352","1.16950506","2.71567171","4.87081573","5.19455226","888","0","5.96459198","99.23876953","1011.76202393","8.62128639","53.24094009","0","34.00046158"
"2013-12-29 08:00:00","103.31438464","45.2825652","1.52286936","3.49369298","9.43827562","6.56168298","888","0","7.901371","99.21163177","1012.07202148","136.17010498","53.24094009","0","34.00046158"
"2013-12-29 09:00:00","82.0880872","41.61731856","1.30064794","4.28312194","12.42514665","6.29017551","888","0","11.41561031","89.96437073","1012.23901367","292.24850464","53.24094009","0","34.00046158"
"2013-12-29 10:00:00","39.88196824","25.80720088","1.0157204","3.61500888","10.91368125","6.19729697","4.20001221","0.540497","14.41384983","64.07678986","1012.07202148","378.95300293","53.24094009","0","34.00046158"
"2013-12-29 11:00:00","10.81676907","8.69880843","0.74719023","1.90408537","4.94850335","5.85839189","42.60430145","0.93103498","15.32458019","57.45428085","1011.5","430.52810669","53.24094009","0","34.00046158"
"2013-12-29 12:00:00","9.66505484","7.83891511","0.74035401","1.12924426","2.85821341","5.68222715","333.49560547","0.80711299","15.41866016","56.33983994","1011.16101074","409.04760742","53.24094009","0","34.00046158"
"2013-12-29 13:00:00","9.25780649","7.40183382","0.73336051","1.12573459","3.1431524","5.43975808","331.49130249","1.08362806","15.3171196","55.8196907","1010.80700684","330.73150635","53.24094009","0","34.00046158"
"2013-12-29 14:00:00","7.53023418","6.04909","0.73217571","0.81641302","1.44765272","5.2696211","333.05670166","0.86225301","14.67588997","60.23191071","1010.84002686","129.2256012","53.24094009","0","34.00046158"
"2013-12-29 15:00:00","7.96731547","6.32404898","0.6953885","0.68796694","1.11471845","4.59098615","331.90100098","0.67289197","13.67914009","67.46865082","1011.17901611","18.08300972","53.24094009","0","34.00046158"
"2013-12-29 16:00:00","21.43898832","19.59079176","0.85016108","0.8251877","1.36036869","5.04277009","888","0","11.89091969","77.6733017","1011.38500977","1.64122903","53.24094009","0","34.00046158"
"2013-12-29 17:00:00","40.9156528","38.80027336","1.02468973","1.9395146","4.04725422","5.30003245","888","0","10.27186966","90.20606995","1011.80200195","0","53.24094009","0","34.00046158"
"2013-12-29 18:00:00","69.05352432","60.86830968","1.29902859","3.4289772","9.72671716","5.43866378","888","0","9.60826302","96.60227966","1012.35302734","0","53.24094009","0","34.00046158"
"2013-12-29 19:00:00","452.1161088","125.89988464","2.44253318","5.08746928","12.66740622","12.6918549","888","0","9.38841438","99.21794128","1012.55200195","0","53.24094009","0","34.00046158"
"2013-12-29 20:00:00","762.6314096","167.26172176","3.81936163","9.60697151","34.66118043","20.44423233","888","0","9.12440681","99.22154236","1012.89001465","0","53.24094009","0","34.00046158"
"2013-12-29 21:00:00","351.4565744","108.6229188","2.88685602","14.66295345","45.44504163","11.16937539","888","0","8.74298","99.22527313","1013.02600098","0","53.24094009","0","34.00046158"
"2013-12-29 22:00:00","203.9151824","80.73796664","2.46983612","12.56252301","25.88149062","8.2285409","888","0","8.20675659","99.22541046","1012.87701416","0","53.24094009","0","34.00046158"
"2013-12-29 23:00:00","101.35207992","68.17415728","2.2501043","10.60381152","19.07406891","6.12277629","888","0","8.08045101","99.22805023","1012.96801758","0","53.24094009","0","34.00046158"
"2013-12-30 00:00:00","107.57623264","64.78647568","2.169696","11.16892791","14.19496056","6.46168442","888","0","7.75464678","99.22792053","1012.74200439","0","53.24094009","0","34.00046158"
"2013-12-30 01:00:00","115.67454688","62.68796008","1.94783107","9.72422856","14.63423337","6.50606834","888","0","7.42273903","99.22927094","1012.83599854","0","58.0592804","0","38.92881012"
"2013-12-30 02:00:00","","","1.54309959","7.92050787","11.92931847","5.80907654","888","0","7.35327721","99.23069","1012.87701416","0","58.0592804","0","38.92881012"
"2013-12-30 03:00:00","57.99939192","51.6520108","1.24544791","5.51690058","8.86774879","5.19482583","888","0","7.34011698","99.23265076","1012.51300049","0","58.0592804","0","38.92881012"
"2013-12-30 04:00:00","58.47798464","49.67540432","","4.11650582","7.57378409","4.87948159","283.57141113","0.40816301","7.43237114","99.23197937","1012.40802002","0","58.0592804","0","38.92881012"
"2013-12-30 05:00:00","43.45771416","40.07261376","1.00497211","3.84996232","8.39164024","4.84852208","293.5","0.54029298","7.70682478","99.22982025","1012.72302246","0","58.0592804","0","38.92881012"
"2013-12-30 06:00:00","106.21961128","55.72451344","1.07795353","3.32466351","5.77439989","6.04250143","888","0","7.74399805","99.22763062","1012.88000488","0","58.0592804","0","38.92881012"
"2013-12-30 07:00:00","314.735276","83.3669284","1.71316279","3.52001803","9.34009647","9.94005833","285.54541016","0.40847999","7.85286999","99.22634888","1013.45800781","7.45930004","58.0592804","0","38.92881012"
"2013-12-30 08:00:00","177.73347808","70.87835624","1.44210457","5.79507042","20.69175996","6.96771413","284.07449341","0.45195299","8.76550102","98.28372955","1013.82202148","101.15979767","58.0592804","0","38.92881012"
"2013-12-30 09:00:00","168.47050728","66.89793552","1.49603941","4.48714333","13.08204729","7.47429098","280.1578064","0.56037498","11.30403042","81.08518982","1014.02001953","198.35560608","58.0592804","0","38.92881012"
"2013-12-30 10:00:00","45.0426092","29.616402","1.00615808","4.32261002","13.48695567","5.124962","329.17520142","0.86073297","12.31569004","87.17046356","1013.83300781","229.75970459","58.0592804","0","38.92881012"
"2013-12-30 11:00:00","23.68273944","17.6219958","0.82894177","2.18543639","5.21567433","5.18441582","334.15310669","1.03743005","13.89708996","81.03533173","1013.08099365","351.89660645","58.0592804","0","38.92881012"
"2013-12-30 12:00:00","18.1148463","14.68694196","0.79274872","1.41575146","2.95418669","5.21646962","348.47109985","0.99239898","15.07616997","68.24398041","1012.5880127","349.48800659","58.0592804","0","38.92881012"
"2013-12-30 13:00:00","15.317271","12.50543026","0.78551756","1.14898829","2.35875861","5.2937301","336.65490723","1.10423303","14.34866047","76.19007111","1012.20001221","209.49220276","58.0592804","0","38.92881012"
"2013-12-30 14:00:00","15.4534532","13.3692145","0.7987939","1.15205963","2.0196064","4.56687715","333.34100342","1.09981406","13.60194969","86.29187012","1012.19000244","98.92449951","58.0592804","0","38.92881012"
"2013-12-30 15:00:00","18.03832424","16.00985476","0.81124076","1.24639249","2.11778555","4.81263113","332.47821045","0.658279","12.92035961","95.83441162","1012.22601318","48.63858032","58.0592804","0","38.92881012"
"2013-12-30 16:00:00","25.39734456","23.07187456","0.932466","1.40664728","2.3232226","4.49290463","888","0","12.15003967","99.19738007","1012.47302246","4.33150196","58.0592804","0","38.92881012"
"2013-12-30 17:00:00","32.38285568","29.36480192","0.95870297","2.42049966","4.40430359","4.70276869","340.90591431","0.796673","11.6533699","99.19989014","1012.55700684","0","58.0592804","0","38.92881012"
"2013-12-30 18:00:00","69.49318872","48.45623664","1.08775235","2.331981","4.4095208","4.8076997","315.5","0.39072001","11.34445","99.20187378","1012.65600586","0","58.0592804","0","38.92881012"
"2013-12-30 19:00:00","168.77139872","66.21185256","1.77247178","3.62257739","10.45002078","6.96058903","888","0","11.00257015","99.20153046","1012.74200439","0","58.0592804","0","38.92881012"
"2013-12-30 20:00:00","307.9144072","82.31898032","2.34789906","5.83609416","19.05487812","9.9408821","187.71420288","0.26513201","10.84519958","99.20166016","1012.94299316","0","58.0592804","0","38.92881012"
"2013-12-30 21:00:00","327.35352","84.83379568","2.6411249","8.69611682","30.43752858","10.96883316","287.29620361","0.55306798","10.48425961","99.20166016","1013.29901123","0","58.0592804","0","38.92881012"
"2013-12-30 22:00:00","159.79245552","62.08227672","1.90294362","9.59238163","27.70473771","7.29209849","888","0","10.28320026","99.20484161","1013.17102051","0","58.0592804","0","38.92881012"
"2013-12-30 23:00:00","120.02721488","54.07084376","1.82850129","7.22255908","15.76815786","6.45976433","888","0","10.06307983","99.2039032","1012.96099854","0","58.0592804","0","38.92881012"
"2013-12-31 00:00:00","102.12246296","54.25112624","1.85683292","7.66230072","15.22823256","6.27072335","66","0.1628","10.11944962","99.20445251","1012.52502441","0","58.0592804","0","38.92881012"
"2013-12-31 01:00:00","113.14544888","56.52992432","1.68676855","7.15970746","15.00269247","5.82359625","284","0.1221","10.12535","99.20146179","1012.40100098","0","37.83787155","0","27.12825012"
"2013-12-31 02:00:00","140.35470024","50.34206136","1.96497987","6.51309276","16.93916217","6.56250472","888","0","9.8876009","99.20126343","1012.24200439","0","37.83787155","0","27.12825012"
"2013-12-31 03:00:00","48.976358","30.96786096","1.2133242","7.17923183","16.13048445","5.80167787","61.09756088","0.30852601","10.4464798","99.19949341","1011.83599854","0","37.83787155","0","27.12825012"
"2013-12-31 04:00:00","17.96309851","15.38600931","0.88757972","2.99395139","7.11479471","4.60852126","46.59999084","0.61050099","10.53981018","99.19786072","1011.54400635","0","37.83787155","0","27.12825012"
"2013-12-31 05:00:00","18.69329705","16.8412153","0.91836018","1.96562099","3.4288694","4.63948078","888","0","10.57454967","99.19792175","1011.50701904","0","37.83787155","0","27.12825012"
"2013-12-31 06:00:00","19.11870366","17.26792208","0.89283503","2.26525563","4.14054871","4.54824672","342.21139526","0.64290398","10.7472496","99.19956207","1011.5880127","0","37.83787155","0","27.12825012"
"2013-12-31 07:00:00","31.9302088","24.90578848","0.9863624","2.18093921","3.60149295","4.93537286","329.83770752","0.75900102","10.68803024","99.19866943","1011.67700195","0.50264502","37.83787155","0","27.12825012"
"2013-12-31 08:00:00","30.85371456","26.6593028","1.12129852","3.05866818","4.9507082","4.88112404","888","0","10.96675968","99.19738007","1011.81500244","10.91269016","37.83787155","0","27.12825012"
"2013-12-31 09:00:00","91.02815944","44.39153496","1.47944399","4.39270166","6.66955211","6.0170205","888","0","11.07067966","99.19657135","1011.95800781","21.07855034","37.83787155","0.2","27.12825012"
"2013-12-31 10:00:00","112.1934832","49.05545744","1.42341448","6.25609177","16.67536254","6.36278016","339.72399902","0.584396","11.38115025","99.1958313","1012.03399658","41.53641129","37.83787155","0.80000001","27.12825012"
"2013-12-31 11:00:00","87.25394792","43.86627032","1.26058126","5.60136039","13.2324921","5.59592453","331.47000122","0.51490802","11.68795967","99.1960907","1011.44702148","74.9796524","37.83787155","0.60000002","27.12825012"
"2013-12-31 12:00:00","39.04281056","29.93935792","0.99351433","4.56173113","9.4384058","5.06797644","341.22210693","0.52503097","12.05101013","99.19548035","1010.809021","60.49145126","37.83787155","0.2","27.12825012"
"2013-12-31 13:00:00","26.04323728","21.50382424","0.90121138","3.47054911","9.79182347","4.63509547","53.15383148","0.59218597","12.30945015","99.19522095","1010.31201172","74.13816071","37.83787155","0.60000002","27.12825012"
"2013-12-31 14:00:00","16.55458547","14.74141293","0.78018303","2.08123253","4.21080002","4.32934154","52.29558182","0.58776999","12.21644974","99.19554901","1010.22802734","32.18558121","37.83787155","0.60000002","27.12825012"
"2013-12-31 15:00:00","18.52079832","16.85029539","0.79033833","1.41311845","2.43683472","4.36386056","80.73857117","0.91681498","11.78726959","99.1973114","1010.33300781","9.30606461","37.83787155","1","27.12825012"
"2013-12-31 16:00:00","20.7567676","18.92286133","0.87453987","1.56624407","2.5360512","4.40495854","44.67044067","0.49117601","11.57162952","99.19853973","1010.17700195","0.37240499","37.83787155","0.2","27.12825012"
"2013-12-31 17:00:00","33.05987576","30.27007656","0.90243696","2.58020629","3.78864332","4.70605665","74.3766098","0.53628898","11.72052002","99.19875336","1010.23602295","0","37.83787155","0.80000001","27.12825012"
"2013-12-31 18:00:00","31.4542164","28.93808176","0.91369785","1.87951465","4.81686287","4.63948078","52.07691956","0.43862101","11.69719028","99.19753265","1010.43902588","0","37.83787155","1.79999995","27.12825012"
"2013-12-31 19:00:00","29.48671104","26.8538488","0.93736599","2.10459607","5.14213709","5.10003024","61.66371155","0.821096","11.61001968","99.19834137","1010.77801514","0","37.83787155","1.60000002","27.12825012"
"2013-12-31 20:00:00","28.15731656","25.9887644","0.87078624","2.23589382","4.85577125","4.84221973","68.91918182","0.81511098","11.54862976","99.19989014","1010.95599365","0","37.83787155","0.2","27.12825012"
"2013-12-31 21:00:00","18.10965714","16.32631753","0.79444729","1.80865619","4.99013526","4.52139792","82.05361176","1.12355196","11.79948044","99.19908142","1010.86199951","0","37.83787155","0.60000002","27.12825012"
"2013-12-31 22:00:00","10.78434346","9.73120048","0.73126584","1.0989702","2.011566","4.65125967","80.19184875","1.375543","11.77044964","99.19814301","1010.71899414","0","37.83787155","1.60000002","27.12825012"
"2013-12-31 23:00:00","8.81942695","7.63917994","0.72435157","0.94858743","1.25051642","4.92085112","74.04431152","1.26720297","11.30416012","99.19921112","1010.50201416","0","37.83787155","1.20000005","27.12825012"
"2014-01-01 00:00:00","11.89066299","10.2668511","0.74952139","0.87070862","1.10564782","4.64468578","82.87374115","1.23876905","11.3365202","99.19915009","1009.99401855","0","37.83787155","1.60000002","27.12825012"
